{
"type": "FeatureCollection",
"name": "precincts_manhattan",
"crs": { "type": "name", "properties": { "name": "urn:ogc:def:crs:OGC:1.3:CRS84" } },
"features": [
{ "type": "Feature", "properties": { "Precinct": 1, "Shape_Length": "80,093.4903098", "Shape_Area": "47,284,748.3277", "in_manhattan": true }, "geometry": { "type": "MultiPolygon", "coordinates": [ [ [ [ -74.043877615739177, 40.6901876758741 ], [ -74.043505960125401, 40.68968735963638 ], [ -74.042735338269495, 40.690050190917901 ], [ -74.042784333800057, 40.69012097669119 ], [ -74.042704284267657, 40.690155204644356 ], [ -74.042553720373078, 40.689962759289628 ], [ -74.042639293711588, 40.689928175910801 ], [ -74.0426938081918, 40.689997259107237 ], [ -74.043467523102649, 40.689636990103487 ], [ -74.043516372458228, 40.689191033239808 ], [ -74.043640786274452, 40.688766560072771 ], [ -74.043974585561841, 40.688582407055939 ], [ -74.044385217772472, 40.688516177900141 ], [ -74.04478399040363, 40.688595660115901 ], [ -74.046275390036328, 40.689327425394183 ], [ -74.046802848985749, 40.689953256266065 ], [ -74.047476514623455, 40.689611369998325 ], [ -74.047729627631, 40.689915318968623 ], [ -74.047585719247863, 40.689982506826169 ], [ -74.047431261235104, 40.689803890470927 ], [ -74.046892055005912, 40.690059098322664 ], [ -74.047200293662158, 40.690424815121204 ], [ -74.047110506986073, 40.690470412850118 ], [ -74.047115820423613, 40.690655806118222 ], [ -74.047183214120636, 40.690747355049133 ], [ -74.047194925137347, 40.690763263848211 ], [ -74.047213245603402, 40.690790487361681 ], [ -74.047225684096446, 40.690819572496963 ], [ -74.047231928030428, 40.690849788347137 ], [ -74.047231820487156, 40.690880375589508 ], [ -74.047225364160553, 40.690910565567329 ], [ -74.047212721289739, 40.690939599606061 ], [ -74.047194209582813, 40.690966748078942 ], [ -74.047170294233624, 40.69099132874279 ], [ -74.04714091000136, 40.691010516314876 ], [ -74.047108140138661, 40.691026208427566 ], [ -74.047072696302436, 40.691038064297253 ], [ -74.047035348221343, 40.691045826451344 ], [ -74.046996906979359, 40.69104932631992 ], [ -74.046171670654488, 40.691097981486379 ], [ -74.046147072086654, 40.691122646033207 ], [ -74.04609551063264, 40.691120063381767 ], [ -74.046044424536518, 40.691114152325618 ], [ -74.045994183955315, 40.691104955694762 ], [ -74.045925927361949, 40.691082603556993 ], [ -74.045860273613854, 40.691056116583667 ], [ -74.044606164828906, 40.690573484448258 ], [ -74.043877615739177, 40.6901876758741 ] ] ], [ [ [ -74.016747560960695, 40.693343368217626 ], [ -74.015403591416472, 40.693066497309161 ], [ -74.015354663899814, 40.69322485341722 ], [ -74.015409166659481, 40.693238673173113 ], [ -74.015389197682438, 40.69329813466554 ], [ -74.015174822026239, 40.69325668033548 ], [ -74.015189342093407, 40.693198603543003 ], [ -74.015254743222627, 40.693206891183934 ], [ -74.015309159850347, 40.693047042891585 ], [ -74.015259510356472, 40.693036814231895 ], [ -74.015126375641458, 40.693177431515984 ], [ -74.015165381495407, 40.693197288094829 ], [ -74.015128782943279, 40.693243795834427 ], [ -74.015047898629689, 40.693199746400559 ], [ -74.01494315033483, 40.693141021930856 ], [ -74.014984179800578, 40.693106517680526 ], [ -74.015039738725292, 40.693138299760875 ], [ -74.015156121595027, 40.693015515394244 ], [ -74.01422123084896, 40.692822905841503 ], [ -74.01347809785598, 40.69213847009177 ], [ -74.013471837108526, 40.69213185302366 ], [ -74.013464242460117, 40.69212610168622 ], [ -74.013455517251913, 40.692121370067149 ], [ -74.013445895094762, 40.692117784851789 ], [ -74.01343563361452, 40.692115442031501 ], [ -74.013425007554261, 40.692114404333495 ], [ -74.013414301418393, 40.692114699541236 ], [ -74.013403801855233, 40.692116319750831 ], [ -74.012502586751779, 40.692303580462983 ], [ -74.012522898270461, 40.692339032414736 ], [ -74.012408888943241, 40.692493527480153 ], [ -74.012400989029771, 40.692505357996836 ], [ -74.012391615938483, 40.692516548109069 ], [ -74.012372601491293, 40.69253377199184 ], [ -74.012350125917422, 40.692548382428861 ], [ -74.012324800717792, 40.692559981907408 ], [ -74.012297314925547, 40.692568254835116 ], [ -74.012118156143799, 40.692606365717538 ], [ -74.012117267650751, 40.692606554614464 ], [ -74.012103591856587, 40.692609464999364 ], [ -74.012043691798297, 40.692601816621568 ], [ -74.011849200385498, 40.692518197750481 ], [ -74.011848893074287, 40.692517873281545 ], [ -74.011811856472363, 40.692479335064384 ], [ -74.0117988123054, 40.692444594736997 ], [ -74.011783745017155, 40.692404766472826 ], [ -74.011750970322254, 40.692318113592954 ], [ -74.011750330866462, 40.692316411914824 ], [ -74.011750342520372, 40.69231634875581 ], [ -74.011757490512537, 40.692263739561568 ], [ -74.011834467263952, 40.692159056023151 ], [ -74.011838334710816, 40.692153797275026 ], [ -74.011839008256672, 40.692152877647793 ], [ -74.011864687066918, 40.692117962625943 ], [ -74.011903097225613, 40.692090583507884 ], [ -74.01191118868006, 40.692088844071243 ], [ -74.011968932587095, 40.692076474557233 ], [ -74.012136307708744, 40.692040643855591 ], [ -74.012137325162612, 40.692040418088872 ], [ -74.012142933161783, 40.692039219676289 ], [ -74.012148859843876, 40.692037949360525 ], [ -74.0122011411637, 40.692044905096111 ], [ -74.012324306894641, 40.692091187502427 ], [ -74.012359518446431, 40.692107770280181 ], [ -74.01239001029667, 40.692123085037792 ], [ -74.012408586135791, 40.692134240529512 ], [ -74.012429270593557, 40.692154238892378 ], [ -74.01246140165135, 40.692212624918469 ], [ -74.012539824816287, 40.692196973863219 ], [ -74.012558990154943, 40.692193153823659 ], [ -74.012828260269814, 40.692139435944156 ], [ -74.013223380517019, 40.692059190656835 ], [ -74.013241954393024, 40.692055416138864 ], [ -74.013247845634737, 40.692054217639843 ], [ -74.013285157928962, 40.692047369006147 ], [ -74.013303140216621, 40.692042648686808 ], [ -74.013311231566732, 40.692039496225505 ], [ -74.013318044741666, 40.692035902476825 ], [ -74.013323676573876, 40.692031822532449 ], [ -74.013326065466629, 40.69202957923131 ], [ -74.013328183176469, 40.692027201437021 ], [ -74.01333064247271, 40.692023725795977 ], [ -74.013332641496078, 40.692019970102386 ], [ -74.013335053032819, 40.69201209955262 ], [ -74.013335394941052, 40.692008209023882 ], [ -74.013335158251095, 40.6920044629708 ], [ -74.013334329770032, 40.692000924552765 ], [ -74.013332932836576, 40.691997636989115 ], [ -74.013325465205014, 40.691985202461609 ], [ -74.013316210360031, 40.691972497416117 ], [ -74.013274819594827, 40.691935346795205 ], [ -74.013266204601479, 40.691927180492073 ], [ -74.013264761172906, 40.691925802745459 ], [ -74.013255286993484, 40.691916816996418 ], [ -74.01318656537056, 40.691957928915265 ], [ -74.012912287516841, 40.691690730833834 ], [ -74.012928003938242, 40.691676104428161 ], [ -74.012859871088907, 40.691602990363052 ], [ -74.01289688430353, 40.691576895500297 ], [ -74.012895183556651, 40.691575283406969 ], [ -74.012875198354294, 40.691556330251778 ], [ -74.012865472667258, 40.691547101248538 ], [ -74.012815951858798, 40.691500126723476 ], [ -74.012754368367752, 40.691476467635979 ], [ -74.012650717609915, 40.69139945918046 ], [ -74.012625116948044, 40.691408737147789 ], [ -74.012608568593947, 40.691364104127196 ], [ -74.012584346960026, 40.691370649729585 ], [ -74.012584349359386, 40.691383362380577 ], [ -74.012545051515204, 40.691391593272947 ], [ -74.012554882113633, 40.691423001750493 ], [ -74.012532285947685, 40.691428986617758 ], [ -74.012519507527131, 40.691396831454227 ], [ -74.012034176165756, 40.691503076685713 ], [ -74.012017466593633, 40.691458207551399 ], [ -74.012597531525671, 40.691334335544525 ], [ -74.01252783209975, 40.69114633733799 ], [ -74.012183550710574, 40.691136215940659 ], [ -74.012186820752561, 40.691078024270681 ], [ -74.011825753549729, 40.691064816216183 ], [ -74.01182847957557, 40.691011357764417 ], [ -74.012195000900846, 40.691028847568845 ], [ -74.012195529586123, 40.691020573667899 ], [ -74.01221017410677, 40.690791696801277 ], [ -74.012084143963875, 40.690780622300572 ], [ -74.012082324243579, 40.690759881924528 ], [ -74.012053254987663, 40.690739143903073 ], [ -74.01199875966573, 40.69075021160225 ], [ -74.011987862814394, 40.690772336076456 ], [ -74.011971513188229, 40.690770955509535 ], [ -74.01198603276984, 40.690697668114332 ], [ -74.011993291673718, 40.690650653797135 ], [ -74.011980567612483, 40.690606407271829 ], [ -74.012049598506181, 40.69061054854668 ], [ -74.012056854284879, 40.690553854489565 ], [ -74.012098634319344, 40.69054693658218 ], [ -74.012107713694292, 40.690528959597472 ], [ -74.012127697123717, 40.690528957493271 ], [ -74.012142216009167, 40.690454287807228 ], [ -74.012231311468994, 40.690461330775143 ], [ -74.012306883044914, 40.689280182937601 ], [ -74.012703209240499, 40.688790539817013 ], [ -74.012754512030654, 40.688720556237918 ], [ -74.013169264027525, 40.688154770700606 ], [ -74.013264867056193, 40.688122430096691 ], [ -74.013330199779489, 40.688093166048013 ], [ -74.013418589513051, 40.688052197815274 ], [ -74.013472439166279, 40.688012057966162 ], [ -74.014880979750217, 40.687254570991144 ], [ -74.016047305395347, 40.687338006800331 ], [ -74.016097892283966, 40.687314592288196 ], [ -74.016519275786479, 40.687119551147482 ], [ -74.016981468641191, 40.686907384481536 ], [ -74.017049866092165, 40.686875987416457 ], [ -74.016715826719803, 40.686445593709628 ], [ -74.016646640847569, 40.686416347233354 ], [ -74.015151616743196, 40.686524802041781 ], [ -74.015148311896951, 40.686487167249837 ], [ -74.015147147101345, 40.686473891516542 ], [ -74.015143910880184, 40.686437034042946 ], [ -74.016619712332229, 40.68631980484097 ], [ -74.016673515299928, 40.686305168553538 ], [ -74.016781139571464, 40.686349037919207 ], [ -74.016773464632195, 40.686398774947179 ], [ -74.0171209910106, 40.686843337134 ], [ -74.020156566523809, 40.685449787295077 ], [ -74.020543672930813, 40.685272067925979 ], [ -74.020206867105159, 40.684833832574526 ], [ -74.020162789417526, 40.684833017410881 ], [ -74.019459573894252, 40.68515495792245 ], [ -74.019398423919284, 40.685087404047245 ], [ -74.020952550102962, 40.684384431647224 ], [ -74.021008778992993, 40.684453539084345 ], [ -74.020288999922641, 40.684784447916016 ], [ -74.020278198464908, 40.684809135174511 ], [ -74.020612672358112, 40.685240390198068 ], [ -74.021062263296372, 40.685041024700432 ], [ -74.021839095257022, 40.684696540546916 ], [ -74.022240788985187, 40.684518407599334 ], [ -74.022182369807581, 40.684448189976365 ], [ -74.022188691591666, 40.684445126688509 ], [ -74.022118543834125, 40.684351950801492 ], [ -74.022136931920997, 40.684344071961632 ], [ -74.022207654516137, 40.684437247726592 ], [ -74.022254776596455, 40.684418863528165 ], [ -74.022184054100322, 40.684326124703837 ], [ -74.02219841909843, 40.684318246629651 ], [ -74.022270864895319, 40.684408797536619 ], [ -74.022279484996872, 40.684406170710844 ], [ -74.022297309526849, 40.68442935508515 ], [ -74.022327191302452, 40.684417973833604 ], [ -74.022338115225807, 40.684430221664869 ], [ -74.022308233738272, 40.684443790494292 ], [ -74.02233552903563, 40.684476393604236 ], [ -74.022397325805159, 40.684448989326441 ], [ -74.02259359581042, 40.684359695949965 ], [ -74.022132501868654, 40.683767671882684 ], [ -74.023055747495945, 40.682916945445164 ], [ -74.02319462834663, 40.683000498062185 ], [ -74.022368235576707, 40.683779916794002 ], [ -74.022758990299593, 40.684284448332278 ], [ -74.023017044563659, 40.684167044269138 ], [ -74.023135097103136, 40.684124156150169 ], [ -74.023256783156299, 40.68408541432084 ], [ -74.023397768545721, 40.684040969821673 ], [ -74.02341479373861, 40.684035603130532 ], [ -74.023541603701247, 40.684002983592571 ], [ -74.023782673367521, 40.683968915869066 ], [ -74.023947353550895, 40.683949215986665 ], [ -74.024215372696759, 40.683944243464346 ], [ -74.024431730237069, 40.683954030594506 ], [ -74.024648092412335, 40.683978566613085 ], [ -74.02484185637276, 40.684012941142441 ], [ -74.024993060575071, 40.684052112033051 ], [ -74.02521646935898, 40.684093980871346 ], [ -74.025468367685832, 40.684152922578313 ], [ -74.025671837582124, 40.684236456205092 ], [ -74.025885018235286, 40.684376526840076 ], [ -74.026046531847754, 40.684514151154957 ], [ -74.026125781929565, 40.684593511439793 ], [ -74.026232382903331, 40.68470026105382 ], [ -74.026334042424111, 40.68480169772419 ], [ -74.026440666246103, 40.684951624519961 ], [ -74.026518229120967, 40.685108933148499 ], [ -74.026576409431129, 40.685241663540715 ], [ -74.026608755592832, 40.685376858009917 ], [ -74.02662819083865, 40.685526804749678 ], [ -74.026621783401893, 40.685654634111444 ], [ -74.026608909598011, 40.685762798069526 ], [ -74.026570215453276, 40.685905384681369 ], [ -74.026496001440549, 40.686055352516426 ], [ -74.026425772432034, 40.686175339829639 ], [ -74.026376216138232, 40.686231318800083 ], [ -74.026312703702558, 40.686295116268084 ], [ -74.02622025384288, 40.686384567590956 ], [ -74.026174880975944, 40.68642907222906 ], [ -74.026065849875522, 40.686530566227901 ], [ -74.025783870596598, 40.686794706417295 ], [ -74.025579718663224, 40.686997456599954 ], [ -74.025386992469976, 40.687166904282279 ], [ -74.025187942465237, 40.687356227481757 ], [ -74.025154267704295, 40.687387494476944 ], [ -74.024984526769671, 40.687545099961042 ], [ -74.02495996488949, 40.687568203649427 ], [ -74.024749035145732, 40.687787029412242 ], [ -74.024563902115645, 40.687964658453829 ], [ -74.024456852212936, 40.688060559421942 ], [ -74.024339228088877, 40.688165809555528 ], [ -74.024323085773602, 40.688180257021983 ], [ -74.024195114364545, 40.688294765589937 ], [ -74.024119976210542, 40.688368243510247 ], [ -74.023971922777534, 40.68851302540434 ], [ -74.023969248802999, 40.688515550098067 ], [ -74.023811441694036, 40.688664516305323 ], [ -74.023674364825197, 40.688792309257387 ], [ -74.023536444521767, 40.688915770961003 ], [ -74.023390340969428, 40.689049247613426 ], [ -74.023133947503638, 40.689295454264645 ], [ -74.022684659396134, 40.689717470853871 ], [ -74.022565379049269, 40.689825758426053 ], [ -74.022439739519569, 40.689939819439438 ], [ -74.022251140575818, 40.690122218578161 ], [ -74.021899421937576, 40.69044347236062 ], [ -74.02149639768453, 40.690827050334811 ], [ -74.021476360604623, 40.690846622621237 ], [ -74.021212920616321, 40.691103965650925 ], [ -74.020979962024626, 40.691324390862192 ], [ -74.020719697017583, 40.691580984995497 ], [ -74.020716191511568, 40.691584232140571 ], [ -74.020463884629024, 40.691817991104074 ], [ -74.020205274342771, 40.692033923854247 ], [ -74.019856239769425, 40.6929062333015 ], [ -74.019797066168849, 40.693041562744504 ], [ -74.01979424538122, 40.693045945578817 ], [ -74.019767641904281, 40.693080557290322 ], [ -74.019733081963466, 40.693114107486906 ], [ -74.019692718282698, 40.693143665794842 ], [ -74.01964733809632, 40.693168655717514 ], [ -74.019597826482283, 40.693188589858202 ], [ -74.019545149099613, 40.693203079426361 ], [ -74.019526257860633, 40.69320679034935 ], [ -74.019435652775599, 40.693221177118218 ], [ -74.019343667877507, 40.693228988632967 ], [ -74.019251124920387, 40.693230155108807 ], [ -74.019158850644175, 40.693224666124962 ], [ -74.019012384278824, 40.693219829002835 ], [ -74.018865806459246, 40.693217713734278 ], [ -74.018850747557906, 40.693217650363614 ], [ -74.018797106162083, 40.693217659137453 ], [ -74.018191622142481, 40.693254800430807 ], [ -74.017960394422659, 40.693268983264062 ], [ -74.017358986286069, 40.693305870259486 ], [ -74.016747560960695, 40.693343368217626 ] ] ], [ [ [ -74.039950407884831, 40.700890630140158 ], [ -74.039452629133066, 40.70053315982377 ], [ -74.039382780528101, 40.700577694561552 ], [ -74.037711247966357, 40.699344040347768 ], [ -74.038097862147453, 40.699039504741663 ], [ -74.038229544453912, 40.698368591697729 ], [ -74.039000438780278, 40.698369890391042 ], [ -74.039340376701205, 40.698115514333416 ], [ -74.039932721329563, 40.6985444222911 ], [ -74.040255550172404, 40.698804823307583 ], [ -74.041242618322215, 40.699536741434891 ], [ -74.041747688680147, 40.699147863566672 ], [ -74.03991248872623, 40.697702040398433 ], [ -74.041660519148095, 40.696452971137212 ], [ -74.043673711647457, 40.698020404330379 ], [ -74.04363686145129, 40.698048232195987 ], [ -74.043656510622313, 40.698064091087929 ], [ -74.042703958107225, 40.698800600586708 ], [ -74.04296505227515, 40.698999361822203 ], [ -74.041098611710339, 40.700492943389918 ], [ -74.040800806462414, 40.700268549926548 ], [ -74.040312509735287, 40.700625749192241 ], [ -74.040288088039475, 40.700643613467165 ], [ -74.039950407884831, 40.700890630140158 ] ] ], [ [ [ -74.011445920304766, 40.72916656511299 ], [ -74.011287559940428, 40.729155527675715 ], [ -74.011285449072545, 40.729180996448214 ], [ -74.011162928436363, 40.729168079526126 ], [ -74.01094835810251, 40.729146765615717 ], [ -74.010853562454201, 40.729134034024838 ], [ -74.010770993750995, 40.729122944146184 ], [ -74.010673760150837, 40.729112946334268 ], [ -74.010548721245925, 40.729100682848262 ], [ -74.009349619544324, 40.728987556400476 ], [ -74.008592721051144, 40.728915277385077 ], [ -74.007090207707449, 40.72877225335337 ], [ -74.00531369223232, 40.728604494584204 ], [ -74.003127674509585, 40.72839380161205 ], [ -74.002817266391432, 40.728363129304107 ], [ -74.002720096617466, 40.728322815523697 ], [ -74.00262399616723, 40.728278642493635 ], [ -74.002422647444504, 40.72817553796019 ], [ -74.002148915208053, 40.728035366502013 ], [ -74.00139033536432, 40.727660002092854 ], [ -74.000632391244594, 40.727286612660805 ], [ -73.999915792172402, 40.7269347129319 ], [ -73.999118247176668, 40.726542312587235 ], [ -73.998361193067069, 40.72616746826305 ], [ -73.997610195918185, 40.725797138602452 ], [ -73.996771757775008, 40.725431944172783 ], [ -73.996842959335538, 40.725347837869805 ], [ -73.997785087981754, 40.724234893748175 ], [ -73.998811721800223, 40.723021409861303 ], [ -73.999853304342082, 40.72179178766757 ], [ -74.000660725230347, 40.720839794377831 ], [ -74.001424510096385, 40.719937197663363 ], [ -74.001523937360588, 40.719820740132178 ], [ -74.001884063094778, 40.719397570287853 ], [ -74.00209161668549, 40.719153392849037 ], [ -74.002537987219526, 40.718626883076588 ], [ -74.003045334551643, 40.718025816137597 ], [ -74.003389069961671, 40.717619287216621 ], [ -74.003534805812791, 40.717446953149732 ], [ -74.004026025533619, 40.716871017684618 ], [ -74.0041982271443, 40.716670449197686 ], [ -74.004533501100923, 40.716279913063609 ], [ -74.004976128969574, 40.71575993989557 ], [ -74.005419484103783, 40.715236057055002 ], [ -74.005888497363216, 40.714677285187193 ], [ -74.006309695994929, 40.714165826618725 ], [ -74.004818606557834, 40.713475000498804 ], [ -74.004059008037444, 40.713134790255339 ], [ -74.004214053014564, 40.712980743144833 ], [ -74.004291138915562, 40.712907825695922 ], [ -74.004706522836045, 40.712574016343027 ], [ -74.004857680877322, 40.712452541116946 ], [ -74.004987166565243, 40.712374857679393 ], [ -74.005127126187517, 40.712306773259996 ], [ -74.00527561892595, 40.712249439992817 ], [ -74.005430478737921, 40.712203695749672 ], [ -74.005589329541309, 40.712170053755592 ], [ -74.005740446027076, 40.712088757539007 ], [ -74.006069175224056, 40.712008428913563 ], [ -74.006134888762929, 40.711948153243206 ], [ -74.006035466292573, 40.711906188298947 ], [ -74.005659123571164, 40.71192432344769 ], [ -74.005291954506546, 40.712000978977414 ], [ -74.005253840959824, 40.711999595777627 ], [ -74.004473440472424, 40.711526710622977 ], [ -74.004273732531189, 40.711402625271418 ], [ -74.003911020277343, 40.711174788886744 ], [ -74.003852782607964, 40.711142093601069 ], [ -74.003614542195095, 40.71100834844092 ], [ -74.003550364638684, 40.710973166417077 ], [ -74.003432030723843, 40.710879815247885 ], [ -74.003380549738011, 40.71082616323222 ], [ -74.003156333957193, 40.710672975028615 ], [ -74.003081930338681, 40.710624287161977 ], [ -74.002201066769686, 40.709962670307341 ], [ -74.001664668653589, 40.709522763552656 ], [ -74.0008601109041, 40.708790947074959 ], [ -74.000483540856607, 40.708350862733944 ], [ -74.000131091292587, 40.707913267735734 ], [ -74.000075147151065, 40.707847235315683 ], [ -74.000033794193854, 40.707806799996007 ], [ -73.999958816013759, 40.707688183956897 ], [ -73.999895745027104, 40.707617738446686 ], [ -73.999948559497895, 40.707591496371009 ], [ -73.999945056551113, 40.707582626983353 ], [ -73.999948559523204, 40.707558691553785 ], [ -73.99995671262306, 40.707531198855897 ], [ -73.999972226487984, 40.707506398822055 ], [ -73.999996450160253, 40.707491647898529 ], [ -74.00013868859142, 40.707405054407538 ], [ -74.000233805257608, 40.707347142486874 ], [ -74.000400278320299, 40.707260279570733 ], [ -74.000552479320561, 40.707184275922998 ], [ -74.000771752191042, 40.707080148200788 ], [ -74.000849733676887, 40.707043118636562 ], [ -74.000882590976246, 40.707025253803117 ], [ -74.001186852628294, 40.706859825771794 ], [ -74.00113130577202, 40.706799050684552 ], [ -74.001223675388218, 40.706745261647761 ], [ -74.001232136919668, 40.706740336428432 ], [ -74.001227012999578, 40.706734869906505 ], [ -74.001160390225763, 40.706663720834342 ], [ -74.001175216109843, 40.706648745269177 ], [ -74.001169133415431, 40.70663949766778 ], [ -74.001176435676868, 40.706635058292825 ], [ -74.001176020796805, 40.706627574359018 ], [ -74.000982766917332, 40.706416712992961 ], [ -74.001405330240559, 40.706180135207902 ], [ -74.001406666919536, 40.706179388020665 ], [ -74.001405814958417, 40.706178612883157 ], [ -74.000592402093503, 40.705410078910958 ], [ -74.000845235037957, 40.705254518846246 ], [ -74.001454374188469, 40.704873303432088 ], [ -74.002055177279772, 40.705411349366678 ], [ -74.002061425638075, 40.705417005138216 ], [ -74.00206282084558, 40.705416077347977 ], [ -74.00212278686422, 40.705379002672515 ], [ -74.002158183485506, 40.705357119118567 ], [ -74.002569650594666, 40.705523579523536 ], [ -74.00268512768794, 40.70544924811869 ], [ -74.002362853117461, 40.705158966692643 ], [ -74.002415734769201, 40.705129311785122 ], [ -74.002383854583442, 40.705101270250822 ], [ -74.001970703979467, 40.704737867984647 ], [ -74.001970148378049, 40.704731159202353 ], [ -74.00203201379027, 40.704692953730124 ], [ -74.002171849419, 40.704606596463712 ], [ -74.002185623315654, 40.704607018873965 ], [ -74.002333446211637, 40.704748135307035 ], [ -74.002333930757644, 40.704742606901618 ], [ -74.002420593186685, 40.704680334603793 ], [ -74.002430710758645, 40.704677858004374 ], [ -74.002488398292584, 40.704726772351258 ], [ -74.002487901486376, 40.704733760589079 ], [ -74.00239832748953, 40.704794925140888 ], [ -74.002386707406785, 40.704795663674524 ], [ -74.003323072707872, 40.705628595220091 ], [ -74.003582623377568, 40.705461128831175 ], [ -74.003631871693258, 40.705429806751781 ], [ -74.003644461838647, 40.705421684136276 ], [ -74.003833275322577, 40.705303243026421 ], [ -74.003662178376942, 40.705149759739193 ], [ -74.00358390952114, 40.70519264914801 ], [ -74.003552599507557, 40.705166440834212 ], [ -74.003630869013151, 40.705123551446498 ], [ -74.002628964078284, 40.704222952781464 ], [ -74.002866897814997, 40.704075225511602 ], [ -74.00405666439265, 40.705147363438961 ], [ -74.004340507828033, 40.704962729306565 ], [ -74.004586229524648, 40.704799450679317 ], [ -74.004840628247834, 40.704639779526516 ], [ -74.004920378264785, 40.704591004973352 ], [ -74.005188050673254, 40.704420535690616 ], [ -74.005211609004036, 40.704405532235363 ], [ -74.005260358291835, 40.704374488410153 ], [ -74.005350272247554, 40.704310079961566 ], [ -74.005663306406575, 40.704104244478245 ], [ -74.005891298889296, 40.703959853442001 ], [ -74.006020486210957, 40.703874900101894 ], [ -74.006141067535523, 40.703980973435463 ], [ -74.006342155602781, 40.703849822607452 ], [ -74.00643259271952, 40.703791189951659 ], [ -74.006595919138704, 40.703685901949285 ], [ -74.006320807538998, 40.703466761028913 ], [ -74.00631484519424, 40.703461324597008 ], [ -74.00630030777441, 40.703448234988315 ], [ -74.005911457359403, 40.703098111430457 ], [ -74.005899417457925, 40.703087270191972 ], [ -74.005887472664369, 40.703076515223842 ], [ -74.005558433044627, 40.702781256889899 ], [ -74.005483840824397, 40.702714322134071 ], [ -74.005526826152391, 40.70268528761715 ], [ -74.005505312720715, 40.702666846585586 ], [ -74.005471308612769, 40.702689829083525 ], [ -74.005435997633555, 40.70265955541138 ], [ -74.005427288262482, 40.702665436194081 ], [ -74.005304125960791, 40.702559865633077 ], [ -74.005494278050989, 40.70243138145301 ], [ -74.005501660674568, 40.702430867797069 ], [ -74.005613617976266, 40.70253024203236 ], [ -74.005601631964126, 40.702538059769935 ], [ -74.00560905264517, 40.702552818553734 ], [ -74.005594794858354, 40.702568020329522 ], [ -74.005599351004776, 40.702580167839315 ], [ -74.005590229777653, 40.702585814283914 ], [ -74.005591946114308, 40.702598835921179 ], [ -74.00558509547804, 40.70260405020241 ], [ -74.00558909594902, 40.702612730596876 ], [ -74.005535461381768, 40.702645521106874 ], [ -74.005557719988161, 40.702664394652075 ], [ -74.005675222498539, 40.702584072197595 ], [ -74.005984303394982, 40.702860018543724 ], [ -74.006089760938352, 40.7029511204912 ], [ -74.006238705085323, 40.703079789301597 ], [ -74.006363727304091, 40.70318779225255 ], [ -74.006460288317527, 40.703271208034096 ], [ -74.006494251911079, 40.703300548171811 ], [ -74.006548808126539, 40.703367615085902 ], [ -74.006557208785068, 40.70336314833331 ], [ -74.006755415840317, 40.703541489476848 ], [ -74.006785021910474, 40.703568127402718 ], [ -74.006994660024574, 40.703441188566636 ], [ -74.007220466636781, 40.703301977805864 ], [ -74.007519052837949, 40.703121819734577 ], [ -74.007527149792637, 40.703114980913583 ], [ -74.007604981795183, 40.702993141155858 ], [ -74.00764555161301, 40.702928174276373 ], [ -74.007697986941764, 40.702849278546829 ], [ -74.007955948879939, 40.702692529944578 ], [ -74.00836148391231, 40.702444539016405 ], [ -74.00911037361746, 40.701983870511064 ], [ -74.009142021953778, 40.701972849402715 ], [ -74.009290726006057, 40.701930071319417 ], [ -74.008699643135671, 40.701139867542253 ], [ -74.007755491506444, 40.701548002174405 ], [ -74.007591362042206, 40.701328081048146 ], [ -74.008536115107745, 40.700919695745078 ], [ -74.008349275591002, 40.700669348388253 ], [ -74.008620361638691, 40.700552163713304 ], [ -74.009584830176053, 40.701837385563266 ], [ -74.01105603841502, 40.701454181412117 ], [ -74.011180883035408, 40.701451392253723 ], [ -74.011107753730414, 40.701275764473678 ], [ -74.011289839055252, 40.701249982244299 ], [ -74.011209757787697, 40.701044583273777 ], [ -74.011128685396088, 40.701064897450479 ], [ -74.011078379745513, 40.700957120315131 ], [ -74.011067085689632, 40.700914940894876 ], [ -74.011108863515446, 40.700901420103754 ], [ -74.01109386310776, 40.700866410371056 ], [ -74.011093373893715, 40.700851256575604 ], [ -74.011078724371274, 40.700851949036412 ], [ -74.011055843128332, 40.700811531272848 ], [ -74.011059432957722, 40.70080262149505 ], [ -74.01103748928746, 40.700757131248153 ], [ -74.011015383885749, 40.70074112429652 ], [ -74.011029458432461, 40.700731170993748 ], [ -74.011019996873131, 40.700712394945782 ], [ -74.011006680823371, 40.700711387706043 ], [ -74.010992727557863, 40.700690593047085 ], [ -74.011008546610498, 40.700683557234385 ], [ -74.01100361903022, 40.70066806679781 ], [ -74.010991344106174, 40.700673352282038 ], [ -74.010969971789279, 40.700645536089624 ], [ -74.010988417734112, 40.700634244502567 ], [ -74.010958272944151, 40.700574591600066 ], [ -74.010936176836452, 40.700575841947057 ], [ -74.010924827170328, 40.700566793036373 ], [ -74.010925573349368, 40.700555831993888 ], [ -74.010947128486876, 40.700537743035788 ], [ -74.010919180865244, 40.700486463091927 ], [ -74.010904969340444, 40.700491783763951 ], [ -74.010884626653421, 40.700461427409579 ], [ -74.010903664232899, 40.700451381512387 ], [ -74.010785379804915, 40.700232514470784 ], [ -74.010799593110065, 40.700207213007005 ], [ -74.010815306673692, 40.700200444101199 ], [ -74.010851573846708, 40.700238511084947 ], [ -74.010930932050783, 40.700415152334415 ], [ -74.011003644299748, 40.700581109944125 ], [ -74.011043772495441, 40.70068284521966 ], [ -74.011074274759665, 40.700748337393577 ], [ -74.011104364043547, 40.700810649429393 ], [ -74.011133622229224, 40.700867874405532 ], [ -74.011150335568388, 40.700898400100961 ], [ -74.011358362913541, 40.700851958636363 ], [ -74.011303189211603, 40.700647844036354 ], [ -74.011298164322525, 40.700598884529349 ], [ -74.011309864109492, 40.70057980119109 ], [ -74.0113340941042, 40.700568353682307 ], [ -74.01136082267432, 40.700565810999279 ], [ -74.011381718756397, 40.700570257117867 ], [ -74.011395081233857, 40.700590607673789 ], [ -74.011432699122466, 40.700674541116307 ], [ -74.011469474373953, 40.700748928258065 ], [ -74.01150291143712, 40.700815058974236 ], [ -74.011729268174761, 40.700770118059708 ], [ -74.01170009248338, 40.700721538635918 ], [ -74.01168275397707, 40.700693345062085 ], [ -74.011665398330678, 40.700637560590287 ], [ -74.011631496140438, 40.700555391747358 ], [ -74.011610198358781, 40.700493006421489 ], [ -74.011614135871127, 40.700472618462591 ], [ -74.011631479186491, 40.700458218248144 ], [ -74.011677980342952, 40.700461815207476 ], [ -74.011703210119919, 40.70048100238683 ], [ -74.0117260583568, 40.700478604421903 ], [ -74.011751292649336, 40.700530787586302 ], [ -74.011777308277374, 40.700570974374948 ], [ -74.011826192334297, 40.70066634278205 ], [ -74.011834076015191, 40.700686134476165 ], [ -74.011848270261169, 40.700729925805959 ], [ -74.011853785495887, 40.700738921450188 ], [ -74.011991597811246, 40.700704830963858 ], [ -74.012086682146929, 40.700681308739206 ], [ -74.012085093779532, 40.700664514803904 ], [ -74.012069321716652, 40.700599733344099 ], [ -74.012038567970123, 40.70052895681232 ], [ -74.011976706424946, 40.700378424299238 ], [ -74.011904880984943, 40.70022693000201 ], [ -74.011856725569942, 40.700107103408421 ], [ -74.011930963165767, 40.700051210156914 ], [ -74.011961961169177, 40.700037545595478 ], [ -74.012040279302056, 40.70004809164557 ], [ -74.012088420916925, 40.700086584192071 ], [ -74.012127595061401, 40.700143086506763 ], [ -74.012157791585182, 40.700211378648163 ], [ -74.012172479609958, 40.700233115597705 ], [ -74.012236945499382, 40.700321277844303 ], [ -74.012254902848994, 40.700364734341512 ], [ -74.012318559742397, 40.700488287090096 ], [ -74.012362224402608, 40.700575829962048 ], [ -74.012391600322843, 40.700620528094042 ], [ -74.012593923275077, 40.700570833472462 ], [ -74.012590646842213, 40.700511850508114 ], [ -74.012554718709382, 40.700359730657809 ], [ -74.01252899955233, 40.700252320356995 ], [ -74.012515935641915, 40.700184648480175 ], [ -74.012515112801239, 40.700150492110836 ], [ -74.012542027801658, 40.700134974148327 ], [ -74.012613820873653, 40.700108265811117 ], [ -74.012648088580903, 40.700115088283013 ], [ -74.01268072728449, 40.700146755381475 ], [ -74.012734991585617, 40.700218772700964 ], [ -74.012796191392525, 40.700300099884643 ], [ -74.012834549334087, 40.700352874734499 ], [ -74.012866377565629, 40.700407513371736 ], [ -74.012881884033845, 40.700441659886152 ], [ -74.012904742493717, 40.700496912162826 ], [ -74.012908817939561, 40.700523611693534 ], [ -74.013002053355606, 40.700516028465479 ], [ -74.013107478473714, 40.700507452180673 ], [ -74.013111553895058, 40.700472053044649 ], [ -74.013111531914589, 40.700360290603165 ], [ -74.01309395831629, 40.700223693239913 ], [ -74.013078434859523, 40.700103242584277 ], [ -74.013024957055705, 40.699882830206086 ], [ -74.013011892658596, 40.699818256631268 ], [ -74.013020857027698, 40.699793419367978 ], [ -74.013043700924371, 40.699774784735915 ], [ -74.013113038263043, 40.699774165382699 ], [ -74.013140789650919, 40.699803337925516 ], [ -74.013153848977311, 40.69984494048542 ], [ -74.013166916268048, 40.699931244337613 ], [ -74.013177535633346, 40.700017547965082 ], [ -74.013185716846309, 40.700103230343913 ], [ -74.013200841973173, 40.700239827976127 ], [ -74.013207367871971, 40.700275216518868 ], [ -74.013222880168996, 40.700333586085456 ], [ -74.013273494830855, 40.700496870227802 ], [ -74.013485608327386, 40.700478222908437 ], [ -74.013480684937008, 40.700357771068447 ], [ -74.013483115361126, 40.700263388116319 ], [ -74.013503496608664, 40.700176459528315 ], [ -74.013532850181022, 40.70010816142328 ], [ -74.01358669315097, 40.700079590847636 ], [ -74.013610298307213, 40.700084298087155 ], [ -74.013674793147942, 40.700125821450854 ], [ -74.013662749699023, 40.700136656532727 ], [ -74.013642651867016, 40.700161782809424 ], [ -74.013611822691459, 40.700245174148016 ], [ -74.013570490099411, 40.700232202871405 ], [ -74.013561309319087, 40.700295122158266 ], [ -74.013533102056371, 40.700297124245765 ], [ -74.01353047796475, 40.700311100346504 ], [ -74.013561312365368, 40.700310097585152 ], [ -74.013560341442826, 40.70036653343729 ], [ -74.013529508891651, 40.700373524124124 ], [ -74.013531474760299, 40.700382016183646 ], [ -74.013562971116059, 40.700380013206455 ], [ -74.013559705489328, 40.700438934427453 ], [ -74.013523617567358, 40.70044193757834 ], [ -74.013522959189004, 40.700460415407029 ], [ -74.013580700188328, 40.700456914492968 ], [ -74.013585417985055, 40.700501912756266 ], [ -74.013552832295147, 40.700503357667095 ], [ -74.013577128225663, 40.700643681476073 ], [ -74.013510395926531, 40.700650371152101 ], [ -74.013558269594867, 40.70093987083056 ], [ -74.013951527565112, 40.700990982459999 ], [ -74.014091983854755, 40.700551617824594 ], [ -74.014104903000856, 40.700510828386882 ], [ -74.014091449494771, 40.700508336224367 ], [ -74.014128211908229, 40.700393282054627 ], [ -74.014137263885956, 40.700394955210335 ], [ -74.014148606377887, 40.700320571723744 ], [ -74.014174672794539, 40.700260891293865 ], [ -74.014220631954942, 40.700111491365739 ], [ -74.014309813112959, 40.700121296068744 ], [ -74.014309815861566, 40.700134101515651 ], [ -74.014177879317799, 40.70054147355372 ], [ -74.014164957632929, 40.70053905203082 ], [ -74.014152387873096, 40.700577866286153 ], [ -74.014289207411338, 40.700644144765064 ], [ -74.014301570232419, 40.700632211772735 ], [ -74.014296516892898, 40.700629186523706 ], [ -74.014315302647589, 40.700611037974227 ], [ -74.014317964680856, 40.700612497307858 ], [ -74.014367835832232, 40.700546122667575 ], [ -74.014448131507208, 40.700447372399964 ], [ -74.014559999736932, 40.700309786779663 ], [ -74.014575133320335, 40.700316916331225 ], [ -74.014584254404269, 40.700308468955122 ], [ -74.014582344094435, 40.700283875528577 ], [ -74.01463294333459, 40.700197429909835 ], [ -74.014671199920073, 40.700210401197126 ], [ -74.014667172136967, 40.700239380404767 ], [ -74.014653861246941, 40.700242641175151 ], [ -74.014608630037486, 40.700309708748435 ], [ -74.014608254485083, 40.700323657113863 ], [ -74.014552193259988, 40.700382980751606 ], [ -74.014493425499722, 40.700445169250614 ], [ -74.014492468934236, 40.700454669002887 ], [ -74.014484921263758, 40.700461153592009 ], [ -74.014478579313575, 40.700462082155788 ], [ -74.014409473946671, 40.700551331412342 ], [ -74.01439689988942, 40.700563481390581 ], [ -74.014394806937389, 40.700570479097316 ], [ -74.014323843630265, 40.700661304629719 ], [ -74.014643232349115, 40.700817304325142 ], [ -74.014724248344123, 40.700714293894322 ], [ -74.014771424391398, 40.700663651906879 ], [ -74.014812365140543, 40.700610849936162 ], [ -74.014859266594115, 40.700555444143014 ], [ -74.014930326112307, 40.700479269863486 ], [ -74.014998830535788, 40.700406120576538 ], [ -74.015068182693042, 40.700318257554969 ], [ -74.015098322701263, 40.700334265523459 ], [ -74.015035797350791, 40.700420831010625 ], [ -74.015022710600533, 40.700419536058661 ], [ -74.015008505172574, 40.700437709926106 ], [ -74.014993145759107, 40.70043684731985 ], [ -74.014967570716976, 40.700465414879609 ], [ -74.0149749555559, 40.700470177723474 ], [ -74.01494881182721, 40.700494413601263 ], [ -74.01494255505817, 40.700506103291353 ], [ -74.014923222893586, 40.700515191471482 ], [ -74.014917546508102, 40.700525575712739 ], [ -74.014923794639543, 40.700530338707146 ], [ -74.014936879470625, 40.700522979381276 ], [ -74.014941991559596, 40.700523843325783 ], [ -74.014885989654758, 40.700580114435695 ], [ -74.014820042846793, 40.700660619780237 ], [ -74.014726817821966, 40.700774015849674 ], [ -74.014702650338847, 40.700799116025706 ], [ -74.014673656284884, 40.700834609028426 ], [ -74.014810725601421, 40.700903831479572 ], [ -74.014828342252812, 40.700894742869735 ], [ -74.015021136616795, 40.700992504013414 ], [ -74.015142318121008, 40.700842892354295 ], [ -74.015677781847415, 40.701256021027469 ], [ -74.015793517111518, 40.701346905807519 ], [ -74.015910342334166, 40.701460948443859 ], [ -74.016116090604811, 40.701630801625349 ], [ -74.016138906360027, 40.701646017102739 ], [ -74.016244490606638, 40.701752721436833 ], [ -74.016392053701949, 40.701897701008221 ], [ -74.016515152607838, 40.702017298671443 ], [ -74.01653258703746, 40.702036539683078 ], [ -74.016818595999226, 40.702338575080468 ], [ -74.016896570412399, 40.702421879456978 ], [ -74.017003967895079, 40.70255453562757 ], [ -74.01713705889378, 40.702711340267712 ], [ -74.017145080626591, 40.702705349976192 ], [ -74.017251821339514, 40.702835557263782 ], [ -74.017245715911287, 40.702838457739226 ], [ -74.01725328400002, 40.702846222160126 ], [ -74.017293462210461, 40.702887439209469 ], [ -74.017318377634084, 40.702918871771587 ], [ -74.017398393322807, 40.703019140804933 ], [ -74.01744003546041, 40.703077514541889 ], [ -74.017493811627574, 40.703154842957538 ], [ -74.01754038297949, 40.703236160429874 ], [ -74.017575485615026, 40.703307503056052 ], [ -74.017596479670487, 40.703361386806506 ], [ -74.017616812171227, 40.703423248465413 ], [ -74.017626019049359, 40.703422760724528 ], [ -74.017647975068556, 40.703494599879548 ], [ -74.017660450746206, 40.703549979097595 ], [ -74.017668813072731, 40.703591313467662 ], [ -74.017771280203291, 40.703583815929676 ], [ -74.017767301142953, 40.7035451812609 ], [ -74.017878393406392, 40.703538508037234 ], [ -74.017884628809696, 40.703581783189236 ], [ -74.017890884953644, 40.70362520777168 ], [ -74.017776393883977, 40.703632558342044 ], [ -74.017771283998044, 40.703598050880053 ], [ -74.017671320202666, 40.703606427383811 ], [ -74.01768310568113, 40.703711131225319 ], [ -74.017672645814315, 40.703711791046011 ], [ -74.017676896294205, 40.703770503638587 ], [ -74.017674287481896, 40.703834367571552 ], [ -74.017665784422476, 40.703899233718587 ], [ -74.01765792483431, 40.703932661786432 ], [ -74.017643065326894, 40.703988972958825 ], [ -74.01765378898196, 40.703998380812536 ], [ -74.017654619897385, 40.704009682569811 ], [ -74.017643902936015, 40.704022245901982 ], [ -74.017633998905524, 40.70402475178318 ], [ -74.017626579630416, 40.704023501324187 ], [ -74.017570356400185, 40.704183880986605 ], [ -74.017794545202918, 40.704234897598823 ], [ -74.017855856829286, 40.704078847113088 ], [ -74.01775054986868, 40.704054882893523 ], [ -74.017791393034386, 40.703950912583622 ], [ -74.017817586979461, 40.703937922496593 ], [ -74.017837828259673, 40.703962666138544 ], [ -74.017808217469565, 40.704031964479647 ], [ -74.017912293262214, 40.70405449715102 ], [ -74.017942693639299, 40.70397317657627 ], [ -74.017954739826365, 40.703975786111208 ], [ -74.017844411067244, 40.704242039937938 ], [ -74.018447046709881, 40.704162354961909 ], [ -74.018658864980438, 40.704428779290105 ], [ -74.017516463714671, 40.704580624149905 ], [ -74.017480904833008, 40.704667260857867 ], [ -74.017531704094736, 40.704670872388256 ], [ -74.017547962526152, 40.70466365937498 ], [ -74.017558126737569, 40.704665721424355 ], [ -74.017570314618794, 40.704662623998004 ], [ -74.017573699025377, 40.704667783652418 ], [ -74.017566930138983, 40.70467138584916 ], [ -74.017598085396912, 40.704684272136348 ], [ -74.017634330610889, 40.704678707871089 ], [ -74.017675709402468, 40.704680679349821 ], [ -74.017686702258558, 40.704673791122893 ], [ -74.017718379388995, 40.704679698451557 ], [ -74.017733253942282, 40.704671332870873 ], [ -74.017749416038995, 40.704675267937773 ], [ -74.017765568817495, 40.704672315460385 ], [ -74.017766870493361, 40.704664930160384 ], [ -74.017783673491664, 40.704670837588154 ], [ -74.017797895854628, 40.704666902187647 ], [ -74.017806309011263, 40.704661985472534 ], [ -74.017828933150867, 40.704664929945601 ], [ -74.017839926118597, 40.704660995542646 ], [ -74.017901988463677, 40.704651648111508 ], [ -74.017910391047252, 40.704659033076176 ], [ -74.017941428159048, 40.704655583549453 ], [ -74.017944019372862, 40.70464820843312 ], [ -74.017969224205018, 40.7046472181013 ], [ -74.01797892738368, 40.704640824587905 ], [ -74.017989269411586, 40.704646731822002 ], [ -74.017998321529021, 40.704649685418218 ], [ -74.018008023374492, 40.704638365599365 ], [ -74.018024187072442, 40.704645749843849 ], [ -74.018042929915694, 40.704628037110339 ], [ -74.018053924107633, 40.70462950493458 ], [ -74.01806509374255, 40.704635825991616 ], [ -74.018113029058853, 40.704553602333768 ], [ -74.018862890454258, 40.704719607170759 ], [ -74.018887479479972, 40.704729142804268 ], [ -74.01892572382414, 40.704773762570305 ], [ -74.01934155704555, 40.706070538706633 ], [ -74.019342546244744, 40.706093672527118 ], [ -74.019222422839903, 40.706573088726095 ], [ -74.019122759634115, 40.706975814337461 ], [ -74.019102554884213, 40.707000437641526 ], [ -74.019091550847108, 40.707004473184497 ], [ -74.019066171401448, 40.707013770621487 ], [ -74.019033380197044, 40.70701319087604 ], [ -74.018953594633714, 40.706996769465526 ], [ -74.018945791673374, 40.707017770941363 ], [ -74.018937405571563, 40.707034206896722 ], [ -74.01892660443805, 40.707044257785832 ], [ -74.018909215706714, 40.707064342451289 ], [ -74.018884620288944, 40.707085805536799 ], [ -74.018859430069185, 40.707100415683719 ], [ -74.018829437750341, 40.707115486640106 ], [ -74.018796449367898, 40.707127819847614 ], [ -74.018761057678702, 40.707137866525038 ], [ -74.018726269874321, 40.707143355686384 ], [ -74.018689668704766, 40.707142443754002 ], [ -74.018655480756252, 40.707141539125118 ], [ -74.018630583727145, 40.707139715771888 ], [ -74.018580784037241, 40.707123748102788 ], [ -74.018547184753416, 40.707107770264244 ], [ -74.018571173994374, 40.707079922388665 ], [ -74.018607176011272, 40.707095440975195 ], [ -74.018634170230996, 40.707103198808746 ], [ -74.018644371011732, 40.707105475860473 ], [ -74.018647962622111, 40.707081738030006 ], [ -74.018686953799246, 40.707084009237583 ], [ -74.018721152491068, 40.707081726149845 ], [ -74.018750546229697, 40.707079893309931 ], [ -74.018761940374191, 40.707075785364317 ], [ -74.018749933239917, 40.707049762489532 ], [ -74.018773930876392, 40.707044282787564 ], [ -74.018794327578888, 40.707032411169777 ], [ -74.018820119143527, 40.707015972883006 ], [ -74.018838704329397, 40.706994969651582 ], [ -74.018848297244332, 40.706983090410247 ], [ -74.01884889814508, 40.706970312350258 ], [ -74.018811100350192, 40.706966211774152 ], [ -74.0187985148563, 40.706982188376251 ], [ -74.018775715984802, 40.706997258646489 ], [ -74.018742124163751, 40.707007763378826 ], [ -74.018722929817045, 40.707006857500438 ], [ -74.018694731907658, 40.707010967669945 ], [ -74.018678533722039, 40.707018733002442 ], [ -74.018647944741247, 40.707017819578446 ], [ -74.018628144880623, 40.707010978464972 ], [ -74.018612544989722, 40.706997285145938 ], [ -74.01860474411275, 40.706989064177272 ], [ -74.018602941813171, 40.706974917978144 ], [ -74.018591530533456, 40.706959394918414 ], [ -74.018579528509861, 40.706949814809008 ], [ -74.018571726091707, 40.706938397923913 ], [ -74.01856933191749, 40.706920595205752 ], [ -74.018564523569779, 40.706906440109272 ], [ -74.018548927595788, 40.706908270679172 ], [ -74.018535132696698, 40.706918322014111 ], [ -74.018530337520815, 40.706950732410419 ], [ -74.018406490886264, 40.7072578721585 ], [ -74.01821726389754, 40.707742205969133 ], [ -74.018216993844788, 40.707751309768319 ], [ -74.018190292596472, 40.707821626109954 ], [ -74.018655570496477, 40.707923948883291 ], [ -74.018646890790848, 40.707946813546982 ], [ -74.018800630684254, 40.707980621637439 ], [ -74.018831958839101, 40.707999166789179 ], [ -74.018833959514879, 40.708002219140148 ], [ -74.018853477603756, 40.708022012284054 ], [ -74.018855009119676, 40.708047534447438 ], [ -74.01874689830457, 40.708480580253656 ], [ -74.018631424689644, 40.70894110005419 ], [ -74.018468821345266, 40.709589571008749 ], [ -74.018341366097872, 40.710106476441048 ], [ -74.018264091806827, 40.710408996626825 ], [ -74.01814480361773, 40.710888650188991 ], [ -74.018110577891775, 40.711029628214447 ], [ -74.018046096875736, 40.711344501487098 ], [ -74.017978532314928, 40.711756319208106 ], [ -74.017922242570279, 40.712039242700754 ], [ -74.017873334226408, 40.712315143953859 ], [ -74.017770142545046, 40.712834574789156 ], [ -74.017752927059007, 40.712848327555989 ], [ -74.017731838367013, 40.712849312346684 ], [ -74.017720215635464, 40.712844730933654 ], [ -74.017721489461152, 40.712784144610495 ], [ -74.017800378883933, 40.712345124158574 ], [ -74.01662424425291, 40.712157318995338 ], [ -74.016544638125282, 40.712456037930984 ], [ -74.016592275827776, 40.712548171076854 ], [ -74.016618176553195, 40.712649763569118 ], [ -74.016618400783045, 40.712756150029691 ], [ -74.016591495204992, 40.712861563217288 ], [ -74.016555488934557, 40.7129290955044 ], [ -74.01654112171731, 40.712955564819389 ], [ -74.016477242041447, 40.713029493073975 ], [ -74.016391694858157, 40.713099997950749 ], [ -74.01632006627581, 40.713407982478287 ], [ -74.016541146866302, 40.713441052742397 ], [ -74.016910686954674, 40.713496328010294 ], [ -74.017579525089928, 40.713595490383646 ], [ -74.017655094471891, 40.713161062667055 ], [ -74.017670416640527, 40.71306920796512 ], [ -74.017672708440784, 40.713065996202623 ], [ -74.01767565425034, 40.713063109667608 ], [ -74.017679176119884, 40.713060624740763 ], [ -74.017683180857105, 40.713058607175817 ], [ -74.017687562492469, 40.713057110359628 ], [ -74.017692205083392, 40.713056173899488 ], [ -74.017696985782166, 40.713055822575079 ], [ -74.017701778086561, 40.713056065682828 ], [ -74.017706108274737, 40.713056813739826 ], [ -74.017710242067082, 40.713058047456308 ], [ -74.017714085970098, 40.713059738929402 ], [ -74.017717553046595, 40.713061849903255 ], [ -74.017720564882055, 40.713064332634232 ], [ -74.017723053358068, 40.713067130970607 ], [ -74.017724962192958, 40.713070181622761 ], [ -74.017706872583361, 40.713169282466083 ], [ -74.017618333100145, 40.713654323432976 ], [ -74.017537217907332, 40.714097542247806 ], [ -74.017408713604866, 40.714806799905418 ], [ -74.017382813878385, 40.714941434315072 ], [ -74.017382231878557, 40.714944461279309 ], [ -74.017325709584441, 40.715254913254896 ], [ -74.01726421509521, 40.715592682369966 ], [ -74.017121222936211, 40.716371793077215 ], [ -74.016982742946269, 40.717130643668192 ], [ -74.016862973772717, 40.717786954287803 ], [ -74.016710186058233, 40.718624176058029 ], [ -74.016694190959413, 40.718648843354437 ], [ -74.016659469696137, 40.718666021224685 ], [ -74.016629963381916, 40.71866536845026 ], [ -74.015946952042739, 40.718575548906294 ], [ -74.015943829842101, 40.718589255044236 ], [ -74.015668836668567, 40.718554488763161 ], [ -74.015670620607466, 40.718537748233643 ], [ -74.015550877545067, 40.718521933183816 ], [ -74.015000606824117, 40.718449236055029 ], [ -74.014996197316165, 40.718473001316688 ], [ -74.014989813395644, 40.718507347327694 ], [ -74.014983332307224, 40.718523791433007 ], [ -74.014970362579959, 40.718535850864306 ], [ -74.014945155493393, 40.718543535077181 ], [ -74.014702700218123, 40.718516154884213 ], [ -74.013213227191926, 40.718315719895791 ], [ -74.013068054923181, 40.71892219382552 ], [ -74.013072377692154, 40.718938619172697 ], [ -74.013030681264354, 40.719131455819138 ], [ -74.013011727995391, 40.71921896911627 ], [ -74.012955243087561, 40.719489453397202 ], [ -74.012957495677981, 40.719500163803083 ], [ -74.012908927640183, 40.71973485170647 ], [ -74.013455056331821, 40.719801707426228 ], [ -74.013413765128718, 40.720019482014223 ], [ -74.013994522195574, 40.720085649466583 ], [ -74.013999999644412, 40.720067183661492 ], [ -74.014264619990598, 40.72009514658361 ], [ -74.01426696671713, 40.720086807143709 ], [ -74.015573640966011, 40.720243294464829 ], [ -74.015573643471228, 40.720254015509504 ], [ -74.015713784699969, 40.720270675268232 ], [ -74.015713009657802, 40.720303435741918 ], [ -74.016378482914817, 40.72037660883089 ], [ -74.016305733428368, 40.720727020038126 ], [ -74.014497203129565, 40.720513721263174 ], [ -74.013519191323724, 40.720395186558179 ], [ -74.012999806790788, 40.720333090750081 ], [ -74.012897302708694, 40.720868045975827 ], [ -74.015694719732863, 40.721206424875305 ], [ -74.015622457819475, 40.72154345367376 ], [ -74.013160666732858, 40.72125396319462 ], [ -74.013116633119964, 40.721473734530782 ], [ -74.013253800758719, 40.721489920001233 ], [ -74.013261939390816, 40.7214718119331 ], [ -74.013635236404951, 40.721516561134415 ], [ -74.013615583350045, 40.721586182559449 ], [ -74.013561280311194, 40.721580613845099 ], [ -74.013561090933564, 40.721571893764064 ], [ -74.013255651185148, 40.721543856539313 ], [ -74.013257996548376, 40.721527773029344 ], [ -74.013112373152396, 40.721509920295695 ], [ -74.013103769149396, 40.721554595471211 ], [ -74.012538758072623, 40.721503176576391 ], [ -74.012491710315317, 40.72177975782747 ], [ -74.012370717153928, 40.722387580578967 ], [ -74.012230808401469, 40.723056257072692 ], [ -74.012094638295935, 40.723707052481153 ], [ -74.011964320491217, 40.724329864239778 ], [ -74.011813395852599, 40.725078006305878 ], [ -74.011654151040318, 40.725867374070781 ], [ -74.011653265699422, 40.725871761851387 ], [ -74.011958330748357, 40.725977599218353 ], [ -74.012315884174726, 40.726033843285364 ], [ -74.014115954442659, 40.726215863302954 ], [ -74.01477821548464, 40.726281706473365 ], [ -74.015163241184226, 40.726319711936831 ], [ -74.015204265311425, 40.726361949379609 ], [ -74.015188649819962, 40.72645118300764 ], [ -74.015170840197882, 40.726579390155123 ], [ -74.015143255233141, 40.726710526781972 ], [ -74.015123565494733, 40.726793943067157 ], [ -74.014306715966313, 40.726708121196729 ], [ -74.013416775207233, 40.72662103121344 ], [ -74.012344547660334, 40.72651943048249 ], [ -74.011542018975959, 40.726447346424528 ], [ -74.011383236047564, 40.728229272367194 ], [ -74.014390699323883, 40.728463047520151 ], [ -74.01434461474166, 40.728622183781496 ], [ -74.014219285430201, 40.729523427755538 ], [ -74.011445920304766, 40.72916656511299 ] ] ] ] } },
{ "type": "Feature", "properties": { "Precinct": 5, "Shape_Length": "18,807.0806071", "Shape_Area": "18,094,771.1614", "in_manhattan": true }, "geometry": { "type": "MultiPolygon", "coordinates": [ [ [ [ -73.988638628487664, 40.722933720263725 ], [ -73.988686899416692, 40.722857318584708 ], [ -73.988948192116965, 40.722143392378754 ], [ -73.988985606455728, 40.722041165776851 ], [ -73.98913063635348, 40.7216448978538 ], [ -73.989720001211992, 40.720478584313028 ], [ -73.990083983120883, 40.719755471057034 ], [ -73.990323126116635, 40.719280364756671 ], [ -73.990363543894176, 40.71920481539388 ], [ -73.990407241311985, 40.719120935850682 ], [ -73.990845150164475, 40.718308577107663 ], [ -73.991304153049285, 40.717381681935414 ], [ -73.991677271051969, 40.716650640516072 ], [ -73.991727240771453, 40.716552735713911 ], [ -73.991905729158645, 40.716203020954659 ], [ -73.992490624687548, 40.715080340876483 ], [ -73.992700894492614, 40.714651819206011 ], [ -73.992821734812594, 40.714365230452309 ], [ -73.992722663545564, 40.71384440577814 ], [ -73.992582195894983, 40.713756713212057 ], [ -73.99250061410639, 40.713179580102945 ], [ -73.992402125845942, 40.712462371787815 ], [ -73.992388326774304, 40.71234483847612 ], [ -73.992378194259061, 40.712258541980951 ], [ -73.992354321764751, 40.712055206707163 ], [ -73.992342267177889, 40.711953089332319 ], [ -73.992320171668354, 40.711764334872676 ], [ -73.99230590879607, 40.711692532021296 ], [ -73.992292971116115, 40.711628119374289 ], [ -73.992283020787511, 40.711552340219257 ], [ -73.992153706140982, 40.71107474166493 ], [ -73.992111095535037, 40.710988256791019 ], [ -73.992088239035098, 40.710903413013995 ], [ -73.992019130251109, 40.710590309311279 ], [ -73.991967661233289, 40.710235898644022 ], [ -73.991949585619153, 40.710015965058808 ], [ -73.991909508278809, 40.709806944138585 ], [ -73.991907097987109, 40.70980199354544 ], [ -73.991879802589466, 40.709754853035136 ], [ -73.991859027210225, 40.709718972638655 ], [ -73.991828880678327, 40.709666524155139 ], [ -73.991799550436397, 40.70961115907587 ], [ -73.991782778058905, 40.709581526535743 ], [ -73.991780029399607, 40.709576669730772 ], [ -73.991767795801323, 40.709555055523737 ], [ -73.991905443664507, 40.709525396582272 ], [ -73.99203926968346, 40.709516919665326 ], [ -73.992091316359691, 40.709508222903807 ], [ -73.992148689701494, 40.709498609104124 ], [ -73.992361161399103, 40.709464368811453 ], [ -73.992848467486468, 40.709381877638769 ], [ -73.993740128622278, 40.709246120435367 ], [ -73.994008201640455, 40.709237479919047 ], [ -73.99414063200345, 40.709233267399966 ], [ -73.994378235439356, 40.709192639198953 ], [ -73.994578999637241, 40.709130972910074 ], [ -73.995175773698364, 40.709034293307745 ], [ -73.996018983957626, 40.708916223847481 ], [ -73.996664009965897, 40.708826904517728 ], [ -73.997282871955775, 40.708731619842943 ], [ -73.998083511869993, 40.70850961536717 ], [ -73.998286023205921, 40.70842993146762 ], [ -73.998527585853111, 40.708331527908307 ], [ -73.998561146206157, 40.708315283233581 ], [ -73.998721979550638, 40.708237452896199 ], [ -73.998753965708588, 40.708223651027211 ], [ -73.998808462766434, 40.708200134992687 ], [ -73.998821584209836, 40.708175481677507 ], [ -73.998881308638801, 40.708136633919821 ], [ -73.998983409632444, 40.708092653316172 ], [ -73.999052767385507, 40.708032545866381 ], [ -73.999134349189518, 40.707982396945958 ], [ -73.999194511088518, 40.707947376351505 ], [ -73.999259454707712, 40.707914021310444 ], [ -73.999326325873682, 40.707879676996534 ], [ -73.999382251773596, 40.70784154932155 ], [ -73.999421291386085, 40.707818937055343 ], [ -73.999460330751916, 40.707796326451103 ], [ -73.999523250071107, 40.707762628658166 ], [ -73.999512114307976, 40.707748706609138 ], [ -73.99949062474623, 40.707721845225031 ], [ -73.999538397254938, 40.707693470025681 ], [ -73.999551213254961, 40.707694352776528 ], [ -73.9995714951379, 40.707717198688492 ], [ -73.999602496748267, 40.707752108929014 ], [ -73.999609481052943, 40.707759973176316 ], [ -73.999882970852198, 40.707624085532771 ], [ -73.999895745027104, 40.707617738446686 ], [ -73.999958816013759, 40.707688183956897 ], [ -74.000033794193854, 40.707806799996007 ], [ -74.000075147151065, 40.707847235315683 ], [ -74.000131091292587, 40.707913267735734 ], [ -74.000483540856607, 40.708350862733944 ], [ -74.0008601109041, 40.708790947074959 ], [ -74.001664668653589, 40.709522763552656 ], [ -74.002201066769686, 40.709962670307341 ], [ -74.003081930338681, 40.710624287161977 ], [ -74.003156333957193, 40.710672975028615 ], [ -74.003380549738011, 40.71082616323222 ], [ -74.003432030723843, 40.710879815247885 ], [ -74.003550364638684, 40.710973166417077 ], [ -74.003614542195095, 40.71100834844092 ], [ -74.003852782607964, 40.711142093601069 ], [ -74.003911020277343, 40.711174788886744 ], [ -74.004273732531189, 40.711402625271418 ], [ -74.004473440472424, 40.711526710622977 ], [ -74.005253840959824, 40.711999595777627 ], [ -74.005291954506546, 40.712000978977414 ], [ -74.005659123571164, 40.71192432344769 ], [ -74.006035466292573, 40.711906188298947 ], [ -74.006134888762929, 40.711948153243206 ], [ -74.006069175224056, 40.712008428913563 ], [ -74.005740446027076, 40.712088757539007 ], [ -74.005589329541309, 40.712170053755592 ], [ -74.005430478737921, 40.712203695749672 ], [ -74.00527561892595, 40.712249439992817 ], [ -74.005127126187517, 40.712306773259996 ], [ -74.004987166565243, 40.712374857679393 ], [ -74.004857680877322, 40.712452541116946 ], [ -74.004706522836045, 40.712574016343027 ], [ -74.004291138915562, 40.712907825695922 ], [ -74.004214053014564, 40.712980743144833 ], [ -74.004059008037444, 40.713134790255339 ], [ -74.004818606557834, 40.713475000498804 ], [ -74.006309695994929, 40.714165826618725 ], [ -74.005888497363216, 40.714677285187193 ], [ -74.005419484103783, 40.715236057055002 ], [ -74.004976128969574, 40.71575993989557 ], [ -74.004533501100923, 40.716279913063609 ], [ -74.0041982271443, 40.716670449197686 ], [ -74.004026025533619, 40.716871017684618 ], [ -74.003534805812791, 40.717446953149732 ], [ -74.003389069961671, 40.717619287216621 ], [ -74.003045334551643, 40.718025816137597 ], [ -74.002537987219526, 40.718626883076588 ], [ -74.00209161668549, 40.719153392849037 ], [ -74.001884063094778, 40.719397570287853 ], [ -74.001523937360588, 40.719820740132178 ], [ -74.001424510096385, 40.719937197663363 ], [ -74.000660725230347, 40.720839794377831 ], [ -73.999853304342082, 40.72179178766757 ], [ -73.998811721800223, 40.723021409861303 ], [ -73.997785087981754, 40.724234893748175 ], [ -73.996842959335538, 40.725347837869805 ], [ -73.996771757775008, 40.725431944172783 ], [ -73.995845775585778, 40.725208353984357 ], [ -73.995329079374599, 40.725083739226221 ], [ -73.994908273889905, 40.724951229722016 ], [ -73.994179304855365, 40.724692406309046 ], [ -73.993457690320298, 40.724432895683279 ], [ -73.992671824464679, 40.724160254924669 ], [ -73.992603221984325, 40.724136450353527 ], [ -73.992531989268855, 40.724114566599667 ], [ -73.99219861266036, 40.724012609181486 ], [ -73.991982464901625, 40.723946529671665 ], [ -73.991354728008844, 40.723754619084851 ], [ -73.991273070963985, 40.723729812939403 ], [ -73.991024104614652, 40.723649432237863 ], [ -73.990273615818694, 40.723426018293154 ], [ -73.98939218169825, 40.72317405899765 ], [ -73.988756831945565, 40.722970366111099 ], [ -73.988638628487664, 40.722933720263725 ] ] ] ] } },
{ "type": "Feature", "properties": { "Precinct": 6, "Shape_Length": "27,255.9913162", "Shape_Area": "22,143,015.2104", "in_manhattan": true }, "geometry": { "type": "MultiPolygon", "coordinates": [ [ [ [ -74.009151690031516, 40.742507287485047 ], [ -74.008949253569938, 40.742433163295921 ], [ -74.008790908975342, 40.742375183251916 ], [ -74.008790805888268, 40.742375143723564 ], [ -74.008699022963597, 40.742361723963377 ], [ -74.008204018784397, 40.742147518790915 ], [ -74.007791161347939, 40.741970844244058 ], [ -74.006970777244035, 40.741627127158175 ], [ -74.005442147568118, 40.740982140261771 ], [ -74.005362220293634, 40.740949503517996 ], [ -74.00512553452252, 40.740850213571015 ], [ -74.00310733884227, 40.739997521061554 ], [ -74.002523814167461, 40.739752643139589 ], [ -73.99968423039347, 40.738552473816092 ], [ -73.996839938604168, 40.737360889398225 ], [ -73.9936168839549, 40.736004492788744 ], [ -73.991714987733943, 40.735215300666646 ], [ -73.991198993349357, 40.735012368583497 ], [ -73.990753968166416, 40.734839154573713 ], [ -73.990944841294024, 40.73397769249582 ], [ -73.991113554998435, 40.733213921873237 ], [ -73.99128059561788, 40.732445963303526 ], [ -73.991459711066284, 40.731738158892 ], [ -73.991920697441202, 40.731166297758243 ], [ -73.992407635752485, 40.730591211897313 ], [ -73.992840757520469, 40.730078949765037 ], [ -73.993261631360909, 40.72957984144962 ], [ -73.993602662687167, 40.729177586172504 ], [ -73.993747030960819, 40.729007298460395 ], [ -73.99425278405468, 40.728412457779029 ], [ -73.99475092894383, 40.727818776613844 ], [ -73.995269639078415, 40.727211360258735 ], [ -73.995843527221041, 40.726526644713971 ], [ -73.996187481162607, 40.726121012256499 ], [ -73.996418530448963, 40.725848528506134 ], [ -73.99672066717693, 40.725492204923043 ], [ -73.996771757775008, 40.725431944172783 ], [ -73.997610195918185, 40.725797138602452 ], [ -73.998361193067069, 40.72616746826305 ], [ -73.999118247176668, 40.726542312587235 ], [ -73.999915792172402, 40.7269347129319 ], [ -74.000632391244594, 40.727286612660805 ], [ -74.00139033536432, 40.727660002092854 ], [ -74.002148915208053, 40.728035366502013 ], [ -74.002422647444504, 40.72817553796019 ], [ -74.00262399616723, 40.728278642493635 ], [ -74.002720096617466, 40.728322815523697 ], [ -74.002817266391432, 40.728363129304107 ], [ -74.003127674509585, 40.72839380161205 ], [ -74.00531369223232, 40.728604494584204 ], [ -74.007090207707449, 40.72877225335337 ], [ -74.008592721051144, 40.728915277385077 ], [ -74.009349619544324, 40.728987556400476 ], [ -74.010548721245925, 40.729100682848262 ], [ -74.010673760150837, 40.729112946334268 ], [ -74.010770993750995, 40.729122944146184 ], [ -74.010853562454201, 40.729134034024838 ], [ -74.01094835810251, 40.729146765615717 ], [ -74.011162928436363, 40.729168079526126 ], [ -74.011285449072545, 40.729180996448214 ], [ -74.011287559940428, 40.729155527675715 ], [ -74.011445920304766, 40.72916656511299 ], [ -74.014219285430201, 40.729523427755538 ], [ -74.014077413911394, 40.730640409187927 ], [ -74.014086935599181, 40.730663173040313 ], [ -74.01403796924798, 40.730694218843908 ], [ -74.01401552295431, 40.730682839656104 ], [ -74.011161956964756, 40.730450676349058 ], [ -74.011089713919134, 40.731252568453471 ], [ -74.011071702235128, 40.731452492176267 ], [ -74.010993508791529, 40.732320417940613 ], [ -74.010941182267487, 40.733007763269356 ], [ -74.011460835591777, 40.733028413638387 ], [ -74.014002202146074, 40.733068001795473 ], [ -74.013999572409659, 40.733332277517761 ], [ -74.010903898832851, 40.733297617139591 ], [ -74.010898407124401, 40.733351207376025 ], [ -74.010871195777582, 40.733352611026248 ], [ -74.010844598239359, 40.733357202535011 ], [ -74.010819255944682, 40.73336487117195 ], [ -74.010795780057109, 40.733375431997757 ], [ -74.010774736730042, 40.733388630323972 ], [ -74.010756633453298, 40.73340414785514 ], [ -74.010743300139055, 40.733422646867929 ], [ -74.010734244429429, 40.733442587554947 ], [ -74.010729724040175, 40.733463402434246 ], [ -74.010729867619219, 40.733484499145135 ], [ -74.010734671084847, 40.733505277305866 ], [ -74.010743997741571, 40.733525145599593 ], [ -74.010757582169632, 40.733543538602518 ], [ -74.010775037778288, 40.73355993287511 ], [ -74.010802165926549, 40.733578120480871 ], [ -74.010832968779937, 40.733592529109771 ], [ -74.010866546869337, 40.73360273801687 ], [ -74.010832845632123, 40.734007094011019 ], [ -74.012017920104739, 40.73406374445635 ], [ -74.012001242223931, 40.734338401166205 ], [ -74.010813594791088, 40.734283443647612 ], [ -74.010787983317229, 40.734548293844377 ], [ -74.010709229103796, 40.735362872140186 ], [ -74.010642920178796, 40.736048697704902 ], [ -74.010677246593417, 40.736056279956834 ], [ -74.010669867512206, 40.736101931929163 ], [ -74.010687526037685, 40.736113867722786 ], [ -74.010704043453487, 40.736129184430901 ], [ -74.01071702975841, 40.73614635650884 ], [ -74.010726132319803, 40.736164917666351 ], [ -74.010731103963352, 40.736184363893749 ], [ -74.010731809685311, 40.736204167147719 ], [ -74.010728230318691, 40.736223789689781 ], [ -74.010720463054156, 40.736242698687995 ], [ -74.010708718801297, 40.736260380685707 ], [ -74.010693778991651, 40.736275949166284 ], [ -74.010675760281558, 40.736289501446961 ], [ -74.010655125841794, 40.736300689165262 ], [ -74.01065421033887, 40.73634774474332 ], [ -74.010619100774321, 40.736345390721816 ], [ -74.010568105734407, 40.736972220142519 ], [ -74.01051581576759, 40.737596064953635 ], [ -74.010476598144194, 40.738063940595076 ], [ -74.011087066359494, 40.7380927500813 ], [ -74.011067919343276, 40.738304096174076 ], [ -74.011088745871874, 40.738317524691105 ], [ -74.011106657146428, 40.738333198298982 ], [ -74.011121239619314, 40.738350755116798 ], [ -74.011132156599345, 40.738369789782688 ], [ -74.011139156025621, 40.738389862813086 ], [ -74.011115536785283, 40.738392085616951 ], [ -74.011091737780617, 40.738392181488592 ], [ -74.011068088912012, 40.73839014909904 ], [ -74.011054267154549, 40.738387947957271 ], [ -74.011051261966372, 40.738396425750643 ], [ -74.01045432864602, 40.738364505725613 ], [ -74.010428678846338, 40.738703364658789 ], [ -74.010393031345629, 40.739174296561792 ], [ -74.010498589882985, 40.739173432770443 ], [ -74.010554739968114, 40.73918623904904 ], [ -74.010746761353019, 40.739175936679636 ], [ -74.011387984065593, 40.739216056088658 ], [ -74.011484567346201, 40.739260462091536 ], [ -74.011580455023164, 40.739264536112032 ], [ -74.011588187249089, 40.739271595397653 ], [ -74.01158715816625, 40.73947886983224 ], [ -74.011633518951925, 40.739506486066148 ], [ -74.011627923117686, 40.73956247360362 ], [ -74.011555181562855, 40.739556726227335 ], [ -74.011527450204071, 40.739873770947341 ], [ -74.011514917365346, 40.739972863698817 ], [ -74.011460739553399, 40.740584214752545 ], [ -74.012157419130887, 40.740605998131294 ], [ -74.012153726240513, 40.740674256620728 ], [ -74.012657424899942, 40.740696652231811 ], [ -74.012659282084897, 40.740747638497446 ], [ -74.012573729969148, 40.740741731844913 ], [ -74.012573728747341, 40.740735257622667 ], [ -74.011474869188632, 40.74068706027105 ], [ -74.011374388204885, 40.740723947641328 ], [ -74.010718406096331, 40.740685593925555 ], [ -74.009631455717539, 40.740645367374263 ], [ -74.009496855203608, 40.740727011785502 ], [ -74.009491546212814, 40.740742709439807 ], [ -74.009516273582022, 40.74077358367353 ], [ -74.009518441959329, 40.740805722916939 ], [ -74.009501379058591, 40.740829223745791 ], [ -74.009462938602084, 40.740902337240342 ], [ -74.009411402661314, 40.741154093312893 ], [ -74.009539024485051, 40.741251158616159 ], [ -74.00966433364141, 40.741298800358521 ], [ -74.009619234404425, 40.74136361051481 ], [ -74.010208189935383, 40.741607537928274 ], [ -74.010383580722007, 40.741397853526607 ], [ -74.011396092420739, 40.741822813235132 ], [ -74.010839874119327, 40.742596734022491 ], [ -74.010291005919029, 40.742358524639648 ], [ -74.010125637108331, 40.742575831777039 ], [ -74.009321139732378, 40.742244242716602 ], [ -74.00928105078988, 40.742305240432998 ], [ -74.009191853828028, 40.742292631516712 ], [ -74.009153451694246, 40.7424961875561 ], [ -74.009151690031516, 40.742507287485047 ] ], [ [ -74.00937125244927, 40.742185150284676 ], [ -74.010088033645104, 40.742488155673705 ], [ -74.010198276721624, 40.742333753739885 ], [ -74.009822341575102, 40.742166052058138 ], [ -74.010165596894169, 40.741672348073571 ], [ -74.009569122525377, 40.741422703061517 ], [ -74.009521516089748, 40.741485607439877 ], [ -74.009361748282942, 40.741423623741866 ], [ -74.009345760091279, 40.741510410703832 ], [ -74.009277927560746, 40.741878610856162 ], [ -74.009237799395606, 40.74207162715792 ], [ -74.009413847937537, 40.742129870170864 ], [ -74.00937125244927, 40.742185150284676 ] ] ] ] } },
{ "type": "Feature", "properties": { "Precinct": 7, "Shape_Length": "17,287.6550605", "Shape_Area": "18,366,631.6614", "in_manhattan": true }, "geometry": { "type": "MultiPolygon", "coordinates": [ [ [ [ -73.973455687768919, 40.718963138936601 ], [ -73.973571856534193, 40.71859722942127 ], [ -73.973741017381755, 40.718094675769372 ], [ -73.973917504794187, 40.717593583062225 ], [ -73.974101296825182, 40.717094013142955 ], [ -73.97429237062839, 40.716596027665361 ], [ -73.974490702460415, 40.71609968808631 ], [ -73.974696267683768, 40.715605055658187 ], [ -73.974909040769944, 40.715112191421383 ], [ -73.97512899530274, 40.714621156196721 ], [ -73.975149779371236, 40.714579423863505 ], [ -73.975163608061877, 40.714551905691202 ], [ -73.975188509863059, 40.714503160723936 ], [ -73.97521387023663, 40.714448498798475 ], [ -73.975225496279577, 40.714423439941967 ], [ -73.975246663886253, 40.714377806305492 ], [ -73.975246704207322, 40.714377724561018 ], [ -73.975803112839699, 40.713178124589213 ], [ -73.975795327924331, 40.713170023191637 ], [ -73.975968445196941, 40.712789573390872 ], [ -73.976049814555083, 40.712604193777921 ], [ -73.976123688387901, 40.712460325398354 ], [ -73.976165312383202, 40.712420197910838 ], [ -73.976311278671972, 40.712118647310184 ], [ -73.976428725145283, 40.711909032503705 ], [ -73.976505401153915, 40.711798789452516 ], [ -73.976550088142204, 40.711734538728322 ], [ -73.976712215396674, 40.711535765178411 ], [ -73.976818835400479, 40.711419567523777 ], [ -73.976990765746265, 40.711256660230568 ], [ -73.977056594017526, 40.711197626466827 ], [ -73.977222135625695, 40.711068731228337 ], [ -73.977526684326392, 40.710843072733191 ], [ -73.97772119493068, 40.710710074660732 ], [ -73.977820916382456, 40.710645444907009 ], [ -73.977899496194453, 40.710599866202401 ], [ -73.977996747903845, 40.710561017391662 ], [ -73.978079749066211, 40.710532250577266 ], [ -73.978181906942837, 40.710506865517658 ], [ -73.978255577492121, 40.710497909055306 ], [ -73.978371481652573, 40.710489707491583 ], [ -73.97861560123998, 40.710473781910899 ], [ -73.978776133420837, 40.710463315047271 ], [ -73.979188943770055, 40.710434923388299 ], [ -73.979207264346101, 40.710433666393136 ], [ -73.979290152371206, 40.710428144566976 ], [ -73.980036422928336, 40.710378401266688 ], [ -73.980283443321767, 40.710361815611058 ], [ -73.980336524904729, 40.710359200714727 ], [ -73.980330901244287, 40.710286938313573 ], [ -73.980510460263645, 40.710274751945697 ], [ -73.981286475525579, 40.710218347881671 ], [ -73.981245795699451, 40.709826214601264 ], [ -73.983060194774012, 40.709647911748135 ], [ -73.983642344726334, 40.709591879244762 ], [ -73.984496470767638, 40.70950966393945 ], [ -73.986398289175483, 40.709326584385636 ], [ -73.988146261720956, 40.709159167014874 ], [ -73.988155460514093, 40.709149142473308 ], [ -73.988390640232666, 40.709126949162673 ], [ -73.98844653437385, 40.709133820547009 ], [ -73.988479672687745, 40.709155846805928 ], [ -73.988497271738794, 40.709176305293198 ], [ -73.988636580718506, 40.709912061516313 ], [ -73.988645334936848, 40.709916933898569 ], [ -73.988667505809431, 40.709920034830752 ], [ -73.98869610271332, 40.709928449844568 ], [ -73.988717711112471, 40.709947090016286 ], [ -73.98873681707525, 40.709970741845119 ], [ -73.988797177858032, 40.709966607472239 ], [ -73.988898459808837, 40.709954735765038 ], [ -73.989357656966774, 40.709900986707886 ], [ -73.989460670194276, 40.709889287051304 ], [ -73.989574496087172, 40.70987408160655 ], [ -73.989745151557415, 40.709848761655664 ], [ -73.990158253733824, 40.709790372663768 ], [ -73.990514203766978, 40.709733884118819 ], [ -73.990789130185604, 40.709689506588695 ], [ -73.991067834630073, 40.709657229842634 ], [ -73.991351092370607, 40.709620332703366 ], [ -73.99170260292523, 40.709565262453481 ], [ -73.991719192577889, 40.709562665471296 ], [ -73.991767795801323, 40.709555055523737 ], [ -73.991780029399607, 40.709576669730772 ], [ -73.991782778058905, 40.709581526535743 ], [ -73.991799550436397, 40.70961115907587 ], [ -73.991828880678327, 40.709666524155139 ], [ -73.991859027210225, 40.709718972638655 ], [ -73.991879802589466, 40.709754853035136 ], [ -73.991907097987109, 40.70980199354544 ], [ -73.991909508278809, 40.709806944138585 ], [ -73.991949585619153, 40.710015965058808 ], [ -73.991967661233289, 40.710235898644022 ], [ -73.992019130251109, 40.710590309311279 ], [ -73.992088239035098, 40.710903413013995 ], [ -73.992111095535037, 40.710988256791019 ], [ -73.992153706140982, 40.71107474166493 ], [ -73.992283020787511, 40.711552340219257 ], [ -73.992292971116115, 40.711628119374289 ], [ -73.99230590879607, 40.711692532021296 ], [ -73.992320171668354, 40.711764334872676 ], [ -73.992342267177889, 40.711953089332319 ], [ -73.992354321764751, 40.712055206707163 ], [ -73.992378194259061, 40.712258541980951 ], [ -73.992388326774304, 40.71234483847612 ], [ -73.992402125845942, 40.712462371787815 ], [ -73.99250061410639, 40.713179580102945 ], [ -73.992582195894983, 40.713756713212057 ], [ -73.992722663545564, 40.71384440577814 ], [ -73.992821734812594, 40.714365230452309 ], [ -73.992700894492614, 40.714651819206011 ], [ -73.992490624687548, 40.715080340876483 ], [ -73.991905729158645, 40.716203020954659 ], [ -73.991727240771453, 40.716552735713911 ], [ -73.991677271051969, 40.716650640516072 ], [ -73.991304153049285, 40.717381681935414 ], [ -73.990845150164475, 40.718308577107663 ], [ -73.990407241311985, 40.719120935850682 ], [ -73.990363543894176, 40.71920481539388 ], [ -73.990323126116635, 40.719280364756671 ], [ -73.990083983120883, 40.719755471057034 ], [ -73.989720001211992, 40.720478584313028 ], [ -73.98913063635348, 40.7216448978538 ], [ -73.988985606455728, 40.722041165776851 ], [ -73.988948192116965, 40.722143392378754 ], [ -73.988686899416692, 40.722857318584708 ], [ -73.988638628487664, 40.722933720263725 ], [ -73.988543613535256, 40.722903617853426 ], [ -73.987864915209627, 40.722697088701935 ], [ -73.98774707276236, 40.722660353019151 ], [ -73.98721513364724, 40.722494528304331 ], [ -73.987135848963248, 40.722469810618158 ], [ -73.987008019478154, 40.722435544416044 ], [ -73.986285739560273, 40.722241919506132 ], [ -73.985859841102069, 40.722099732258449 ], [ -73.985516861765845, 40.721985224957706 ], [ -73.984677802293234, 40.721730606513169 ], [ -73.983823872101254, 40.721472871564224 ], [ -73.983003086129372, 40.72122268225106 ], [ -73.982166153299588, 40.720968854774434 ], [ -73.981308242400658, 40.720708785636361 ], [ -73.980080589960167, 40.720339339504847 ], [ -73.979660216564596, 40.720212829678552 ], [ -73.978752349843077, 40.71993370660968 ], [ -73.978031226626612, 40.719638347646502 ], [ -73.977223792408992, 40.719309775356962 ], [ -73.976744956809128, 40.719215234041329 ], [ -73.976481824384024, 40.719159628360487 ], [ -73.976355252053722, 40.71913288441953 ], [ -73.976101986351878, 40.719080693757462 ], [ -73.975510126518856, 40.718958613702654 ], [ -73.97545476901432, 40.718947197357437 ], [ -73.975451674798151, 40.718946559425646 ], [ -73.975010128117589, 40.719067978175303 ], [ -73.974767519134019, 40.719078929594588 ], [ -73.974699982445856, 40.719091266191221 ], [ -73.973455687768919, 40.718963138936601 ] ] ] ] } },
{ "type": "Feature", "properties": { "Precinct": 9, "Shape_Length": "19,772.5107407", "Shape_Area": "21,395,386.2579", "in_manhattan": true }, "geometry": { "type": "MultiPolygon", "coordinates": [ [ [ [ -73.971609002463907, 40.726723401169934 ], [ -73.971626972717274, 40.726628452996877 ], [ -73.9716697270118, 40.726392327154386 ], [ -73.971695874515973, 40.726241829804941 ], [ -73.971718943615073, 40.72612199325954 ], [ -73.971738433793647, 40.725999667555534 ], [ -73.971767554102385, 40.725833302952054 ], [ -73.971774109653126, 40.72582128133709 ], [ -73.971791429614896, 40.725814221149101 ], [ -73.971816505877541, 40.725814966249928 ], [ -73.971859358309018, 40.725582969532873 ], [ -73.971874376952172, 40.725503116079835 ], [ -73.971884909514827, 40.725424405065795 ], [ -73.971911207320701, 40.725290370699938 ], [ -73.971933745010759, 40.725176290351243 ], [ -73.971939754563223, 40.725158038610033 ], [ -73.971961547785867, 40.725039978810834 ], [ -73.972005118411872, 40.724841490210828 ], [ -73.972036669668825, 40.724684070020096 ], [ -73.972065958674136, 40.724559158328688 ], [ -73.972071969603491, 40.724536350858131 ], [ -73.972080981519255, 40.724497567930385 ], [ -73.972084000572877, 40.724467905545723 ], [ -73.972097512909059, 40.72442341523471 ], [ -73.972156090017279, 40.724170178278129 ], [ -73.972165859966225, 40.724131963775761 ], [ -73.972216923762005, 40.723930054646765 ], [ -73.97223344676965, 40.72384677992634 ], [ -73.972264998682419, 40.723714457333642 ], [ -73.972325077315858, 40.723463499327345 ], [ -73.972361157446485, 40.723312060476481 ], [ -73.972399457482766, 40.723148816366624 ], [ -73.972510111803814, 40.722696886006752 ], [ -73.972889713966993, 40.721088297219339 ], [ -73.972988756479737, 40.720661154414465 ], [ -73.973094892803189, 40.720234999069952 ], [ -73.9732081058159, 40.719809899385844 ], [ -73.973328377264949, 40.719385923391847 ], [ -73.973455687768919, 40.718963138936601 ], [ -73.974699982445856, 40.719091266191221 ], [ -73.974767519134019, 40.719078929594588 ], [ -73.975010128117589, 40.719067978175303 ], [ -73.975451674798151, 40.718946559425646 ], [ -73.97545476901432, 40.718947197357437 ], [ -73.975510126518856, 40.718958613702654 ], [ -73.976101986351878, 40.719080693757462 ], [ -73.976355252053722, 40.71913288441953 ], [ -73.976481824384024, 40.719159628360487 ], [ -73.976744956809128, 40.719215234041329 ], [ -73.977223792408992, 40.719309775356962 ], [ -73.978031226626612, 40.719638347646502 ], [ -73.978752349843077, 40.71993370660968 ], [ -73.979660216564596, 40.720212829678552 ], [ -73.980080589960167, 40.720339339504847 ], [ -73.981308242400658, 40.720708785636361 ], [ -73.982166153299588, 40.720968854774434 ], [ -73.983003086129372, 40.72122268225106 ], [ -73.983823872101254, 40.721472871564224 ], [ -73.984677802293234, 40.721730606513169 ], [ -73.985516861765845, 40.721985224957706 ], [ -73.985859841102069, 40.722099732258449 ], [ -73.986285739560273, 40.722241919506132 ], [ -73.987008019478154, 40.722435544416044 ], [ -73.987135848963248, 40.722469810618158 ], [ -73.98721513364724, 40.722494528304331 ], [ -73.98774707276236, 40.722660353019151 ], [ -73.987864915209627, 40.722697088701935 ], [ -73.988543613535256, 40.722903617853426 ], [ -73.988638628487664, 40.722933720263725 ], [ -73.988756831945565, 40.722970366111099 ], [ -73.98939218169825, 40.72317405899765 ], [ -73.990273615818694, 40.723426018293154 ], [ -73.991024104614652, 40.723649432237863 ], [ -73.991273070963985, 40.723729812939403 ], [ -73.991354728008844, 40.723754619084851 ], [ -73.991982464901625, 40.723946529671665 ], [ -73.99219861266036, 40.724012609181486 ], [ -73.992531989268855, 40.724114566599667 ], [ -73.992603221984325, 40.724136450353527 ], [ -73.992671824464679, 40.724160254924669 ], [ -73.993457690320298, 40.724432895683279 ], [ -73.994179304855365, 40.724692406309046 ], [ -73.994908273889905, 40.724951229722016 ], [ -73.995329079374599, 40.725083739226221 ], [ -73.995845775585778, 40.725208353984357 ], [ -73.996771757775008, 40.725431944172783 ], [ -73.99672066717693, 40.725492204923043 ], [ -73.996418530448963, 40.725848528506134 ], [ -73.996187481162607, 40.726121012256499 ], [ -73.995843527221041, 40.726526644713971 ], [ -73.995269639078415, 40.727211360258735 ], [ -73.99475092894383, 40.727818776613844 ], [ -73.99425278405468, 40.728412457779029 ], [ -73.993747030960819, 40.729007298460395 ], [ -73.993602662687167, 40.729177586172504 ], [ -73.993261631360909, 40.72957984144962 ], [ -73.992840757520469, 40.730078949765037 ], [ -73.992407635752485, 40.730591211897313 ], [ -73.991920697441202, 40.731166297758243 ], [ -73.991459711066284, 40.731738158892 ], [ -73.99128059561788, 40.732445963303526 ], [ -73.991113554998435, 40.733213921873237 ], [ -73.990944841294024, 40.73397769249582 ], [ -73.990753968166416, 40.734839154573713 ], [ -73.989902959700501, 40.734434790136916 ], [ -73.988839351561481, 40.733990479428847 ], [ -73.988779316840748, 40.733965399738523 ], [ -73.987571952701842, 40.733456990678583 ], [ -73.987180495824461, 40.733292147761603 ], [ -73.984945505119043, 40.732349672817918 ], [ -73.983560520331849, 40.731770225436229 ], [ -73.983466441201585, 40.731731080615823 ], [ -73.983214671465291, 40.731624169463792 ], [ -73.982964406634494, 40.731520842547646 ], [ -73.982556292978032, 40.73135013455461 ], [ -73.982468762140229, 40.731314884733159 ], [ -73.981909115061256, 40.731095128814111 ], [ -73.981666570311333, 40.730998547581294 ], [ -73.980340075002374, 40.730442461376427 ], [ -73.979921099762834, 40.730262205208717 ], [ -73.979108038946535, 40.729910558980642 ], [ -73.978026979508371, 40.729433059609981 ], [ -73.977538438350379, 40.729226247917197 ], [ -73.976904363056107, 40.728957824277913 ], [ -73.976196323591637, 40.728661977029113 ], [ -73.975812448333457, 40.728519767622387 ], [ -73.975667825251378, 40.728462532509177 ], [ -73.97329796772064, 40.727428009362377 ], [ -73.972050153471699, 40.72688094679738 ], [ -73.972028332076079, 40.726870427358094 ], [ -73.971905865784038, 40.726813130398327 ], [ -73.971848972827004, 40.726795917378752 ], [ -73.971802093276878, 40.726781728126923 ], [ -73.971610300474168, 40.726723682097109 ], [ -73.971609002463907, 40.726723401169934 ] ] ] ] } },
{ "type": "Feature", "properties": { "Precinct": 10, "Shape_Length": "40,227.2127946", "Shape_Area": "27,265,501.1467", "in_manhattan": true }, "geometry": { "type": "MultiPolygon", "coordinates": [ [ [ [ -74.001386036325044, 40.762850096174603 ], [ -74.000512138643501, 40.762638502382451 ], [ -74.000387914870473, 40.762580968645871 ], [ -74.000295572690305, 40.762537466323266 ], [ -73.997820858962285, 40.761499533733307 ], [ -73.995814810723687, 40.760651549663017 ], [ -73.995694643550863, 40.760600751566045 ], [ -73.995565512634769, 40.760546164736667 ], [ -73.994983580682131, 40.760300161822954 ], [ -73.994425870195229, 40.760065378352238 ], [ -73.993329515672727, 40.759603875955669 ], [ -73.992685424148064, 40.759332657199593 ], [ -73.992577025093908, 40.759287734232615 ], [ -73.992137118466246, 40.759104721720874 ], [ -73.99263301203591, 40.758429686807887 ], [ -73.993070762833483, 40.757827429855794 ], [ -73.993205241432889, 40.757636954198134 ], [ -73.993260533734741, 40.757564986970891 ], [ -73.993272843885549, 40.757548963333512 ], [ -73.993280031631912, 40.757539088602563 ], [ -73.993319411612831, 40.757484987056344 ], [ -73.993379171710686, 40.757395926354349 ], [ -73.993561947432951, 40.757143858272812 ], [ -73.994019447712802, 40.756527676127149 ], [ -73.994468246726953, 40.755908862874811 ], [ -73.994921420374624, 40.755292379805717 ], [ -73.995098429145159, 40.755045586023847 ], [ -73.995354180976392, 40.754687599956206 ], [ -73.9958165034665, 40.75405662530693 ], [ -73.996303012483963, 40.753388538824304 ], [ -73.996789487365945, 40.752723448602787 ], [ -73.997076638835679, 40.752323973814462 ], [ -73.997175011922039, 40.752193403115889 ], [ -73.997315565915684, 40.751993620267193 ], [ -73.997379192874305, 40.75190474128572 ], [ -73.997498216729525, 40.751736340538734 ], [ -73.997591234731743, 40.751608569555422 ], [ -73.997681083921336, 40.751487642875951 ], [ -73.99803244920912, 40.751018855339368 ], [ -73.99812019599058, 40.750902898937589 ], [ -73.998594260809298, 40.750240836393829 ], [ -73.995748555070506, 40.749052196891064 ], [ -73.992909286339881, 40.747854950977455 ], [ -73.993359021306873, 40.747235222285489 ], [ -73.993812749881997, 40.74661753698993 ], [ -73.994262586286183, 40.746003982028036 ], [ -73.994708672205064, 40.74538244597781 ], [ -73.99494394049502, 40.745060298770596 ], [ -73.995153941934205, 40.744759842811732 ], [ -73.995644939519778, 40.744098534679367 ], [ -73.996129010132535, 40.743430654282292 ], [ -73.99658017711775, 40.742810913343966 ], [ -73.997007192036847, 40.742228161941654 ], [ -73.997433596529007, 40.741642572506976 ], [ -73.997861284465785, 40.741056368825497 ], [ -73.998287022685119, 40.740469822059907 ], [ -73.998712705219674, 40.739880877542312 ], [ -73.999184958234281, 40.739242836299574 ], [ -73.999411814110289, 40.738928859437578 ], [ -73.999441531103031, 40.738888197250688 ], [ -73.99968423039347, 40.738552473816092 ], [ -74.002523814167461, 40.739752643139589 ], [ -74.00310733884227, 40.739997521061554 ], [ -74.00512553452252, 40.740850213571015 ], [ -74.005362220293634, 40.740949503517996 ], [ -74.005442147568118, 40.740982140261771 ], [ -74.006970777244035, 40.741627127158175 ], [ -74.007791161347939, 40.741970844244058 ], [ -74.008204018784397, 40.742147518790915 ], [ -74.008699022963597, 40.742361723963377 ], [ -74.008790805888268, 40.742375143723564 ], [ -74.008790908975342, 40.742375183251916 ], [ -74.008949253569938, 40.742433163295921 ], [ -74.009151690031516, 40.742507287485047 ], [ -74.009091568461926, 40.74288614907239 ], [ -74.009240135750247, 40.742899518409956 ], [ -74.009240741601118, 40.742913160863417 ], [ -74.009620153489124, 40.74295124838978 ], [ -74.009568434117654, 40.74325778472641 ], [ -74.009584643457032, 40.743263520483083 ], [ -74.012119400286593, 40.743516612182582 ], [ -74.012137269361759, 40.743531927059252 ], [ -74.012148131835929, 40.743559301547563 ], [ -74.012090082890296, 40.743897637648885 ], [ -74.012069034866684, 40.743922493548368 ], [ -74.01202085006399, 40.743939770208854 ], [ -74.011977633428728, 40.743935560420994 ], [ -74.009512017673671, 40.7436760937603 ], [ -74.009488683642317, 40.743695681682127 ], [ -74.009438008708642, 40.743971255473085 ], [ -74.009394269321106, 40.743968716838204 ], [ -74.009042075042302, 40.743933871255081 ], [ -74.008900329628418, 40.743917927096042 ], [ -74.008802835238868, 40.744439347624223 ], [ -74.008727800588744, 40.74485823291004 ], [ -74.008729863594212, 40.744881537829691 ], [ -74.00893975844275, 40.744909217332456 ], [ -74.009574406129076, 40.744992908662816 ], [ -74.009612279244138, 40.744997903150555 ], [ -74.009558329297491, 40.745288825298722 ], [ -74.00991660813456, 40.745327255007084 ], [ -74.00993436677696, 40.745317078101856 ], [ -74.009937961849317, 40.745296701410453 ], [ -74.009943418167168, 40.745265769736378 ], [ -74.009950487691455, 40.745225690320936 ], [ -74.009958526013449, 40.745180119646619 ], [ -74.009967599594191, 40.745128681108454 ], [ -74.009973506833902, 40.745095194115741 ], [ -74.009981357393428, 40.745050682388495 ], [ -74.009989172731423, 40.74500638425944 ], [ -74.009998226017146, 40.744955059302136 ], [ -74.009986857848176, 40.744944164215227 ], [ -74.009869484747284, 40.744933917707179 ], [ -74.009872110854801, 40.744916502125776 ], [ -74.010167905353924, 40.744942329709616 ], [ -74.010164651973696, 40.744963924629793 ], [ -74.010053756562172, 40.744954234929928 ], [ -74.010038483846117, 40.744963458078182 ], [ -74.010023612525501, 40.74504634531803 ], [ -74.010014043237092, 40.74509967661556 ], [ -74.010008140334577, 40.745132576765641 ], [ -74.00999930170606, 40.745181839791066 ], [ -74.009992505240604, 40.745219719064259 ], [ -74.009983201326591, 40.745271573088708 ], [ -74.009977436387672, 40.745303703608975 ], [ -74.009973950219205, 40.745323135109267 ], [ -74.009990953799957, 40.745336686171377 ], [ -74.010469200118678, 40.745386766028993 ], [ -74.010488355949647, 40.745375715094688 ], [ -74.010491874174718, 40.745355167013813 ], [ -74.010496934411975, 40.745325615430829 ], [ -74.010503327811918, 40.745288270908866 ], [ -74.01051171655331, 40.745239275258356 ], [ -74.010520834363348, 40.74518602135884 ], [ -74.010526816652842, 40.74515108070613 ], [ -74.010529684558463, 40.745134332512635 ], [ -74.010550447558899, 40.745013057207466 ], [ -74.010531881687612, 40.745002982371822 ], [ -74.010417006602566, 40.744993582703387 ], [ -74.010419372093878, 40.744976824171076 ], [ -74.010764197806921, 40.745005032020813 ], [ -74.010761560461376, 40.74502372618354 ], [ -74.010606215401907, 40.745011016474308 ], [ -74.010585792009309, 40.745020446561604 ], [ -74.010568010919059, 40.745137932826424 ], [ -74.010563708497344, 40.745166362253208 ], [ -74.01055056928827, 40.745253182077853 ], [ -74.010539782053286, 40.745324455419407 ], [ -74.01053373534738, 40.745364407457011 ], [ -74.010531065377037, 40.745382050389487 ], [ -74.010545203921552, 40.745392135011635 ], [ -74.011103598048848, 40.745447670243969 ], [ -74.011116241632891, 40.745436124625456 ], [ -74.011124662299693, 40.745377762202466 ], [ -74.011130100290345, 40.745343228325559 ], [ -74.011138870069217, 40.745287548631879 ], [ -74.01114545795528, 40.745245720718572 ], [ -74.011156273159443, 40.745177047156162 ], [ -74.011161134184363, 40.745146176461027 ], [ -74.011171831198254, 40.745078258283371 ], [ -74.011153287098409, 40.745068643070283 ], [ -74.011042817482263, 40.745060963423612 ], [ -74.011044591508309, 40.745046212402038 ], [ -74.011387699741817, 40.745073112682633 ], [ -74.011385678453252, 40.745088008141487 ], [ -74.0112303805723, 40.745075830662714 ], [ -74.01121085294055, 40.745170804185193 ], [ -74.011205924474396, 40.745194770630789 ], [ -74.011188168719428, 40.745281126091704 ], [ -74.011181029649862, 40.745315849441425 ], [ -74.011166750827883, 40.745385297981898 ], [ -74.011154191769094, 40.745446378083962 ], [ -74.011167099761224, 40.745460352540015 ], [ -74.011739585528147, 40.745519918190219 ], [ -74.011795276457349, 40.745154666985016 ], [ -74.011782735007941, 40.745134956128403 ], [ -74.011669008534724, 40.745127331191419 ], [ -74.011670675837976, 40.745113977339841 ], [ -74.011836428724166, 40.745125963678774 ], [ -74.011774587863911, 40.745524846421389 ], [ -74.011770257650525, 40.745552784037613 ], [ -74.011766354495251, 40.745577980043507 ], [ -74.011782758280901, 40.745601572255438 ], [ -74.011718975309122, 40.7459398449978 ], [ -74.011711234965446, 40.745961259151741 ], [ -74.011678855055962, 40.745979461815978 ], [ -74.011634512517318, 40.745978394806144 ], [ -74.010555249022431, 40.745871104422918 ], [ -74.010551334757267, 40.745902883999705 ], [ -74.01012821388646, 40.74585723892902 ], [ -74.010128211620753, 40.745842335463074 ], [ -74.009946684622818, 40.74581951444565 ], [ -74.009948079138397, 40.74580017091197 ], [ -74.009463898559716, 40.745750143659478 ], [ -74.009452366765828, 40.74581747338835 ], [ -74.009441651261639, 40.745880035252775 ], [ -74.009435622118218, 40.745915242718517 ], [ -74.009424436469146, 40.745980548363079 ], [ -74.009419007274062, 40.746012247277172 ], [ -74.009407456683007, 40.746079695609097 ], [ -74.009401558017004, 40.746114136629082 ], [ -74.009390677347668, 40.746177655911794 ], [ -74.009385236456112, 40.746209426860624 ], [ -74.009380422602106, 40.746237536808032 ], [ -74.009376375985553, 40.746261163859266 ], [ -74.009363627342296, 40.74633560197725 ], [ -74.011533827647625, 40.746567754712316 ], [ -74.011567829225996, 40.746579452168952 ], [ -74.011591234340216, 40.746601505475979 ], [ -74.011588468791714, 40.746628074402196 ], [ -74.011533072467017, 40.746966826948011 ], [ -74.01151183018257, 40.746984603600488 ], [ -74.01148373087554, 40.746990588765307 ], [ -74.011444912504672, 40.746986285028484 ], [ -74.009243146586755, 40.746762790753749 ], [ -74.009137362599262, 40.747359762803029 ], [ -74.009560479623744, 40.747402799604558 ], [ -74.009561034762314, 40.747387733595247 ], [ -74.009567653003572, 40.747387877453235 ], [ -74.009568266265575, 40.747371083406598 ], [ -74.009550398672417, 40.747370706112847 ], [ -74.009551554153646, 40.747339341767919 ], [ -74.009963849968727, 40.747377803012554 ], [ -74.009958384454563, 40.747411672082869 ], [ -74.009906699700366, 40.747406849608453 ], [ -74.00990158912964, 40.747438484348947 ], [ -74.011356753377257, 40.747592418346834 ], [ -74.011394776234866, 40.74761090210869 ], [ -74.011406739355195, 40.747630550068074 ], [ -74.01134693158474, 40.747976205995201 ], [ -74.011331744416921, 40.748000575342004 ], [ -74.011303529937507, 40.748014571908918 ], [ -74.011266112539644, 40.748013719181195 ], [ -74.009058479013433, 40.747785645332861 ], [ -74.008946065023224, 40.748411893168736 ], [ -74.008979184059726, 40.748412709626962 ], [ -74.008979182376237, 40.748400219380478 ], [ -74.009071009275559, 40.748409767206425 ], [ -74.00907390770351, 40.748395061700855 ], [ -74.009415116365673, 40.748429586917283 ], [ -74.009416076725344, 40.748436935037958 ], [ -74.009523367415156, 40.74844795680827 ], [ -74.009518823601198, 40.748473540435967 ], [ -74.011166875615444, 40.748645046766185 ], [ -74.011194727511509, 40.748656814113914 ], [ -74.011215618134159, 40.748677992243586 ], [ -74.011215621304117, 40.748696821175834 ], [ -74.011149142818908, 40.749025747264902 ], [ -74.011132899429853, 40.749041633831027 ], [ -74.011108911829851, 40.749049875919617 ], [ -74.011077970592154, 40.749051643117276 ], [ -74.009948179380302, 40.748931988005722 ], [ -74.009561747473583, 40.749969975199335 ], [ -74.00925340917918, 40.749985205721956 ], [ -74.009104532157252, 40.750371069730356 ], [ -74.010677375326139, 40.751022674476921 ], [ -74.010564634764393, 40.751321462101323 ], [ -74.009000982594543, 40.750648183782616 ], [ -74.008706186505847, 40.751426805003348 ], [ -74.008731378299814, 40.751465894969762 ], [ -74.008667290718193, 40.751628197220782 ], [ -74.008620898394369, 40.751652577922492 ], [ -74.008532569250235, 40.75188360930435 ], [ -74.008760049935077, 40.75194801420713 ], [ -74.00914082120002, 40.752097594099062 ], [ -74.009126611232446, 40.752116895734943 ], [ -74.008745677150415, 40.75196439532705 ], [ -74.0086511593681, 40.751939512615657 ], [ -74.008643182376304, 40.751956502031959 ], [ -74.008969125279179, 40.752076791478771 ], [ -74.008957422948043, 40.752090225130985 ], [ -74.009038959699694, 40.752125155649914 ], [ -74.009049097962475, 40.75211834944303 ], [ -74.009107579751586, 40.752139712111862 ], [ -74.009105968200089, 40.752142124949486 ], [ -74.009057740096623, 40.752214351243204 ], [ -74.008997349116513, 40.75218910594716 ], [ -74.009007628083296, 40.752176842236821 ], [ -74.008928876504754, 40.752144001870199 ], [ -74.008914724226059, 40.752163628475849 ], [ -74.008672237683882, 40.752062250000769 ], [ -74.008590531016992, 40.752028105434412 ], [ -74.008580957604664, 40.752043882411634 ], [ -74.008664565619952, 40.752072867876855 ], [ -74.009340892452798, 40.752355609545575 ], [ -74.009327952062293, 40.752373503046165 ], [ -74.008478955727995, 40.752018571919919 ], [ -74.008426364472257, 40.752157850239286 ], [ -74.008817798194258, 40.752324345854227 ], [ -74.008802737030763, 40.752344854037226 ], [ -74.008839416621399, 40.752358816534709 ], [ -74.008851735653067, 40.752342281772982 ], [ -74.009865669615237, 40.752763413139292 ], [ -74.009846279226181, 40.752785441959439 ], [ -74.009889226199576, 40.752803681028176 ], [ -74.009906315195991, 40.752780411198387 ], [ -74.009990558197501, 40.752816187149115 ], [ -74.009920106317921, 40.752912125514428 ], [ -74.009970587970216, 40.752933564153189 ], [ -74.009919162754926, 40.753003591459247 ], [ -74.009789131164268, 40.752948370087729 ], [ -74.009887748683184, 40.752814077653341 ], [ -74.009838546744021, 40.752794967983107 ], [ -74.009830569139837, 40.752803464244593 ], [ -74.008829945053932, 40.752380016007173 ], [ -74.008836327149979, 40.752371521109552 ], [ -74.008792100908465, 40.752352138379543 ], [ -74.008687922195719, 40.752493998628417 ], [ -74.008353528388426, 40.75235073934234 ], [ -74.008011522405312, 40.753256452109525 ], [ -74.007902456130324, 40.753542611511897 ], [ -74.007738724689858, 40.753972157818602 ], [ -74.007619496118522, 40.754281841774137 ], [ -74.007744048302143, 40.75433680193175 ], [ -74.007596189891458, 40.754530550734181 ], [ -74.007471579909208, 40.754477019921296 ], [ -74.007293946503125, 40.754723184450896 ], [ -74.007284999443229, 40.754735568203166 ], [ -74.007413620369064, 40.754789302669451 ], [ -74.007271811747685, 40.754985594535249 ], [ -74.007144683609724, 40.754932481173455 ], [ -74.006959174166781, 40.755180794849423 ], [ -74.006806357636833, 40.755391775640327 ], [ -74.006702918406361, 40.755532367490979 ], [ -74.006577676585167, 40.755706871433979 ], [ -74.006474355770877, 40.755849553455079 ], [ -74.006205489259671, 40.756220843468448 ], [ -74.006104221815946, 40.75636051962065 ], [ -74.005966910292244, 40.756558142432894 ], [ -74.005923838474288, 40.756620235634237 ], [ -74.005809381682511, 40.756789341980969 ], [ -74.005418858410053, 40.757323140349207 ], [ -74.005211877057732, 40.757231998539936 ], [ -74.004803925601848, 40.757809843164736 ], [ -74.004967770786578, 40.757884164447994 ], [ -74.005278947978908, 40.758028554928288 ], [ -74.005031051366402, 40.758357016473155 ], [ -74.006964287493105, 40.759160057561644 ], [ -74.006993752684664, 40.759176147642648 ], [ -74.007010383049618, 40.759203720386687 ], [ -74.007003589040153, 40.759231870341111 ], [ -74.006529599878419, 40.759874751241234 ], [ -74.006506876401829, 40.759892032317211 ], [ -74.00647588371956, 40.759893601268054 ], [ -74.006443529013097, 40.759890460464604 ], [ -74.006315159352511, 40.759842822044654 ], [ -74.00450483093914, 40.75908499655273 ], [ -74.004206291253908, 40.759501707688415 ], [ -74.003907420327693, 40.759375692183525 ], [ -74.003806578350066, 40.759510731466023 ], [ -74.004079889568402, 40.759626044742753 ], [ -74.004246971280622, 40.759699214171427 ], [ -74.004202474322497, 40.759761071881798 ], [ -74.004148638146887, 40.759835914170807 ], [ -74.00424487588262, 40.759886573166597 ], [ -74.004259678567166, 40.759875307678556 ], [ -74.004318894250758, 40.759910685763458 ], [ -74.004268696506728, 40.75995927951594 ], [ -74.004210593456534, 40.759924566610039 ], [ -74.004222660669996, 40.759913103043679 ], [ -74.004131716227988, 40.759861642396046 ], [ -74.00411162007795, 40.759893007307241 ], [ -74.00366891453541, 40.759705969576594 ], [ -74.003572510400758, 40.759846558973166 ], [ -74.00392854933564, 40.760003019720457 ], [ -74.003825595951994, 40.76013313666688 ], [ -74.003588009111994, 40.760451706951301 ], [ -74.003384882298903, 40.760728870706359 ], [ -74.003133389914012, 40.761078345096344 ], [ -74.00278691552613, 40.760928969703357 ], [ -74.002335281300574, 40.761543727001651 ], [ -74.004545209834333, 40.762492801944866 ], [ -74.004558143613892, 40.762507876075354 ], [ -74.004556415609215, 40.762524265025093 ], [ -74.004449515272768, 40.762664567200019 ], [ -74.004427096592451, 40.762675707356379 ], [ -74.004399762035177, 40.762671359098853 ], [ -74.002200820732696, 40.761728432226505 ], [ -74.001788240223135, 40.762294520141673 ], [ -74.00153309066981, 40.762644598127622 ], [ -74.003757350376944, 40.763582241640584 ], [ -74.003632748057001, 40.763749406536114 ], [ -74.003612147941752, 40.763777043909755 ], [ -74.001386036325044, 40.762850096174603 ] ] ] ] } },
{ "type": "Feature", "properties": { "Precinct": 13, "Shape_Length": "27,719.2073762", "Shape_Area": "29,507,656.2064", "in_manhattan": true }, "geometry": { "type": "MultiPolygon", "coordinates": [ [ [ [ -73.981559970852032, 40.74388188384966 ], [ -73.979958997510508, 40.743205200634925 ], [ -73.978488014680892, 40.74259501331175 ], [ -73.9782682720152, 40.742505394915263 ], [ -73.977682873628225, 40.742255587545408 ], [ -73.976979122118323, 40.741966709412054 ], [ -73.976921601240875, 40.741941314482517 ], [ -73.975342635643244, 40.74127468084491 ], [ -73.973133337917645, 40.740346092792841 ], [ -73.973031860067891, 40.740308935856326 ], [ -73.972855205460235, 40.74025333290286 ], [ -73.97285161405155, 40.740251606702515 ], [ -73.972715666230556, 40.740212789043746 ], [ -73.972728635265852, 40.740162538065135 ], [ -73.972607723628613, 40.74010890596503 ], [ -73.972291348675498, 40.740077052041023 ], [ -73.972299796569388, 40.740034962743159 ], [ -73.97231021557144, 40.740018651532843 ], [ -73.97231030439093, 40.740018512674851 ], [ -73.972331417217291, 40.740010908199729 ], [ -73.972438889814171, 40.74002174997328 ], [ -73.972657438030382, 40.739222754276994 ], [ -73.972655289688902, 40.73917826848006 ], [ -73.972650603796808, 40.739058265715556 ], [ -73.972644310624162, 40.739017462335354 ], [ -73.972645127219479, 40.738958668311021 ], [ -73.972646748307369, 40.738845871512389 ], [ -73.97263256455166, 40.738789469550163 ], [ -73.972631009986443, 40.73874026500814 ], [ -73.972627874575338, 40.738709061469642 ], [ -73.972626305433849, 40.738665864084481 ], [ -73.972627921898109, 40.738593869168589 ], [ -73.972620847663578, 40.738520665493567 ], [ -73.972619296562314, 40.738463068045967 ], [ -73.972627539525149, 40.738400385987426 ], [ -73.972638848001495, 40.738395309777218 ], [ -73.972638333312602, 40.738379685976525 ], [ -73.972628073287353, 40.738367967245431 ], [ -73.972624526085013, 40.738243363457009 ], [ -73.97263274644142, 40.738232424262186 ], [ -73.972633271073647, 40.738223833298477 ], [ -73.972622547180706, 40.738217068211796 ], [ -73.972619468660099, 40.738044278244971 ], [ -73.972614740173015, 40.738029869348082 ], [ -73.972606099974854, 40.737938672288763 ], [ -73.972618729474377, 40.737914676800685 ], [ -73.972612426564609, 40.737897872571679 ], [ -73.97260457307685, 40.737822273075679 ], [ -73.972614042256367, 40.737798276333308 ], [ -73.972606211966237, 40.737666277570398 ], [ -73.972590382246793, 40.73676965484227 ], [ -73.972582924561053, 40.736744684593511 ], [ -73.972579797985119, 40.736690689076724 ], [ -73.972575258710265, 40.736646508931535 ], [ -73.972556226109589, 40.736461485527514 ], [ -73.972563336843137, 40.736445881632086 ], [ -73.972489941747412, 40.735803280107639 ], [ -73.972510167860207, 40.735787129859652 ], [ -73.97286939178467, 40.735770861285594 ], [ -73.97441385816532, 40.736414393858979 ], [ -73.974459750704625, 40.736294019718351 ], [ -73.974416773547887, 40.736277726106785 ], [ -73.974411543466019, 40.736285279046825 ], [ -73.974399523433149, 40.73628408358713 ], [ -73.974026921043048, 40.736125767245539 ], [ -73.974046792544755, 40.736099929432079 ], [ -73.974429323668758, 40.736260633491483 ], [ -73.974427754744269, 40.736266199041403 ], [ -73.974466470472862, 40.736278456829936 ], [ -73.974503760132279, 40.736064588444066 ], [ -73.974474717553008, 40.736062380712994 ], [ -73.974440829240621, 40.736050479154429 ], [ -73.974433728799568, 40.736053716366982 ], [ -73.974140620183917, 40.735955656664764 ], [ -73.974151276347811, 40.735933792668092 ], [ -73.974447223367648, 40.736033472954041 ], [ -73.974448286128322, 40.736037792356562 ], [ -73.974478281830812, 40.736044185451092 ], [ -73.974504882859435, 40.736042281039303 ], [ -73.974514597725985, 40.735894598411264 ], [ -73.97450793938161, 40.735796945772393 ], [ -73.974488540790631, 40.735875680246409 ], [ -73.974450777178191, 40.735869129966723 ], [ -73.974462333354552, 40.735831144568238 ], [ -73.974249824683739, 40.735797182020015 ], [ -73.974246306583026, 40.735780110455877 ], [ -73.974258667755024, 40.735766268163871 ], [ -73.974470405078705, 40.735797872255155 ], [ -73.974469620237343, 40.735787868071867 ], [ -73.974477754311934, 40.735787861666068 ], [ -73.974471549416705, 40.735727223757962 ], [ -73.97446537767371, 40.735666886063733 ], [ -73.974392239181981, 40.735667534568272 ], [ -73.974391854931994, 40.735671948134652 ], [ -73.974263758843023, 40.735671474293248 ], [ -73.97426474799444, 40.735675876606827 ], [ -73.974192337084375, 40.73568012679813 ], [ -73.974189560001903, 40.735659912769343 ], [ -73.974157474305287, 40.735657841982764 ], [ -73.974146165234686, 40.73567162151037 ], [ -73.97409287937954, 40.735640725028844 ], [ -73.974090079946677, 40.735644654234513 ], [ -73.973418695825572, 40.735367737300166 ], [ -73.973438818018465, 40.735341217814067 ], [ -73.973280302909899, 40.735273365428043 ], [ -73.973056987120472, 40.735177453415574 ], [ -73.972806617104609, 40.735523918521174 ], [ -73.972936739736852, 40.735599249299668 ], [ -73.972930319264577, 40.735607614396713 ], [ -73.972763083803528, 40.735505087473577 ], [ -73.972996952024843, 40.735186506891132 ], [ -73.972963952680942, 40.735169066177363 ], [ -73.972931856097802, 40.735205312369004 ], [ -73.972885128569331, 40.735180203901884 ], [ -73.972864031161635, 40.73521226701525 ], [ -73.972837459434615, 40.735199716704429 ], [ -73.972945207586818, 40.735065170071145 ], [ -73.972967197857983, 40.735078430766841 ], [ -73.972945190318143, 40.735107700513133 ], [ -73.97299560236587, 40.735127937983137 ], [ -73.972970836356055, 40.735157216971309 ], [ -73.973002911992666, 40.735172560035288 ], [ -73.973036847137109, 40.735127947647555 ], [ -73.973298950461398, 40.735242355077126 ], [ -73.973321874581586, 40.735201918664835 ], [ -73.973316383451461, 40.735196342782061 ], [ -73.973298976724436, 40.735176815883662 ], [ -73.973278816340851, 40.73514752741432 ], [ -73.973272411440647, 40.735118933851496 ], [ -73.973277008514756, 40.735079195798363 ], [ -73.973296273629657, 40.735040856642556 ], [ -73.973329290435785, 40.735010877894318 ], [ -73.973368709426751, 40.734989274762711 ], [ -73.973418212483509, 40.73497115816113 ], [ -73.97345945915032, 40.734968376851228 ], [ -73.973522708342998, 40.734975360846967 ], [ -73.973544728839613, 40.734944326101498 ], [ -73.974440650825912, 40.735316771900578 ], [ -73.97442616184162, 40.735234219183582 ], [ -73.974411267141178, 40.735178245954508 ], [ -73.974390630814227, 40.735092132933126 ], [ -73.974374179468384, 40.735030636339467 ], [ -73.974350549980215, 40.734942312633862 ], [ -73.974315597378691, 40.734803677193462 ], [ -73.974271479268324, 40.734630608981419 ], [ -73.974255434678724, 40.734566885863295 ], [ -73.974211922265496, 40.734405868942915 ], [ -73.974183172819849, 40.734300956916535 ], [ -73.974169179788987, 40.734239712295114 ], [ -73.974151108403461, 40.734163966166115 ], [ -73.974105917142253, 40.733993543547548 ], [ -73.974060162163269, 40.733811072442343 ], [ -73.974021745882581, 40.733663893934427 ], [ -73.973992370897363, 40.733554574756276 ], [ -73.973959050297111, 40.733421165538473 ], [ -73.973943219249378, 40.733403088863263 ], [ -73.973935313569854, 40.733366076784002 ], [ -73.973907026951878, 40.733349716608259 ], [ -73.973901377113705, 40.733327337305013 ], [ -73.973891203822561, 40.73330926190453 ], [ -73.973866318655979, 40.733310976086806 ], [ -73.973862929586133, 40.733291182396101 ], [ -73.97385275193642, 40.733282571401062 ], [ -73.973844838548857, 40.733265361113773 ], [ -73.973865208024122, 40.733246428039649 ], [ -73.973857300364941, 40.733216303638571 ], [ -73.973841459626613, 40.733219740365662 ], [ -73.973849373812769, 40.733232655106313 ], [ -73.97383126846691, 40.733245565109151 ], [ -73.973809768465614, 40.733248999372968 ], [ -73.9737837578338, 40.73322748120809 ], [ -73.973802988474347, 40.733211987539832 ], [ -73.973783768671723, 40.733199934324396 ], [ -73.973764526494705, 40.733212843387882 ], [ -73.973740768993721, 40.733209388937098 ], [ -73.973727187077685, 40.733219714350909 ], [ -73.9737079516958, 40.733213685204937 ], [ -73.973689849826073, 40.733218850603492 ], [ -73.973676275760596, 40.733205933888073 ], [ -73.973694380986089, 40.733195609011027 ], [ -73.97369212859806, 40.733174096250082 ], [ -73.973715889142511, 40.733169796747177 ], [ -73.973726073563569, 40.733159470559514 ], [ -73.973737397623225, 40.7331431193724 ], [ -73.97375776032726, 40.733139684862863 ], [ -73.973778139226553, 40.733124191460256 ], [ -73.973805297552715, 40.733120757986953 ], [ -73.973818871718464, 40.733099247654607 ], [ -73.973840367970524, 40.733103556295944 ], [ -73.973872061740167, 40.733094954806653 ], [ -73.973868107762073, 40.733065687195641 ], [ -73.973770308261734, 40.732688446176851 ], [ -73.973677027992522, 40.732310230748809 ], [ -73.973647357666238, 40.732175493263952 ], [ -73.973627364012501, 40.732107445607852 ], [ -73.97360833346643, 40.732042689729681 ], [ -73.973539692897063, 40.731764332823467 ], [ -73.973521379142824, 40.731690164781291 ], [ -73.973413217308575, 40.731282416428684 ], [ -73.973381814101472, 40.731236023919415 ], [ -73.973365910007018, 40.731220019948374 ], [ -73.97334064688684, 40.731183041661993 ], [ -73.97331715426381, 40.731157927173122 ], [ -73.973283211111394, 40.73111267590857 ], [ -73.973236254179369, 40.731056926741026 ], [ -73.973200129154122, 40.731016632390087 ], [ -73.973145927916036, 40.730960880996143 ], [ -73.973098581484734, 40.730913679890705 ], [ -73.973053048538247, 40.730867303253035 ], [ -73.973006059753601, 40.730823132413093 ], [ -73.972919291001929, 40.730750241502683 ], [ -73.972832155628566, 40.730681480807114 ], [ -73.972746116431708, 40.730605831946939 ], [ -73.972642704924112, 40.730523537807358 ], [ -73.972559900072923, 40.730458093618147 ], [ -73.972479700530215, 40.730400807362884 ], [ -73.972459364719029, 40.730386329377701 ], [ -73.972332774395156, 40.730296572468163 ], [ -73.972240185787754, 40.730230497638551 ], [ -73.97223370120912, 40.730225677843222 ], [ -73.972089185902334, 40.730118357041668 ], [ -73.972053852149756, 40.730086650432519 ], [ -73.972010260334571, 40.730045171487639 ], [ -73.971963403012481, 40.730000377217507 ], [ -73.971902385128075, 40.729930708644453 ], [ -73.971856089490487, 40.729875550267266 ], [ -73.971829928416739, 40.729845691972827 ], [ -73.971748223570145, 40.729742014544605 ], [ -73.971744947900774, 40.729734548588532 ], [ -73.971700290381307, 40.729665702453971 ], [ -73.971627299985585, 40.729557884146018 ], [ -73.971577194418259, 40.729469136135279 ], [ -73.97151882628016, 40.729351361740171 ], [ -73.971508160315736, 40.729323966492423 ], [ -73.971479949072275, 40.729249577195851 ], [ -73.971457161223086, 40.729169407558004 ], [ -73.971439815667168, 40.729095849864486 ], [ -73.971432218142155, 40.729063619044219 ], [ -73.971421392082377, 40.72899584397225 ], [ -73.971412351097754, 40.728879856021663 ], [ -73.971406596720698, 40.728794471305754 ], [ -73.971406179085193, 40.72871876425107 ], [ -73.971419463792756, 40.728568827544045 ], [ -73.971427184435498, 40.728485825884981 ], [ -73.971452695596611, 40.728341433313155 ], [ -73.971456621829503, 40.728319238014329 ], [ -73.971473438199865, 40.728209255928057 ], [ -73.971510484479495, 40.728002763404064 ], [ -73.971555535149534, 40.727703108598142 ], [ -73.971569316470976, 40.727693767198453 ], [ -73.971572787601445, 40.72764591976771 ], [ -73.971589651499855, 40.727640033693291 ], [ -73.971618727069966, 40.727650558185836 ], [ -73.971635861521477, 40.727647974121346 ], [ -73.971651600755877, 40.727643212534652 ], [ -73.971685148665827, 40.727405886636554 ], [ -73.97158604106329, 40.727396933052717 ], [ -73.971561143659144, 40.727394688247649 ], [ -73.971536865927433, 40.727392965100819 ], [ -73.971520767896266, 40.727386165737144 ], [ -73.971512821812581, 40.727374308078552 ], [ -73.971492600582366, 40.727373123351377 ], [ -73.971490390928551, 40.727350097607363 ], [ -73.971609002463907, 40.726723401169934 ], [ -73.971610300474168, 40.726723682097109 ], [ -73.971802093276878, 40.726781728126923 ], [ -73.971848972827004, 40.726795917378752 ], [ -73.971905865784038, 40.726813130398327 ], [ -73.972028332076079, 40.726870427358094 ], [ -73.972050153471699, 40.72688094679738 ], [ -73.97329796772064, 40.727428009362377 ], [ -73.975667825251378, 40.728462532509177 ], [ -73.975812448333457, 40.728519767622387 ], [ -73.976196323591637, 40.728661977029113 ], [ -73.976904363056107, 40.728957824277913 ], [ -73.977538438350379, 40.729226247917197 ], [ -73.978026979508371, 40.729433059609981 ], [ -73.979108038946535, 40.729910558980642 ], [ -73.979921099762834, 40.730262205208717 ], [ -73.980340075002374, 40.730442461376427 ], [ -73.981666570311333, 40.730998547581294 ], [ -73.981909115061256, 40.731095128814111 ], [ -73.982468762140229, 40.731314884733159 ], [ -73.982556292978032, 40.73135013455461 ], [ -73.982964406634494, 40.731520842547646 ], [ -73.983214671465291, 40.731624169463792 ], [ -73.983466441201585, 40.731731080615823 ], [ -73.983560520331849, 40.731770225436229 ], [ -73.984945505119043, 40.732349672817918 ], [ -73.987180495824461, 40.733292147761603 ], [ -73.987571952701842, 40.733456990678583 ], [ -73.988779316840748, 40.733965399738523 ], [ -73.988839351561481, 40.733990479428847 ], [ -73.989902959700501, 40.734434790136916 ], [ -73.990753968166416, 40.734839154573713 ], [ -73.991198993349357, 40.735012368583497 ], [ -73.991714987733943, 40.735215300666646 ], [ -73.9936168839549, 40.736004492788744 ], [ -73.996839938604168, 40.737360889398225 ], [ -73.99968423039347, 40.738552473816092 ], [ -73.999441531103031, 40.738888197250688 ], [ -73.999411814110289, 40.738928859437578 ], [ -73.999184958234281, 40.739242836299574 ], [ -73.998712705219674, 40.739880877542312 ], [ -73.998287022685119, 40.740469822059907 ], [ -73.997861284465785, 40.741056368825497 ], [ -73.997433596529007, 40.741642572506976 ], [ -73.997007192036847, 40.742228161941654 ], [ -73.99658017711775, 40.742810913343966 ], [ -73.996129010132535, 40.743430654282292 ], [ -73.995644939519778, 40.744098534679367 ], [ -73.995153941934205, 40.744759842811732 ], [ -73.99494394049502, 40.745060298770596 ], [ -73.994708672205064, 40.74538244597781 ], [ -73.994262586286183, 40.746003982028036 ], [ -73.993812749881997, 40.74661753698993 ], [ -73.993359021306873, 40.747235222285489 ], [ -73.992909286339881, 40.747854950977455 ], [ -73.990067492422185, 40.746659282600611 ], [ -73.988591307514625, 40.746036419489492 ], [ -73.986845392333123, 40.745300726585896 ], [ -73.98524354961242, 40.744626520712039 ], [ -73.983685471387375, 40.743969850424136 ], [ -73.983625200283825, 40.74394311456534 ], [ -73.983556735816322, 40.743916288046414 ], [ -73.982008752859457, 40.743264620391102 ], [ -73.981559970852032, 40.74388188384966 ] ] ] ] } },
{ "type": "Feature", "properties": { "Precinct": 14, "Shape_Length": "20,973.8078714", "Shape_Area": "20,511,123.2952", "in_manhattan": true }, "geometry": { "type": "MultiPolygon", "coordinates": [ [ [ [ -73.974647980763024, 40.75336712212529 ], [ -73.975102661653708, 40.752741379540865 ], [ -73.975558008777796, 40.752116183058639 ], [ -73.976048249289676, 40.751441393375629 ], [ -73.97653485387454, 40.750775506991573 ], [ -73.976985707283461, 40.750156958753195 ], [ -73.97848503384273, 40.75078824180855 ], [ -73.978607241341848, 40.750842484388869 ], [ -73.978706421734017, 40.750884646131496 ], [ -73.980220899700228, 40.751521979124227 ], [ -73.980673453151965, 40.750905101457533 ], [ -73.981123228650986, 40.750282458271379 ], [ -73.981572696729984, 40.749668089015572 ], [ -73.982024645075384, 40.749049540405998 ], [ -73.982472120470817, 40.748431501919043 ], [ -73.982956910212891, 40.747764352685834 ], [ -73.981432819438112, 40.747119777935758 ], [ -73.981340687276813, 40.747078663682558 ], [ -73.981259198863526, 40.747045705256909 ], [ -73.979723465031441, 40.746402875835926 ], [ -73.980209712782596, 40.745733362370572 ], [ -73.980658426238747, 40.745115825388645 ], [ -73.981108598800063, 40.744498278803903 ], [ -73.981559970852032, 40.74388188384966 ], [ -73.982008752859457, 40.743264620391102 ], [ -73.983556735816322, 40.743916288046414 ], [ -73.983625200283825, 40.74394311456534 ], [ -73.983685471387375, 40.743969850424136 ], [ -73.98524354961242, 40.744626520712039 ], [ -73.986845392333123, 40.745300726585896 ], [ -73.988591307514625, 40.746036419489492 ], [ -73.990067492422185, 40.746659282600611 ], [ -73.992909286339881, 40.747854950977455 ], [ -73.995748555070506, 40.749052196891064 ], [ -73.998594260809298, 40.750240836393829 ], [ -73.99812019599058, 40.750902898937589 ], [ -73.99803244920912, 40.751018855339368 ], [ -73.997681083921336, 40.751487642875951 ], [ -73.997591234731743, 40.751608569555422 ], [ -73.997498216729525, 40.751736340538734 ], [ -73.997379192874305, 40.75190474128572 ], [ -73.997315565915684, 40.751993620267193 ], [ -73.997175011922039, 40.752193403115889 ], [ -73.997076638835679, 40.752323973814462 ], [ -73.996789487365945, 40.752723448602787 ], [ -73.996303012483963, 40.753388538824304 ], [ -73.9958165034665, 40.75405662530693 ], [ -73.995354180976392, 40.754687599956206 ], [ -73.995098429145159, 40.755045586023847 ], [ -73.994921420374624, 40.755292379805717 ], [ -73.994468246726953, 40.755908862874811 ], [ -73.994019447712802, 40.756527676127149 ], [ -73.993561947432951, 40.757143858272812 ], [ -73.993379171710686, 40.757395926354349 ], [ -73.993319411612831, 40.757484987056344 ], [ -73.993280031631912, 40.757539088602563 ], [ -73.993272843885549, 40.757548963333512 ], [ -73.993260533734741, 40.757564986970891 ], [ -73.993205241432889, 40.757636954198134 ], [ -73.993070762833483, 40.757827429855794 ], [ -73.99263301203591, 40.758429686807887 ], [ -73.992137118466246, 40.759104721720874 ], [ -73.991685019733154, 40.759728915512227 ], [ -73.991230624368157, 40.760354148806336 ], [ -73.988390445751563, 40.759164186177763 ], [ -73.9867034902813, 40.75846802554517 ], [ -73.985537265972312, 40.75797328489886 ], [ -73.982712052787463, 40.756771228727331 ], [ -73.979483138549938, 40.755404965785402 ], [ -73.97787486287028, 40.754728721196486 ], [ -73.976973791081235, 40.754348675043175 ], [ -73.976819171505454, 40.754283654496049 ], [ -73.976278259920861, 40.754055158344826 ], [ -73.975796254764163, 40.753852633712043 ], [ -73.975701559233059, 40.753811775791114 ], [ -73.974647980763024, 40.75336712212529 ] ] ] ] } },
{ "type": "Feature", "properties": { "Precinct": 17, "Shape_Length": "26,719.6801978", "Shape_Area": "22,268,768.3344", "in_manhattan": true }, "geometry": { "type": "MultiPolygon", "coordinates": [ [ [ [ -73.964212303957041, 40.746604317974125 ], [ -73.964273647524635, 40.746541844552461 ], [ -73.964337293223934, 40.746545726593197 ], [ -73.964377654043133, 40.746495088038898 ], [ -73.964445227526511, 40.746410425260635 ], [ -73.964583184269472, 40.74645440067335 ], [ -73.96458702399427, 40.746515898544622 ], [ -73.964545181925885, 40.746564150472985 ], [ -73.96447543657699, 40.746640833197858 ], [ -73.964374437721872, 40.746704530643058 ], [ -73.964337586717519, 40.746734848181397 ], [ -73.964272562022103, 40.746751308084079 ], [ -73.964216166823675, 40.746837000831029 ], [ -73.964159802884296, 40.746865547359583 ], [ -73.964125144861754, 40.746845760605353 ], [ -73.964133829334969, 40.746812796165443 ], [ -73.964211924627648, 40.746666676803017 ], [ -73.964212303957041, 40.746604317974125 ] ] ], [ [ [ -73.961523132102144, 40.749739089143446 ], [ -73.961538143951699, 40.749722880978645 ], [ -73.961538554644733, 40.749723119840517 ], [ -73.961523132102144, 40.749739089143446 ] ] ], [ [ [ -73.961110601418767, 40.750600469900746 ], [ -73.961263705170396, 40.750216090447104 ], [ -73.961330794781446, 40.750113844829428 ], [ -73.961344322492039, 40.750105201169347 ], [ -73.961110601418767, 40.750600469900746 ] ] ], [ [ [ -73.961110601418767, 40.750600469900746 ], [ -73.960685579581849, 40.751201936967959 ], [ -73.960011323959023, 40.751831517335077 ], [ -73.960709408762739, 40.751148497741802 ], [ -73.961110601418767, 40.750600469900746 ] ] ], [ [ [ -73.95960834754159, 40.752719419845882 ], [ -73.959890618247471, 40.752097478125506 ], [ -73.959571566058244, 40.752804715900169 ], [ -73.959500799951286, 40.752956381693174 ], [ -73.95960834754159, 40.752719419845882 ] ] ], [ [ [ -73.958900090546564, 40.758289388335683 ], [ -73.95881576582785, 40.758231167421016 ], [ -73.958733254983713, 40.758318918125624 ], [ -73.958564270102883, 40.758475968299827 ], [ -73.958563938161703, 40.758475853425189 ], [ -73.958777908226992, 40.758270920848766 ], [ -73.959070030312063, 40.757939098020316 ], [ -73.959172642488383, 40.757864780394037 ], [ -73.959181032199922, 40.757856111052249 ], [ -73.959657708766571, 40.757260145123269 ], [ -73.959664003001066, 40.757211412186905 ], [ -73.960039009906168, 40.756725350238874 ], [ -73.960364551408233, 40.756269411133431 ], [ -73.960656381804739, 40.755923149550213 ], [ -73.960797099149801, 40.755804772740667 ], [ -73.960797229859338, 40.755804655852018 ], [ -73.961027908671653, 40.755610584579088 ], [ -73.961629275349168, 40.755152384259162 ], [ -73.962135590580857, 40.754573231473302 ], [ -73.962193818384137, 40.754504315153277 ], [ -73.962231251655908, 40.754522130421876 ], [ -73.962687030465361, 40.754004373286655 ], [ -73.962897292025445, 40.753765517094337 ], [ -73.962868967692316, 40.753742509156929 ], [ -73.963160740497443, 40.753412207328168 ], [ -73.963735722831686, 40.752783775777033 ], [ -73.964709528411092, 40.751719415095792 ], [ -73.964944447554672, 40.751462643216996 ], [ -73.96532405586477, 40.751047718272048 ], [ -73.967912729943947, 40.747970935642165 ], [ -73.968118933992756, 40.747725829749896 ], [ -73.968173761010732, 40.747666753741775 ], [ -73.968235747534635, 40.747591218392529 ], [ -73.968365193241482, 40.74743349462014 ], [ -73.968231717157877, 40.747368476489243 ], [ -73.968296221132377, 40.747295651367097 ], [ -73.968298114515292, 40.747283395002853 ], [ -73.968301910059012, 40.747273299244618 ], [ -73.9683161371577, 40.747274024359314 ], [ -73.968326104334238, 40.747252034096256 ], [ -73.968346965913184, 40.747241218310059 ], [ -73.96836118844783, 40.747218144983783 ], [ -73.968400083141631, 40.74716695396426 ], [ -73.968431391587856, 40.747129456620272 ], [ -73.96846363690706, 40.747094128485656 ], [ -73.968476919429392, 40.747072500805707 ], [ -73.968500640358542, 40.747044384507227 ], [ -73.968514859550197, 40.747032843998092 ], [ -73.968534790007809, 40.747000397779559 ], [ -73.968544278661994, 40.746988142312745 ], [ -73.968588852245503, 40.74694344358079 ], [ -73.968591695695665, 40.746933347050302 ], [ -73.968600234722672, 40.74692109131982 ], [ -73.968609719975277, 40.7469146031031 ], [ -73.968617308769453, 40.74689945527529 ], [ -73.9686391246467, 40.746879274144113 ], [ -73.968663797966443, 40.746846819812376 ], [ -73.96867043421345, 40.74683600997998 ], [ -73.968692251905296, 40.746808607957675 ], [ -73.968704580897551, 40.74680068279622 ], [ -73.968710765444271, 40.746788263917153 ], [ -73.968752712403727, 40.746742715216726 ], [ -73.968943011093018, 40.746518335696528 ], [ -73.968966705375138, 40.746530500296856 ], [ -73.968973668494925, 40.74652900683391 ], [ -73.968988992316994, 40.746505791494776 ], [ -73.968999815954405, 40.746501935274985 ], [ -73.969003028100943, 40.746490808379313 ], [ -73.969016417540516, 40.74648115208629 ], [ -73.969019611159212, 40.746472438902622 ], [ -73.969071933332486, 40.746412983006365 ], [ -73.969130961188469, 40.746340715306701 ], [ -73.969211359212764, 40.746244515303871 ], [ -73.969234321723263, 40.746222284011459 ], [ -73.969247075841906, 40.746207781993661 ], [ -73.969250288817022, 40.746196171442705 ], [ -73.969325914373883, 40.746104087710442 ], [ -73.969332280265576, 40.74610167233751 ], [ -73.969339244591794, 40.746092656088393 ], [ -73.96938290644789, 40.746035949025 ], [ -73.969400223278711, 40.746020843265512 ], [ -73.969400866521056, 40.746014027130002 ], [ -73.969417533995554, 40.745996966332008 ], [ -73.969432923898864, 40.745976988728735 ], [ -73.969462100383069, 40.745944577633637 ], [ -73.96952046125196, 40.745869041116521 ], [ -73.969550596586444, 40.745838827693618 ], [ -73.969597402611697, 40.745782784111825 ], [ -73.969623705834067, 40.745746716794457 ], [ -73.969632041802612, 40.745743305646016 ], [ -73.969694877775694, 40.745666796890958 ], [ -73.969696788459217, 40.745657000292965 ], [ -73.969875614030599, 40.745444789137643 ], [ -73.969905752652579, 40.745458205145177 ], [ -73.969912279757594, 40.74545175943625 ], [ -73.969931396149533, 40.745463001919909 ], [ -73.969927049590524, 40.745467792035029 ], [ -73.969973770262754, 40.745495747430645 ], [ -73.97004758904896, 40.745402861299347 ], [ -73.970091231757081, 40.745351129150983 ], [ -73.970129625769545, 40.745305366594351 ], [ -73.970216022886362, 40.745200579032847 ], [ -73.970339311612491, 40.7450496320225 ], [ -73.970325713214223, 40.745036949464442 ], [ -73.970325719311035, 40.745023261400192 ], [ -73.970378119405154, 40.744952305583283 ], [ -73.9704425548898, 40.744870376512161 ], [ -73.97046063703624, 40.74486474339075 ], [ -73.970472405764383, 40.744866241747673 ], [ -73.97050560032659, 40.744823764259301 ], [ -73.970568772290903, 40.744731865306107 ], [ -73.970623815106535, 40.744656426210064 ], [ -73.970788347766401, 40.744406217690354 ], [ -73.970857044343532, 40.744432637397203 ], [ -73.970876882338572, 40.744445573430994 ], [ -73.970889633767172, 40.744447729701918 ], [ -73.97089742067709, 40.744454736779751 ], [ -73.970909461321597, 40.744456352094154 ], [ -73.97091724845437, 40.744463360343367 ], [ -73.970928580323587, 40.744463363204218 ], [ -73.970940629604186, 40.744471444025429 ], [ -73.970982227123656, 40.744407634719941 ], [ -73.97101392396074, 40.744358614805137 ], [ -73.971114381239772, 40.744204360932478 ], [ -73.970782761286841, 40.744047246886879 ], [ -73.970777577161144, 40.744046624719353 ], [ -73.970758339536815, 40.744039190382331 ], [ -73.970750849551408, 40.744029804664791 ], [ -73.970718234940392, 40.744016927848186 ], [ -73.970705787208232, 40.74400256198679 ], [ -73.970703175316871, 40.743990494908779 ], [ -73.970722774748609, 40.743969515721261 ], [ -73.97074257272034, 40.74394832466006 ], [ -73.97075061382013, 40.74394863361055 ], [ -73.970761235247139, 40.743942107641679 ], [ -73.970792096947164, 40.743956009932546 ], [ -73.97079892989305, 40.743952797003814 ], [ -73.970835874041398, 40.743969672238123 ], [ -73.970835954865166, 40.743969703585975 ], [ -73.970873578513377, 40.743987674769436 ], [ -73.970959649928076, 40.744025696987116 ], [ -73.970963001934678, 40.744023672774865 ], [ -73.971173467531642, 40.744107535008254 ], [ -73.971181935760825, 40.744103232707886 ], [ -73.971206165029841, 40.744066029846643 ], [ -73.971273624623109, 40.743964748423622 ], [ -73.971357529418682, 40.743838455359487 ], [ -73.971234239815104, 40.743784646190257 ], [ -73.971205463019672, 40.743771510301343 ], [ -73.971281018316787, 40.743651942051358 ], [ -73.971355634091751, 40.743539649349472 ], [ -73.971494212704187, 40.743334674465125 ], [ -73.971637722404168, 40.743117200984678 ], [ -73.971679212008183, 40.743054464059782 ], [ -73.971888889130653, 40.74272481985296 ], [ -73.97176261327057, 40.742672671534692 ], [ -73.971740597158245, 40.742663580011524 ], [ -73.971775012480407, 40.742615912144601 ], [ -73.971959558562546, 40.742337921543701 ], [ -73.972049263167136, 40.741887753776247 ], [ -73.97206949682797, 40.741788905934804 ], [ -73.972101639806823, 40.741623202060964 ], [ -73.972152635721756, 40.741388587601222 ], [ -73.972198048137841, 40.741144668691796 ], [ -73.972286182484964, 40.740738273576383 ], [ -73.972289920992168, 40.740721039031811 ], [ -73.972212825993751, 40.740711663608295 ], [ -73.972195672753017, 40.740709579461409 ], [ -73.972182685701, 40.740706279909645 ], [ -73.972168483878733, 40.74069312030052 ], [ -73.972164773686572, 40.740675722129168 ], [ -73.972165497608216, 40.740672165049936 ], [ -73.972215254259012, 40.740426563519428 ], [ -73.972225156143352, 40.740416696931199 ], [ -73.972235043171651, 40.740413403402009 ], [ -73.972235662110052, 40.740405415225219 ], [ -73.972196416477885, 40.74040257925288 ], [ -73.972216854223277, 40.740307625061568 ], [ -73.972267536421271, 40.740313743277163 ], [ -73.972270013341557, 40.740308574345725 ], [ -73.972253323191595, 40.740300105554816 ], [ -73.972248378036426, 40.740291171858722 ], [ -73.972291348675498, 40.740077052041023 ], [ -73.972607723628613, 40.74010890596503 ], [ -73.972728635265852, 40.740162538065135 ], [ -73.972715666230556, 40.740212789043746 ], [ -73.97285161405155, 40.740251606702515 ], [ -73.972855205460235, 40.74025333290286 ], [ -73.973031860067891, 40.740308935856326 ], [ -73.973133337917645, 40.740346092792841 ], [ -73.975342635643244, 40.74127468084491 ], [ -73.976921601240875, 40.741941314482517 ], [ -73.976979122118323, 40.741966709412054 ], [ -73.977682873628225, 40.742255587545408 ], [ -73.9782682720152, 40.742505394915263 ], [ -73.978488014680892, 40.74259501331175 ], [ -73.979958997510508, 40.743205200634925 ], [ -73.981559970852032, 40.74388188384966 ], [ -73.981108598800063, 40.744498278803903 ], [ -73.980658426238747, 40.745115825388645 ], [ -73.980209712782596, 40.745733362370572 ], [ -73.979723465031441, 40.746402875835926 ], [ -73.981259198863526, 40.747045705256909 ], [ -73.981340687276813, 40.747078663682558 ], [ -73.981432819438112, 40.747119777935758 ], [ -73.982956910212891, 40.747764352685834 ], [ -73.982472120470817, 40.748431501919043 ], [ -73.982024645075384, 40.749049540405998 ], [ -73.981572696729984, 40.749668089015572 ], [ -73.981123228650986, 40.750282458271379 ], [ -73.980673453151965, 40.750905101457533 ], [ -73.980220899700228, 40.751521979124227 ], [ -73.978706421734017, 40.750884646131496 ], [ -73.978607241341848, 40.750842484388869 ], [ -73.97848503384273, 40.75078824180855 ], [ -73.976985707283461, 40.750156958753195 ], [ -73.97653485387454, 40.750775506991573 ], [ -73.976048249289676, 40.751441393375629 ], [ -73.975558008777796, 40.752116183058639 ], [ -73.975102661653708, 40.752741379540865 ], [ -73.974647980763024, 40.75336712212529 ], [ -73.974189371743307, 40.753993510808428 ], [ -73.97373410575851, 40.754618773603625 ], [ -73.973275598040004, 40.75524353808342 ], [ -73.972819674452637, 40.75587055200473 ], [ -73.972362759865661, 40.756497725658797 ], [ -73.971906760084394, 40.757124673853859 ], [ -73.971450480438051, 40.757749232037291 ], [ -73.970993706643895, 40.758373330050929 ], [ -73.970534175972332, 40.759000649864461 ], [ -73.970081008277958, 40.759624906901735 ], [ -73.969625001267147, 40.760251439537157 ], [ -73.96913247426572, 40.760929190607548 ], [ -73.968642261198852, 40.761599960676172 ], [ -73.968186877154807, 40.762226821325697 ], [ -73.966583383341288, 40.761550935576317 ], [ -73.964313535652266, 40.760599231350376 ], [ -73.963556189321551, 40.760280818582181 ], [ -73.963080735949006, 40.760083163740511 ], [ -73.961965736777245, 40.759619460785736 ], [ -73.959721804186074, 40.758663064351687 ], [ -73.959036810084498, 40.75838378260454 ], [ -73.958993661113354, 40.758353991196465 ], [ -73.958900090546564, 40.758289388335683 ] ] ] ] } },
{ "type": "Feature", "properties": { "Precinct": 18, "Shape_Length": "41,625.1777657", "Shape_Area": "32,250,199.6396", "in_manhattan": true }, "geometry": { "type": "MultiPolygon", "coordinates": [ [ [ [ -73.99393666589809, 40.773179845835941 ], [ -73.993935876811207, 40.773179512586132 ], [ -73.993628227245054, 40.772993650358956 ], [ -73.993580387799682, 40.772971166613992 ], [ -73.993490464140663, 40.772928905262049 ], [ -73.993410454535081, 40.77287889534567 ], [ -73.993325198432814, 40.772831479537572 ], [ -73.993245032974258, 40.772797451600852 ], [ -73.993203471166964, 40.7727798103924 ], [ -73.991757938444138, 40.772166145687834 ], [ -73.99051654694486, 40.771639118973475 ], [ -73.990453253865539, 40.771612248340723 ], [ -73.990391770052199, 40.771586321830583 ], [ -73.987615120762868, 40.770415443635436 ], [ -73.984985823662711, 40.769320701228658 ], [ -73.984763691971281, 40.769226401206438 ], [ -73.984314913071088, 40.769848184386106 ], [ -73.98320661413706, 40.769379380269228 ], [ -73.982216195809329, 40.768960423260324 ], [ -73.982092712433854, 40.768892298929757 ], [ -73.982070364575421, 40.768531121715981 ], [ -73.982043416020161, 40.768408210815181 ], [ -73.981994528054315, 40.768416048747106 ], [ -73.981927217971233, 40.768421579789724 ], [ -73.981859517493859, 40.768421187694479 ], [ -73.981792324992028, 40.768414875618113 ], [ -73.981726533964306, 40.768402731319114 ], [ -73.981679435512248, 40.768390132108735 ], [ -73.981631494478236, 40.768367928833896 ], [ -73.981587226884258, 40.768341684234585 ], [ -73.981547218097177, 40.768311747029642 ], [ -73.981512000143979, 40.768278511831788 ], [ -73.981482038711079, 40.768242420820393 ], [ -73.981457730063042, 40.768203951008879 ], [ -73.981442543954216, 40.768163970407514 ], [ -73.981432835484483, 40.768123015017331 ], [ -73.981428706102349, 40.768081518915011 ], [ -73.981430200846205, 40.768039919852974 ], [ -73.981437302616527, 40.767998657080526 ], [ -73.981449937686321, 40.767958166486594 ], [ -73.981467971957287, 40.767918875740783 ], [ -73.981491214266981, 40.767881198598332 ], [ -73.979076587781293, 40.766876086134957 ], [ -73.978361129753111, 40.766573711319666 ], [ -73.976233887088171, 40.765674631444412 ], [ -73.974192289332791, 40.764806528331711 ], [ -73.973635846990433, 40.764569913775944 ], [ -73.973014872422212, 40.764278879445392 ], [ -73.971411416898533, 40.763587473194733 ], [ -73.969904892790197, 40.76295804222633 ], [ -73.969800288917781, 40.762913511625285 ], [ -73.969688012308936, 40.762865962943458 ], [ -73.968186877154807, 40.762226821325697 ], [ -73.968642261198852, 40.761599960676172 ], [ -73.96913247426572, 40.760929190607548 ], [ -73.969625001267147, 40.760251439537157 ], [ -73.970081008277958, 40.759624906901735 ], [ -73.970534175972332, 40.759000649864461 ], [ -73.970993706643895, 40.758373330050929 ], [ -73.971450480438051, 40.757749232037291 ], [ -73.971906760084394, 40.757124673853859 ], [ -73.972362759865661, 40.756497725658797 ], [ -73.972819674452637, 40.75587055200473 ], [ -73.973275598040004, 40.75524353808342 ], [ -73.97373410575851, 40.754618773603625 ], [ -73.974189371743307, 40.753993510808428 ], [ -73.974647980763024, 40.75336712212529 ], [ -73.975701559233059, 40.753811775791114 ], [ -73.975796254764163, 40.753852633712043 ], [ -73.976278259920861, 40.754055158344826 ], [ -73.976819171505454, 40.754283654496049 ], [ -73.976973791081235, 40.754348675043175 ], [ -73.97787486287028, 40.754728721196486 ], [ -73.979483138549938, 40.755404965785402 ], [ -73.982712052787463, 40.756771228727331 ], [ -73.985537265972312, 40.75797328489886 ], [ -73.9867034902813, 40.75846802554517 ], [ -73.988390445751563, 40.759164186177763 ], [ -73.991230624368157, 40.760354148806336 ], [ -73.991685019733154, 40.759728915512227 ], [ -73.992137118466246, 40.759104721720874 ], [ -73.992577025093908, 40.759287734232615 ], [ -73.992685424148064, 40.759332657199593 ], [ -73.993329515672727, 40.759603875955669 ], [ -73.994425870195229, 40.760065378352238 ], [ -73.994983580682131, 40.760300161822954 ], [ -73.995565512634769, 40.760546164736667 ], [ -73.995694643550863, 40.760600751566045 ], [ -73.995814810723687, 40.760651549663017 ], [ -73.997820858962285, 40.761499533733307 ], [ -74.000295572690305, 40.762537466323266 ], [ -74.000387914870473, 40.762580968645871 ], [ -74.000512138643501, 40.762638502382451 ], [ -74.001386036325044, 40.762850096174603 ], [ -74.000973080220163, 40.763420271725693 ], [ -74.003149769889944, 40.764332888687235 ], [ -74.002948095157222, 40.764616835931356 ], [ -74.003061612340659, 40.764665782653445 ], [ -74.00313458336224, 40.764649598206738 ], [ -74.003161945770444, 40.764612610454641 ], [ -74.003222755853628, 40.764638037670245 ], [ -74.00315587058185, 40.764730509879982 ], [ -74.003146529667987, 40.764736281383712 ], [ -74.00313606019273, 40.764740796432598 ], [ -74.003124751545315, 40.764743930225023 ], [ -74.003112916310855, 40.764745596139029 ], [ -74.003100881630132, 40.764745748126671 ], [ -74.003088980156903, 40.76474438198678 ], [ -74.001063642205111, 40.763888208262884 ], [ -74.000731052537333, 40.763755286361437 ], [ -73.999927123677281, 40.763406528479358 ], [ -73.999638535553714, 40.763569070990812 ], [ -73.999622634581868, 40.763559081210488 ], [ -73.999517670968231, 40.763706279180305 ], [ -73.99944642217315, 40.7638061945785 ], [ -73.999433307246193, 40.763823910197011 ], [ -73.999150980879079, 40.764205259582731 ], [ -74.002274366423734, 40.765525181099584 ], [ -74.002288023714812, 40.765561543795251 ], [ -74.002057138315635, 40.765877390418645 ], [ -74.002024543303349, 40.765893266570416 ], [ -73.999199972467409, 40.764701914982538 ], [ -73.999108325645452, 40.764662499857543 ], [ -73.998884731749882, 40.764569377048524 ], [ -73.998576385305384, 40.764998607270805 ], [ -73.998599787076259, 40.765073340285966 ], [ -73.99863487876344, 40.765085794737779 ], [ -73.998665304734402, 40.765104480747205 ], [ -73.998686374772191, 40.765137394267782 ], [ -73.998695730373001, 40.765174765679603 ], [ -73.998688706945615, 40.765208570449886 ], [ -73.998667647113777, 40.765237035342942 ], [ -73.998633715560729, 40.765260168741257 ], [ -73.998589241051462, 40.765276178806843 ], [ -73.998482764686841, 40.76529753698442 ], [ -73.998438303714664, 40.765316213833906 ], [ -73.998402025182514, 40.765350909087566 ], [ -73.998358297338726, 40.76541804876377 ], [ -73.998291198464287, 40.76552107275878 ], [ -73.998270903083494, 40.765552233413281 ], [ -73.998281607095294, 40.765567774934766 ], [ -74.001542178712029, 40.766944702532712 ], [ -74.001573353852677, 40.766977192210739 ], [ -74.001561805754804, 40.766996499368318 ], [ -74.001394371594969, 40.767230047733058 ], [ -74.00136434612979, 40.767249363971118 ], [ -74.001314696360041, 40.76725112004997 ], [ -74.00129391014994, 40.767241458241621 ], [ -73.998156784389806, 40.76589403537411 ], [ -73.998148186473671, 40.765905607074991 ], [ -73.998066759053543, 40.76587188113573 ], [ -73.997721348256974, 40.766349120555802 ], [ -73.997378084479664, 40.766823385876997 ], [ -74.000628373953049, 40.768203111058732 ], [ -74.000650167862005, 40.768220373786683 ], [ -74.000649505304182, 40.768245236105599 ], [ -74.000454893367163, 40.768504195680052 ], [ -74.000417653931947, 40.76851247996445 ], [ -74.00038586489076, 40.768504195931897 ], [ -73.99715588949212, 40.767128696172819 ], [ -73.996815984635035, 40.767600621859181 ], [ -73.996457154050404, 40.768098815795653 ], [ -73.999728191900999, 40.76947350663373 ], [ -73.999735902478534, 40.769506177331557 ], [ -73.999555189307856, 40.769750807740081 ], [ -73.999515521616132, 40.769767565837839 ], [ -73.999472537340239, 40.769764215471753 ], [ -73.997071760393112, 40.768732643576875 ], [ -73.997026288210733, 40.768795515623886 ], [ -73.997150354771463, 40.768847387713429 ], [ -73.997010714138256, 40.769028790653678 ], [ -73.99689311312369, 40.76897962932204 ], [ -73.996571264395769, 40.769424568273863 ], [ -73.999026828329022, 40.770463272982091 ], [ -73.998762069143154, 40.770825056709235 ], [ -73.996313270220853, 40.769798836336442 ], [ -73.995880043516848, 40.770400579514856 ], [ -73.996016931961989, 40.770454848886217 ], [ -73.995900774250345, 40.770613123500979 ], [ -73.995767332836181, 40.770554595953904 ], [ -73.995424744363021, 40.771031615167999 ], [ -73.995756482129011, 40.771160668465818 ], [ -73.995708590699493, 40.771225812532954 ], [ -73.995797740204537, 40.7712825627641 ], [ -73.995816875790439, 40.771256516415576 ], [ -73.995912836038443, 40.771297855623793 ], [ -73.995928036706729, 40.771275102837656 ], [ -73.996001757490518, 40.771307465330572 ], [ -73.995899901009366, 40.771450298582124 ], [ -73.995892608948864, 40.771447087024647 ], [ -73.995854372528115, 40.771499180748485 ], [ -73.995791177487789, 40.771475518820431 ], [ -73.995828058862429, 40.771421667222441 ], [ -73.995729933144077, 40.77137881879375 ], [ -73.995751234128278, 40.771354282277244 ], [ -73.995629822403075, 40.771325292628092 ], [ -73.99562306904366, 40.771336957512894 ], [ -73.995305663653568, 40.771196004909555 ], [ -73.995123955568857, 40.771450738267127 ], [ -73.994990144820761, 40.771440709806519 ], [ -73.994957333536988, 40.771449190697723 ], [ -73.994935016590091, 40.771468146075442 ], [ -73.994923857944173, 40.771485605937499 ], [ -73.994925821206365, 40.771516042405523 ], [ -73.995009154387247, 40.771607339944168 ], [ -73.99497830771196, 40.771645249473316 ], [ -73.994976884947306, 40.77165877492336 ], [ -73.997073281693147, 40.772542868901958 ], [ -73.996872914491405, 40.772817481228614 ], [ -73.994774079308229, 40.771929547530227 ], [ -73.994445012933838, 40.772377126588331 ], [ -73.995455149955902, 40.772802675029133 ], [ -73.996229720019358, 40.773128975045346 ], [ -73.996120879946673, 40.773275391093037 ], [ -73.994341919916209, 40.77252478194346 ], [ -73.99424979228651, 40.77252648513813 ], [ -73.994163284563058, 40.77248719102132 ], [ -73.993831082030923, 40.772931787850695 ], [ -73.993887545024606, 40.772955744163909 ], [ -73.993891252437038, 40.772955194876744 ], [ -73.993962585514566, 40.772944653908965 ], [ -73.994012624805137, 40.772882846129363 ], [ -73.994122058082425, 40.772924058523486 ], [ -73.994136652588608, 40.77290187017428 ], [ -73.99430134239114, 40.772970028663963 ], [ -73.994281535134462, 40.772993801566784 ], [ -73.994376552750964, 40.773039551101398 ], [ -73.994318634687133, 40.773121440270245 ], [ -73.99429402982382, 40.773156243991835 ], [ -73.995023275860746, 40.77348119657622 ], [ -73.995071087969635, 40.773414138665856 ], [ -73.995089391892861, 40.773388475039177 ], [ -73.995013963716787, 40.773358034924392 ], [ -73.995050284699175, 40.773297153189894 ], [ -73.996240651898802, 40.773789791397711 ], [ -73.996195837470978, 40.773852356184101 ], [ -73.99610846880843, 40.773816316015107 ], [ -73.996107781429956, 40.773817377601098 ], [ -73.99606316808179, 40.7738868866101 ], [ -73.996126977737262, 40.773913354620873 ], [ -73.996128504827837, 40.773913984903174 ], [ -73.996126361402233, 40.773916713654224 ], [ -73.996098807369748, 40.773951805299141 ], [ -73.996118351027789, 40.773960323961404 ], [ -73.996179459973789, 40.77398695435155 ], [ -73.996095245226215, 40.774086186437657 ], [ -73.996051252753347, 40.774068895803239 ], [ -73.995572265161144, 40.773870731394318 ], [ -73.993936941822099, 40.773179510966912 ], [ -73.99393666589809, 40.773179845835941 ] ] ] ] } },
{ "type": "Feature", "properties": { "Precinct": 19, "Shape_Length": "30,595.1082065", "Shape_Area": "48,791,519.1463", "in_manhattan": true }, "geometry": { "type": "MultiPolygon", "coordinates": [ [ [ [ -73.953896687302475, 40.759199299788165 ], [ -73.953919179000451, 40.759187726548795 ], [ -73.953907951191411, 40.759200874850784 ], [ -73.953842948764475, 40.759238945387786 ], [ -73.953781456763835, 40.759323082228413 ], [ -73.95374760585473, 40.759363937925961 ], [ -73.953662418107129, 40.759479734113526 ], [ -73.953658903389524, 40.759481319169971 ], [ -73.953659287092961, 40.759476696614719 ], [ -73.953721177934355, 40.759397328123455 ], [ -73.953813514237254, 40.75927018085688 ], [ -73.95384293368231, 40.759237818937578 ], [ -73.953896687302475, 40.759199299788165 ] ] ], [ [ [ -73.944716501343265, 40.769786505279477 ], [ -73.94472394814791, 40.769751413065919 ], [ -73.944724784974554, 40.769786271534862 ], [ -73.944690363646004, 40.769808640631538 ], [ -73.944716501343265, 40.769786505279477 ] ] ], [ [ [ -73.94027185851121, 40.772947602825198 ], [ -73.940569574205796, 40.772614759466727 ], [ -73.940274609212224, 40.772947437395572 ], [ -73.94017959870213, 40.772959315594782 ], [ -73.94027185851121, 40.772947602825198 ] ] ], [ [ [ -73.94360047475412, 40.780159099466196 ], [ -73.943438767359865, 40.779763241965888 ], [ -73.94246425347032, 40.780032500044214 ], [ -73.942451640792285, 40.780034301684175 ], [ -73.942438812345259, 40.780034573688589 ], [ -73.942426087159561, 40.780033309292946 ], [ -73.942413781697468, 40.780030539941492 ], [ -73.942402201983072, 40.780026334505123 ], [ -73.942391635991768, 40.780020797568746 ], [ -73.942382346488486, 40.780014066830155 ], [ -73.942374564493051, 40.780006309675819 ], [ -73.942368483534935, 40.779997719017963 ], [ -73.942364254840413, 40.779988508497141 ], [ -73.942120222056701, 40.779472556372461 ], [ -73.94211585211751, 40.779464381747459 ], [ -73.942113209446873, 40.779455789679737 ], [ -73.942112358472556, 40.77944698964432 ], [ -73.942113319940617, 40.779438196186327 ], [ -73.942116070409753, 40.779429623690397 ], [ -73.942120542822821, 40.779421481154131 ], [ -73.94212662814175, 40.779413967092573 ], [ -73.942134178006, 40.779407264698506 ], [ -73.942143008349575, 40.779401537376181 ], [ -73.942729733957194, 40.779257247655536 ], [ -73.94271884616596, 40.779208452481882 ], [ -73.942717192576083, 40.779158976341286 ], [ -73.942724806743144, 40.779109823845481 ], [ -73.942741534041829, 40.779061993032407 ], [ -73.942767034807119, 40.779016455101257 ], [ -73.942800791382524, 40.778974134422747 ], [ -73.942842118234552, 40.778935890593281 ], [ -73.942890176218924, 40.77890250014493 ], [ -73.942943989521751, 40.778874641061954 ], [ -73.94300246547327, 40.778852879014885 ], [ -73.942655307429703, 40.778124965574186 ], [ -73.942457410569574, 40.777407473347985 ], [ -73.942295061986385, 40.777331962483167 ], [ -73.942280500447893, 40.777347438228652 ], [ -73.942319689040048, 40.777452519267094 ], [ -73.942363337157545, 40.777447010924192 ], [ -73.942455456981321, 40.777747864333634 ], [ -73.942428539539165, 40.777752827567198 ], [ -73.942424911955897, 40.777742320066089 ], [ -73.942389991732227, 40.777747278789292 ], [ -73.942359434860336, 40.777753899191708 ], [ -73.942362334710054, 40.777764959164863 ], [ -73.942335418211812, 40.777768816374127 ], [ -73.942241113933875, 40.777470174115692 ], [ -73.942285493806438, 40.777460242826805 ], [ -73.942240505342127, 40.777334146821048 ], [ -73.942255796044918, 40.777316460277362 ], [ -73.942119824540313, 40.777255566411746 ], [ -73.942185370139228, 40.777163808762282 ], [ -73.942309707132182, 40.77721971988074 ], [ -73.942293683332039, 40.777242936247838 ], [ -73.942434038955582, 40.777300461486249 ], [ -73.942429645356867, 40.777288948951657 ], [ -73.942337893915393, 40.777248901177671 ], [ -73.942384671419475, 40.77717109710202 ], [ -73.94232882921817, 40.777155216220585 ], [ -73.942276227268394, 40.77713387941079 ], [ -73.942227783170566, 40.777107458878284 ], [ -73.94218434199162, 40.777076415510109 ], [ -73.942146661523097, 40.777041290834632 ], [ -73.942115399062118, 40.777002697574737 ], [ -73.942091099945813, 40.776961308958882 ], [ -73.942074188038774, 40.776917846977113 ], [ -73.942002667222738, 40.776185317382755 ], [ -73.942081604573772, 40.775957016317086 ], [ -73.942401009490496, 40.775726927526179 ], [ -73.942587696406804, 40.775218956528093 ], [ -73.94293043781397, 40.774676268035854 ], [ -73.943338947504898, 40.774211192590663 ], [ -73.943664318148024, 40.773840764176839 ], [ -73.943960843708766, 40.773530420091944 ], [ -73.94436393440742, 40.773108538792393 ], [ -73.944878895967065, 40.772569562007305 ], [ -73.945615140125113, 40.771943026587699 ], [ -73.946404189190687, 40.771269045619277 ], [ -73.946907641337674, 40.770733911723582 ], [ -73.947489754563705, 40.770115154019066 ], [ -73.948086334065479, 40.769474793218862 ], [ -73.948664164779231, 40.768857623896899 ], [ -73.949085367686536, 40.768278270795712 ], [ -73.949373321315036, 40.76788219105439 ], [ -73.949579120714006, 40.76762893017959 ], [ -73.950069793031005, 40.767025087880761 ], [ -73.950663451542496, 40.766380711349413 ], [ -73.951224976665628, 40.765771198973475 ], [ -73.951764809004047, 40.765163711843194 ], [ -73.952309631811332, 40.764554288606028 ], [ -73.953365599635831, 40.763368170911725 ], [ -73.954418260786056, 40.762184104951082 ], [ -73.95573621640321, 40.761024392847617 ], [ -73.955872223390728, 40.760904712115618 ], [ -73.956309176341904, 40.760508367554266 ], [ -73.956333189677693, 40.760486585563903 ], [ -73.956978417276304, 40.75989675444599 ], [ -73.957317375879398, 40.759592212256592 ], [ -73.957598694452798, 40.759342318257822 ], [ -73.957637727421016, 40.759306739898335 ], [ -73.958004966168247, 40.758971999629331 ], [ -73.958186044324364, 40.758811720253419 ], [ -73.958245435666683, 40.758759008659702 ], [ -73.958333519482849, 40.758683879549864 ], [ -73.95835374983784, 40.758666625162761 ], [ -73.958426201896046, 40.758603873006891 ], [ -73.958455017438936, 40.758580902197536 ], [ -73.958491195416499, 40.758545903830488 ], [ -73.95854329679058, 40.75849562293584 ], [ -73.958563938161703, 40.758475853425189 ], [ -73.958564270102883, 40.758475968299827 ], [ -73.958733254983713, 40.758318918125624 ], [ -73.95881576582785, 40.758231167421016 ], [ -73.958900090546564, 40.758289388335683 ], [ -73.958993661113354, 40.758353991196465 ], [ -73.959036810084498, 40.75838378260454 ], [ -73.959721804186074, 40.758663064351687 ], [ -73.961965736777245, 40.759619460785736 ], [ -73.963080735949006, 40.760083163740511 ], [ -73.963556189321551, 40.760280818582181 ], [ -73.964313535652266, 40.760599231350376 ], [ -73.966583383341288, 40.761550935576317 ], [ -73.968186877154807, 40.762226821325697 ], [ -73.969688012308936, 40.762865962943458 ], [ -73.969800288917781, 40.762913511625285 ], [ -73.969904892790197, 40.76295804222633 ], [ -73.971411416898533, 40.763587473194733 ], [ -73.973014872422212, 40.764278879445392 ], [ -73.972553522957625, 40.76489773172338 ], [ -73.972098524443638, 40.765517251227536 ], [ -73.971647743343183, 40.766142468472736 ], [ -73.971185209795891, 40.766770290172417 ], [ -73.970727774145786, 40.767393722918776 ], [ -73.970281655022703, 40.768025032429719 ], [ -73.969824552878151, 40.768646008820895 ], [ -73.969516051774278, 40.769065200424514 ], [ -73.969364846126666, 40.769270656823132 ], [ -73.968904547764438, 40.769900831791325 ], [ -73.968441559334067, 40.770516326370497 ], [ -73.96799327777012, 40.771147230952693 ], [ -73.967533984443719, 40.771776183984038 ], [ -73.967039475799169, 40.772461219486544 ], [ -73.966536170132301, 40.77314036808766 ], [ -73.966074490410051, 40.773772989100188 ], [ -73.965609686214876, 40.774407202115562 ], [ -73.96514745374806, 40.775044231587216 ], [ -73.964687358417507, 40.775677081715401 ], [ -73.96422820174044, 40.776310309182598 ], [ -73.963761237850932, 40.776950969934646 ], [ -73.963726026741696, 40.777005717899925 ], [ -73.963229919110461, 40.777677047361898 ], [ -73.963134598035637, 40.777808051278235 ], [ -73.962767155596595, 40.778313040888747 ], [ -73.962303614136658, 40.778947042377325 ], [ -73.96183836839765, 40.779584191693473 ], [ -73.96136872606796, 40.780229749047329 ], [ -73.960910160721923, 40.780857036026696 ], [ -73.96041430653959, 40.781524267804912 ], [ -73.959920942200611, 40.782212944004691 ], [ -73.959469059915165, 40.782833321664477 ], [ -73.959011766812893, 40.783461285305165 ], [ -73.958568100776546, 40.784083444039965 ], [ -73.958103534441747, 40.784713005233904 ], [ -73.957635993898307, 40.785343457821277 ], [ -73.957162433906575, 40.785979638259683 ], [ -73.957032255104593, 40.786161839483931 ], [ -73.956930595258214, 40.786304124765167 ], [ -73.956718629982504, 40.786600793824363 ], [ -73.956261308314893, 40.787222876279557 ], [ -73.955777359122465, 40.787913925643757 ], [ -73.9541647699251, 40.787227563576486 ], [ -73.95371345060596, 40.787037585526775 ], [ -73.953416467565134, 40.786912571139439 ], [ -73.952661367281522, 40.78659502012701 ], [ -73.952551454689555, 40.786548581834872 ], [ -73.952464301667405, 40.786510431420872 ], [ -73.95222947536935, 40.786411551404278 ], [ -73.951296708530904, 40.786020074865192 ], [ -73.950928127882179, 40.785865380675283 ], [ -73.950338040641782, 40.785617151185569 ], [ -73.949331706271124, 40.785193126055354 ], [ -73.948776262894839, 40.78495823709973 ], [ -73.947843460369356, 40.784563756068444 ], [ -73.947089519167235, 40.784244905794942 ], [ -73.946444972832381, 40.783973178075627 ], [ -73.945921859937428, 40.78375279835474 ], [ -73.94472264526928, 40.783247572641478 ], [ -73.944646659919499, 40.783217873802784 ], [ -73.944054393802148, 40.782964358045938 ], [ -73.94401042458415, 40.782942912381841 ], [ -73.943954600749862, 40.782915519650842 ], [ -73.943893246059289, 40.782887727332565 ], [ -73.943832566099047, 40.782859089474975 ], [ -73.943783540285736, 40.782838700186829 ], [ -73.943760053405867, 40.782828932220056 ], [ -73.943593851527027, 40.782773452879674 ], [ -73.943621043151722, 40.782714807361089 ], [ -73.943648235390114, 40.7826561613333 ], [ -73.943880681024552, 40.781532043364372 ], [ -73.943870759887076, 40.781273026571611 ], [ -73.943714688505651, 40.78062981552889 ], [ -73.94360047475412, 40.780159099466196 ] ] ] ] } },
{ "type": "Feature", "properties": { "Precinct": 20, "Shape_Length": "27,069.9614173", "Shape_Area": "27,673,868.6262", "in_manhattan": true }, "geometry": { "type": "MultiPolygon", "coordinates": [ [ [ [ -73.969335733189467, 40.785293279557095 ], [ -73.969832256229083, 40.784610911256529 ], [ -73.970300682282428, 40.783975413948703 ], [ -73.970760130285797, 40.783340137050857 ], [ -73.971222922209535, 40.78270625558747 ], [ -73.971723055558385, 40.782021476462269 ], [ -73.973571174232418, 40.77947786279384 ], [ -73.974066681033719, 40.778805416721234 ], [ -73.974292948625177, 40.778497988953703 ], [ -73.974532314884087, 40.778167785025737 ], [ -73.974754241464069, 40.777864693602375 ], [ -73.97500111964014, 40.777527781089411 ], [ -73.975459324337208, 40.776898723229316 ], [ -73.975955172950236, 40.776219754626183 ], [ -73.976457773998689, 40.775532537754557 ], [ -73.97691168226271, 40.774909124529607 ], [ -73.977370849930693, 40.774281007213915 ], [ -73.977826392988561, 40.77365619192171 ], [ -73.978282200141692, 40.773031878737967 ], [ -73.978722467921415, 40.772418898285196 ], [ -73.979192145119669, 40.771781266001391 ], [ -73.979652334022362, 40.771155327542601 ], [ -73.980111815616993, 40.770528369851093 ], [ -73.980563706007416, 40.76990532456589 ], [ -73.981022899621593, 40.76927283473227 ], [ -73.981679435512248, 40.768390132108735 ], [ -73.981726533964306, 40.768402731319114 ], [ -73.981792324992028, 40.768414875618113 ], [ -73.981859517493859, 40.768421187694479 ], [ -73.981927217971233, 40.768421579789724 ], [ -73.981994528054315, 40.768416048747106 ], [ -73.982043416020161, 40.768408210815181 ], [ -73.982070364575421, 40.768531121715981 ], [ -73.982092712433854, 40.768892298929757 ], [ -73.982216195809329, 40.768960423260324 ], [ -73.98320661413706, 40.769379380269228 ], [ -73.984314913071088, 40.769848184386106 ], [ -73.984763691971281, 40.769226401206438 ], [ -73.984985823662711, 40.769320701228658 ], [ -73.987615120762868, 40.770415443635436 ], [ -73.990391770052199, 40.771586321830583 ], [ -73.990453253865539, 40.771612248340723 ], [ -73.99051654694486, 40.771639118973475 ], [ -73.991757938444138, 40.772166145687834 ], [ -73.993203471166964, 40.7727798103924 ], [ -73.993245032974258, 40.772797451600852 ], [ -73.993325198432814, 40.772831479537572 ], [ -73.993410454535081, 40.77287889534567 ], [ -73.993490464140663, 40.772928905262049 ], [ -73.993580387799682, 40.772971166613992 ], [ -73.993628227245054, 40.772993650358956 ], [ -73.993935876811207, 40.773179512586132 ], [ -73.99393666589809, 40.773179845835941 ], [ -73.993862953291398, 40.773269529072309 ], [ -73.993823345053514, 40.7733817668827 ], [ -73.993767913992073, 40.773483994507806 ], [ -73.993699309278043, 40.773562152155534 ], [ -73.993622795213241, 40.773632290212412 ], [ -73.99352782764133, 40.773714446468603 ], [ -73.993443419171967, 40.773770549678339 ], [ -73.993411756715176, 40.773802612423943 ], [ -73.993358941507481, 40.773926880154669 ], [ -73.992622663865419, 40.77497405603696 ], [ -73.992577842766096, 40.77495601635944 ], [ -73.992527743951541, 40.775002110439878 ], [ -73.992469745815342, 40.775024159551812 ], [ -73.992403837191873, 40.775018140390699 ], [ -73.992267089035408, 40.775116033858588 ], [ -73.992059084937097, 40.775497598694876 ], [ -73.992125372394923, 40.775509075053392 ], [ -73.992226867796987, 40.775482211026173 ], [ -73.992329346608798, 40.775468900958558 ], [ -73.992361756801131, 40.775501899766681 ], [ -73.992386042960334, 40.775557179922089 ], [ -73.992087684712686, 40.7759839708214 ], [ -73.992018779910708, 40.776073340735437 ], [ -73.99142953190217, 40.776879560545325 ], [ -73.990927174149689, 40.777566878763004 ], [ -73.990730413394786, 40.777560550242598 ], [ -73.990396160036511, 40.777585065679084 ], [ -73.99010126597662, 40.77799645751665 ], [ -73.9896488729282, 40.778627560009021 ], [ -73.989200958864302, 40.7792523986516 ], [ -73.989200680899216, 40.779252786781868 ], [ -73.989175778438039, 40.779287524015814 ], [ -73.989085194785901, 40.779407597662058 ], [ -73.98886861740003, 40.779692922911458 ], [ -73.988871874499765, 40.779713738253058 ], [ -73.989219022880476, 40.779697895711998 ], [ -73.98927785904425, 40.779723439271073 ], [ -73.989409054180129, 40.779737706471984 ], [ -73.98949861492703, 40.779725044389785 ], [ -73.98959649338822, 40.779698146683423 ], [ -73.989679812902494, 40.779677568658066 ], [ -73.989752702937864, 40.779671244714166 ], [ -73.989842247806493, 40.779680752670707 ], [ -73.989944302271482, 40.779696592768644 ], [ -73.990040102120545, 40.779707677195688 ], [ -73.990137977524824, 40.77969976970482 ], [ -73.990223368456398, 40.779682361713817 ], [ -73.990335840332207, 40.779661794395025 ], [ -73.990430598697088, 40.779664972552965 ], [ -73.990507646155052, 40.779668139123892 ], [ -73.990622199396782, 40.779676064411753 ], [ -73.990745069505394, 40.779671328686661 ], [ -73.990872114282183, 40.779646007643933 ], [ -73.990961672224287, 40.779639684254363 ], [ -73.991057472829524, 40.779652352625789 ], [ -73.991157429497036, 40.779669775606493 ], [ -73.99124281740437, 40.779671367587127 ], [ -73.991255318289646, 40.7796507830191 ], [ -73.991294887120119, 40.779630209208911 ], [ -73.991321967649881, 40.779631796041421 ], [ -73.991359455569466, 40.779585882834837 ], [ -73.991551059227447, 40.779574820934812 ], [ -73.991419825859637, 40.779755280287084 ], [ -73.988886144116961, 40.779878898532758 ], [ -73.988939656706265, 40.779956178440443 ], [ -73.988926103530744, 40.780059292516242 ], [ -73.988911680264607, 40.780096037649237 ], [ -73.988911660673665, 40.780122366267655 ], [ -73.988919261468425, 40.780226094343696 ], [ -73.988381050202634, 40.78098107404584 ], [ -73.988232413846973, 40.781233144215605 ], [ -73.988210420831649, 40.781225482542105 ], [ -73.988144181354087, 40.781365671327237 ], [ -73.988137881744777, 40.781379281274049 ], [ -73.988127461686858, 40.781401796944927 ], [ -73.988041288067251, 40.781585960851245 ], [ -73.988100293824616, 40.781602878305314 ], [ -73.988076449145055, 40.781650935001664 ], [ -73.988018059972219, 40.781634188810479 ], [ -73.987960792842131, 40.781770987031571 ], [ -73.987919684592384, 40.78183347821583 ], [ -73.9878772872501, 40.781892051334793 ], [ -73.986474803685937, 40.783916573718756 ], [ -73.986251870035446, 40.784238764245472 ], [ -73.986113727252956, 40.784438911877402 ], [ -73.985615803963682, 40.785141862595076 ], [ -73.985465811970258, 40.785360700575488 ], [ -73.986172704965455, 40.786068452258718 ], [ -73.986455862401982, 40.78591921908145 ], [ -73.987072345615587, 40.78518963882015 ], [ -73.98711901394266, 40.785210318501555 ], [ -73.986497781023587, 40.78595120288729 ], [ -73.986164628806264, 40.786121882448349 ], [ -73.986128422485891, 40.786239001331168 ], [ -73.986071135219731, 40.786240706026632 ], [ -73.986027274789123, 40.78622896423677 ], [ -73.986097637849412, 40.786058225697978 ], [ -73.985429321269422, 40.785413942184661 ], [ -73.985081137732053, 40.785921935110494 ], [ -73.985198833254486, 40.785966552197799 ], [ -73.985170502389892, 40.786013334158199 ], [ -73.985216218673642, 40.786030501816455 ], [ -73.985255097979916, 40.785976205511624 ], [ -73.985242739376559, 40.785972572150776 ], [ -73.985249629330156, 40.785963139855888 ], [ -73.985281779186735, 40.785978620950097 ], [ -73.985240032884519, 40.786035858136827 ], [ -73.985683885242167, 40.786222123919721 ], [ -73.98571752900456, 40.786175994668838 ], [ -73.985765660297517, 40.786196274858661 ], [ -73.985682871922521, 40.786309786213174 ], [ -73.985636270930542, 40.786290150146741 ], [ -73.985670722564663, 40.786242911993845 ], [ -73.985615237644353, 40.78621964571532 ], [ -73.985205118800366, 40.786047669212827 ], [ -73.985211035607477, 40.786039554883715 ], [ -73.985162639947092, 40.786020999267215 ], [ -73.985131636312047, 40.786060297020008 ], [ -73.98501696406484, 40.786014237698254 ], [ -73.984935978203538, 40.786130720651038 ], [ -73.98465507883023, 40.786534741807998 ], [ -73.985743787901029, 40.786570082854766 ], [ -73.985892272283266, 40.786426529019614 ], [ -73.985942854994974, 40.786452847880376 ], [ -73.98594956155668, 40.786487113463956 ], [ -73.985812373526514, 40.786616865357132 ], [ -73.985135209703259, 40.786587618392957 ], [ -73.984619428584097, 40.786586016349872 ], [ -73.98369521623664, 40.787915281312756 ], [ -73.982346641475516, 40.789854781275267 ], [ -73.981897533931615, 40.790500653384221 ], [ -73.981886459465471, 40.790516580432566 ], [ -73.981814537500384, 40.790478356298358 ], [ -73.981765730557257, 40.790455425793574 ], [ -73.98169328900002, 40.790418727654732 ], [ -73.981542285292932, 40.790366851706203 ], [ -73.98097150861733, 40.79016087891533 ], [ -73.980356593551392, 40.789940558140074 ], [ -73.979199430600119, 40.789450405800778 ], [ -73.979160468402128, 40.789433901223589 ], [ -73.979100313618346, 40.789408419811615 ], [ -73.978948713082872, 40.789344202792712 ], [ -73.977856499465886, 40.788881539975762 ], [ -73.97724723438921, 40.78862494752228 ], [ -73.976601400572278, 40.788358159726918 ], [ -73.976498427434407, 40.788315547683396 ], [ -73.976390139273391, 40.788269586468715 ], [ -73.97501417141946, 40.787685606053472 ], [ -73.973427322212686, 40.787015603885635 ], [ -73.973232280088467, 40.786933250275098 ], [ -73.972174150420116, 40.78648646124887 ], [ -73.970259539731416, 40.785681631373805 ], [ -73.970127904240016, 40.785626294739686 ], [ -73.969335733189467, 40.785293279557095 ] ] ] ] } },
{ "type": "Feature", "properties": { "Precinct": 22, "Shape_Length": "32,712.4550439", "Shape_Area": "38,312,247.3038", "in_manhattan": true }, "geometry": { "type": "MultiPolygon", "coordinates": [ [ [ [ -73.94923327082499, 40.796871999905463 ], [ -73.949422877494101, 40.796606385333149 ], [ -73.949686829965074, 40.796216985380873 ], [ -73.949916933267048, 40.795909819668218 ], [ -73.950158212930347, 40.79558773267739 ], [ -73.950628853875145, 40.794959592046148 ], [ -73.951111023724138, 40.794285035321941 ], [ -73.951602653649118, 40.793607805613831 ], [ -73.952071271447906, 40.792981171983726 ], [ -73.952522226387558, 40.792347622225243 ], [ -73.952977405536046, 40.791719692665531 ], [ -73.953098275406816, 40.791552752912345 ], [ -73.953160449948697, 40.791466881383897 ], [ -73.953436837729924, 40.791085141371468 ], [ -73.953889170148443, 40.790470498554086 ], [ -73.954399191031328, 40.78977490866739 ], [ -73.954817238166541, 40.789204744370139 ], [ -73.95510416948332, 40.788822072925512 ], [ -73.955282334147313, 40.788584455488014 ], [ -73.9555222725146, 40.788259450676485 ], [ -73.955777359122465, 40.787913925643757 ], [ -73.956261308314893, 40.787222876279557 ], [ -73.956718629982504, 40.786600793824363 ], [ -73.956930595258214, 40.786304124765167 ], [ -73.957032255104593, 40.786161839483931 ], [ -73.957162433906575, 40.785979638259683 ], [ -73.957635993898307, 40.785343457821277 ], [ -73.958103534441747, 40.784713005233904 ], [ -73.958568100776546, 40.784083444039965 ], [ -73.959011766812893, 40.783461285305165 ], [ -73.959469059915165, 40.782833321664477 ], [ -73.959920942200611, 40.782212944004691 ], [ -73.96041430653959, 40.781524267804912 ], [ -73.960910160721923, 40.780857036026696 ], [ -73.96136872606796, 40.780229749047329 ], [ -73.96183836839765, 40.779584191693473 ], [ -73.962303614136658, 40.778947042377325 ], [ -73.962767155596595, 40.778313040888747 ], [ -73.963134598035637, 40.777808051278235 ], [ -73.963229919110461, 40.777677047361898 ], [ -73.963726026741696, 40.777005717899925 ], [ -73.963761237850932, 40.776950969934646 ], [ -73.96422820174044, 40.776310309182598 ], [ -73.964687358417507, 40.775677081715401 ], [ -73.96514745374806, 40.775044231587216 ], [ -73.965609686214876, 40.774407202115562 ], [ -73.966074490410051, 40.773772989100188 ], [ -73.966536170132301, 40.77314036808766 ], [ -73.967039475799169, 40.772461219486544 ], [ -73.967533984443719, 40.771776183984038 ], [ -73.96799327777012, 40.771147230952693 ], [ -73.968441559334067, 40.770516326370497 ], [ -73.968904547764438, 40.769900831791325 ], [ -73.969364846126666, 40.769270656823132 ], [ -73.969516051774278, 40.769065200424514 ], [ -73.969824552878151, 40.768646008820895 ], [ -73.970281655022703, 40.768025032429719 ], [ -73.970727774145786, 40.767393722918776 ], [ -73.971185209795891, 40.766770290172417 ], [ -73.971647743343183, 40.766142468472736 ], [ -73.972098524443638, 40.765517251227536 ], [ -73.972553522957625, 40.76489773172338 ], [ -73.973014872422212, 40.764278879445392 ], [ -73.973635846990433, 40.764569913775944 ], [ -73.974192289332791, 40.764806528331711 ], [ -73.976233887088171, 40.765674631444412 ], [ -73.978361129753111, 40.766573711319666 ], [ -73.979076587781293, 40.766876086134957 ], [ -73.981491214266981, 40.767881198598332 ], [ -73.981467971957287, 40.767918875740783 ], [ -73.981449937686321, 40.767958166486594 ], [ -73.981437302616527, 40.767998657080526 ], [ -73.981430200846205, 40.768039919852974 ], [ -73.981428706102349, 40.768081518915011 ], [ -73.981432835484483, 40.768123015017331 ], [ -73.981442543954216, 40.768163970407514 ], [ -73.981457730063042, 40.768203951008879 ], [ -73.981482038711079, 40.768242420820393 ], [ -73.981512000143979, 40.768278511831788 ], [ -73.981547218097177, 40.768311747029642 ], [ -73.981587226884258, 40.768341684234585 ], [ -73.981631494478236, 40.768367928833896 ], [ -73.981679435512248, 40.768390132108735 ], [ -73.981022899621593, 40.76927283473227 ], [ -73.980563706007416, 40.76990532456589 ], [ -73.980111815616993, 40.770528369851093 ], [ -73.979652334022362, 40.771155327542601 ], [ -73.979192145119669, 40.771781266001391 ], [ -73.978722467921415, 40.772418898285196 ], [ -73.978282200141692, 40.773031878737967 ], [ -73.977826392988561, 40.77365619192171 ], [ -73.977370849930693, 40.774281007213915 ], [ -73.97691168226271, 40.774909124529607 ], [ -73.976457773998689, 40.775532537754557 ], [ -73.975955172950236, 40.776219754626183 ], [ -73.975459324337208, 40.776898723229316 ], [ -73.97500111964014, 40.777527781089411 ], [ -73.974754241464069, 40.777864693602375 ], [ -73.974532314884087, 40.778167785025737 ], [ -73.974292948625177, 40.778497988953703 ], [ -73.974066681033719, 40.778805416721234 ], [ -73.973571174232418, 40.77947786279384 ], [ -73.971723055558385, 40.782021476462269 ], [ -73.971222922209535, 40.78270625558747 ], [ -73.970760130285797, 40.783340137050857 ], [ -73.970300682282428, 40.783975413948703 ], [ -73.969832256229083, 40.784610911256529 ], [ -73.969335733189467, 40.785293279557095 ], [ -73.969109504374941, 40.7856032812021 ], [ -73.969086086138404, 40.785639695911875 ], [ -73.968850368178551, 40.785974052988053 ], [ -73.968384793136622, 40.786595696523996 ], [ -73.967926963544897, 40.787221570623494 ], [ -73.967449082849669, 40.787860721092834 ], [ -73.967009770733995, 40.78847679074223 ], [ -73.966552266788568, 40.789107153998238 ], [ -73.966095004842771, 40.789734389766444 ], [ -73.965627994504004, 40.790366118804052 ], [ -73.965177054990122, 40.790990341099366 ], [ -73.964685406071979, 40.791664027301039 ], [ -73.96417598587449, 40.792362045027978 ], [ -73.96380600911256, 40.79287990130544 ], [ -73.963711005681816, 40.793009028044565 ], [ -73.963218327449269, 40.793678573278328 ], [ -73.963079310927441, 40.793867876830724 ], [ -73.962975793964603, 40.794016181496133 ], [ -73.962821497377277, 40.794237235691298 ], [ -73.962359802167597, 40.794852061230998 ], [ -73.962253962708957, 40.794996390607587 ], [ -73.962173390549751, 40.795106263599131 ], [ -73.962101978588194, 40.795203644023964 ], [ -73.961899854609229, 40.795479270563753 ], [ -73.961752625191053, 40.795681741233018 ], [ -73.961440606557062, 40.796110827686562 ], [ -73.960979717197276, 40.796738644547609 ], [ -73.960747850241887, 40.797055976157694 ], [ -73.960522716695408, 40.797368469462391 ], [ -73.960030184370893, 40.798038107896936 ], [ -73.959536589343003, 40.798718526023407 ], [ -73.959076690722924, 40.799352233927699 ], [ -73.958618792567009, 40.799977026154515 ], [ -73.958333049566548, 40.800365053511136 ], [ -73.95819500897116, 40.800552498510619 ], [ -73.957864992952537, 40.800515272439057 ], [ -73.955366516201622, 40.799466427589095 ], [ -73.955303639866131, 40.799440501199975 ], [ -73.955257636491496, 40.799421199564605 ], [ -73.955222964779836, 40.799406646617626 ], [ -73.952767268901383, 40.798372092071403 ], [ -73.952531866661687, 40.798269742692284 ], [ -73.952460927852371, 40.798242494680501 ], [ -73.95237422614062, 40.798209741610599 ], [ -73.95094228349457, 40.797603118340874 ], [ -73.949747730844294, 40.797097001601237 ], [ -73.949604806466027, 40.79704932040503 ], [ -73.94923327082499, 40.796871999905463 ] ] ] ] } },
{ "type": "Feature", "properties": { "Precinct": 23, "Shape_Length": "19,427.8845417", "Shape_Area": "21,466,676.4002", "in_manhattan": true }, "geometry": { "type": "MultiPolygon", "coordinates": [ [ [ [ -73.932240937142623, 40.78969488168741 ], [ -73.932243245112417, 40.78969251541119 ], [ -73.932402769293859, 40.789717872212712 ], [ -73.9324014551364, 40.789720290672754 ], [ -73.932240937142623, 40.78969488168741 ] ] ], [ [ [ -73.935190392961744, 40.791471160129099 ], [ -73.935467620884054, 40.791263652057545 ], [ -73.935538966959399, 40.791318693659797 ], [ -73.935831067889083, 40.791094704870247 ], [ -73.936023918237808, 40.790829128125964 ], [ -73.93632010870607, 40.790425957648601 ], [ -73.936693022100314, 40.789913049159104 ], [ -73.937061687470646, 40.789413590213513 ], [ -73.937053045788815, 40.78940641675743 ], [ -73.937081043823028, 40.789366395709997 ], [ -73.937072462621813, 40.789345842388762 ], [ -73.937014796867416, 40.789321281184897 ], [ -73.936140733141229, 40.788949073410521 ], [ -73.936128362352974, 40.78893853005966 ], [ -73.936126892796864, 40.788926867985431 ], [ -73.936218598699057, 40.788800498076874 ], [ -73.936227512953451, 40.788795612949855 ], [ -73.93624303325052, 40.788795774152078 ], [ -73.937149654611048, 40.789168449059495 ], [ -73.937228901672952, 40.788996308037149 ], [ -73.937397886093095, 40.788621719843469 ], [ -73.937416756774411, 40.788579761516324 ], [ -73.937549891625792, 40.788283744528847 ], [ -73.937634829122871, 40.788094244814801 ], [ -73.937686693853763, 40.78797356057904 ], [ -73.937695630222606, 40.787957293520513 ], [ -73.937741221761911, 40.787853904350897 ], [ -73.937773632551156, 40.787783358062619 ], [ -73.937817226929127, 40.787688468680884 ], [ -73.937947689769899, 40.787477299429263 ], [ -73.937945908512731, 40.787469158755329 ], [ -73.937959307751896, 40.787456279930012 ], [ -73.937971818013949, 40.787431873382509 ], [ -73.938115700897271, 40.787184762756418 ], [ -73.938133561929902, 40.787165790398475 ], [ -73.938194296253201, 40.787097330299773 ], [ -73.9382451995141, 40.787041068108124 ], [ -73.938539373316559, 40.786710777000131 ], [ -73.939266426445144, 40.785888753067141 ], [ -73.939826196964603, 40.785256552415504 ], [ -73.93983453997923, 40.785253972359129 ], [ -73.939842823909089, 40.785251410364019 ], [ -73.939852676033809, 40.785243931650193 ], [ -73.939880455606584, 40.785232375510148 ], [ -73.939888520617458, 40.785223527347057 ], [ -73.939910032824699, 40.785211966758006 ], [ -73.939929743994611, 40.785201765531333 ], [ -73.939954836793362, 40.785189522794496 ], [ -73.939989780189947, 40.785170477792768 ], [ -73.940013083867271, 40.785156873806407 ], [ -73.940024732525373, 40.785153476425791 ], [ -73.940049827075839, 40.785138514231448 ], [ -73.94006415729082, 40.785131029620075 ], [ -73.94011434323869, 40.785103824644693 ], [ -73.940149472762641, 40.785087255379494 ], [ -73.940185129310549, 40.785066202060698 ], [ -73.940202301812974, 40.785059187140348 ], [ -73.940224752841516, 40.785045151291008 ], [ -73.940237957683124, 40.785037134684067 ], [ -73.940267009955164, 40.785022101453464 ], [ -73.940362093513315, 40.784971984082311 ], [ -73.940453207484879, 40.784922873083495 ], [ -73.940533771982189, 40.784878771605918 ], [ -73.940550938077649, 40.784866741593618 ], [ -73.940581302009036, 40.784853708709257 ], [ -73.940590549683719, 40.784846689142142 ], [ -73.940623570576605, 40.784829650411702 ], [ -73.940673744021595, 40.784803597926661 ], [ -73.940717326763192, 40.784780541067086 ], [ -73.940721283615062, 40.784780543102436 ], [ -73.940749017205263, 40.784767518202173 ], [ -73.940767508259412, 40.784757495121326 ], [ -73.940788680061004, 40.78474744878865 ], [ -73.940830881425853, 40.784727424556387 ], [ -73.941024997318863, 40.784635222486379 ], [ -73.941085737106476, 40.784609166516731 ], [ -73.941110828388616, 40.784597148680511 ], [ -73.941137236130984, 40.784583114004285 ], [ -73.941172888547825, 40.784566076962534 ], [ -73.941446120189383, 40.784431473851633 ], [ -73.94152576810184, 40.784390900969903 ], [ -73.941674541957454, 40.784313830631945 ], [ -73.94185448592205, 40.784220746677448 ], [ -73.942014317530948, 40.784137584897444 ], [ -73.942179185955609, 40.784051363394859 ], [ -73.942313888743215, 40.783981165766463 ], [ -73.942391285209681, 40.783940726182671 ], [ -73.942434511370649, 40.783917830322402 ], [ -73.942469704447717, 40.783896460947055 ], [ -73.942572255248777, 40.783824724155401 ], [ -73.942604427235651, 40.783801830930777 ], [ -73.942673798182838, 40.78375374314718 ], [ -73.942781375333624, 40.783678190096545 ], [ -73.942867837926698, 40.78361865580257 ], [ -73.942935205311372, 40.78357210608965 ], [ -73.94301663136936, 40.783514865458521 ], [ -73.943115162113017, 40.783446170629659 ], [ -73.943161419104968, 40.783411830494785 ], [ -73.943205655369397, 40.783369842987703 ], [ -73.943239857397515, 40.783327851694388 ], [ -73.943270030356729, 40.783288154676768 ], [ -73.94331027382033, 40.783233180946439 ], [ -73.943347493663921, 40.783182032998539 ], [ -73.943396790772866, 40.783109502846436 ], [ -73.943441055264188, 40.783049182128138 ], [ -73.943551438394678, 40.782903508488346 ], [ -73.9435442071252, 40.782880523822669 ], [ -73.943593851527027, 40.782773452879674 ], [ -73.943760053405867, 40.782828932220056 ], [ -73.943783540285736, 40.782838700186829 ], [ -73.943832566099047, 40.782859089474975 ], [ -73.943893246059289, 40.782887727332565 ], [ -73.943954600749862, 40.782915519650842 ], [ -73.94401042458415, 40.782942912381841 ], [ -73.944054393802148, 40.782964358045938 ], [ -73.944646659919499, 40.783217873802784 ], [ -73.94472264526928, 40.783247572641478 ], [ -73.945921859937428, 40.78375279835474 ], [ -73.946444972832381, 40.783973178075627 ], [ -73.947089519167235, 40.784244905794942 ], [ -73.947843460369356, 40.784563756068444 ], [ -73.948776262894839, 40.78495823709973 ], [ -73.949331706271124, 40.785193126055354 ], [ -73.950338040641782, 40.785617151185569 ], [ -73.950928127882179, 40.785865380675283 ], [ -73.951296708530904, 40.786020074865192 ], [ -73.95222947536935, 40.786411551404278 ], [ -73.952464301667405, 40.786510431420872 ], [ -73.952551454689555, 40.786548581834872 ], [ -73.952661367281522, 40.78659502012701 ], [ -73.953416467565134, 40.786912571139439 ], [ -73.95371345060596, 40.787037585526775 ], [ -73.9541647699251, 40.787227563576486 ], [ -73.955777359122465, 40.787913925643757 ], [ -73.9555222725146, 40.788259450676485 ], [ -73.955282334147313, 40.788584455488014 ], [ -73.95510416948332, 40.788822072925512 ], [ -73.954817238166541, 40.789204744370139 ], [ -73.954399191031328, 40.78977490866739 ], [ -73.953889170148443, 40.790470498554086 ], [ -73.953436837729924, 40.791085141371468 ], [ -73.953160449948697, 40.791466881383897 ], [ -73.953098275406816, 40.791552752912345 ], [ -73.952977405536046, 40.791719692665531 ], [ -73.952522226387558, 40.792347622225243 ], [ -73.952071271447906, 40.792981171983726 ], [ -73.951602653649118, 40.793607805613831 ], [ -73.951111023724138, 40.794285035321941 ], [ -73.950628853875145, 40.794959592046148 ], [ -73.950158212930347, 40.79558773267739 ], [ -73.949916933267048, 40.795909819668218 ], [ -73.949686829965074, 40.796216985380873 ], [ -73.949422877494101, 40.796606385333149 ], [ -73.94923327082499, 40.796871999905463 ], [ -73.949065178589066, 40.797100494106154 ], [ -73.948787027450308, 40.797482839004857 ], [ -73.948311254543825, 40.798129217566832 ], [ -73.948206415380128, 40.798272851098368 ], [ -73.948153843248363, 40.798344876578419 ], [ -73.948101090926954, 40.798417148381731 ], [ -73.948051302691638, 40.798485359352057 ], [ -73.947846791188795, 40.798765542700856 ], [ -73.947816630528152, 40.798806862971986 ], [ -73.947757164688483, 40.798888332040868 ], [ -73.947710559793151, 40.798952180613483 ], [ -73.94741996235193, 40.799350295295703 ], [ -73.947375999108615, 40.799410524218295 ], [ -73.947327715145903, 40.799476671478658 ], [ -73.947280183635939, 40.79954178878431 ], [ -73.946973668070285, 40.799961702910245 ], [ -73.945938808576827, 40.799529171875612 ], [ -73.945359063649747, 40.799286861916862 ], [ -73.944337837924024, 40.798862554921243 ], [ -73.944282202923631, 40.798839438252728 ], [ -73.943873107549209, 40.798669459657326 ], [ -73.943741988839236, 40.79861507762979 ], [ -73.943608121713538, 40.798560819751664 ], [ -73.942871448141958, 40.798255353590726 ], [ -73.942821907258207, 40.798234809904706 ], [ -73.942120112086016, 40.797943797872705 ], [ -73.940518279509448, 40.79726070107462 ], [ -73.94027251634175, 40.797155141827588 ], [ -73.940188814096899, 40.797119190289436 ], [ -73.939889885864901, 40.796990793934 ], [ -73.939707009393132, 40.796912244640296 ], [ -73.939345472899404, 40.796756954154432 ], [ -73.939179045568224, 40.796685467820517 ], [ -73.938285083949211, 40.79630147672421 ], [ -73.938177537560051, 40.796256623917969 ], [ -73.938092362883694, 40.796221100433087 ], [ -73.937917961958235, 40.796148364617657 ], [ -73.937821891573051, 40.796108297984084 ], [ -73.937595602573964, 40.796013919938687 ], [ -73.937405347360823, 40.79593457042246 ], [ -73.937081118610649, 40.79579934496271 ], [ -73.936896489493989, 40.795722340008659 ], [ -73.93591226963575, 40.795311838170882 ], [ -73.933647413866623, 40.794376503117249 ], [ -73.934107708025834, 40.793768443206112 ], [ -73.933206666955911, 40.793293691796961 ], [ -73.933098304883202, 40.793238745728651 ], [ -73.933023635570336, 40.793202124437826 ], [ -73.932982614008907, 40.793182000433241 ], [ -73.932877127211697, 40.793130251870842 ], [ -73.933106832078067, 40.792995328209543 ], [ -73.933245873946447, 40.79291429602916 ], [ -73.93327132021129, 40.792899463351674 ], [ -73.933484896446487, 40.792774171332546 ], [ -73.93372790503588, 40.792601478371104 ], [ -73.933887852657008, 40.792489477017106 ], [ -73.934069977265693, 40.792358293772949 ], [ -73.934272217146045, 40.792217315797885 ], [ -73.934340327866266, 40.792167968054621 ], [ -73.934510425486337, 40.792051294646434 ], [ -73.934738815844582, 40.791900768705197 ], [ -73.935054060579631, 40.791686231358476 ], [ -73.935107644916329, 40.791648888699754 ], [ -73.935171824516161, 40.791604739567511 ], [ -73.935268097784032, 40.791528025800432 ], [ -73.93526500788937, 40.791525763481225 ], [ -73.935190392961744, 40.791471160129099 ] ] ] ] } },
{ "type": "Feature", "properties": { "Precinct": 24, "Shape_Length": "20,707.0069544", "Shape_Area": "25,478,124.0678", "in_manhattan": true }, "geometry": { "type": "MultiPolygon", "coordinates": [ [ [ [ -73.959646854231522, 40.801156423256501 ], [ -73.95883381389838, 40.800817505102685 ], [ -73.958481114761142, 40.800670478088634 ], [ -73.95819500897116, 40.800552498510619 ], [ -73.958333049566548, 40.800365053511136 ], [ -73.958618792567009, 40.799977026154515 ], [ -73.959076690722924, 40.799352233927699 ], [ -73.959536589343003, 40.798718526023407 ], [ -73.960030184370893, 40.798038107896936 ], [ -73.960522716695408, 40.797368469462391 ], [ -73.960747850241887, 40.797055976157694 ], [ -73.960979717197276, 40.796738644547609 ], [ -73.961440606557062, 40.796110827686562 ], [ -73.961752625191053, 40.795681741233018 ], [ -73.961899854609229, 40.795479270563753 ], [ -73.962101978588194, 40.795203644023964 ], [ -73.962173390549751, 40.795106263599131 ], [ -73.962253962708957, 40.794996390607587 ], [ -73.962359802167597, 40.794852061230998 ], [ -73.962821497377277, 40.794237235691298 ], [ -73.962975793964603, 40.794016181496133 ], [ -73.963079310927441, 40.793867876830724 ], [ -73.963218327449269, 40.793678573278328 ], [ -73.963711005681816, 40.793009028044565 ], [ -73.96380600911256, 40.79287990130544 ], [ -73.96417598587449, 40.792362045027978 ], [ -73.964685406071979, 40.791664027301039 ], [ -73.965177054990122, 40.790990341099366 ], [ -73.965627994504004, 40.790366118804052 ], [ -73.966095004842771, 40.789734389766444 ], [ -73.966552266788568, 40.789107153998238 ], [ -73.967009770733995, 40.78847679074223 ], [ -73.967449082849669, 40.787860721092834 ], [ -73.967926963544897, 40.787221570623494 ], [ -73.968384793136622, 40.786595696523996 ], [ -73.968850368178551, 40.785974052988053 ], [ -73.969086086138404, 40.785639695911875 ], [ -73.969109504374941, 40.7856032812021 ], [ -73.969335733189467, 40.785293279557095 ], [ -73.970127904240016, 40.785626294739686 ], [ -73.970259539731416, 40.785681631373805 ], [ -73.972174150420116, 40.78648646124887 ], [ -73.973232280088467, 40.786933250275098 ], [ -73.973427322212686, 40.787015603885635 ], [ -73.97501417141946, 40.787685606053472 ], [ -73.976390139273391, 40.788269586468715 ], [ -73.976498427434407, 40.788315547683396 ], [ -73.976601400572278, 40.788358159726918 ], [ -73.97724723438921, 40.78862494752228 ], [ -73.977856499465886, 40.788881539975762 ], [ -73.978948713082872, 40.789344202792712 ], [ -73.979100313618346, 40.789408419811615 ], [ -73.979160468402128, 40.789433901223589 ], [ -73.979199430600119, 40.789450405800778 ], [ -73.980356593551392, 40.789940558140074 ], [ -73.98097150861733, 40.79016087891533 ], [ -73.981542285292932, 40.790366851706203 ], [ -73.98169328900002, 40.790418727654732 ], [ -73.981765730557257, 40.790455425793574 ], [ -73.981814537500384, 40.790478356298358 ], [ -73.981886459465471, 40.790516580432566 ], [ -73.981391744685524, 40.791228246005183 ], [ -73.981289373709515, 40.791375509433074 ], [ -73.980947083540642, 40.791867893782545 ], [ -73.980537679464007, 40.792456812625026 ], [ -73.980434342560045, 40.79259428309679 ], [ -73.980132225786477, 40.792993765885782 ], [ -73.980046843979878, 40.793113525666534 ], [ -73.979288220829801, 40.794177632163354 ], [ -73.978289491527562, 40.795586760460935 ], [ -73.977794755032065, 40.796284629771954 ], [ -73.976852078451941, 40.797631348393217 ], [ -73.976399519305573, 40.798273210692557 ], [ -73.976285278842539, 40.798435235410096 ], [ -73.975830557852362, 40.799092280913278 ], [ -73.975781693211914, 40.799156256780336 ], [ -73.975791401301962, 40.799209627886256 ], [ -73.975762194864814, 40.799260173549328 ], [ -73.975543858219993, 40.799528251139947 ], [ -73.975267832344542, 40.799932849531764 ], [ -73.975086680678913, 40.800189533633031 ], [ -73.974964368081842, 40.800369634193927 ], [ -73.974839244360027, 40.800558243262707 ], [ -73.974665567227248, 40.800813514734202 ], [ -73.97448722520987, 40.801057428896861 ], [ -73.974143618234677, 40.801516895341187 ], [ -73.973940983666907, 40.801809025864031 ], [ -73.973899890524621, 40.801889863531237 ], [ -73.973774772460104, 40.802045845948598 ], [ -73.973720604557627, 40.802167815280278 ], [ -73.973613224639024, 40.8022968598872 ], [ -73.973542277215699, 40.802356411250337 ], [ -73.973366710678022, 40.80263011334651 ], [ -73.973205180457384, 40.802830058276328 ], [ -73.973128591209928, 40.802974715508682 ], [ -73.973070705379428, 40.803055548447446 ], [ -73.973035229020738, 40.803073973741952 ], [ -73.972923170019683, 40.803249822843881 ], [ -73.972868072621537, 40.803320734176076 ], [ -73.972871790815205, 40.803356187645342 ], [ -73.972554298296288, 40.803798634650171 ], [ -73.972172372417972, 40.804319076959075 ], [ -73.972050955218677, 40.804530376010078 ], [ -73.971952924385036, 40.804619709554188 ], [ -73.971818494835645, 40.804717542701958 ], [ -73.97179980150743, 40.80478561548604 ], [ -73.971712007270938, 40.804931691276572 ], [ -73.971620495693358, 40.805042294399399 ], [ -73.971611133914394, 40.805096187474383 ], [ -73.971442109615211, 40.805334426839828 ], [ -73.971290833003295, 40.805528707533263 ], [ -73.971107658523039, 40.805790139676738 ], [ -73.970898915983099, 40.805705945884412 ], [ -73.970763623006746, 40.805657373549799 ], [ -73.970693264733811, 40.805630267946647 ], [ -73.970635984962527, 40.805608734655962 ], [ -73.970466183667057, 40.805547618978466 ], [ -73.969787220033595, 40.805300496882055 ], [ -73.968607074061111, 40.804870949898167 ], [ -73.96855913417923, 40.804853584120345 ], [ -73.968495066379418, 40.804832270384168 ], [ -73.968048493270828, 40.804683700133623 ], [ -73.966803273232856, 40.80420756112121 ], [ -73.966701068903021, 40.80416847693715 ], [ -73.966597503765968, 40.804123678334079 ], [ -73.966174951775756, 40.803945504801497 ], [ -73.966035014505906, 40.803886499803845 ], [ -73.96556498572312, 40.803688601747794 ], [ -73.965426405006824, 40.803630318277968 ], [ -73.964342777488113, 40.803174561404902 ], [ -73.963861262029837, 40.802972038353118 ], [ -73.961077940021283, 40.801800357720438 ], [ -73.959646854231522, 40.801156423256501 ] ] ] ] } },
{ "type": "Feature", "properties": { "Precinct": 25, "Shape_Length": "52,199.2567518", "Shape_Area": "44,791,496.8884", "in_manhattan": true }, "geometry": { "type": "MultiPolygon", "coordinates": [ [ [ [ -73.938046406034388, 40.780829544275555 ], [ -73.937901336239406, 40.780749996172595 ], [ -73.937794487264156, 40.780781258755468 ], [ -73.937799441795633, 40.781031339796691 ], [ -73.937646318214831, 40.781001215892893 ], [ -73.937648212344371, 40.780946727948724 ], [ -73.937653659638116, 40.780790007552824 ], [ -73.937598946226231, 40.780467840861498 ], [ -73.937792691024583, 40.780357904212721 ], [ -73.93823773509402, 40.780259079465381 ], [ -73.938396225917387, 40.780262433391208 ], [ -73.938451520206399, 40.780282042132605 ], [ -73.938612008219451, 40.780338955868991 ], [ -73.939237461782341, 40.779733394058397 ], [ -73.939318219875545, 40.779718002329481 ], [ -73.939530157932538, 40.779527620260509 ], [ -73.93958378972431, 40.779576474509753 ], [ -73.939432380346574, 40.779812200274286 ], [ -73.939493297520556, 40.779873691315451 ], [ -73.93937515379676, 40.779978771849251 ], [ -73.939305284967801, 40.779951224552143 ], [ -73.939217896252799, 40.780013520221488 ], [ -73.938728029265476, 40.780510744207213 ], [ -73.938839517789205, 40.780599249799529 ], [ -73.9388286341011, 40.780763451230229 ], [ -73.938774236752224, 40.780944180717512 ], [ -73.938744230892752, 40.781043876042276 ], [ -73.93830098017763, 40.781362084365398 ], [ -73.938082132687143, 40.781418437777234 ], [ -73.937967577216, 40.781289334562871 ], [ -73.938028446460123, 40.78111579745886 ], [ -73.938049489217562, 40.781055806042509 ], [ -73.938067230899321, 40.780944702698129 ], [ -73.938046406034388, 40.780829544275555 ] ] ], [ [ [ -73.92133752419339, 40.800852106999635 ], [ -73.921135947091514, 40.800475459594011 ], [ -73.921033176451417, 40.800265281858088 ], [ -73.920838987131148, 40.800012598006703 ], [ -73.920578781165943, 40.799668148962873 ], [ -73.920354798936771, 40.799422852863167 ], [ -73.920314655212294, 40.79937545929004 ], [ -73.919237857643566, 40.798881067682856 ], [ -73.919145737482481, 40.798838987346002 ], [ -73.919065602821377, 40.798802797319389 ], [ -73.918994968434887, 40.798771842701925 ], [ -73.91898724457856, 40.798769712219887 ], [ -73.918910761006316, 40.798740137865749 ], [ -73.917979920581899, 40.798380201927515 ], [ -73.917902798109452, 40.798362653231521 ], [ -73.916629852478025, 40.79785813943711 ], [ -73.91639852914038, 40.797684842039033 ], [ -73.915454709664189, 40.797063466031005 ], [ -73.914438272333143, 40.795665517863881 ], [ -73.91380428276814, 40.794511846455919 ], [ -73.913783853705937, 40.793836285482115 ], [ -73.914592084677693, 40.792776601959133 ], [ -73.915141344261741, 40.792012482492318 ], [ -73.915356989103643, 40.79184304950774 ], [ -73.915521178462853, 40.791783250249388 ], [ -73.916305746816761, 40.7911174803343 ], [ -73.9161708792398, 40.791014293373784 ], [ -73.916865405849521, 40.790362062961627 ], [ -73.91707923528358, 40.790456674222469 ], [ -73.917106223129494, 40.790468616736803 ], [ -73.917840719220479, 40.790171319937464 ], [ -73.918123308711259, 40.790040239934257 ], [ -73.918433384656666, 40.789803964336741 ], [ -73.918562997749859, 40.789695333825932 ], [ -73.918590013667924, 40.789474103908667 ], [ -73.918508769590929, 40.789425089769423 ], [ -73.921892481289021, 40.785703269643186 ], [ -73.921995392730821, 40.785756077809978 ], [ -73.922190980572978, 40.785510671573846 ], [ -73.92243512114932, 40.784782837565025 ], [ -73.922852032801529, 40.783555693417696 ], [ -73.92306473139385, 40.783342884774328 ], [ -73.924011457826481, 40.782660689825043 ], [ -73.924013647387639, 40.782657643982596 ], [ -73.924062088291777, 40.782590278452069 ], [ -73.924121139967923, 40.782523074010847 ], [ -73.924236218758821, 40.782496915086725 ], [ -73.924247549016727, 40.782494339126544 ], [ -73.924310779586975, 40.78245595655428 ], [ -73.924480522804245, 40.782320490645844 ], [ -73.924673296718169, 40.782244860503624 ], [ -73.924883947717063, 40.78222258277362 ], [ -73.92506087908825, 40.782216293972866 ], [ -73.925140215191576, 40.782243767595695 ], [ -73.925153518403448, 40.78224837480785 ], [ -73.925241953080956, 40.78227404884862 ], [ -73.925389390880014, 40.782274144398905 ], [ -73.925718086785338, 40.782176557944602 ], [ -73.927137540685678, 40.781194269126175 ], [ -73.927324225748634, 40.781090629324304 ], [ -73.927544107685733, 40.781050634899103 ], [ -73.927603954745351, 40.781039748349023 ], [ -73.927696506165177, 40.781014785532982 ], [ -73.927787464951408, 40.780989858835213 ], [ -73.928101189873388, 40.780920320042163 ], [ -73.928492695613642, 40.7810083534809 ], [ -73.929173527906642, 40.7814105785422 ], [ -73.930309881294463, 40.782077335790675 ], [ -73.930638196911701, 40.782261413048992 ], [ -73.931053528078351, 40.782396594069191 ], [ -73.932670806104426, 40.78269363962481 ], [ -73.935023451345117, 40.783006382028837 ], [ -73.935405662842726, 40.783394499268105 ], [ -73.935812997986645, 40.783710081034997 ], [ -73.935982260065913, 40.78394236810643 ], [ -73.936070646170023, 40.784217215620266 ], [ -73.936053327415209, 40.784512368153543 ], [ -73.93600271240696, 40.784675371310094 ], [ -73.935918238400646, 40.784806879963433 ], [ -73.93579345348833, 40.785254781304047 ], [ -73.935765983482071, 40.785432239416544 ], [ -73.935763848129071, 40.785446039795303 ], [ -73.9357560780916, 40.78548162536886 ], [ -73.935740675908576, 40.785552169041118 ], [ -73.935712659976332, 40.785680490162676 ], [ -73.933128434690033, 40.788710179485513 ], [ -73.932696060863208, 40.789178223664898 ], [ -73.932402769293859, 40.789717872212712 ], [ -73.932243245112417, 40.78969251541119 ], [ -73.932240937142623, 40.78969488168741 ], [ -73.93224073284911, 40.789694849234927 ], [ -73.932105289573585, 40.78983395210782 ], [ -73.931475953297394, 40.790479159928047 ], [ -73.930841786510598, 40.790991430503638 ], [ -73.930729405038093, 40.790955114430865 ], [ -73.929784430083572, 40.791341475226609 ], [ -73.929724007818621, 40.791366178845628 ], [ -73.929666105426264, 40.791355786452996 ], [ -73.928719489267806, 40.790943532512465 ], [ -73.928594598479904, 40.790966924303916 ], [ -73.928072735757141, 40.790823390780481 ], [ -73.927373268982237, 40.790810825334646 ], [ -73.926922582570811, 40.790788693506713 ], [ -73.926808236946812, 40.79076443986839 ], [ -73.926667143460591, 40.790734513787264 ], [ -73.926418340430416, 40.790693375884558 ], [ -73.926254314486741, 40.790694533017003 ], [ -73.926104101866983, 40.790731607117365 ], [ -73.926062380489498, 40.790827848514724 ], [ -73.926065578684572, 40.790936517757295 ], [ -73.926085877058426, 40.791003808535869 ], [ -73.926089115030123, 40.791091780405303 ], [ -73.926044698964716, 40.79117711082646 ], [ -73.926047936890967, 40.791265082192076 ], [ -73.926086606166194, 40.791353676693788 ], [ -73.92611233766614, 40.791412627023483 ], [ -73.926152933736546, 40.791547209554345 ], [ -73.92615960449811, 40.791619661071238 ], [ -73.926159422497761, 40.79171538899471 ], [ -73.926271685248253, 40.791756908418371 ], [ -73.926441823236118, 40.791795904564488 ], [ -73.926547297423738, 40.791827065161655 ], [ -73.926567663399737, 40.791858134781812 ], [ -73.926513121856985, 40.791896884763283 ], [ -73.92627826425219, 40.791878518603653 ], [ -73.926145556965494, 40.79184732540363 ], [ -73.925927630813788, 40.791875547389473 ], [ -73.925764262202208, 40.791857257263423 ], [ -73.925635569074373, 40.791822158202997 ], [ -73.925587298796202, 40.791820830906978 ], [ -73.925580411740938, 40.791854466508305 ], [ -73.925607560262463, 40.791895907466404 ], [ -73.926169397794524, 40.791899223204936 ], [ -73.926428059502044, 40.791956490544472 ], [ -73.92662898423103, 40.791946397750259 ], [ -73.926666623692952, 40.791940190608287 ], [ -73.926737988469228, 40.791928423294401 ], [ -73.926700745900661, 40.791832621656781 ], [ -73.926639546127106, 40.791791134996721 ], [ -73.926578248093563, 40.791793644189227 ], [ -73.92650678778584, 40.791772849654677 ], [ -73.926367425734867, 40.791661388837575 ], [ -73.926330322673209, 40.791503476053911 ], [ -73.926344515676774, 40.791247289119511 ], [ -73.926426543378852, 40.791110234421545 ], [ -73.926488030309613, 40.791022324300826 ], [ -73.926565848159854, 40.790979501713231 ], [ -73.926702722622267, 40.790968159270221 ], [ -73.926738855882334, 40.790974120674541 ], [ -73.92682874565233, 40.790988952153477 ], [ -73.926944561178658, 40.790999382025461 ], [ -73.927019506796242, 40.790999429505625 ], [ -73.927114877265183, 40.791015024460599 ], [ -73.927165996679491, 40.790996933404465 ], [ -73.927240942735324, 40.7909969807409 ], [ -73.927315878586768, 40.791007384425889 ], [ -73.927380615902408, 40.790997068829384 ], [ -73.927438568200799, 40.790960857245665 ], [ -73.927510108050043, 40.790960902262619 ], [ -73.927561205660254, 40.790963523824949 ], [ -73.927653190783133, 40.790958402729231 ], [ -73.927784099285049, 40.790941603654204 ], [ -73.927868892411382, 40.790954838131867 ], [ -73.927893287309956, 40.790978846178433 ], [ -73.927902027194861, 40.791009818834119 ], [ -73.927910535663145, 40.791039146582534 ], [ -73.927893744985965, 40.791091111420947 ], [ -73.927659828062517, 40.791348334028058 ], [ -73.927578302295473, 40.791460474739154 ], [ -73.927320657086014, 40.791743160459596 ], [ -73.927276644242525, 40.791767327009325 ], [ -73.927232860524356, 40.791791368378057 ], [ -73.927135637280799, 40.791929306603151 ], [ -73.927801414723973, 40.791997479262363 ], [ -73.928000535724905, 40.792133640906918 ], [ -73.92826720296209, 40.792328523445626 ], [ -73.928337731792936, 40.792856549274696 ], [ -73.928342911374372, 40.792918058074072 ], [ -73.928342127090531, 40.792979689826915 ], [ -73.928335383169383, 40.793041110985321 ], [ -73.928322716092396, 40.79310198914024 ], [ -73.928295310429377, 40.793161168754708 ], [ -73.928265209212782, 40.793212875066253 ], [ -73.927353321466811, 40.794461894609945 ], [ -73.927260573030111, 40.794729833291051 ], [ -73.927243766586201, 40.794779176228921 ], [ -73.927097828214556, 40.795103604961007 ], [ -73.927051228546205, 40.795178492529089 ], [ -73.927011586413457, 40.795255659259006 ], [ -73.926979093357744, 40.795334732347001 ], [ -73.926953906384028, 40.795415329778017 ], [ -73.926936147201815, 40.795497062171364 ], [ -73.926925901636693, 40.795579534661584 ], [ -73.926923219215183, 40.795662348806346 ], [ -73.926904927283161, 40.795983851536036 ], [ -73.926890669619155, 40.796234524222214 ], [ -73.926889678279693, 40.796252011360203 ], [ -73.926951923560125, 40.796708432284355 ], [ -73.927038456716048, 40.796988795917571 ], [ -73.927118069448113, 40.797203861235573 ], [ -73.927185147783703, 40.797349896780268 ], [ -73.9273548544178, 40.79731658078633 ], [ -73.927346922527335, 40.797293902120437 ], [ -73.927671226208673, 40.79721701426628 ], [ -73.927706941271225, 40.797298663379586 ], [ -73.927382636245596, 40.797377063077896 ], [ -73.927366756606688, 40.797346820344835 ], [ -73.927202997042144, 40.797386747799436 ], [ -73.927216892572034, 40.797415433497733 ], [ -73.927277202689041, 40.797407453148622 ], [ -73.927439221853191, 40.797710538216023 ], [ -73.927475886034955, 40.798122899664946 ], [ -73.927262932912754, 40.79891864512205 ], [ -73.926919956158812, 40.799837590477424 ], [ -73.926901054443476, 40.79988823684959 ], [ -73.926882617543583, 40.799940768503262 ], [ -73.926854101726661, 40.799987559046123 ], [ -73.926806076435227, 40.800035900537722 ], [ -73.926695726295037, 40.800146977655061 ], [ -73.927247707892818, 40.800392957368999 ], [ -73.927114642306421, 40.800563756229579 ], [ -73.927066966284897, 40.800543012125843 ], [ -73.927169330224871, 40.800405853696176 ], [ -73.926665654803941, 40.800182714035806 ], [ -73.9265535165366, 40.800315172921451 ], [ -73.926742638929966, 40.800403498972798 ], [ -73.926736839530918, 40.800411471481908 ], [ -73.926725262168347, 40.800407338822858 ], [ -73.926720911689713, 40.800414210943586 ], [ -73.926538463900357, 40.800333898307954 ], [ -73.926502502755255, 40.800374917306961 ], [ -73.926684706211461, 40.800454757255871 ], [ -73.92655241808427, 40.800604825594881 ], [ -73.926845284296149, 40.80073964671282 ], [ -73.926831627407481, 40.80076552901469 ], [ -73.926869086794596, 40.800783676799284 ], [ -73.926995313031327, 40.800636176104312 ], [ -73.927046402979087, 40.800651743031317 ], [ -73.926886060220014, 40.800840648368926 ], [ -73.926509548673039, 40.800657031524565 ], [ -73.925880463377723, 40.801551741926147 ], [ -73.925824946387309, 40.80164248977826 ], [ -73.925775518117462, 40.801730600996315 ], [ -73.925698261787005, 40.801810871350611 ], [ -73.925492934930503, 40.801956168650712 ], [ -73.925275210201249, 40.801998522743375 ], [ -73.924360441075663, 40.801985553418973 ], [ -73.922633785948975, 40.801868738141081 ], [ -73.922155388988102, 40.801626469974842 ], [ -73.921910922295723, 40.801502666253569 ], [ -73.92133752419339, 40.800852106999635 ] ] ], [ [ [ -73.933805898818704, 40.816512493247131 ], [ -73.933829008846089, 40.815585360187505 ], [ -73.933946088253464, 40.815587624739194 ], [ -73.933946099337234, 40.815576457564696 ], [ -73.933941701461862, 40.815565298920845 ], [ -73.933949058575237, 40.815556369558543 ], [ -73.933950541513894, 40.815542980009958 ], [ -73.933941734703865, 40.815531808956358 ], [ -73.933941750211659, 40.815516185465967 ], [ -73.933952056579471, 40.815497218219264 ], [ -73.93395353730935, 40.815486052389033 ], [ -73.933934457095816, 40.815471534508958 ], [ -73.933946232276085, 40.815442517976336 ], [ -73.93393892276255, 40.815415724280548 ], [ -73.93394921255539, 40.815401223226687 ], [ -73.933946284347059, 40.815390054870583 ], [ -73.93395659090902, 40.815372204173812 ], [ -73.93394853112693, 40.815348202011421 ], [ -73.933948554391407, 40.815324761498069 ], [ -73.933948584304858, 40.815294621684764 ], [ -73.93395302092101, 40.815266726878328 ], [ -73.933954521581924, 40.8152354720267 ], [ -73.933944263782578, 40.815205325816905 ], [ -73.933948702831415, 40.815175197910371 ], [ -73.93394725313911, 40.815155097995735 ], [ -73.933963445309871, 40.815129443023544 ], [ -73.933967883025261, 40.815100422954494 ], [ -73.933963505122406, 40.815069164064965 ], [ -73.933969413580513, 40.815039027114601 ], [ -73.933985659578511, 40.814947510422293 ], [ -73.933989369309316, 40.814912357030956 ], [ -73.933982036858296, 40.814895612781179 ], [ -73.933983527538388, 40.814874397496418 ], [ -73.933974735194838, 40.81484872821332 ], [ -73.933982106613968, 40.814825293078414 ], [ -73.933973326472398, 40.814787331860302 ], [ -73.933990975114597, 40.814775068116603 ], [ -73.933977764161341, 40.814758311119171 ], [ -73.933989542022616, 40.814738227656179 ], [ -73.933995439364224, 40.814719257878934 ], [ -73.933980756566044, 40.814704742521883 ], [ -73.933982248340058, 40.814682420570328 ], [ -73.933985239639497, 40.814629959140973 ], [ -73.933976450659955, 40.814600930825314 ], [ -73.93396620950341, 40.814565211251463 ], [ -73.933991219783451, 40.814528386434127 ], [ -73.934014767269787, 40.814483752624817 ], [ -73.933856526388169, 40.814481474419232 ], [ -73.933862309727999, 40.814249296320533 ], [ -73.933863914492832, 40.814192737283491 ], [ -73.933865102619023, 40.814153157955651 ], [ -73.933869278466972, 40.814101174816571 ], [ -73.933872325489617, 40.814063264260732 ], [ -73.933929846001945, 40.813347690633805 ], [ -73.933981789868241, 40.812814635545266 ], [ -73.934007702049385, 40.812608498697294 ], [ -73.934038439178792, 40.812340880070998 ], [ -73.934093066919218, 40.811968402530795 ], [ -73.934137114160691, 40.811712370924525 ], [ -73.934195587491715, 40.811393177692921 ], [ -73.934282278013953, 40.810823050508674 ], [ -73.934304173980379, 40.810481666115187 ], [ -73.934314405073025, 40.810322264911285 ], [ -73.93434080971474, 40.809927582749594 ], [ -73.93433864584739, 40.809562213831377 ], [ -73.934213910169802, 40.809059173792711 ], [ -73.934196391957727, 40.809031851582461 ], [ -73.934135326240551, 40.808736390514227 ], [ -73.934120734842978, 40.808656451977434 ], [ -73.933561193114812, 40.807600677386702 ], [ -73.933328523618371, 40.807318946463006 ], [ -73.933259095399904, 40.8072372452067 ], [ -73.933183956398153, 40.807156197797084 ], [ -73.933174135394921, 40.807145390949941 ], [ -73.933084717497138, 40.807026914702092 ], [ -73.932932883292921, 40.806871022133862 ], [ -73.932630882675767, 40.806552933906858 ], [ -73.932390171191514, 40.806299140968569 ], [ -73.931544174343415, 40.805397783326676 ], [ -73.931496042586232, 40.80535115370666 ], [ -73.931475495924275, 40.805328092938126 ], [ -73.931467071884001, 40.805305969303049 ], [ -73.931448914278334, 40.805297645761691 ], [ -73.931431985880195, 40.805281957890571 ], [ -73.931409042109991, 40.805246913811473 ], [ -73.931390901021089, 40.80523306966014 ], [ -73.931305115202392, 40.805131606459923 ], [ -73.93126947240583, 40.805090553712475 ], [ -73.931159499873274, 40.804966940262474 ], [ -73.93112688759328, 40.804922677997332 ], [ -73.931114089247018, 40.804904350512899 ], [ -73.931097908443832, 40.804881177529531 ], [ -73.931073753893216, 40.804847051028332 ], [ -73.931033900939283, 40.804794482214369 ], [ -73.931027877415943, 40.804782494559269 ], [ -73.930976545323659, 40.804715632512043 ], [ -73.930975352965234, 40.804705499397805 ], [ -73.930958432107829, 40.804687045291111 ], [ -73.930934291588557, 40.804652918767935 ], [ -73.930909365168603, 40.804619393517477 ], [ -73.930828013242788, 40.804509966805824 ], [ -73.930806281145109, 40.804474007806263 ], [ -73.93071630316507, 40.804355497332587 ], [ -73.930710287026244, 40.804340744668053 ], [ -73.930695775258755, 40.80432598806869 ], [ -73.93068733276408, 40.804310312725434 ], [ -73.930639028170063, 40.804245752960441 ], [ -73.930631795609486, 40.804230079513566 ], [ -73.930610041006688, 40.804207015681541 ], [ -73.930572612089591, 40.804152604216107 ], [ -73.930572637571885, 40.804143391876295 ], [ -73.930542433067743, 40.804107418340472 ], [ -73.930442802130031, 40.803974150099364 ], [ -73.930405369645229, 40.803920665657458 ], [ -73.930353450528315, 40.80384780474332 ], [ -73.93033292065563, 40.803819213614403 ], [ -73.93030876458775, 40.803786015368118 ], [ -73.930278605674829, 40.803734379225695 ], [ -73.930261713949619, 40.803705794136931 ], [ -73.930191754603541, 40.803583165190418 ], [ -73.930183294525605, 40.803573947208385 ], [ -73.930060206938492, 40.803361648160539 ], [ -73.930012613029675, 40.80328749842878 ], [ -73.929973736185914, 40.803196467974118 ], [ -73.929978621769465, 40.803190245384961 ], [ -73.930044609049986, 40.803106111770731 ], [ -73.930009310904452, 40.803040135157261 ], [ -73.929982884277706, 40.802984752494254 ], [ -73.929910086098417, 40.802864551250018 ], [ -73.929889480829686, 40.802830357459086 ], [ -73.929786680001541, 40.802660748717528 ], [ -73.929692512145948, 40.802440285947966 ], [ -73.929576938395073, 40.802180025215691 ], [ -73.929520439284801, 40.802053479615559 ], [ -73.929453663334996, 40.801907368836019 ], [ -73.929436541187698, 40.801861711857434 ], [ -73.929354359985666, 40.801671250437913 ], [ -73.929331269718105, 40.801598853990896 ], [ -73.92930220396839, 40.801495801348992 ], [ -73.929274876880356, 40.801373190232738 ], [ -73.929208175959644, 40.801147520611288 ], [ -73.929118388142285, 40.801113003226341 ], [ -73.929034902403103, 40.801080903851897 ], [ -73.929026714066708, 40.800969860314318 ], [ -73.929021235846434, 40.8008955725617 ], [ -73.92901644642042, 40.800830715542126 ], [ -73.929007881206047, 40.800772349125381 ], [ -73.928999948663346, 40.800710097692729 ], [ -73.928986187629945, 40.800602123119397 ], [ -73.928953486575594, 40.800309368484719 ], [ -73.928937636685944, 40.800170843777686 ], [ -73.928901523441709, 40.799855214662728 ], [ -73.928919425157787, 40.799458186491535 ], [ -73.928943969469614, 40.798911588935496 ], [ -73.928971210022922, 40.798258861082331 ], [ -73.929036401796253, 40.796762594101295 ], [ -73.929054610287466, 40.796694433867401 ], [ -73.929279367411709, 40.795853139520638 ], [ -73.929307732758048, 40.795810257955623 ], [ -73.929530580569079, 40.795507798349284 ], [ -73.929682942511334, 40.795296233763132 ], [ -73.929745946916213, 40.795208748234096 ], [ -73.929874857782124, 40.795035156728346 ], [ -73.929842447534512, 40.795015037855947 ], [ -73.929851443953254, 40.795001400428596 ], [ -73.929809553499879, 40.794983166296745 ], [ -73.929832540425252, 40.794949061140827 ], [ -73.929887406519185, 40.794967292603964 ], [ -73.929901397884009, 40.794946824362505 ], [ -73.929916361205997, 40.794949112137068 ], [ -73.929937353345522, 40.794918786284455 ], [ -73.929920395010996, 40.794909672330114 ], [ -73.93006881035538, 40.794700828605485 ], [ -73.930107710281462, 40.79471299106374 ], [ -73.930196643928966, 40.794593224352276 ], [ -73.930419804799698, 40.794470872348612 ], [ -73.931114080453355, 40.794096501343866 ], [ -73.931427585579627, 40.793927988382855 ], [ -73.931658211057453, 40.7938017404392 ], [ -73.931792925203041, 40.793727961791056 ], [ -73.93187500171743, 40.793681921843714 ], [ -73.932010014571873, 40.793605486169895 ], [ -73.932078860217601, 40.793566508833869 ], [ -73.932351288690825, 40.793413845151278 ], [ -73.932509209496843, 40.793331901544583 ], [ -73.932538526548953, 40.793316682135419 ], [ -73.932672391308969, 40.793248232772896 ], [ -73.932877127211697, 40.793130251870842 ], [ -73.932982614008907, 40.793182000433241 ], [ -73.933023635570336, 40.793202124437826 ], [ -73.933098304883202, 40.793238745728651 ], [ -73.933206666955911, 40.793293691796961 ], [ -73.934107708025834, 40.793768443206112 ], [ -73.933647413866623, 40.794376503117249 ], [ -73.93591226963575, 40.795311838170882 ], [ -73.936896489493989, 40.795722340008659 ], [ -73.937081118610649, 40.79579934496271 ], [ -73.937405347360823, 40.79593457042246 ], [ -73.937595602573964, 40.796013919938687 ], [ -73.937821891573051, 40.796108297984084 ], [ -73.937917961958235, 40.796148364617657 ], [ -73.938092362883694, 40.796221100433087 ], [ -73.938177537560051, 40.796256623917969 ], [ -73.938285083949211, 40.79630147672421 ], [ -73.939179045568224, 40.796685467820517 ], [ -73.939345472899404, 40.796756954154432 ], [ -73.939707009393132, 40.796912244640296 ], [ -73.939889885864901, 40.796990793934 ], [ -73.940188814096899, 40.797119190289436 ], [ -73.94027251634175, 40.797155141827588 ], [ -73.940518279509448, 40.79726070107462 ], [ -73.942120112086016, 40.797943797872705 ], [ -73.942821907258207, 40.798234809904706 ], [ -73.942871448141958, 40.798255353590726 ], [ -73.943608121713538, 40.798560819751664 ], [ -73.943741988839236, 40.79861507762979 ], [ -73.943873107549209, 40.798669459657326 ], [ -73.944282202923631, 40.798839438252728 ], [ -73.944337837924024, 40.798862554921243 ], [ -73.945359063649747, 40.799286861916862 ], [ -73.945938808576827, 40.799529171875612 ], [ -73.946973668070285, 40.799961702910245 ], [ -73.946461338520308, 40.800665305882319 ], [ -73.945967896611862, 40.801342395172064 ], [ -73.945508638520209, 40.801970231741926 ], [ -73.945051278962339, 40.802598599889755 ], [ -73.944759765463232, 40.803003040822951 ], [ -73.944599152962709, 40.803225047840272 ], [ -73.944709261127286, 40.803271927399543 ], [ -73.945618363980429, 40.803658977551777 ], [ -73.946131309824395, 40.803877358756552 ], [ -73.945692613178053, 40.804514948156026 ], [ -73.945239652139207, 40.805136014461809 ], [ -73.944782081718245, 40.805761255961407 ], [ -73.944301945871658, 40.806390824078477 ], [ -73.943774767803163, 40.80617059215205 ], [ -73.943157703855036, 40.805912806411968 ], [ -73.942855501546049, 40.805786554955681 ], [ -73.942753672282365, 40.805744012292074 ], [ -73.942263111550034, 40.806415737745141 ], [ -73.941771401700308, 40.807089000349706 ], [ -73.941317422812901, 40.807713346380609 ], [ -73.94086063175601, 40.808334267599299 ], [ -73.940403449683458, 40.808958095645956 ], [ -73.939948759770516, 40.809581418032636 ], [ -73.939493975399188, 40.810208809533542 ], [ -73.939017533145972, 40.810856556874498 ], [ -73.938743945036123, 40.811230821739507 ], [ -73.938637533266586, 40.811376388569713 ], [ -73.938387485298861, 40.811718443076344 ], [ -73.938309251090601, 40.811825465184292 ], [ -73.938206426883639, 40.811967604295447 ], [ -73.938135524075562, 40.812065618729811 ], [ -73.937617149517564, 40.812740364831434 ], [ -73.937143984242141, 40.813421041444606 ], [ -73.93708163694987, 40.813506141052635 ], [ -73.936688548827618, 40.814041630723302 ], [ -73.936229623545671, 40.814647390967707 ], [ -73.936135543970977, 40.814788127142286 ], [ -73.936050765781729, 40.814908014614076 ], [ -73.935993714172739, 40.814988693570513 ], [ -73.935755482107837, 40.815325584297128 ], [ -73.934873438349825, 40.816527847517641 ], [ -73.93463790338869, 40.816908048475618 ], [ -73.934454001389241, 40.817188528558837 ], [ -73.934179883517501, 40.817555872892989 ], [ -73.934063574585579, 40.817702318932049 ], [ -73.933995804473355, 40.817787442864386 ], [ -73.933937908049813, 40.817848059237541 ], [ -73.933800561386505, 40.818364001505522 ], [ -73.933800194730466, 40.818349758874007 ], [ -73.933793346257787, 40.817776608579749 ], [ -73.933789973992077, 40.81715137370167 ], [ -73.933805898818704, 40.816512493247131 ] ] ] ] } },
{ "type": "Feature", "properties": { "Precinct": 26, "Shape_Length": "23,941.628589", "Shape_Area": "23,831,004.2206", "in_manhattan": true }, "geometry": { "type": "MultiPolygon", "coordinates": [ [ [ [ -73.946078287404234, 40.821263215559696 ], [ -73.946402899138363, 40.820572042687701 ], [ -73.946718320999594, 40.819894267531616 ], [ -73.947036232068996, 40.819208371002965 ], [ -73.947349539797656, 40.81853499721845 ], [ -73.947666413186965, 40.817855509991944 ], [ -73.948007329334601, 40.817116508899637 ], [ -73.948067567374821, 40.816988289077564 ], [ -73.948356015854159, 40.816374305116646 ], [ -73.948676818075484, 40.815692286017452 ], [ -73.948839394871769, 40.815356826067344 ], [ -73.949018596399014, 40.815025754322178 ], [ -73.949214104390535, 40.814699770984923 ], [ -73.949425528492597, 40.814379583593187 ], [ -73.949636749115683, 40.814086666015058 ], [ -73.949636884422731, 40.814086478446754 ], [ -73.949637020386461, 40.814086297244643 ], [ -73.949862188973015, 40.81379998160908 ], [ -73.950350192090781, 40.813159389289858 ], [ -73.950928657388658, 40.812575072201597 ], [ -73.950982033939525, 40.812521629789764 ], [ -73.951505372645784, 40.812007685139378 ], [ -73.952101252153696, 40.811442853501553 ], [ -73.952591257764709, 40.810765332564216 ], [ -73.953078699072464, 40.810094084906751 ], [ -73.953276549493623, 40.809879604283019 ], [ -73.953575778103655, 40.809476697659683 ], [ -73.95496657106321, 40.810064554703516 ], [ -73.955429748564583, 40.809429153406725 ], [ -73.955884176164062, 40.808802249049052 ], [ -73.956344936797478, 40.808173354040441 ], [ -73.956369907972274, 40.808139319638698 ], [ -73.956450885037015, 40.808028951349442 ], [ -73.956479698041136, 40.807989680883878 ], [ -73.956805438111445, 40.807545709782097 ], [ -73.957265814663288, 40.80691617138671 ], [ -73.957285086494181, 40.806889747993701 ], [ -73.957696413565372, 40.806325744052494 ], [ -73.957721759277391, 40.80629098862704 ], [ -73.958189622612267, 40.805608803690781 ], [ -73.958227250601652, 40.805537497372683 ], [ -73.958256460640527, 40.80546394818829 ], [ -73.958277025532396, 40.805388728828667 ], [ -73.958288785538969, 40.805312425242057 ], [ -73.958291648823888, 40.80523563060288 ], [ -73.958285593216729, 40.805158942966976 ], [ -73.958254825801347, 40.804713878441476 ], [ -73.958242724523814, 40.804522481071167 ], [ -73.958234774494372, 40.804396731945104 ], [ -73.958203008071635, 40.80389427099886 ], [ -73.958248783298146, 40.803106486471165 ], [ -73.958688393675459, 40.802469793863459 ], [ -73.959147411373849, 40.80184375963465 ], [ -73.959646854231522, 40.801156423256501 ], [ -73.961077940021283, 40.801800357720438 ], [ -73.963861262029837, 40.802972038353118 ], [ -73.964342777488113, 40.803174561404902 ], [ -73.965426405006824, 40.803630318277968 ], [ -73.96556498572312, 40.803688601747794 ], [ -73.966035014505906, 40.803886499803845 ], [ -73.966174951775756, 40.803945504801497 ], [ -73.966597503765968, 40.804123678334079 ], [ -73.966701068903021, 40.80416847693715 ], [ -73.966803273232856, 40.80420756112121 ], [ -73.968048493270828, 40.804683700133623 ], [ -73.968495066379418, 40.804832270384168 ], [ -73.96855913417923, 40.804853584120345 ], [ -73.968607074061111, 40.804870949898167 ], [ -73.969787220033595, 40.805300496882055 ], [ -73.970466183667057, 40.805547618978466 ], [ -73.970635984962527, 40.805608734655962 ], [ -73.970693264733811, 40.805630267946647 ], [ -73.970763623006746, 40.805657373549799 ], [ -73.970898915983099, 40.805705945884412 ], [ -73.971107658523039, 40.805790139676738 ], [ -73.970465121443979, 40.806624317612439 ], [ -73.97021400799224, 40.806935706153382 ], [ -73.969882906146964, 40.807364788481301 ], [ -73.969772889433585, 40.807525282141206 ], [ -73.969559347973529, 40.807795500999006 ], [ -73.969111735658402, 40.808406370069001 ], [ -73.969091032443927, 40.808430164575853 ], [ -73.968916784840346, 40.808630780559817 ], [ -73.968852186453248, 40.808751986114579 ], [ -73.968662647649367, 40.808963292678207 ], [ -73.968557477712238, 40.809072893821039 ], [ -73.968544206337839, 40.809145109890203 ], [ -73.968463486116633, 40.80931871401998 ], [ -73.968424735070357, 40.809394060333041 ], [ -73.968239527321202, 40.809662684397011 ], [ -73.968153375120593, 40.809765881408744 ], [ -73.968116750186653, 40.809806836240533 ], [ -73.968131865927205, 40.809844489225028 ], [ -73.967960653117743, 40.810100009566739 ], [ -73.967883124975614, 40.810201564679637 ], [ -73.967880991740216, 40.810244147324532 ], [ -73.967794848344667, 40.81036699687148 ], [ -73.967721600952245, 40.810434161110919 ], [ -73.967704390523011, 40.810488199884418 ], [ -73.967667789408964, 40.810550445942908 ], [ -73.967620388246132, 40.810584850394378 ], [ -73.967620414226204, 40.810630701037361 ], [ -73.96754397270513, 40.810773199724146 ], [ -73.96740185312369, 40.81102215539714 ], [ -73.967130487585948, 40.811387420073942 ], [ -73.967041111802899, 40.811520099626868 ], [ -73.967002321440489, 40.811547948029713 ], [ -73.966922655084375, 40.811690446533689 ], [ -73.966881750149454, 40.811773976428249 ], [ -73.96674930787978, 40.811981985011855 ], [ -73.966633007601104, 40.812153970285472 ], [ -73.966529623218747, 40.812285015524843 ], [ -73.966391777208813, 40.812473373161929 ], [ -73.966277627168054, 40.812638812000287 ], [ -73.966158092239468, 40.812815702791305 ], [ -73.966106395394874, 40.812863206936306 ], [ -73.965882409451197, 40.813200626348603 ], [ -73.96579194974646, 40.81332838170006 ], [ -73.9656584016126, 40.813498731492452 ], [ -73.965489750129635, 40.813747072367896 ], [ -73.96548932424875, 40.813747694258815 ], [ -73.965347065517022, 40.813939651896746 ], [ -73.96510784267457, 40.814275476029756 ], [ -73.965095119063477, 40.814319572156563 ], [ -73.964324833913693, 40.815512737010685 ], [ -73.964140828882989, 40.815771657453944 ], [ -73.963403951023068, 40.816684197437723 ], [ -73.963127024037902, 40.816955095336439 ], [ -73.963085296941045, 40.817006113433166 ], [ -73.9627191339208, 40.817368490757346 ], [ -73.962031057959905, 40.818086330979206 ], [ -73.961879170353271, 40.818258564090073 ], [ -73.961318331805728, 40.818894523557404 ], [ -73.960948898439739, 40.81931128887274 ], [ -73.96044728492032, 40.819877156791023 ], [ -73.959998922293451, 40.820382944802326 ], [ -73.959814626745555, 40.82029787470141 ], [ -73.95978401278748, 40.820338119113515 ], [ -73.959660034536782, 40.820303065237297 ], [ -73.959659792432305, 40.820303024611732 ], [ -73.959608515315381, 40.820294292716781 ], [ -73.959541435194865, 40.820282687071561 ], [ -73.959481091631162, 40.820258532666131 ], [ -73.959421969593635, 40.820233963031072 ], [ -73.959369460357721, 40.820212144434777 ], [ -73.959298948898535, 40.820182843856692 ], [ -73.958868058748465, 40.82000286633928 ], [ -73.958081264925966, 40.819670862893346 ], [ -73.956130595128982, 40.818847334254819 ], [ -73.95602024331761, 40.818801986764463 ], [ -73.955906490432554, 40.818752022906686 ], [ -73.955294806049423, 40.818480224358836 ], [ -73.954717760449114, 40.818237518558249 ], [ -73.954536953957458, 40.818161471423402 ], [ -73.954409499691167, 40.818107862887835 ], [ -73.954257610828137, 40.818043976951081 ], [ -73.953650329220039, 40.817788544719456 ], [ -73.953185755504236, 40.817600399198405 ], [ -73.952720716588161, 40.818235566927733 ], [ -73.952595390327289, 40.818407524297321 ], [ -73.952530141800608, 40.818497025823675 ], [ -73.952199731774456, 40.818950248258851 ], [ -73.95174483562559, 40.819572617599434 ], [ -73.950828799032266, 40.820827937096929 ], [ -73.950377105853732, 40.821445618581826 ], [ -73.949921944537408, 40.822072314227974 ], [ -73.94946527117871, 40.822689321269053 ], [ -73.948082898156713, 40.822108021510992 ], [ -73.947238447462283, 40.821753986266756 ], [ -73.946078287404234, 40.821263215559696 ] ] ] ] } },
{ "type": "Feature", "properties": { "Precinct": 28, "Shape_Length": "17,106.149311", "Shape_Area": "15,294,021.729", "in_manhattan": true }, "geometry": { "type": "MultiPolygon", "coordinates": [ [ [ [ -73.941317422812901, 40.807713346380609 ], [ -73.941771401700308, 40.807089000349706 ], [ -73.942263111550034, 40.806415737745141 ], [ -73.942753672282365, 40.805744012292074 ], [ -73.942855501546049, 40.805786554955681 ], [ -73.943157703855036, 40.805912806411968 ], [ -73.943774767803163, 40.80617059215205 ], [ -73.944301945871658, 40.806390824078477 ], [ -73.944782081718245, 40.805761255961407 ], [ -73.945239652139207, 40.805136014461809 ], [ -73.945692613178053, 40.804514948156026 ], [ -73.946131309824395, 40.803877358756552 ], [ -73.945618363980429, 40.803658977551777 ], [ -73.944709261127286, 40.803271927399543 ], [ -73.944599152962709, 40.803225047840272 ], [ -73.944759765463232, 40.803003040822951 ], [ -73.945051278962339, 40.802598599889755 ], [ -73.945508638520209, 40.801970231741926 ], [ -73.945967896611862, 40.801342395172064 ], [ -73.946461338520308, 40.800665305882319 ], [ -73.946973668070285, 40.799961702910245 ], [ -73.947280183635939, 40.79954178878431 ], [ -73.947327715145903, 40.799476671478658 ], [ -73.947375999108615, 40.799410524218295 ], [ -73.94741996235193, 40.799350295295703 ], [ -73.947710559793151, 40.798952180613483 ], [ -73.947757164688483, 40.798888332040868 ], [ -73.947816630528152, 40.798806862971986 ], [ -73.947846791188795, 40.798765542700856 ], [ -73.948051302691638, 40.798485359352057 ], [ -73.948101090926954, 40.798417148381731 ], [ -73.948153843248363, 40.798344876578419 ], [ -73.948206415380128, 40.798272851098368 ], [ -73.948311254543825, 40.798129217566832 ], [ -73.948787027450308, 40.797482839004857 ], [ -73.949065178589066, 40.797100494106154 ], [ -73.94923327082499, 40.796871999905463 ], [ -73.949604806466027, 40.79704932040503 ], [ -73.949747730844294, 40.797097001601237 ], [ -73.95094228349457, 40.797603118340874 ], [ -73.95237422614062, 40.798209741610599 ], [ -73.952460927852371, 40.798242494680501 ], [ -73.952531866661687, 40.798269742692284 ], [ -73.952767268901383, 40.798372092071403 ], [ -73.955222964779836, 40.799406646617626 ], [ -73.955257636491496, 40.799421199564605 ], [ -73.955303639866131, 40.799440501199975 ], [ -73.955366516201622, 40.799466427589095 ], [ -73.957864992952537, 40.800515272439057 ], [ -73.95819500897116, 40.800552498510619 ], [ -73.958481114761142, 40.800670478088634 ], [ -73.95883381389838, 40.800817505102685 ], [ -73.959646854231522, 40.801156423256501 ], [ -73.959147411373849, 40.80184375963465 ], [ -73.958688393675459, 40.802469793863459 ], [ -73.958248783298146, 40.803106486471165 ], [ -73.958203008071635, 40.80389427099886 ], [ -73.958234774494372, 40.804396731945104 ], [ -73.958242724523814, 40.804522481071167 ], [ -73.958254825801347, 40.804713878441476 ], [ -73.958285593216729, 40.805158942966976 ], [ -73.958291648823888, 40.80523563060288 ], [ -73.958288785538969, 40.805312425242057 ], [ -73.958277025532396, 40.805388728828667 ], [ -73.958256460640527, 40.80546394818829 ], [ -73.958227250601652, 40.805537497372683 ], [ -73.958189622612267, 40.805608803690781 ], [ -73.957721759277391, 40.80629098862704 ], [ -73.957696413565372, 40.806325744052494 ], [ -73.957285086494181, 40.806889747993701 ], [ -73.957265814663288, 40.80691617138671 ], [ -73.956805438111445, 40.807545709782097 ], [ -73.956479698041136, 40.807989680883878 ], [ -73.956450885037015, 40.808028951349442 ], [ -73.956369907972274, 40.808139319638698 ], [ -73.956344936797478, 40.808173354040441 ], [ -73.955884176164062, 40.808802249049052 ], [ -73.955429748564583, 40.809429153406725 ], [ -73.95496657106321, 40.810064554703516 ], [ -73.953575778103655, 40.809476697659683 ], [ -73.953276549493623, 40.809879604283019 ], [ -73.953078699072464, 40.810094084906751 ], [ -73.952591257764709, 40.810765332564216 ], [ -73.952101252153696, 40.811442853501553 ], [ -73.951505372645784, 40.812007685139378 ], [ -73.950215730387058, 40.811477579151202 ], [ -73.949795726105052, 40.811300324067261 ], [ -73.94970771575953, 40.811263180358779 ], [ -73.94962875124061, 40.811229854064536 ], [ -73.949547850210905, 40.811195711023963 ], [ -73.94914849325518, 40.811027165004901 ], [ -73.949053034223851, 40.810986876423357 ], [ -73.948569541850418, 40.810782817852811 ], [ -73.948492191245052, 40.810750172149348 ], [ -73.948032663006728, 40.810556224759409 ], [ -73.947726850363139, 40.810427152048163 ], [ -73.94746184285097, 40.810315301062758 ], [ -73.947372166810993, 40.810277457065276 ], [ -73.947286992815989, 40.810241181746271 ], [ -73.944600355747326, 40.809096884873099 ], [ -73.944537789512154, 40.809070235295088 ], [ -73.944456883526613, 40.809036149141754 ], [ -73.941317422812901, 40.807713346380609 ] ] ] ] } },
{ "type": "Feature", "properties": { "Precinct": 30, "Shape_Length": "21,643.9271576", "Shape_Area": "18,846,826.0025", "in_manhattan": true }, "geometry": { "type": "MultiPolygon", "coordinates": [ [ [ [ -73.94014131209984, 40.830371990053422 ], [ -73.939625699300365, 40.830155838560657 ], [ -73.939434288385982, 40.830076116692545 ], [ -73.939266126190233, 40.829998531291452 ], [ -73.938997433715045, 40.829888852863974 ], [ -73.938640266937597, 40.829738875593236 ], [ -73.938960348891015, 40.828986329457663 ], [ -73.939248856824577, 40.828296351212273 ], [ -73.939689528653489, 40.827656573725683 ], [ -73.940139538890151, 40.827038690053413 ], [ -73.940594725665107, 40.826413604028801 ], [ -73.941048408755137, 40.825792629604194 ], [ -73.941503126537242, 40.825171366388169 ], [ -73.941955697289529, 40.82455444062316 ], [ -73.942429539563108, 40.823909156935507 ], [ -73.942923669125804, 40.823260587250473 ], [ -73.943235819717174, 40.8229213355364 ], [ -73.943505945294916, 40.82262775327974 ], [ -73.9440498636813, 40.822051592105041 ], [ -73.944603646038061, 40.821461981188236 ], [ -73.945160048957746, 40.82087904397892 ], [ -73.946078287404234, 40.821263215559696 ], [ -73.947238447462283, 40.821753986266756 ], [ -73.948082898156713, 40.822108021510992 ], [ -73.94946527117871, 40.822689321269053 ], [ -73.949921944537408, 40.822072314227974 ], [ -73.950377105853732, 40.821445618581826 ], [ -73.950828799032266, 40.820827937096929 ], [ -73.95174483562559, 40.819572617599434 ], [ -73.952199731774456, 40.818950248258851 ], [ -73.952530141800608, 40.818497025823675 ], [ -73.952595390327289, 40.818407524297321 ], [ -73.952720716588161, 40.818235566927733 ], [ -73.953185755504236, 40.817600399198405 ], [ -73.953650329220039, 40.817788544719456 ], [ -73.954257610828137, 40.818043976951081 ], [ -73.954409499691167, 40.818107862887835 ], [ -73.954536953957458, 40.818161471423402 ], [ -73.954717760449114, 40.818237518558249 ], [ -73.955294806049423, 40.818480224358836 ], [ -73.955906490432554, 40.818752022906686 ], [ -73.95602024331761, 40.818801986764463 ], [ -73.956130595128982, 40.818847334254819 ], [ -73.958081264925966, 40.819670862893346 ], [ -73.958868058748465, 40.82000286633928 ], [ -73.959298948898535, 40.820182843856692 ], [ -73.959369460357721, 40.820212144434777 ], [ -73.959421969593635, 40.820233963031072 ], [ -73.959481091631162, 40.820258532666131 ], [ -73.959541435194865, 40.820282687071561 ], [ -73.959608515315381, 40.820294292716781 ], [ -73.959659792432305, 40.820303024611732 ], [ -73.959660034536782, 40.820303065237297 ], [ -73.95978401278748, 40.820338119113515 ], [ -73.959390687979337, 40.82085517835587 ], [ -73.959325662652091, 40.820946276253451 ], [ -73.959283006472887, 40.820994974413708 ], [ -73.959130615806288, 40.821168953774794 ], [ -73.959207677092465, 40.821207909349518 ], [ -73.959262554037423, 40.821235655358628 ], [ -73.959302635986774, 40.821189897523077 ], [ -73.95942624349648, 40.821252381737999 ], [ -73.959146857151921, 40.821571328550995 ], [ -73.959032941557737, 40.821513746228526 ], [ -73.959234671939953, 40.821277825270464 ], [ -73.95917712794261, 40.821249429985144 ], [ -73.959089602400894, 40.821206247055954 ], [ -73.958818922339972, 40.821518524846795 ], [ -73.958941729417106, 40.821569364009598 ], [ -73.958854039853975, 40.821674750247254 ], [ -73.958745236604997, 40.821805511973658 ], [ -73.95896360094639, 40.822373794142159 ], [ -73.959000182898919, 40.822409728374382 ], [ -73.959113040241064, 40.822454964645608 ], [ -73.959229762134655, 40.822286910132362 ], [ -73.959909994443976, 40.822571119822015 ], [ -73.959603324602796, 40.822994686783353 ], [ -73.958926147183021, 40.822711755441375 ], [ -73.959049533317085, 40.822541335368264 ], [ -73.958917217604494, 40.822486051371477 ], [ -73.958867454333074, 40.822450239228068 ], [ -73.958838498632375, 40.822405042077868 ], [ -73.958651260119211, 40.82191843657337 ], [ -73.958645851476575, 40.821904369631795 ], [ -73.958527315242577, 40.821843756652171 ], [ -73.958200193540122, 40.822283136918131 ], [ -73.95816805363593, 40.822458100991227 ], [ -73.958130633055632, 40.8225310909584 ], [ -73.958074679438695, 40.822611358464904 ], [ -73.957939049091209, 40.822774353547324 ], [ -73.958228381830352, 40.822887867100903 ], [ -73.958206395391031, 40.822922131912286 ], [ -73.958143127692026, 40.823020722271472 ], [ -73.959164586323297, 40.823451795483408 ], [ -73.959181960376441, 40.823459122945629 ], [ -73.959438467444215, 40.82356239229297 ], [ -73.959464541891748, 40.823571135671756 ], [ -73.959482697669571, 40.823578652665653 ], [ -73.95949747410954, 40.823586816285918 ], [ -73.959503611644891, 40.823591185797795 ], [ -73.959508979391885, 40.823595788902814 ], [ -73.959531014118411, 40.823619182180636 ], [ -73.95953800225297, 40.823629334087371 ], [ -73.959542844390853, 40.823639168452488 ], [ -73.959544725524907, 40.823644941829315 ], [ -73.959545221803239, 40.82364733759966 ], [ -73.959533511050836, 40.823685018397271 ], [ -73.959555754938634, 40.823693797768819 ], [ -73.959140382699459, 40.824317590205204 ], [ -73.959016129418984, 40.824504188499311 ], [ -73.958995828033764, 40.824496427425117 ], [ -73.957437085117462, 40.82684854794973 ], [ -73.957258969771473, 40.827117309873124 ], [ -73.956948664204688, 40.827000553935022 ], [ -73.956317845103101, 40.827944215388584 ], [ -73.956200545283835, 40.827901226597533 ], [ -73.956203737795661, 40.827896986099887 ], [ -73.956223943602396, 40.827870087391425 ], [ -73.955039129783955, 40.827413431911886 ], [ -73.954697366195006, 40.827918385514245 ], [ -73.954541880621278, 40.827861476365534 ], [ -73.954464699772345, 40.827974169698813 ], [ -73.954464580347008, 40.827974332150049 ], [ -73.954441200440712, 40.828006635298706 ], [ -73.954360680102056, 40.828117883015196 ], [ -73.954272209060491, 40.828236543142488 ], [ -73.954216536257647, 40.828307470855513 ], [ -73.954169506442042, 40.828360869240221 ], [ -73.954136491358312, 40.828393409562707 ], [ -73.954061118042489, 40.828462132451527 ], [ -73.954032717176389, 40.828490423490678 ], [ -73.954021066786794, 40.828502980304535 ], [ -73.95398614911781, 40.828543516251692 ], [ -73.95395406407458, 40.828585358164119 ], [ -73.953591286267923, 40.829097720648775 ], [ -73.952976193626185, 40.830090203271062 ], [ -73.952185972965538, 40.83127711791915 ], [ -73.951914040571424, 40.831619717418342 ], [ -73.951808923459623, 40.831824320518038 ], [ -73.951656563690108, 40.831976994571534 ], [ -73.951552934753764, 40.832134199987088 ], [ -73.951317420375943, 40.832479572947946 ], [ -73.951191830122056, 40.832639151279878 ], [ -73.951147921667996, 40.832783592961576 ], [ -73.951052245712759, 40.832922438136428 ], [ -73.95104109555929, 40.833022488596299 ], [ -73.951008385670619, 40.833140649958075 ], [ -73.950953070830053, 40.833283579829811 ], [ -73.950865127051998, 40.833434120627636 ], [ -73.950807349932361, 40.833514149325893 ], [ -73.950726987400799, 40.833592263599947 ], [ -73.950681772441627, 40.833651331308261 ], [ -73.950568742480172, 40.833788518529545 ], [ -73.950513461283791, 40.833885703769383 ], [ -73.950483302259201, 40.833944779029032 ], [ -73.950448097408028, 40.834041971680335 ], [ -73.950417949397703, 40.834085798395556 ], [ -73.950340093555582, 40.834167725310017 ], [ -73.950284817407692, 40.834257285585061 ], [ -73.950212185600151, 40.834303119958363 ], [ -73.95010532107662, 40.834627857255555 ], [ -73.950074932563865, 40.834615883735147 ], [ -73.950073198673806, 40.834620616540299 ], [ -73.949887040702919, 40.834541853673194 ], [ -73.949641573947204, 40.834451577508005 ], [ -73.9496411974838, 40.83443433008599 ], [ -73.949574317809507, 40.834419361416018 ], [ -73.949415704906912, 40.834358589832526 ], [ -73.949194488915907, 40.834210658595438 ], [ -73.948905432200462, 40.834065299379091 ], [ -73.948291081378713, 40.833861180771834 ], [ -73.948225972399428, 40.833849308791983 ], [ -73.945925580958743, 40.832806489702037 ], [ -73.945823950866512, 40.832765460784472 ], [ -73.94571933698613, 40.832721413768517 ], [ -73.942979661108495, 40.831567981534299 ], [ -73.941367995152589, 40.830890838082709 ], [ -73.941075469806393, 40.830766851373539 ], [ -73.940346432475266, 40.830457842849505 ], [ -73.94014131209984, 40.830371990053422 ] ] ] ] } },
{ "type": "Feature", "properties": { "Precinct": 32, "Shape_Length": "25,565.1431425", "Shape_Area": "23,027,115.9345", "in_manhattan": true }, "geometry": { "type": "MultiPolygon", "coordinates": [ [ [ [ -73.934446847333859, 40.835994349025192 ], [ -73.934452393973714, 40.835980960149904 ], [ -73.93446697910224, 40.835957756997182 ], [ -73.934453772342408, 40.835935263094818 ], [ -73.934448775643219, 40.835911434503828 ], [ -73.934451705418226, 40.83590029921023 ], [ -73.934456844059198, 40.835889635525604 ], [ -73.934464070541395, 40.835879694597878 ], [ -73.934473214668046, 40.835870710552662 ], [ -73.934484061078919, 40.835862894979336 ], [ -73.934496354322334, 40.83585643194769 ], [ -73.934509804871624, 40.835851473672875 ], [ -73.934538699357034, 40.835816227635725 ], [ -73.934545507947888, 40.835797127241882 ], [ -73.934550553976777, 40.835769492514913 ], [ -73.934566376648959, 40.835743813712782 ], [ -73.934573137806126, 40.835742593333002 ], [ -73.934579520603833, 40.835740505731813 ], [ -73.934585333814113, 40.835737613453531 ], [ -73.934590403273873, 40.835734003150563 ], [ -73.934594577102743, 40.835729782987158 ], [ -73.934597730253458, 40.835725079398934 ], [ -73.934599768258224, 40.835720033304909 ], [ -73.934600630058895, 40.835714795885401 ], [ -73.934600289836325, 40.835709524052838 ], [ -73.934619134923324, 40.835684756611826 ], [ -73.93464163907133, 40.835679919382287 ], [ -73.934673636138243, 40.835656151293598 ], [ -73.934675109144891, 40.835626677302017 ], [ -73.934707572606783, 40.835598037035091 ], [ -73.934733932497195, 40.835587567638683 ], [ -73.934752782509861, 40.835559940712592 ], [ -73.934756572957568, 40.835532305265232 ], [ -73.934780462317079, 40.835483714395131 ], [ -73.934774243149292, 40.835427482650466 ], [ -73.934773008619231, 40.835407468038206 ], [ -73.934786840300447, 40.83537793234796 ], [ -73.934820729846038, 40.835367468361284 ], [ -73.934848135719633, 40.835351432207361 ], [ -73.934869850678055, 40.835332715131088 ], [ -73.934894600419938, 40.835254043122355 ], [ -73.934915335786499, 40.835230821938829 ], [ -73.934936208284554, 40.835080217651559 ], [ -73.934942258553448, 40.835026875417299 ], [ -73.934958595669229, 40.834882779044747 ], [ -73.934979412086264, 40.834789121453596 ], [ -73.934988331406885, 40.834748657893655 ], [ -73.934950871784608, 40.834706673367705 ], [ -73.93495775984087, 40.834682760363386 ], [ -73.934965230155612, 40.83465684795371 ], [ -73.934966241641945, 40.834629123145703 ], [ -73.93497316061179, 40.834621635041643 ], [ -73.934972190735252, 40.834608144797578 ], [ -73.934993897366596, 40.834597666183093 ], [ -73.935030603239895, 40.834392365341294 ], [ -73.935036124277133, 40.834298320343358 ], [ -73.93503124118601, 40.83424886284952 ], [ -73.935042124908563, 40.834211399234491 ], [ -73.935076445028983, 40.833924043287091 ], [ -73.935069580981946, 40.833887318004798 ], [ -73.935083413633734, 40.833865596929648 ], [ -73.935096874719079, 40.833715356792254 ], [ -73.93509690469142, 40.833684631909883 ], [ -73.935103842555904, 40.833657656917872 ], [ -73.935112451000762, 40.833425739073505 ], [ -73.935117430480418, 40.833377034783993 ], [ -73.93512041704227, 40.83335380357007 ], [ -73.935132258487442, 40.83334482290504 ], [ -73.935126360418678, 40.833326080356287 ], [ -73.935129355008911, 40.833294609479971 ], [ -73.935124435528621, 40.833281118185226 ], [ -73.935138268190315, 40.833260144258261 ], [ -73.935137291278537, 40.833241413188631 ], [ -73.935130403006298, 40.833228667273524 ], [ -73.935121549736735, 40.833201692776647 ], [ -73.935123529498128, 40.8331896995089 ], [ -73.935115658923067, 40.833176205380752 ], [ -73.935132436026393, 40.833162725620369 ], [ -73.935139358477372, 40.833151491000351 ], [ -73.935127523794065, 40.833142488809138 ], [ -73.935124659845769, 40.833051069029345 ], [ -73.935121718533537, 40.83302859034761 ], [ -73.935115809460399, 40.833021842172926 ], [ -73.935111878823022, 40.833003100729258 ], [ -73.935119793655218, 40.832983628174226 ], [ -73.935117830205698, 40.832967139024525 ], [ -73.93512376770083, 40.832945412996743 ], [ -73.935120855473144, 40.832904196271095 ], [ -73.93513170518375, 40.832902697673731 ], [ -73.935144551143992, 40.832884722036546 ], [ -73.935167252946357, 40.832874992275947 ], [ -73.935164808409397, 40.832852883264287 ], [ -73.935156591733829, 40.832682406237289 ], [ -73.93512878131628, 40.832363534476926 ], [ -73.93511398341515, 40.832365776837186 ], [ -73.93507789246172, 40.831941623611385 ], [ -73.935095651848812, 40.831942381267062 ], [ -73.935087837285892, 40.831859198350045 ], [ -73.93506824974105, 40.831704067625786 ], [ -73.935041030282932, 40.831474283054213 ], [ -73.934863482751524, 40.830058341407678 ], [ -73.934830872084802, 40.829808437051788 ], [ -73.934798819057349, 40.829792309149703 ], [ -73.934800806769331, 40.829772833255021 ], [ -73.934789962787946, 40.829768324076767 ], [ -73.934792938279514, 40.829756340249617 ], [ -73.934781110858225, 40.829740593167301 ], [ -73.93477028229691, 40.829720361694257 ], [ -73.934759442944284, 40.829700121000201 ], [ -73.934763432883216, 40.829657403948609 ], [ -73.934743725913307, 40.829637167617605 ], [ -73.93473930830946, 40.829609061446597 ], [ -73.934749194928287, 40.829597080860857 ], [ -73.934737373499701, 40.829574588922661 ], [ -73.934722601278708, 40.829550599993055 ], [ -73.93472557699927, 40.829527369270885 ], [ -73.934714760258117, 40.829495143577148 ], [ -73.934701002524662, 40.829440430297446 ], [ -73.934694127073655, 40.829416455718608 ], [ -73.934712885606743, 40.829400725944666 ], [ -73.934705049022838, 40.829340774690543 ], [ -73.934693216696189, 40.829328773601318 ], [ -73.934675971018649, 40.829313401707957 ], [ -73.934662289878318, 40.829180759946041 ], [ -73.934683027024562, 40.829165787836139 ], [ -73.934707694025292, 40.829158309289667 ], [ -73.934700807807232, 40.829132074133931 ], [ -73.934681079909751, 40.829133558281754 ], [ -73.934677148802024, 40.829116328547933 ], [ -73.934670252220769, 40.829112569923851 ], [ -73.934654476182004, 40.829097576458516 ], [ -73.934649593094605, 40.829048118904836 ], [ -73.934661931983513, 40.829038760294495 ], [ -73.934662952255565, 40.829014033814097 ], [ -73.934664959714127, 40.828973566323945 ], [ -73.934656110225802, 40.82894283638614 ], [ -73.934655155365064, 40.828912858581113 ], [ -73.934636418521748, 40.82890685964648 ], [ -73.934616403438966, 40.828693655793316 ], [ -73.93461171264785, 40.828689835259453 ], [ -73.934602603238687, 40.828682400735175 ], [ -73.934608836428509, 40.828661188682496 ], [ -73.934610525068692, 40.828655436192243 ], [ -73.934608049933061, 40.828653363018205 ], [ -73.934600658453164, 40.828647182213082 ], [ -73.934598736406315, 40.828600724008979 ], [ -73.934601921183514, 40.828592549298634 ], [ -73.934611595532047, 40.828567755186207 ], [ -73.934609174454792, 40.828521674968151 ], [ -73.934610177165126, 40.828502936290199 ], [ -73.934612190010483, 40.828457228646506 ], [ -73.934604334898879, 40.828428002794702 ], [ -73.93460731363092, 40.828401025563728 ], [ -73.934600431855884, 40.828382282414381 ], [ -73.934608345553812, 40.828363557036447 ], [ -73.93459750565475, 40.828344820353578 ], [ -73.934600484881187, 40.828328333985105 ], [ -73.934593600408419, 40.828301351160142 ], [ -73.934586741478455, 40.828259384489897 ], [ -73.934595629144468, 40.828251149857373 ], [ -73.93458676210544, 40.828238402776499 ], [ -73.934591704748897, 40.828227167559859 ], [ -73.934597639715406, 40.828208431678519 ], [ -73.934588772672456, 40.828195693979069 ], [ -73.934586842407512, 40.828156719571396 ], [ -73.934565130102982, 40.82816270394683 ], [ -73.934558101798658, 40.828117402777785 ], [ -73.934545862660187, 40.828048161464203 ], [ -73.934542306381445, 40.828026870313067 ], [ -73.934532588805666, 40.827968558361768 ], [ -73.934521756380548, 40.827907800091388 ], [ -73.934538981340637, 40.827903472670748 ], [ -73.934531830927654, 40.827849402043448 ], [ -73.934520765281192, 40.827765689651045 ], [ -73.934515906724172, 40.827728930758489 ], [ -73.934423963390515, 40.827042893972163 ], [ -73.93448291058759, 40.827037092778795 ], [ -73.934464265494924, 40.826842205193508 ], [ -73.934428444005164, 40.826467850591449 ], [ -73.934367179553774, 40.825827598158533 ], [ -73.93435643452149, 40.825820937144378 ], [ -73.934325742891218, 40.825232590294462 ], [ -73.934295307327773, 40.824649231222807 ], [ -73.934293716705639, 40.824496386917254 ], [ -73.934272854408533, 40.82443895275135 ], [ -73.934246428950857, 40.824166883037236 ], [ -73.934218348032971, 40.823799045790146 ], [ -73.934165945306589, 40.823078580870991 ], [ -73.934146576669903, 40.823029032050449 ], [ -73.934146043821386, 40.823020619180397 ], [ -73.934133736253401, 40.822800655976813 ], [ -73.934121261650247, 40.822647253244313 ], [ -73.934117526126627, 40.822524332688474 ], [ -73.934102333663503, 40.822201216916781 ], [ -73.934099867382699, 40.822139912341143 ], [ -73.934098437999623, 40.82210422734385 ], [ -73.934091125173723, 40.821996037990161 ], [ -73.934079447234808, 40.821805575796276 ], [ -73.934074343548545, 40.821717099110295 ], [ -73.934077340951561, 40.821694561770059 ], [ -73.934070055226982, 40.82155932093422 ], [ -73.934044474764676, 40.821176703574416 ], [ -73.934045997790335, 40.821133877022824 ], [ -73.934035604431784, 40.820952547282502 ], [ -73.934026623345872, 40.820816809752891 ], [ -73.934003896156938, 40.82039784018415 ], [ -73.934000692074548, 40.820338197174699 ], [ -73.933982957054823, 40.819999920201752 ], [ -73.933986646406154, 40.819968034725171 ], [ -73.933972415310862, 40.819729574765653 ], [ -73.93383009163675, 40.819719743429658 ], [ -73.933830768402103, 40.819596657979858 ], [ -73.93383000695961, 40.819491095085141 ], [ -73.933827774216994, 40.819415494918843 ], [ -73.933826141377097, 40.819356429750378 ], [ -73.933800561386505, 40.818364001505522 ], [ -73.933937908049813, 40.817848059237541 ], [ -73.933995804473355, 40.817787442864386 ], [ -73.934063574585579, 40.817702318932049 ], [ -73.934179883517501, 40.817555872892989 ], [ -73.934454001389241, 40.817188528558837 ], [ -73.93463790338869, 40.816908048475618 ], [ -73.934873438349825, 40.816527847517641 ], [ -73.935755482107837, 40.815325584297128 ], [ -73.935993714172739, 40.814988693570513 ], [ -73.936050765781729, 40.814908014614076 ], [ -73.936135543970977, 40.814788127142286 ], [ -73.936229623545671, 40.814647390967707 ], [ -73.936688548827618, 40.814041630723302 ], [ -73.93708163694987, 40.813506141052635 ], [ -73.937143984242141, 40.813421041444606 ], [ -73.937617149517564, 40.812740364831434 ], [ -73.938135524075562, 40.812065618729811 ], [ -73.938206426883639, 40.811967604295447 ], [ -73.938309251090601, 40.811825465184292 ], [ -73.938387485298861, 40.811718443076344 ], [ -73.938637533266586, 40.811376388569713 ], [ -73.938743945036123, 40.811230821739507 ], [ -73.939017533145972, 40.810856556874498 ], [ -73.939493975399188, 40.810208809533542 ], [ -73.939948759770516, 40.809581418032636 ], [ -73.940403449683458, 40.808958095645956 ], [ -73.94086063175601, 40.808334267599299 ], [ -73.941317422812901, 40.807713346380609 ], [ -73.944456883526613, 40.809036149141754 ], [ -73.944537789512154, 40.809070235295088 ], [ -73.944600355747326, 40.809096884873099 ], [ -73.947286992815989, 40.810241181746271 ], [ -73.947372166810993, 40.810277457065276 ], [ -73.94746184285097, 40.810315301062758 ], [ -73.947726850363139, 40.810427152048163 ], [ -73.948032663006728, 40.810556224759409 ], [ -73.948492191245052, 40.810750172149348 ], [ -73.948569541850418, 40.810782817852811 ], [ -73.949053034223851, 40.810986876423357 ], [ -73.94914849325518, 40.811027165004901 ], [ -73.949547850210905, 40.811195711023963 ], [ -73.94962875124061, 40.811229854064536 ], [ -73.94970771575953, 40.811263180358779 ], [ -73.949795726105052, 40.811300324067261 ], [ -73.950215730387058, 40.811477579151202 ], [ -73.951505372645784, 40.812007685139378 ], [ -73.950982033939525, 40.812521629789764 ], [ -73.950928657388658, 40.812575072201597 ], [ -73.950350192090781, 40.813159389289858 ], [ -73.949862188973015, 40.81379998160908 ], [ -73.949637020386461, 40.814086297244643 ], [ -73.949636884422731, 40.814086478446754 ], [ -73.949636749115683, 40.814086666015058 ], [ -73.949425528492597, 40.814379583593187 ], [ -73.949214104390535, 40.814699770984923 ], [ -73.949018596399014, 40.815025754322178 ], [ -73.948839394871769, 40.815356826067344 ], [ -73.948676818075484, 40.815692286017452 ], [ -73.948356015854159, 40.816374305116646 ], [ -73.948067567374821, 40.816988289077564 ], [ -73.948007329334601, 40.817116508899637 ], [ -73.947666413186965, 40.817855509991944 ], [ -73.947349539797656, 40.81853499721845 ], [ -73.947036232068996, 40.819208371002965 ], [ -73.946718320999594, 40.819894267531616 ], [ -73.946402899138363, 40.820572042687701 ], [ -73.946078287404234, 40.821263215559696 ], [ -73.945160048957746, 40.82087904397892 ], [ -73.944603646038061, 40.821461981188236 ], [ -73.9440498636813, 40.822051592105041 ], [ -73.943505945294916, 40.82262775327974 ], [ -73.943235819717174, 40.8229213355364 ], [ -73.942923669125804, 40.823260587250473 ], [ -73.942429539563108, 40.823909156935507 ], [ -73.941955697289529, 40.82455444062316 ], [ -73.941503126537242, 40.825171366388169 ], [ -73.941048408755137, 40.825792629604194 ], [ -73.940594725665107, 40.826413604028801 ], [ -73.940139538890151, 40.827038690053413 ], [ -73.939689528653489, 40.827656573725683 ], [ -73.939248856824577, 40.828296351212273 ], [ -73.938960348891015, 40.828986329457663 ], [ -73.938640266937597, 40.829738875593236 ], [ -73.938997433715045, 40.829888852863974 ], [ -73.939266126190233, 40.829998531291452 ], [ -73.939434288385982, 40.830076116692545 ], [ -73.939625699300365, 40.830155838560657 ], [ -73.94014131209984, 40.830371990053422 ], [ -73.940069476013292, 40.830489975444685 ], [ -73.939997443829995, 40.830734636836134 ], [ -73.939983962113729, 40.830773245283844 ], [ -73.939961689147552, 40.830834812342765 ], [ -73.939934073489241, 40.830895118006154 ], [ -73.939901239097821, 40.830953894966491 ], [ -73.93986433451748, 40.831003432519715 ], [ -73.939823676511296, 40.831051244615104 ], [ -73.939779403511039, 40.831097166309853 ], [ -73.939730473806463, 40.831144151174101 ], [ -73.939572155377036, 40.8313116456237 ], [ -73.939505446392985, 40.831379533599602 ], [ -73.939445932119511, 40.83145117500419 ], [ -73.939393977986867, 40.831526133305388 ], [ -73.93934990092913, 40.831603949161597 ], [ -73.939313972248144, 40.831684143438302 ], [ -73.939228562301167, 40.831907802484032 ], [ -73.939188423626831, 40.831997550905839 ], [ -73.939150279460534, 40.832080179087058 ], [ -73.939106670560221, 40.832161232659182 ], [ -73.939057709363823, 40.832240503275621 ], [ -73.938948597007624, 40.832417336327893 ], [ -73.938773602616592, 40.83266321266246 ], [ -73.938580500617675, 40.832898676008639 ], [ -73.93848743116385, 40.832994503560563 ], [ -73.93839095691925, 40.833088368516634 ], [ -73.938291146097228, 40.833180199874718 ], [ -73.938188076173759, 40.833269929150482 ], [ -73.93808182197705, 40.83335749053856 ], [ -73.937972462528478, 40.833442817063137 ], [ -73.937295333314438, 40.833975918203905 ], [ -73.937006416447588, 40.834193111185535 ], [ -73.936603646454259, 40.834513016676127 ], [ -73.935726243321483, 40.835156346599753 ], [ -73.935307879376253, 40.835477725435567 ], [ -73.935288752111887, 40.835493364453718 ], [ -73.935302736130069, 40.835452575536578 ], [ -73.935363333842346, 40.835227785219587 ], [ -73.935398672542874, 40.835072651905264 ], [ -73.935313550486256, 40.835029836677926 ], [ -73.935243397753496, 40.835305419553265 ], [ -73.935176207674346, 40.835533349350563 ], [ -73.935119580736512, 40.835692209409949 ], [ -73.935059929735274, 40.835841127034108 ], [ -73.93500997020773, 40.835953588677079 ], [ -73.934912295438565, 40.836158403255816 ], [ -73.934690685941035, 40.836071365078411 ], [ -73.934673930020438, 40.836064904411451 ], [ -73.934446847333859, 40.835994349025192 ] ] ] ] } },
{ "type": "Feature", "properties": { "Precinct": 33, "Shape_Length": "22,108.8378895", "Shape_Area": "25,729,906.2789", "in_manhattan": true }, "geometry": { "type": "MultiPolygon", "coordinates": [ [ [ [ -73.929287613043257, 40.845850987652206 ], [ -73.929325228420609, 40.845795012081489 ], [ -73.92938078797043, 40.845713088024226 ], [ -73.929428459194199, 40.845644161459624 ], [ -73.929617788411775, 40.845371976856391 ], [ -73.929676312165427, 40.845289599968211 ], [ -73.929718504775892, 40.845231777761221 ], [ -73.929765589651623, 40.845155498584774 ], [ -73.9298142904901, 40.84507738364222 ], [ -73.929869492199032, 40.844983883071116 ], [ -73.929923067131583, 40.844894073705092 ], [ -73.929989638169374, 40.844769196937271 ], [ -73.930046480720279, 40.84466092972761 ], [ -73.930098446156293, 40.844555117607264 ], [ -73.930152036354343, 40.844449305942945 ], [ -73.930223522132493, 40.844284441595747 ], [ -73.930273890953799, 40.844163491488047 ], [ -73.930319395295754, 40.844044140613846 ], [ -73.930399020756937, 40.843828808692969 ], [ -73.93045266598449, 40.843681159880731 ], [ -73.93049978822178, 40.843555650222982 ], [ -73.930545300499332, 40.843428546088688 ], [ -73.9305696689228, 40.843371947301129 ], [ -73.930579427808638, 40.843337499917652 ], [ -73.930628181535425, 40.843205840884842 ], [ -73.930675299073499, 40.843085258014661 ], [ -73.930698058285955, 40.843023119393571 ], [ -73.930727363000599, 40.842939705502907 ], [ -73.930772829219393, 40.842810251215681 ], [ -73.930785807632731, 40.842793033211564 ], [ -73.93080204561862, 40.842765964757241 ], [ -73.930810194158383, 40.842717972930529 ], [ -73.930894652014246, 40.842538340141928 ], [ -73.930974880396676, 40.84240043256802 ], [ -73.931222298868562, 40.841931197819598 ], [ -73.931358889549941, 40.841688340119489 ], [ -73.931529296866842, 40.841385375039991 ], [ -73.931834614909491, 40.840836973049406 ], [ -73.932162016571553, 40.840255068050872 ], [ -73.932795557971602, 40.839123749538146 ], [ -73.932959732467751, 40.838785781355298 ], [ -73.933099181507387, 40.838543475291161 ], [ -73.933168063790788, 40.838421681344471 ], [ -73.933266697302614, 40.838250271448487 ], [ -73.93335684361476, 40.838087870179848 ], [ -73.933418072185958, 40.837971880038928 ], [ -73.933466541809878, 40.837891325020827 ], [ -73.933531170169687, 40.837766305566824 ], [ -73.933638306946236, 40.837579421701413 ], [ -73.933775177935104, 40.837371284973628 ], [ -73.933909528763991, 40.83713285480006 ], [ -73.93401498008339, 40.836934362876278 ], [ -73.93410258068505, 40.836766168736297 ], [ -73.934198232378137, 40.836572793076407 ], [ -73.934284477938988, 40.836383843146386 ], [ -73.934312453588674, 40.836318503659719 ], [ -73.934361327056408, 40.836200775593475 ], [ -73.934446847333859, 40.835994349025192 ], [ -73.934673930020438, 40.836064904411451 ], [ -73.934690685941035, 40.836071365078411 ], [ -73.934912295438565, 40.836158403255816 ], [ -73.93500997020773, 40.835953588677079 ], [ -73.935059929735274, 40.835841127034108 ], [ -73.935119580736512, 40.835692209409949 ], [ -73.935176207674346, 40.835533349350563 ], [ -73.935243397753496, 40.835305419553265 ], [ -73.935313550486256, 40.835029836677926 ], [ -73.935398672542874, 40.835072651905264 ], [ -73.935363333842346, 40.835227785219587 ], [ -73.935302736130069, 40.835452575536578 ], [ -73.935288752111887, 40.835493364453718 ], [ -73.935307879376253, 40.835477725435567 ], [ -73.935726243321483, 40.835156346599753 ], [ -73.936603646454259, 40.834513016676127 ], [ -73.937006416447588, 40.834193111185535 ], [ -73.937295333314438, 40.833975918203905 ], [ -73.937972462528478, 40.833442817063137 ], [ -73.93808182197705, 40.83335749053856 ], [ -73.938188076173759, 40.833269929150482 ], [ -73.938291146097228, 40.833180199874718 ], [ -73.93839095691925, 40.833088368516634 ], [ -73.93848743116385, 40.832994503560563 ], [ -73.938580500617675, 40.832898676008639 ], [ -73.938773602616592, 40.83266321266246 ], [ -73.938948597007624, 40.832417336327893 ], [ -73.939057709363823, 40.832240503275621 ], [ -73.939106670560221, 40.832161232659182 ], [ -73.939150279460534, 40.832080179087058 ], [ -73.939188423626831, 40.831997550905839 ], [ -73.939228562301167, 40.831907802484032 ], [ -73.939313972248144, 40.831684143438302 ], [ -73.93934990092913, 40.831603949161597 ], [ -73.939393977986867, 40.831526133305388 ], [ -73.939445932119511, 40.83145117500419 ], [ -73.939505446392985, 40.831379533599602 ], [ -73.939572155377036, 40.8313116456237 ], [ -73.939730473806463, 40.831144151174101 ], [ -73.939779403511039, 40.831097166309853 ], [ -73.939823676511296, 40.831051244615104 ], [ -73.93986433451748, 40.831003432519715 ], [ -73.939901239097821, 40.830953894966491 ], [ -73.939934073489241, 40.830895118006154 ], [ -73.939961689147552, 40.830834812342765 ], [ -73.939983962113729, 40.830773245283844 ], [ -73.939997443829995, 40.830734636836134 ], [ -73.940069476013292, 40.830489975444685 ], [ -73.94014131209984, 40.830371990053422 ], [ -73.940346432475266, 40.830457842849505 ], [ -73.941075469806393, 40.830766851373539 ], [ -73.941367995152589, 40.830890838082709 ], [ -73.942979661108495, 40.831567981534299 ], [ -73.94571933698613, 40.832721413768517 ], [ -73.945823950866512, 40.832765460784472 ], [ -73.945925580958743, 40.832806489702037 ], [ -73.948225972399428, 40.833849308791983 ], [ -73.948291081378713, 40.833861180771834 ], [ -73.948905432200462, 40.834065299379091 ], [ -73.949194488915907, 40.834210658595438 ], [ -73.949415704906912, 40.834358589832526 ], [ -73.949574317809507, 40.834419361416018 ], [ -73.9496411974838, 40.83443433008599 ], [ -73.949641573947204, 40.834451577508005 ], [ -73.949887040702919, 40.834541853673194 ], [ -73.950073198673806, 40.834620616540299 ], [ -73.950074932563865, 40.834615883735147 ], [ -73.95010532107662, 40.834627857255555 ], [ -73.949889156204151, 40.835284721261594 ], [ -73.949798265052237, 40.835489841210361 ], [ -73.94978471338267, 40.835520433884348 ], [ -73.949742578860452, 40.835628087824915 ], [ -73.949738915280406, 40.835705654477806 ], [ -73.949712435793018, 40.835774990284307 ], [ -73.94969313831767, 40.835862580943513 ], [ -73.949683490074662, 40.835921883370709 ], [ -73.94968950571446, 40.836041139373847 ], [ -73.949691176402098, 40.836074277497524 ], [ -73.949686347447582, 40.836109863324978 ], [ -73.949656289139867, 40.83619093997082 ], [ -73.949645418168188, 40.836220254750238 ], [ -73.949621376431679, 40.836232103601034 ], [ -73.949601497084913, 40.836305098802221 ], [ -73.94958334065862, 40.83648393783686 ], [ -73.949546007293733, 40.836604371501849 ], [ -73.94950991762181, 40.836665489687483 ], [ -73.949457019199542, 40.836705619473761 ], [ -73.949388529061395, 40.836715621438017 ], [ -73.949328460812865, 40.836719250936525 ], [ -73.949290346570621, 40.836729292485003 ], [ -73.949286986110309, 40.836732775790807 ], [ -73.949284462590981, 40.836736645423223 ], [ -73.949282850890114, 40.836740786563297 ], [ -73.949282198829977, 40.836745076335959 ], [ -73.949282525758534, 40.836749387455896 ], [ -73.949283821975399, 40.836753592004364 ], [ -73.949286049019662, 40.836757565224815 ], [ -73.949289140811018, 40.836761189224539 ], [ -73.9492930056105, 40.83676435647282 ], [ -73.94929752874252, 40.836766972991668 ], [ -73.94930257599755, 40.836768961144116 ], [ -73.94937713355948, 40.836780334419963 ], [ -73.949439946965256, 40.836791699316919 ], [ -73.949442300131182, 40.836792157018479 ], [ -73.949497399362258, 40.836814981489518 ], [ -73.949542105044841, 40.83687963192569 ], [ -73.949180588978621, 40.83786401012167 ], [ -73.949152341292901, 40.837933552557722 ], [ -73.949004597678922, 40.838425588533575 ], [ -73.948928911686849, 40.838643426286104 ], [ -73.948839619811054, 40.838875635844062 ], [ -73.948757636675353, 40.839020237482558 ], [ -73.948657750268609, 40.839301345218217 ], [ -73.948560545205268, 40.839564885161735 ], [ -73.948496402890612, 40.83966759317255 ], [ -73.948428607915488, 40.839860854150672 ], [ -73.948334179237818, 40.83999733538348 ], [ -73.948274498937494, 40.840063540662157 ], [ -73.948233526220946, 40.840117596270005 ], [ -73.948074842555044, 40.840466258975368 ], [ -73.94796701014053, 40.840654108198756 ], [ -73.947860034522705, 40.840896012587599 ], [ -73.947761960877315, 40.841125756331309 ], [ -73.947709348099636, 40.841263606866178 ], [ -73.947606004017914, 40.841409547682346 ], [ -73.9475560981857, 40.84152866737066 ], [ -73.947488969293104, 40.841697463881715 ], [ -73.947383221542623, 40.841940825801913 ], [ -73.947274304391271, 40.84205178297006 ], [ -73.94721047555683, 40.842101126696818 ], [ -73.947167882223596, 40.842159099043378 ], [ -73.947133679722612, 40.842258624112795 ], [ -73.947120533110805, 40.842285596940691 ], [ -73.947107151744149, 40.84230678757892 ], [ -73.946960123828461, 40.842539570126803 ], [ -73.946935028628076, 40.842619198006787 ], [ -73.946869186452972, 40.842704822894262 ], [ -73.946787682125972, 40.8428151274789 ], [ -73.946755100748035, 40.842888461515628 ], [ -73.946709847566012, 40.842944124651574 ], [ -73.946616425961992, 40.843020098338037 ], [ -73.94654808278284, 40.843119981159418 ], [ -73.946458580666132, 40.843254383763437 ], [ -73.946369199915353, 40.843454779954776 ], [ -73.946313495663517, 40.843559770438958 ], [ -73.946248919181954, 40.843671204578584 ], [ -73.946197888993979, 40.843754098968041 ], [ -73.946126255786069, 40.843888568769323 ], [ -73.946124164217721, 40.843892496557167 ], [ -73.946119335775549, 40.844004737494075 ], [ -73.946097458338869, 40.844055052047317 ], [ -73.946094151721752, 40.844097355249012 ], [ -73.946113655107283, 40.844196277526173 ], [ -73.94611699818833, 40.844224965669234 ], [ -73.946093164131028, 40.8442911486529 ], [ -73.946105377725132, 40.844349722635414 ], [ -73.946084258058335, 40.844468181965155 ], [ -73.946091240774763, 40.844498801346006 ], [ -73.94607880557129, 40.844597669825781 ], [ -73.946109299804391, 40.844858574990781 ], [ -73.946122721528226, 40.8448795542133 ], [ -73.946128368353186, 40.844911807158702 ], [ -73.946146923989119, 40.844939756920866 ], [ -73.946160187889944, 40.845029844919779 ], [ -73.946160869071591, 40.845125827057863 ], [ -73.946191387283761, 40.845197972276779 ], [ -73.946205745536403, 40.84523179311288 ], [ -73.946222711667687, 40.845259166341314 ], [ -73.946210651864803, 40.845333625131872 ], [ -73.946177048454246, 40.845365914710669 ], [ -73.946171749838769, 40.845392891580666 ], [ -73.94620682472852, 40.845461745739286 ], [ -73.946230623854603, 40.845576980242086 ], [ -73.946276649579715, 40.845690659918432 ], [ -73.946307748146026, 40.845740934326066 ], [ -73.946438782555234, 40.845885922420877 ], [ -73.946466209925134, 40.845881260406934 ], [ -73.946479505128664, 40.84591977807311 ], [ -73.946445444815609, 40.845921487590481 ], [ -73.946483876872477, 40.845964687313632 ], [ -73.946517302006185, 40.845995183901202 ], [ -73.946503895852302, 40.846028199265085 ], [ -73.946455979128558, 40.846058164593607 ], [ -73.946425819536614, 40.84606333862834 ], [ -73.946348394593556, 40.846156448606848 ], [ -73.946350780499358, 40.846240331289295 ], [ -73.946402882653175, 40.846361291119798 ], [ -73.94643643817534, 40.846439919491679 ], [ -73.946473530579169, 40.846528618163489 ], [ -73.946516832051188, 40.846593139850704 ], [ -73.94664058276652, 40.846684894036819 ], [ -73.946717678791359, 40.846824758749783 ], [ -73.946789568493216, 40.846996749345365 ], [ -73.946824453426856, 40.847134261567255 ], [ -73.946809352666591, 40.847288446134925 ], [ -73.946782205440002, 40.847353388694188 ], [ -73.946749338427693, 40.847405959337188 ], [ -73.94669858704917, 40.847497393872409 ], [ -73.946685768537904, 40.847728395044292 ], [ -73.946656064346158, 40.847883320483582 ], [ -73.946640582057896, 40.847939292150507 ], [ -73.946622857343527, 40.84814551949151 ], [ -73.946620277485934, 40.848214017831189 ], [ -73.946619499988884, 40.848278425911992 ], [ -73.946644225722778, 40.848399333885368 ], [ -73.946650407631765, 40.848667604216807 ], [ -73.946678537653952, 40.848837459093026 ], [ -73.946635500126689, 40.84891242505973 ], [ -73.946650643105187, 40.849005010411723 ], [ -73.946664996248401, 40.849045694100937 ], [ -73.946706017630035, 40.849094377297085 ], [ -73.946720511760532, 40.849231783416847 ], [ -73.946733134063876, 40.849267497214527 ], [ -73.946756564277663, 40.849302667695092 ], [ -73.946811646733352, 40.849351934291363 ], [ -73.94683872036461, 40.849382821351028 ], [ -73.946855250043555, 40.849427680199675 ], [ -73.946854798475698, 40.849539471265011 ], [ -73.946882444174577, 40.849592841569205 ], [ -73.946895057932949, 40.849639453080769 ], [ -73.946900632106917, 40.849674148755454 ], [ -73.94696652237154, 40.849815174535266 ], [ -73.946959229438193, 40.849848958490526 ], [ -73.946951088499816, 40.849859164465606 ], [ -73.946952221183182, 40.849890097861916 ], [ -73.946995786581141, 40.849955924292246 ], [ -73.946958144741856, 40.849985259449241 ], [ -73.946967065245488, 40.84999566592073 ], [ -73.946985165769107, 40.849994533070571 ], [ -73.947027824947213, 40.850041831812469 ], [ -73.947025361710715, 40.850062114591118 ], [ -73.947005273577417, 40.850081867271193 ], [ -73.946974471463093, 40.850089895081325 ], [ -73.946953429150824, 40.850097735222107 ], [ -73.94696404495707, 40.850111655775464 ], [ -73.946986450412282, 40.850118830382897 ], [ -73.947017816995071, 40.850126995982734 ], [ -73.947028972035937, 40.850144759933634 ], [ -73.947019210004143, 40.850195092735639 ], [ -73.947049802591934, 40.850223349228408 ], [ -73.947043992783506, 40.850254745987847 ], [ -73.947004065768681, 40.850329328700248 ], [ -73.947004596083531, 40.850344067993461 ], [ -73.947011102736695, 40.850356292656805 ], [ -73.947001674369957, 40.850386520112679 ], [ -73.946998083022237, 40.850398030842705 ], [ -73.946964417595936, 40.850465525818223 ], [ -73.946926264048642, 40.850528055668391 ], [ -73.946868996149249, 40.850589596858747 ], [ -73.946813673916282, 40.850649039178123 ], [ -73.946802196280203, 40.850661371988451 ], [ -73.946787057657303, 40.850677603725103 ], [ -73.94678400333197, 40.850677422228479 ], [ -73.944759898639759, 40.850258807948016 ], [ -73.944676112628002, 40.85024376255182 ], [ -73.943416896800542, 40.850051912852472 ], [ -73.943151435349847, 40.85000403496533 ], [ -73.94304242262902, 40.849982650428103 ], [ -73.942967317690702, 40.849967915983754 ], [ -73.942905751292557, 40.849955838413287 ], [ -73.942593814110879, 40.8498932360447 ], [ -73.942531440773763, 40.849880718291061 ], [ -73.942481823842442, 40.849871884172742 ], [ -73.942479146940855, 40.849881257117175 ], [ -73.942457179084059, 40.849931981486087 ], [ -73.942433113231004, 40.849993803736723 ], [ -73.942374565090887, 40.850092075105337 ], [ -73.942335130378012, 40.850153992347522 ], [ -73.942261210916726, 40.850248385844061 ], [ -73.942082298076727, 40.850416500444986 ], [ -73.941959538940779, 40.850504879746971 ], [ -73.941891535457259, 40.850539277783561 ], [ -73.94181747243185, 40.850572619336369 ], [ -73.941734162292619, 40.850597172078466 ], [ -73.941658531210408, 40.850608098935062 ], [ -73.941574511596002, 40.850612903034438 ], [ -73.941440906854126, 40.850602086986136 ], [ -73.941320462460467, 40.850569565264152 ], [ -73.941234486644007, 40.85053191800943 ], [ -73.941178527661606, 40.85050119483499 ], [ -73.941132413382789, 40.850468478604917 ], [ -73.941095944856997, 40.850439683477973 ], [ -73.941060186428942, 40.850401295303065 ], [ -73.941024945405147, 40.85035318733437 ], [ -73.940978759060314, 40.850247736835463 ], [ -73.94095942464574, 40.850138541505125 ], [ -73.94097398005303, 40.850023475566985 ], [ -73.941010181288945, 40.849872981604598 ], [ -73.941011573737754, 40.849827300001785 ], [ -73.94098329541329, 40.849732764429959 ], [ -73.940970721058576, 40.849696864413069 ], [ -73.940909968593573, 40.849637702542708 ], [ -73.940816176350253, 40.849632190850329 ], [ -73.940774867064519, 40.849674945265889 ], [ -73.940751975035099, 40.849689130289249 ], [ -73.939914975540276, 40.849525540041078 ], [ -73.938935132947918, 40.849288985746469 ], [ -73.937069781756122, 40.848939000099598 ], [ -73.935928125400906, 40.848519210028847 ], [ -73.934693172622204, 40.847998384874757 ], [ -73.934086075523766, 40.847741881657704 ], [ -73.933306169871429, 40.847412356796298 ], [ -73.931850102074733, 40.846802633271643 ], [ -73.930927802148574, 40.846471698350825 ], [ -73.930275808498862, 40.846167867245811 ], [ -73.929497677539118, 40.845900027936715 ], [ -73.929334437838264, 40.845860303353817 ], [ -73.929287613043257, 40.845850987652206 ] ] ] ] } },
{ "type": "Feature", "properties": { "Precinct": 34, "Shape_Length": "44,062.4075417", "Shape_Area": "52,225,487.412", "in_manhattan": true }, "geometry": { "type": "MultiPolygon", "coordinates": [ [ [ [ -73.929287613043257, 40.845850987652206 ], [ -73.929334437838264, 40.845860303353817 ], [ -73.929497677539118, 40.845900027936715 ], [ -73.930275808498862, 40.846167867245811 ], [ -73.930927802148574, 40.846471698350825 ], [ -73.931850102074733, 40.846802633271643 ], [ -73.933306169871429, 40.847412356796298 ], [ -73.934086075523766, 40.847741881657704 ], [ -73.934693172622204, 40.847998384874757 ], [ -73.935928125400906, 40.848519210028847 ], [ -73.937069781756122, 40.848939000099598 ], [ -73.938935132947918, 40.849288985746469 ], [ -73.939914975540276, 40.849525540041078 ], [ -73.940751975035099, 40.849689130289249 ], [ -73.940774867064519, 40.849674945265889 ], [ -73.940816176350253, 40.849632190850329 ], [ -73.940909968593573, 40.849637702542708 ], [ -73.940970721058576, 40.849696864413069 ], [ -73.94098329541329, 40.849732764429959 ], [ -73.941011573737754, 40.849827300001785 ], [ -73.941010181288945, 40.849872981604598 ], [ -73.94097398005303, 40.850023475566985 ], [ -73.94095942464574, 40.850138541505125 ], [ -73.940978759060314, 40.850247736835463 ], [ -73.941024945405147, 40.85035318733437 ], [ -73.941060186428942, 40.850401295303065 ], [ -73.941095944856997, 40.850439683477973 ], [ -73.941132413382789, 40.850468478604917 ], [ -73.941178527661606, 40.85050119483499 ], [ -73.941234486644007, 40.85053191800943 ], [ -73.941320462460467, 40.850569565264152 ], [ -73.941440906854126, 40.850602086986136 ], [ -73.941574511596002, 40.850612903034438 ], [ -73.941658531210408, 40.850608098935062 ], [ -73.941734162292619, 40.850597172078466 ], [ -73.94181747243185, 40.850572619336369 ], [ -73.941891535457259, 40.850539277783561 ], [ -73.941959538940779, 40.850504879746971 ], [ -73.942082298076727, 40.850416500444986 ], [ -73.942261210916726, 40.850248385844061 ], [ -73.942335130378012, 40.850153992347522 ], [ -73.942374565090887, 40.850092075105337 ], [ -73.942433113231004, 40.849993803736723 ], [ -73.942457179084059, 40.849931981486087 ], [ -73.942479146940855, 40.849881257117175 ], [ -73.942481823842442, 40.849871884172742 ], [ -73.942531440773763, 40.849880718291061 ], [ -73.942593814110879, 40.8498932360447 ], [ -73.942905751292557, 40.849955838413287 ], [ -73.942967317690702, 40.849967915983754 ], [ -73.94304242262902, 40.849982650428103 ], [ -73.943151435349847, 40.85000403496533 ], [ -73.943416896800542, 40.850051912852472 ], [ -73.944676112628002, 40.85024376255182 ], [ -73.944759898639759, 40.850258807948016 ], [ -73.94678400333197, 40.850677422228479 ], [ -73.946787057657303, 40.850677603725103 ], [ -73.946515902161295, 40.850968339080531 ], [ -73.946502294586494, 40.850975665608765 ], [ -73.946487434491658, 40.850981420539682 ], [ -73.946471634419566, 40.850985482833437 ], [ -73.946456883783, 40.850987620911908 ], [ -73.946441892029611, 40.850988281585522 ], [ -73.946426914691003, 40.850987453593248 ], [ -73.946412160861712, 40.850985140782825 ], [ -73.94639793164113, 40.850981383672817 ], [ -73.946384471113731, 40.850976246711852 ], [ -73.946372010177853, 40.850969818017987 ], [ -73.946338753789846, 40.850947826324727 ], [ -73.946320774120267, 40.850923256676957 ], [ -73.946328880366792, 40.850904376870311 ], [ -73.946351741943275, 40.850893073305485 ], [ -73.946352186377638, 40.850869964657292 ], [ -73.946337963560453, 40.85085289594619 ], [ -73.94632729794796, 40.85084603307687 ], [ -73.946315898277774, 40.850838696108646 ], [ -73.946297173048336, 40.850833135330937 ], [ -73.946275014967057, 40.850840977173029 ], [ -73.946243746423804, 40.850884542994926 ], [ -73.94619776917537, 40.850905666203552 ], [ -73.946173044801554, 40.8509579544857 ], [ -73.946195978145255, 40.850974172072519 ], [ -73.946200783220817, 40.851031488105413 ], [ -73.946186012492049, 40.851031469656938 ], [ -73.946172106194169, 40.851052119815122 ], [ -73.946158192276329, 40.851047286468976 ], [ -73.946146998379646, 40.851031290628441 ], [ -73.946145425012276, 40.851007465881992 ], [ -73.946133922846414, 40.850983931843587 ], [ -73.946119766479995, 40.850968754141618 ], [ -73.946096701952285, 40.850966341248153 ], [ -73.946081905010686, 40.850980714881075 ], [ -73.946087458795162, 40.851008062999171 ], [ -73.94609742395545, 40.851032602469793 ], [ -73.946098132240209, 40.851033575609385 ], [ -73.946141593834938, 40.851093699467647 ], [ -73.946136536553198, 40.851154726064607 ], [ -73.946117441051925, 40.851172582517158 ], [ -73.946047802860818, 40.851188550971429 ], [ -73.945964734391225, 40.851171874836481 ], [ -73.945930257830852, 40.851189721707208 ], [ -73.945895774541739, 40.851187339103653 ], [ -73.945840927991568, 40.851169476644223 ], [ -73.945767261656201, 40.851169465657186 ], [ -73.94572493994535, 40.851196832318408 ], [ -73.945728063619697, 40.851227773189883 ], [ -73.945682619126075, 40.85122657662459 ], [ -73.945652836264543, 40.851211097838657 ], [ -73.945612080799037, 40.851239653104876 ], [ -73.945555639750339, 40.851320567777009 ], [ -73.945527430248703, 40.85132056333898 ], [ -73.945519579085627, 40.851362212659183 ], [ -73.945481264481359, 40.851371858147957 ], [ -73.945449037344034, 40.851427659209556 ], [ -73.945422395405515, 40.851426466405741 ], [ -73.945395754004792, 40.851415751061353 ], [ -73.94537850253991, 40.851426458195988 ], [ -73.945389468881103, 40.851452636411764 ], [ -73.945322073381604, 40.851469288984646 ], [ -73.945312661955597, 40.85148476301881 ], [ -73.945279752591262, 40.851494277486566 ], [ -73.945253110953075, 40.851491886851292 ], [ -73.945243695228413, 40.851519259229619 ], [ -73.945272680328031, 40.851546043730821 ], [ -73.945266409990396, 40.851571029053773 ], [ -73.945195868535833, 40.851592445934102 ], [ -73.945153556593567, 40.851586484607068 ], [ -73.945065783001468, 40.85163883110603 ], [ -73.945043827049403, 40.851670957840952 ], [ -73.945006202345695, 40.851701901256284 ], [ -73.944977983956321, 40.851731648002954 ], [ -73.944932526784456, 40.851730442257654 ], [ -73.944877312725438, 40.851753822764231 ], [ -73.944777022803862, 40.851796289732775 ], [ -73.944765774148209, 40.851801052901919 ], [ -73.944714454859678, 40.851815394123292 ], [ -73.944693807038135, 40.851824093769231 ], [ -73.944687654556191, 40.851835734367612 ], [ -73.944692699341147, 40.851862505856872 ], [ -73.944689783100259, 40.851877154047088 ], [ -73.944683240557239, 40.851910009959482 ], [ -73.94466721178145, 40.851921226006802 ], [ -73.944632341243292, 40.8519094970436 ], [ -73.944588456350857, 40.851927342345981 ], [ -73.944577478706279, 40.851942815566744 ], [ -73.944503819459825, 40.851957079452646 ], [ -73.944486581512621, 40.851923758121274 ], [ -73.944503163577934, 40.851899398142422 ], [ -73.944505155125981, 40.851889898512077 ], [ -73.94448761915838, 40.851888798324971 ], [ -73.944461978547736, 40.851899390886707 ], [ -73.944453681332647, 40.851897567755103 ], [ -73.944422326593681, 40.851904704731275 ], [ -73.944397252798822, 40.851892802673909 ], [ -73.94440667125734, 40.851854720595057 ], [ -73.944367497848575, 40.851824961779649 ], [ -73.944325184824763, 40.851822576438636 ], [ -73.944317333426966, 40.851855893393555 ], [ -73.944290682088621, 40.851882074321672 ], [ -73.944245224993011, 40.851920149365519 ], [ -73.944210738031899, 40.851929655729336 ], [ -73.944221696510709, 40.8519760733924 ], [ -73.944196607813481, 40.852015341815871 ], [ -73.944133910315358, 40.852027229589474 ], [ -73.944071230819631, 40.852015319630745 ], [ -73.944013239507257, 40.851999843664416 ], [ -73.943991281309025, 40.85204149055216 ], [ -73.943959916494407, 40.852118841320504 ], [ -73.943881535749128, 40.852172377710055 ], [ -73.943796105955428, 40.852197952964218 ], [ -73.943600729851767, 40.852231020716189 ], [ -73.943479785456674, 40.852281882444565 ], [ -73.943059029442978, 40.852601430146983 ], [ -73.943026443711801, 40.852626177871002 ], [ -73.942798385053536, 40.852851233889893 ], [ -73.942609966835704, 40.853067914746802 ], [ -73.942473659257772, 40.853171277809253 ], [ -73.942055142584849, 40.853654107455711 ], [ -73.941869964266729, 40.85386773944284 ], [ -73.941827744250475, 40.853989960130058 ], [ -73.941731056614856, 40.854108388549356 ], [ -73.941581588004453, 40.854347143808475 ], [ -73.941537367424289, 40.854435643596133 ], [ -73.941502131898929, 40.854500126748619 ], [ -73.941497621321588, 40.854508384367733 ], [ -73.941409806423977, 40.854684630486169 ], [ -73.941313111313193, 40.854795539755216 ], [ -73.941265920511157, 40.854944078788492 ], [ -73.941233663597671, 40.855009887976877 ], [ -73.941032770031228, 40.855305038642562 ], [ -73.940999289991865, 40.855358618938638 ], [ -73.941009143133044, 40.855415039634806 ], [ -73.940957044724144, 40.855520334394541 ], [ -73.940855398554945, 40.855621830778468 ], [ -73.94076854842892, 40.85580797146757 ], [ -73.940746217103694, 40.855847446920407 ], [ -73.940694193800951, 40.855853066060213 ], [ -73.940619751346148, 40.856011000742512 ], [ -73.940488312692693, 40.856204628822717 ], [ -73.940405177766237, 40.856372905782031 ], [ -73.940350564613752, 40.856515803575803 ], [ -73.940293474971199, 40.856641770657639 ], [ -73.940147176187125, 40.856833517057154 ], [ -73.94008523452419, 40.856856051297648 ], [ -73.940018270159115, 40.856950045645213 ], [ -73.939948806771397, 40.857066614256127 ], [ -73.939781462111171, 40.857234836995971 ], [ -73.939684824102613, 40.857289321036028 ], [ -73.939610410732271, 40.857396476396808 ], [ -73.939402115143935, 40.857665297972225 ], [ -73.939364888882238, 40.857740505738384 ], [ -73.939283038506431, 40.857860822791345 ], [ -73.93922231976174, 40.857893694231095 ], [ -73.93911094164396, 40.858040911225757 ], [ -73.939041226417743, 40.858202016363876 ], [ -73.938914714435086, 40.858406937423247 ], [ -73.938656805655157, 40.858734030419264 ], [ -73.938653061647003, 40.858768813621985 ], [ -73.938501747250285, 40.8590113350078 ], [ -73.938437287918717, 40.85907336212118 ], [ -73.938416433962814, 40.859166245967138 ], [ -73.938309574342924, 40.859380523608131 ], [ -73.937853365864797, 40.859830271232973 ], [ -73.937735563779611, 40.859933512239365 ], [ -73.937557343185077, 40.860081356325281 ], [ -73.937529441725601, 40.860096641282055 ], [ -73.937530663054574, 40.860111878847619 ], [ -73.937552186569874, 40.860123674582979 ], [ -73.937587163184176, 40.860149540326631 ], [ -73.937580542064993, 40.860203206651235 ], [ -73.937354361344262, 40.860515121290192 ], [ -73.937135775114669, 40.860783637202218 ], [ -73.937093904075624, 40.860925242991286 ], [ -73.937042231421827, 40.861057532978947 ], [ -73.936968517481077, 40.861143219025138 ], [ -73.936810969729024, 40.861258023749869 ], [ -73.936802799636752, 40.861279081626606 ], [ -73.936818515475068, 40.861315818680502 ], [ -73.936810454492544, 40.86136346605997 ], [ -73.93647561664848, 40.861926591673331 ], [ -73.935968130068474, 40.862544092396178 ], [ -73.935594607978246, 40.8629650518521 ], [ -73.934850891731188, 40.863965576934923 ], [ -73.934755407176127, 40.864096339240653 ], [ -73.934618700762385, 40.864269871044961 ], [ -73.934434468511085, 40.864503731733819 ], [ -73.934355685135245, 40.864732907068429 ], [ -73.934231640792319, 40.864813897822728 ], [ -73.934192303018747, 40.86487910753106 ], [ -73.934081738813433, 40.86497781014824 ], [ -73.934016644266976, 40.86503554829163 ], [ -73.934016485244712, 40.865195817666724 ], [ -73.933950017115791, 40.86534674620988 ], [ -73.933862831234791, 40.865410046111869 ], [ -73.93378916436356, 40.865428634268554 ], [ -73.933630555686122, 40.865709019423349 ], [ -73.933571580075821, 40.865766750944282 ], [ -73.933573961220347, 40.865841295538743 ], [ -73.933492854241663, 40.865945614824895 ], [ -73.933436350696994, 40.865986581995365 ], [ -73.933436289144296, 40.866048075807548 ], [ -73.933401827008041, 40.866135646839936 ], [ -73.93332317557568, 40.866238095014197 ], [ -73.933256888799178, 40.866241784581028 ], [ -73.933131501856735, 40.866426213789588 ], [ -73.933075003078571, 40.866557418725101 ], [ -73.932833494283173, 40.866982048205479 ], [ -73.932663327214627, 40.867237066437013 ], [ -73.93275648627251, 40.867264360167958 ], [ -73.932762607831251, 40.867252297557179 ], [ -73.932901718917691, 40.867293043899728 ], [ -73.932839582050633, 40.867415276911437 ], [ -73.932645695745677, 40.867358477642384 ], [ -73.932660350563708, 40.8673296613538 ], [ -73.932597948528056, 40.86731134967043 ], [ -73.932548303869524, 40.867413833501544 ], [ -73.932518884044399, 40.867410503365875 ], [ -73.932425382153909, 40.867568247921128 ], [ -73.932386622357299, 40.867693893244756 ], [ -73.932364314311755, 40.867863301007873 ], [ -73.932350781368214, 40.867979120295395 ], [ -73.932354315629738, 40.868007195697871 ], [ -73.932367468095478, 40.86803721447599 ], [ -73.93237341288571, 40.868063488575842 ], [ -73.932273971280594, 40.868477151977899 ], [ -73.932281240066558, 40.868532538157602 ], [ -73.93226769826255, 40.868562318972415 ], [ -73.932322843844247, 40.868578111887047 ], [ -73.932315910113246, 40.868604142896089 ], [ -73.93244643748244, 40.868659765468905 ], [ -73.932492142986334, 40.868677519159711 ], [ -73.93249377280182, 40.868674809424483 ], [ -73.932530777968196, 40.868613271913929 ], [ -73.932536906623014, 40.868603078375578 ], [ -73.932568918163142, 40.8685498472381 ], [ -73.932579705011861, 40.868531909823268 ], [ -73.932614318916094, 40.868474347379504 ], [ -73.932622115146174, 40.868461384985757 ], [ -73.932625250750306, 40.868456167974209 ], [ -73.93262844350275, 40.868457274317144 ], [ -73.932650835128072, 40.868465033481918 ], [ -73.932545465218496, 40.868640259232954 ], [ -73.932550506616437, 40.868642005591163 ], [ -73.932568042640852, 40.868648083856066 ], [ -73.932523545600375, 40.868722078358964 ], [ -73.932501251630043, 40.86871435273158 ], [ -73.932506199657183, 40.868706125391256 ], [ -73.932495328840531, 40.868701950391461 ], [ -73.932352298746906, 40.868647028162414 ], [ -73.932305972789052, 40.868629239039812 ], [ -73.93229831818654, 40.868647370917927 ], [ -73.93225031755, 40.86863950887011 ], [ -73.932254277491566, 40.868683398855538 ], [ -73.932277510532828, 40.868711156972587 ], [ -73.932287320442796, 40.868875142390415 ], [ -73.932313854482302, 40.868923720343744 ], [ -73.932360350937742, 40.868949609798491 ], [ -73.932456708009497, 40.868962273178177 ], [ -73.932537293549515, 40.868968002362323 ], [ -73.9325689548279, 40.868979403213956 ], [ -73.932567951698786, 40.869044391473857 ], [ -73.932504698031465, 40.869129558665229 ], [ -73.932390168046183, 40.86918730311006 ], [ -73.932293276898676, 40.869199501942276 ], [ -73.932189038260788, 40.869366976389109 ], [ -73.932468830699079, 40.869476099387015 ], [ -73.932353708072768, 40.869755255296639 ], [ -73.93226581636975, 40.869734771640061 ], [ -73.932359344660028, 40.869507363219405 ], [ -73.932133366030499, 40.869415975441008 ], [ -73.932109971067035, 40.869477249101699 ], [ -73.932077126194343, 40.869542684159995 ], [ -73.932059082863461, 40.869582816886734 ], [ -73.932053438477098, 40.869600750744404 ], [ -73.932050021697464, 40.869641746782754 ], [ -73.93206712211834, 40.869699427786401 ], [ -73.932095661029109, 40.869759651145273 ], [ -73.932179760245589, 40.869822366400321 ], [ -73.932198551151373, 40.869844870743478 ], [ -73.932206005318662, 40.870096445104465 ], [ -73.932123285271572, 40.870378943105209 ], [ -73.932047404813957, 40.870582903966671 ], [ -73.932031569266812, 40.870757202534762 ], [ -73.931913771368102, 40.871129493722769 ], [ -73.931784401248251, 40.871334422923809 ], [ -73.931601495873167, 40.871583875470037 ], [ -73.93146821139365, 40.871797716206572 ], [ -73.93137655898947, 40.872108627360646 ], [ -73.931221075590813, 40.87233532285596 ], [ -73.931062541995999, 40.872666806528741 ], [ -73.930845114344578, 40.872887170307855 ], [ -73.930683818181691, 40.873156876900495 ], [ -73.929976867431478, 40.87433896233042 ], [ -73.929862150625652, 40.874418441525172 ], [ -73.929319188194, 40.875294438560964 ], [ -73.929179682559692, 40.875555548966396 ], [ -73.929013458097899, 40.87573866009015 ], [ -73.928590026328379, 40.876096010294987 ], [ -73.928329769684893, 40.876353469084762 ], [ -73.928146236035701, 40.876522528943987 ], [ -73.928036385767356, 40.876582442505935 ], [ -73.927965946434696, 40.876617685376551 ], [ -73.927530821274885, 40.876710534813029 ], [ -73.926899405023903, 40.877216634434653 ], [ -73.926608244342944, 40.877507631211827 ], [ -73.926530962784256, 40.877583691279952 ], [ -73.926481857184385, 40.877618203017931 ], [ -73.926415914547746, 40.87761004770082 ], [ -73.926405569211155, 40.877621476537371 ], [ -73.926350802682549, 40.877592320462661 ], [ -73.926296809925859, 40.877565027875704 ], [ -73.926310017392709, 40.87755063388213 ], [ -73.926302535711073, 40.877537430897256 ], [ -73.926297435881835, 40.877523589529659 ], [ -73.926294562014235, 40.87750608951734 ], [ -73.926295487973874, 40.877488468090462 ], [ -73.926300188947735, 40.87747119739447 ], [ -73.926308538976002, 40.877454740176987 ], [ -73.926320314327214, 40.877439537389151 ], [ -73.926335199493138, 40.877425996370917 ], [ -73.926352795642657, 40.877414479936924 ], [ -73.92637263130797, 40.877405296655397 ], [ -73.926394175016981, 40.877398692580677 ], [ -73.926421139275078, 40.87736696562591 ], [ -73.926441050688609, 40.877332366949801 ], [ -73.926453393779852, 40.877295792281728 ], [ -73.926457849010163, 40.877258188506211 ], [ -73.926440135856254, 40.877218404407124 ], [ -73.926414330409713, 40.877181257616407 ], [ -73.926381086518418, 40.877147689325838 ], [ -73.926341246495127, 40.877118550057062 ], [ -73.926295819775177, 40.877094578112228 ], [ -73.926245957340115, 40.877076380868345 ], [ -73.926192922555728, 40.877064419388326 ], [ -73.926138059162824, 40.877058996739585 ], [ -73.926082757231981, 40.877060250315466 ], [ -73.925975656059805, 40.877054867555159 ], [ -73.925868340534549, 40.877056446960822 ], [ -73.925761594766598, 40.877064976992351 ], [ -73.925656198703876, 40.877080395324278 ], [ -73.925552922433809, 40.877102589301074 ], [ -73.925452520557286, 40.877131396760127 ], [ -73.925355726675733, 40.877166607216523 ], [ -73.925263248031413, 40.877207963400743 ], [ -73.925175760340395, 40.877255163138258 ], [ -73.925168821381604, 40.877283362269097 ], [ -73.925157502461801, 40.877310732313262 ], [ -73.925138047608158, 40.877342372615558 ], [ -73.92511275427465, 40.877371537510484 ], [ -73.925082157013378, 40.877397610615596 ], [ -73.925073237795246, 40.877393477401249 ], [ -73.925026810805065, 40.877371962297367 ], [ -73.924962396150505, 40.877393637249696 ], [ -73.924895678909834, 40.877410837546016 ], [ -73.92482719737032, 40.87742342441075 ], [ -73.924742025212367, 40.877432390805268 ], [ -73.924656071795482, 40.877434227569474 ], [ -73.924570369911805, 40.87742891263332 ], [ -73.924485949330858, 40.877416509859579 ], [ -73.924403824425184, 40.877397168276381 ], [ -73.924005050100135, 40.877317442656725 ], [ -73.923861477642973, 40.877270064075439 ], [ -73.923819735554289, 40.877261811710881 ], [ -73.923776812068994, 40.877258575107454 ], [ -73.923733746777017, 40.877260432654431 ], [ -73.923691582702702, 40.877267339362746 ], [ -73.923651341043893, 40.877279127954615 ], [ -73.923613996439499, 40.877295512914792 ], [ -73.923548233675518, 40.877301379737069 ], [ -73.92329476733984, 40.87726443495724 ], [ -73.923186583382474, 40.877216745345756 ], [ -73.923151775517013, 40.877201401217022 ], [ -73.923122914457636, 40.877188677911356 ], [ -73.923098896635096, 40.877166768033092 ], [ -73.923072977683319, 40.877142166635458 ], [ -73.922998988394696, 40.877100579033808 ], [ -73.922997613593679, 40.877096211972351 ], [ -73.922969149888488, 40.877059479371802 ], [ -73.922923752037676, 40.877034386156986 ], [ -73.922905116918145, 40.877026377851074 ], [ -73.922859928548419, 40.877012522173942 ], [ -73.922831474290021, 40.877005969095492 ], [ -73.922810514532088, 40.877004957648346 ], [ -73.922803111537334, 40.877013372890346 ], [ -73.922794471125485, 40.877004797653932 ], [ -73.922807350151686, 40.876990416403778 ], [ -73.922812465599563, 40.876979082558648 ], [ -73.922794106845373, 40.876976005617934 ], [ -73.92277552540169, 40.876971597222322 ], [ -73.922751594851562, 40.876953762151501 ], [ -73.922715062793856, 40.876931817514027 ], [ -73.922671103412043, 40.876919866146174 ], [ -73.922643773704337, 40.87691635280428 ], [ -73.922622223329043, 40.876932063713767 ], [ -73.922619559028377, 40.87691702659685 ], [ -73.922609017738964, 40.876914494961213 ], [ -73.922595968809688, 40.876921233689572 ], [ -73.922585156265114, 40.876913780052661 ], [ -73.92258024072251, 40.876906177255087 ], [ -73.922583847255709, 40.876896342238425 ], [ -73.922577195286564, 40.8768956774015 ], [ -73.922581798726853, 40.876878089767693 ], [ -73.922591487204073, 40.876865832431619 ], [ -73.922568551005057, 40.876856918741218 ], [ -73.922537862070584, 40.876871310460302 ], [ -73.922492346362063, 40.876848928853249 ], [ -73.922476890811296, 40.876832044579658 ], [ -73.922423400241541, 40.876801465224766 ], [ -73.922417083937759, 40.876785891417889 ], [ -73.92239768169317, 40.876780223141253 ], [ -73.922387546416857, 40.876763231700302 ], [ -73.922376693157204, 40.876758934981773 ], [ -73.922376321968144, 40.876747937871095 ], [ -73.922375212031966, 40.876556855648843 ], [ -73.9223811545329, 40.87636582480652 ], [ -73.922394144746207, 40.876174995276273 ], [ -73.922414172415841, 40.875984516831011 ], [ -73.922441221762824, 40.875794538966808 ], [ -73.922439566784874, 40.875743121548723 ], [ -73.922444682181876, 40.875691835559088 ], [ -73.922456516835695, 40.875641193342439 ], [ -73.922474952503819, 40.875591700810851 ], [ -73.922499805001209, 40.875543852390088 ], [ -73.922550821708313, 40.875434888764431 ], [ -73.92259328606464, 40.875323831604618 ], [ -73.922627050378381, 40.875211067282265 ], [ -73.922651997227405, 40.875096988106336 ], [ -73.922668039867204, 40.874981990958126 ], [ -73.922675122531999, 40.874866475910615 ], [ -73.922673220628184, 40.87475084483637 ], [ -73.922662340819187, 40.874635500009624 ], [ -73.92264252100162, 40.874520842706652 ], [ -73.922613830172864, 40.874407271809879 ], [ -73.922576368190335, 40.874295182420191 ], [ -73.922530265423532, 40.874184964482538 ], [ -73.922475682299847, 40.874077001429406 ], [ -73.922412808746031, 40.873971668847034 ], [ -73.92234186352681, 40.873869333168926 ], [ -73.922263093483508, 40.873770350401266 ], [ -73.922176772674916, 40.873675064884523 ], [ -73.92208320142349, 40.87358380809583 ], [ -73.921982705270338, 40.873496897495855 ], [ -73.921875633842575, 40.873414635424787 ], [ -73.921762359636816, 40.873337308050665 ], [ -73.921643276723316, 40.873265184374027 ], [ -73.921518799375107, 40.873198515292387 ], [ -73.921389360626875, 40.87313753272754 ], [ -73.921255410768694, 40.873082448819019 ], [ -73.921117415779733, 40.873033455186253 ], [ -73.92108868294082, 40.873036393152177 ], [ -73.921059690600529, 40.873036373323338 ], [ -73.921030964782901, 40.87303339605954 ], [ -73.920973439652485, 40.873018049890256 ], [ -73.92091406868407, 40.873007505808324 ], [ -73.920853545386052, 40.873001886978408 ], [ -73.920792576726356, 40.873001259033586 ], [ -73.920731874874832, 40.873005629308864 ], [ -73.920729841324672, 40.873008314371809 ], [ -73.920727252154677, 40.873010708033917 ], [ -73.920724178298371, 40.873012744717805 ], [ -73.92072070396793, 40.873014368625853 ], [ -73.92071692434709, 40.873015535269076 ], [ -73.920712942983357, 40.873016212685748 ], [ -73.92070886895128, 40.873016382317232 ], [ -73.920704813864248, 40.87301603951623 ], [ -73.920689312747641, 40.873011840458027 ], [ -73.920683589784701, 40.873004395663123 ], [ -73.920659213171163, 40.873005648561616 ], [ -73.920637876355002, 40.872998790247287 ], [ -73.920603894396493, 40.872991085615581 ], [ -73.920569722869715, 40.872995205442365 ], [ -73.920556021066119, 40.872998773963133 ], [ -73.920525530839626, 40.87301698983925 ], [ -73.920490196005844, 40.87303219583724 ], [ -73.92045784203485, 40.873044471391935 ], [ -73.920425534623192, 40.873054529804989 ], [ -73.920387231443058, 40.873072666211627 ], [ -73.920356908471234, 40.873079785781286 ], [ -73.920328495340399, 40.873089880359267 ], [ -73.920301923400046, 40.873105905839836 ], [ -73.920292305727145, 40.873098416622611 ], [ -73.920276340522449, 40.873105978296124 ], [ -73.92025767981508, 40.873121225894913 ], [ -73.920223830197841, 40.873149805514586 ], [ -73.920194270814619, 40.873165900772257 ], [ -73.920168467180417, 40.873168395934599 ], [ -73.92015078813229, 40.873182126940797 ], [ -73.920134057057197, 40.873192834478317 ], [ -73.920125360702187, 40.873208748321019 ], [ -73.92010368749709, 40.873221760730253 ], [ -73.920085004718828, 40.873234746057356 ], [ -73.92006343503769, 40.873253787509569 ], [ -73.920049967197897, 40.873283329205776 ], [ -73.920018775538537, 40.873323577230337 ], [ -73.919990415263015, 40.873353993452227 ], [ -73.919981386561005, 40.873380848973731 ], [ -73.919971709099599, 40.873398278205592 ], [ -73.919957978289801, 40.873409713506653 ], [ -73.919955604877956, 40.873450465136457 ], [ -73.919966856845832, 40.873471491190806 ], [ -73.919960146908892, 40.873487387635365 ], [ -73.919961526954765, 40.873513021258674 ], [ -73.919965796122895, 40.873532601103307 ], [ -73.919952008896615, 40.873541011739853 ], [ -73.91994924637882, 40.873555376077604 ], [ -73.919944624665305, 40.873578038540821 ], [ -73.919928909278369, 40.873590244238919 ], [ -73.919926991698745, 40.873594792492973 ], [ -73.919912098348348, 40.873595675892197 ], [ -73.919905363251033, 40.873610819133191 ], [ -73.91987352155995, 40.873608081484093 ], [ -73.919828852310218, 40.87361073199785 ], [ -73.919793016724157, 40.87360651215787 ], [ -73.919792776490738, 40.873646311055623 ], [ -73.919832299147401, 40.873652450420593 ], [ -73.919871880793835, 40.873648836299822 ], [ -73.91989957882096, 40.87364893292402 ], [ -73.919925257570782, 40.873654273782279 ], [ -73.9199419807086, 40.873669346020748 ], [ -73.919957747947848, 40.873679163240816 ], [ -73.919953664045394, 40.87370092413407 ], [ -73.919948593886332, 40.873721923119291 ], [ -73.919954474942358, 40.87373020517083 ], [ -73.91995934351047, 40.873744485846629 ], [ -73.919962240032916, 40.873755759292727 ], [ -73.91996707895035, 40.87377304095115 ], [ -73.919973847633742, 40.87379784119851 ], [ -73.919981635350538, 40.873819644498809 ], [ -73.919974645670166, 40.873829381103192 ], [ -73.919985439669816, 40.873844433308477 ], [ -73.919998787496013, 40.873845605170807 ], [ -73.920129871764118, 40.87392339120359 ], [ -73.920144816817341, 40.873905426516913 ], [ -73.920170442049923, 40.873919780345112 ], [ -73.920155494796859, 40.873937742185653 ], [ -73.920195915461122, 40.873961159343608 ], [ -73.920213821776997, 40.87394395590924 ], [ -73.92024139479355, 40.873962818436702 ], [ -73.92022250884898, 40.873978516508267 ], [ -73.920291516373254, 40.87401629602325 ], [ -73.920351648098631, 40.874051043741808 ], [ -73.920405845406904, 40.874084269914377 ], [ -73.920441315624544, 40.874106909615833 ], [ -73.92047377562703, 40.874137059289112 ], [ -73.920499853494377, 40.874160050328136 ], [ -73.920544444992771, 40.874145182398706 ], [ -73.920576872746068, 40.874180583190068 ], [ -73.920606390377969, 40.874206963045367 ], [ -73.920626991656874, 40.87423481112878 ], [ -73.920769667141613, 40.87417738586548 ], [ -73.920787614616245, 40.874178911084435 ], [ -73.92080255630357, 40.874194058866713 ], [ -73.920807513069235, 40.874215260100023 ], [ -73.920660844292655, 40.874278742968933 ], [ -73.920669803013354, 40.874296911781215 ], [ -73.920685726942068, 40.874323415115747 ], [ -73.920696659188209, 40.874348401449424 ], [ -73.920711074123773, 40.874387393739724 ], [ -73.920700105989852, 40.874391933609445 ], [ -73.920716045719715, 40.874406325052647 ], [ -73.920724984445982, 40.874430554820897 ], [ -73.920742908534905, 40.874451755581894 ], [ -73.920757851174756, 40.874466147004448 ], [ -73.920754834296289, 40.874489611524602 ], [ -73.920766777705609, 40.874510816885852 ], [ -73.920780705006109, 40.874531258531078 ], [ -73.920781692416696, 40.874539588776742 ], [ -73.920792656945054, 40.874547169505298 ], [ -73.920788651099983, 40.874563060144766 ], [ -73.920803594676443, 40.874576694526269 ], [ -73.920799579597968, 40.874591073434111 ], [ -73.920809544319383, 40.874600922738409 ], [ -73.920816504827471, 40.874613794604365 ], [ -73.920816495818443, 40.874621359591913 ], [ -73.920829454154173, 40.874628941014791 ], [ -73.920842402400922, 40.874643331057641 ], [ -73.920839402665607, 40.874652414430457 ], [ -73.920843374282185, 40.874664528381615 ], [ -73.920852355845028, 40.874663778679071 ], [ -73.920868795598096, 40.87467627994878 ], [ -73.920882732213784, 40.874688392019848 ], [ -73.920886711026938, 40.874704296847284 ], [ -73.920891673929873, 40.874720950673385 ], [ -73.920905615488508, 40.874739123048961 ], [ -73.920919563589464, 40.874751244337055 ], [ -73.920922540791338, 40.874761844705624 ], [ -73.920914535177488, 40.874780010750229 ], [ -73.920915510028905, 40.874798175242738 ], [ -73.920923491572893, 40.874799693107754 ], [ -73.920927462296632, 40.874813320455779 ], [ -73.920938418130419, 40.874827708452059 ], [ -73.920947369121805, 40.874842851606786 ], [ -73.920972307709647, 40.874841355789179 ], [ -73.920987239926404, 40.874864076741112 ], [ -73.920987219241553, 40.874881483515701 ], [ -73.921000158088475, 40.874895124706889 ], [ -73.921016105658552, 40.874902700616147 ], [ -73.921032022909273, 40.874934507666126 ], [ -73.921054936923682, 40.874960259196563 ], [ -73.921081335307903, 40.874978061804413 ], [ -73.921114201604922, 40.875013662593531 ], [ -73.921140093849786, 40.875048492861012 ], [ -73.92115600330547, 40.875077274761551 ], [ -73.921166956968946, 40.875094688530091 ], [ -73.921174926885413, 40.875106049337276 ], [ -73.921174913423613, 40.875117404691203 ], [ -73.921181865089764, 40.875137840850677 ], [ -73.921169888457456, 40.875143892973803 ], [ -73.921169877696272, 40.875152969684855 ], [ -73.921172848680769, 40.875168118619982 ], [ -73.921168853426735, 40.875175679711205 ], [ -73.921169841793059, 40.875183252917822 ], [ -73.921157876652472, 40.87518853980351 ], [ -73.921159860153807, 40.875196114862703 ], [ -73.921143895438036, 40.875203667272686 ], [ -73.921145884982153, 40.875206704312134 ], [ -73.921133910389358, 40.875209721255452 ], [ -73.921131904424072, 40.875221831110167 ], [ -73.921126906187013, 40.875234695955164 ], [ -73.921110944620253, 40.875238467206458 ], [ -73.921103940844219, 40.8752528429074 ], [ -73.921112903641657, 40.875267230193408 ], [ -73.921106914085129, 40.875276311528346 ], [ -73.921104910377608, 40.875285396760582 ], [ -73.921079964223452, 40.875292943523746 ], [ -73.921061995765456, 40.875308834002489 ], [ -73.921057001096543, 40.875319420202132 ], [ -73.92103602209788, 40.875343628802675 ], [ -73.9210240353177, 40.875367844223504 ], [ -73.921011057688702, 40.875376920770869 ], [ -73.920990108576731, 40.8753852354942 ], [ -73.920978121094421, 40.875400364810332 ], [ -73.920969130440099, 40.875418521973558 ], [ -73.920955153647213, 40.875429110728305 ], [ -73.920930208056433, 40.875437423205852 ], [ -73.920929200576381, 40.875446499233504 ], [ -73.920918230466455, 40.875453308385083 ], [ -73.920913221831611, 40.875464660315203 ], [ -73.920903255154258, 40.875466166382594 ], [ -73.920894284512926, 40.875457831169996 ], [ -73.92087559199669, 40.875463950023253 ], [ -73.920806096440629, 40.875477492470154 ], [ -73.920761627381978, 40.875457995968922 ], [ -73.920720978055598, 40.875434217177514 ], [ -73.920652178432221, 40.875400917966743 ], [ -73.920608387415186, 40.875386637358346 ], [ -73.920567710034206, 40.875386609367361 ], [ -73.920483277082525, 40.875343798743373 ], [ -73.920386315827727, 40.875310481138428 ], [ -73.920295615923663, 40.87527479129848 ], [ -73.920261244775318, 40.875234390883449 ], [ -73.920217463826347, 40.875212984384838 ], [ -73.92012676655709, 40.875174919778004 ], [ -73.920051712404415, 40.875139241075523 ], [ -73.919976648652593, 40.875110688233214 ], [ -73.919951614002912, 40.875113045506147 ], [ -73.919879645063617, 40.875112995563249 ], [ -73.919817088056661, 40.875093951180418 ], [ -73.919742047392631, 40.875046396596055 ], [ -73.919698281076364, 40.875013114723075 ], [ -73.919663881729619, 40.874996465151774 ], [ -73.919626336537789, 40.874994063703802 ], [ -73.91959507734407, 40.874967915747419 ], [ -73.919560663679619, 40.874963141824551 ], [ -73.919516865884859, 40.874955986041847 ], [ -73.919404283335552, 40.874903655107552 ], [ -73.919257290928229, 40.874844174243933 ], [ -73.919179091223228, 40.87482274376552 ], [ -73.919132164271645, 40.874815585142457 ], [ -73.91909777317629, 40.874791810161085 ], [ -73.919000822763536, 40.874751365478801 ], [ -73.91894454965697, 40.874710948789797 ], [ -73.918875258972449, 40.874678996392639 ], [ -73.918848809211113, 40.874617976384911 ], [ -73.91888377880737, 40.874556899212138 ], [ -73.918941662927509, 40.874511437177418 ], [ -73.918998075630299, 40.874437849349576 ], [ -73.91903564984878, 40.874416498971549 ], [ -73.919063854016557, 40.874380892018834 ], [ -73.919088924429232, 40.87435003297071 ], [ -73.919085824282874, 40.874326280420725 ], [ -73.919104638358888, 40.874293042178962 ], [ -73.919114097508526, 40.874233670019706 ], [ -73.919148560741874, 40.874198068102153 ], [ -73.919176769648089, 40.874157710679903 ], [ -73.919189306672848, 40.874141094329694 ], [ -73.9191956364688, 40.874081719970832 ], [ -73.919195734604131, 40.874000966845863 ], [ -73.919211480103954, 40.873917849369121 ], [ -73.919252259083123, 40.873834748235289 ], [ -73.919258623401603, 40.873746873573324 ], [ -73.919246210503189, 40.87366136057485 ], [ -73.919274383180436, 40.873651880402058 ], [ -73.919240010606529, 40.873613854974934 ], [ -73.919221239189639, 40.873611466028223 ], [ -73.919183710111994, 40.873597189256635 ], [ -73.919152473969334, 40.873552040248953 ], [ -73.91909936258196, 40.873485499652425 ], [ -73.91905250107655, 40.873426089165378 ], [ -73.918999371867315, 40.873373799507625 ], [ -73.91892851230503, 40.873316510215766 ], [ -73.918915813191774, 40.873324413731652 ], [ -73.918897129934976, 40.873326902053428 ], [ -73.918882479822599, 40.873326891756484 ], [ -73.918871491110494, 40.873327717960372 ], [ -73.918864157249047, 40.873334386243471 ], [ -73.918860120676214, 40.873340777416487 ], [ -73.9188483962036, 40.873344105054201 ], [ -73.918838504304759, 40.873346044042727 ], [ -73.918829348503138, 40.873345203841971 ], [ -73.918821290282381, 40.873345754181926 ], [ -73.918811397262033, 40.873348249343124 ], [ -73.918799676180413, 40.873348797104555 ], [ -73.918787591904319, 40.873347120408667 ], [ -73.918775874676143, 40.873344332958503 ], [ -73.918765992524129, 40.873337930818792 ], [ -73.918758312783424, 40.873328194346755 ], [ -73.918747701835912, 40.873320402425591 ], [ -73.918737449498124, 40.873316780901639 ], [ -73.918725368967415, 40.873312046072705 ], [ -73.918719881127927, 40.873307038133312 ], [ -73.918713291837406, 40.873304530868587 ], [ -73.918713297275744, 40.873300082303828 ], [ -73.918713559806434, 40.873292939147973 ], [ -73.918713675761509, 40.873289795998879 ], [ -73.918704892678619, 40.873283395130606 ], [ -73.918697574407943, 40.873278385900626 ], [ -73.918699414003726, 40.87327143650711 ], [ -73.918708945423717, 40.873265048707907 ], [ -73.918717011113173, 40.873258381452601 ], [ -73.918722510960606, 40.873253381754559 ], [ -73.918722882189812, 40.873249211200232 ], [ -73.918720321788726, 40.873246429020547 ], [ -73.918713362872396, 40.873246424118967 ], [ -73.918707500971607, 40.873248088182066 ], [ -73.91869577494424, 40.873251972481569 ], [ -73.918671599310116, 40.873253901391458 ], [ -73.918659869741248, 40.873261399822276 ], [ -73.918652899396861, 40.873270013288291 ], [ -73.918648860085597, 40.873278629322712 ], [ -73.918641165042587, 40.873281959779874 ], [ -73.91863200450743, 40.873284455944685 ], [ -73.918617457778794, 40.873286355949745 ], [ -73.918603488698594, 40.873286016747763 ], [ -73.918586811547087, 40.873277873090501 ], [ -73.918570347601246, 40.873262692114871 ], [ -73.918565211913716, 40.873251271642737 ], [ -73.918565713239303, 40.873244678633114 ], [ -73.918566257863844, 40.873237509878074 ], [ -73.91855082542601, 40.873222173161103 ], [ -73.918531263215357, 40.873213088661473 ], [ -73.918526669298217, 40.873213230995567 ], [ -73.91851642893576, 40.873213547586978 ], [ -73.918507990950971, 40.873206504832261 ], [ -73.918503880539831, 40.873198212397455 ], [ -73.918499956621986, 40.873191715603859 ], [ -73.918481158004099, 40.873195611303679 ], [ -73.918440378496541, 40.873197351195813 ], [ -73.918408921490297, 40.873197328959122 ], [ -73.918391431313424, 40.873208814186029 ], [ -73.918397228083364, 40.873231811630923 ], [ -73.918416987584479, 40.873269853283375 ], [ -73.918447259192618, 40.873286678894772 ], [ -73.918494997155037, 40.873311474672377 ], [ -73.918532263180126, 40.873324766616506 ], [ -73.918593972850005, 40.873356647541954 ], [ -73.918612596682181, 40.873370810660866 ], [ -73.918628865539986, 40.873405313072283 ], [ -73.918627658947457, 40.873439803160068 ], [ -73.918612472195463, 40.873472514682859 ], [ -73.918597298663158, 40.873495497325131 ], [ -73.918572830493147, 40.873496364415821 ], [ -73.918561163777127, 40.873509621812623 ], [ -73.91852735311106, 40.873528169694474 ], [ -73.918495872761127, 40.873547604067738 ], [ -73.918469046281373, 40.873571462815093 ], [ -73.918453905214179, 40.873567914705113 ], [ -73.918438776283466, 40.873553754031228 ], [ -73.918411982554588, 40.873551082702484 ], [ -73.918401481691916, 40.873562571698784 ], [ -73.918424755545075, 40.873585582669975 ], [ -73.918424736016277, 40.87360150067417 ], [ -73.918417720766953, 40.873621836670296 ], [ -73.918410712245517, 40.873636866050468 ], [ -73.918387404728563, 40.873641271334229 ], [ -73.918373408071588, 40.873654527063934 ], [ -73.91835241610417, 40.873671315254605 ], [ -73.918327920709302, 40.873694291767585 ], [ -73.918295272540234, 40.873714609612065 ], [ -73.918246312565657, 40.873736684598491 ], [ -73.91819852325564, 40.87375345377378 ], [ -73.918178697352715, 40.873769358406228 ], [ -73.91816235897646, 40.873791456313974 ], [ -73.918147176505983, 40.873821514215415 ], [ -73.918122690786078, 40.873836531179904 ], [ -73.918104036207765, 40.873847130680453 ], [ -73.918058934275706, 40.873849867984049 ], [ -73.918051657974374, 40.873862545466558 ], [ -73.918037156726626, 40.873897258290633 ], [ -73.917941083663564, 40.873983147810328 ], [ -73.917929029179902, 40.873978893205049 ], [ -73.917754680953223, 40.874248534566206 ], [ -73.917769903256271, 40.874254303842541 ], [ -73.917577298847306, 40.874548678547228 ], [ -73.917499210005445, 40.874520078540201 ], [ -73.917690660585805, 40.874225222183206 ], [ -73.917709311094839, 40.874232494079337 ], [ -73.917890320983233, 40.873962478254271 ], [ -73.917885066306383, 40.873960250147569 ], [ -73.917871449175053, 40.873904995288683 ], [ -73.917730162701289, 40.874023159722178 ], [ -73.917686831141367, 40.874035994741838 ], [ -73.917620862614896, 40.874078833506964 ], [ -73.917568083519527, 40.874117392904843 ], [ -73.917505871709665, 40.874168811454453 ], [ -73.917404131987638, 40.874203047351209 ], [ -73.917300507394899, 40.874238711782006 ], [ -73.917245883036713, 40.874245819816792 ], [ -73.917159209178621, 40.874280066299967 ], [ -73.917089500386737, 40.8743014593244 ], [ -73.917055546003823, 40.874345750232855 ], [ -73.916967005433449, 40.874367129813876 ], [ -73.916897326862269, 40.874364220211845 ], [ -73.916789944928183, 40.874392733782656 ], [ -73.916693855044002, 40.874425543151403 ], [ -73.916609054448742, 40.874468367739901 ], [ -73.916486617302326, 40.874486863509148 ], [ -73.916435739321429, 40.874509698733384 ], [ -73.916343486675686, 40.874523849889684 ], [ -73.916212163228622, 40.874503583365296 ], [ -73.91609852720299, 40.874500158891827 ], [ -73.916016751242125, 40.874514849958402 ], [ -73.915890331250225, 40.874519637324362 ], [ -73.915766049878087, 40.874527677562781 ], [ -73.915684630844709, 40.874527618105127 ], [ -73.915577510373552, 40.874519408904767 ], [ -73.915401837362012, 40.87450301630733 ], [ -73.91522402146056, 40.874486621868179 ], [ -73.915069801415356, 40.874449102140687 ], [ -73.914981986069733, 40.874424642139928 ], [ -73.914632832785244, 40.874326621096785 ], [ -73.914221679058343, 40.874199603645607 ], [ -73.91419784904609, 40.874189355312538 ], [ -73.913997062263292, 40.874126285457734 ], [ -73.913902738491743, 40.874095700174877 ], [ -73.913585137055762, 40.874025379785934 ], [ -73.913497431897966, 40.873988320517199 ], [ -73.913345105101754, 40.873944215414802 ], [ -73.913293733841286, 40.873935586426263 ], [ -73.913248906935067, 40.873920502487351 ], [ -73.913194192536409, 40.873885380893341 ], [ -73.913142564253377, 40.873860852723531 ], [ -73.913095589202982, 40.873845749015501 ], [ -73.913039979485106, 40.87383382154804 ], [ -73.912980197569979, 40.873835355219256 ], [ -73.912889867197336, 40.873825895237317 ], [ -73.912731541330373, 40.873795081750984 ], [ -73.912610733085529, 40.87375731612309 ], [ -73.912502792593259, 40.873719412370299 ], [ -73.912289186213144, 40.873628904318871 ], [ -73.912078184714929, 40.873524634179063 ], [ -73.9116381573252, 40.873302364845252 ], [ -73.911577914094352, 40.873271587474335 ], [ -73.911515161233197, 40.87323662962531 ], [ -73.91142596184433, 40.873181766652429 ], [ -73.911358782712938, 40.873127757135364 ], [ -73.911305034600105, 40.873091984890372 ], [ -73.911274316958, 40.873063521761289 ], [ -73.911224414077992, 40.873027751932035 ], [ -73.911190844095003, 40.872984707407646 ], [ -73.911184112501786, 40.872988351042117 ], [ -73.911174507081455, 40.872984695839016 ], [ -73.911180285221278, 40.872974487926065 ], [ -73.911166855031865, 40.87295625059997 ], [ -73.911153428191341, 40.872943110157507 ], [ -73.911103540460701, 40.872884734920774 ], [ -73.91109971709048, 40.872867964110647 ], [ -73.911104543543715, 40.872851198791217 ], [ -73.91108439239629, 40.872826382848295 ], [ -73.9110556063183, 40.87280083939585 ], [ -73.911036435183206, 40.872771656711308 ], [ -73.911039345993558, 40.872748324696772 ], [ -73.911012471473214, 40.872722053647266 ], [ -73.910992342510482, 40.872689952135708 ], [ -73.910980847412574, 40.872660044794422 ], [ -73.910967425225593, 40.872643995466206 ], [ -73.910961692692524, 40.872617010146627 ], [ -73.910944405497688, 40.872608244575261 ], [ -73.91091466885949, 40.872573946948442 ], [ -73.910832116358961, 40.872517737735592 ], [ -73.910763031151262, 40.872452063114622 ], [ -73.910696631817927, 40.872363273546881 ], [ -73.910668862504593, 40.872318082527656 ], [ -73.910648772777435, 40.872296248963217 ], [ -73.910644026208857, 40.872262052864933 ], [ -73.910600046929289, 40.872184928629473 ], [ -73.910564693381332, 40.872116535820403 ], [ -73.910540820622771, 40.872058327574962 ], [ -73.910537972123961, 40.872033597817271 ], [ -73.910553330162088, 40.872018338336929 ], [ -73.910544749547, 40.871986327947319 ], [ -73.91051802379026, 40.871906298801406 ], [ -73.910495141925651, 40.871825552448669 ], [ -73.910484681583654, 40.871761537525877 ], [ -73.910479201006794, 40.871729725033767 ], [ -73.910472842444648, 40.87169568481076 ], [ -73.910460759529769, 40.871642405837576 ], [ -73.910453258353797, 40.871576831892476 ], [ -73.910447543064578, 40.871501871013976 ], [ -73.910442654861001, 40.871490371296865 ], [ -73.910426440485068, 40.871485438062088 ], [ -73.910429037528118, 40.871465953312189 ], [ -73.910444204300788, 40.871463671025069 ], [ -73.910449556310567, 40.871436228227175 ], [ -73.910451070776901, 40.871406653067467 ], [ -73.910446151865926, 40.871393706933752 ], [ -73.910433635704493, 40.871380816384274 ], [ -73.91044770536611, 40.87136628313322 ], [ -73.910464686178372, 40.871356782181728 ], [ -73.910472920469644, 40.871332202072054 ], [ -73.910493673118353, 40.871320512675396 ], [ -73.910511650458943, 40.871315333575545 ], [ -73.910520940651509, 40.8712986744288 ], [ -73.910543577620473, 40.871286247540695 ], [ -73.910559421690792, 40.87126161251264 ], [ -73.910550649177964, 40.871244362915775 ], [ -73.910558089443896, 40.871232048378509 ], [ -73.91057828495444, 40.87117709272944 ], [ -73.910589570735127, 40.871168348067542 ], [ -73.91060159516293, 40.871143016696372 ], [ -73.910618455423716, 40.871124140711686 ], [ -73.910650000656659, 40.871065493426066 ], [ -73.910651777972063, 40.871055381779335 ], [ -73.910661101634631, 40.871042338460946 ], [ -73.910681928298871, 40.871036408022221 ], [ -73.910694063959909, 40.871019736153606 ], [ -73.910703261354129, 40.870995863383072 ], [ -73.910716257221651, 40.870971972107768 ], [ -73.910723558798963, 40.870948836142055 ], [ -73.91071412003852, 40.870922542819386 ], [ -73.910699833550282, 40.870904243288308 ], [ -73.910677936501031, 40.870872790331461 ], [ -73.910679070694044, 40.870847260549859 ], [ -73.910690723293854, 40.870829069544406 ], [ -73.910691823690684, 40.870808652535686 ], [ -73.910715948122572, 40.870793417907272 ], [ -73.910718987932356, 40.870769359110341 ], [ -73.910726806974921, 40.87074968959309 ], [ -73.910737652086766, 40.870709610586175 ], [ -73.910745610954166, 40.870668789396866 ], [ -73.910725572973462, 40.870647557956346 ], [ -73.910749917719926, 40.870599501730197 ], [ -73.910752870378928, 40.870588566442308 ], [ -73.910756806335385, 40.870574726899783 ], [ -73.910752123436438, 40.870557926257241 ], [ -73.910760903046167, 40.870536806563841 ], [ -73.910764008774208, 40.870504718609411 ], [ -73.910748927049767, 40.870459427676899 ], [ -73.910755734812653, 40.870448515640547 ], [ -73.910772226928245, 40.870425231985848 ], [ -73.910758877698669, 40.870409129410639 ], [ -73.910763076827905, 40.870355891693784 ], [ -73.910768112262758, 40.87032162642722 ], [ -73.910764532248265, 40.870282214224588 ], [ -73.9107483141362, 40.870264646618949 ], [ -73.910769666257252, 40.870233360969323 ], [ -73.910772726500809, 40.870206375223702 ], [ -73.910779675616496, 40.870174302300356 ], [ -73.910780773084412, 40.870152421303224 ], [ -73.910804199575921, 40.870099257582361 ], [ -73.910801605343238, 40.870054746575548 ], [ -73.910801766289936, 40.870030676166635 ], [ -73.91080953728985, 40.870019758840073 ], [ -73.910804877148436, 40.869997856974543 ], [ -73.910812803667966, 40.869962137661602 ], [ -73.910815833509886, 40.869939532949992 ], [ -73.910809140354104, 40.869935135827966 ], [ -73.910826625738608, 40.869907483262736 ], [ -73.910833449689989, 40.86989218196468 ], [ -73.910833561776798, 40.869875410324397 ], [ -73.91085003458663, 40.869855042545723 ], [ -73.910850191003149, 40.869831704040145 ], [ -73.910841584400856, 40.869825104525169 ], [ -73.910840689773067, 40.869814885436902 ], [ -73.910854263313539, 40.869797424788274 ], [ -73.910860204068527, 40.869771922333861 ], [ -73.910876774514236, 40.869736969408635 ], [ -73.910862382923312, 40.869732533844008 ], [ -73.910873077424014, 40.869715070466349 ], [ -73.910882891481975, 40.869685193794858 ], [ -73.910884008706972, 40.869660395230426 ], [ -73.910853341975297, 40.869648607746612 ], [ -73.910876439872638, 40.869642852412518 ], [ -73.91089674542107, 40.869623963128646 ], [ -73.910909422935106, 40.869596293267506 ], [ -73.910923956278097, 40.869579566766525 ], [ -73.91091538027257, 40.86956859677408 ], [ -73.91091647993143, 40.869548169371662 ], [ -73.910925196582525, 40.8695379970709 ], [ -73.910918556561654, 40.869524107140229 ], [ -73.910940897488075, 40.86948917507609 ], [ -73.910946916714465, 40.869451995656362 ], [ -73.910924912242336, 40.869436591354166 ], [ -73.910955826655893, 40.869411177355296 ], [ -73.910986622213784, 40.869405460270578 ], [ -73.911008635931594, 40.869419400585123 ], [ -73.911039365146237, 40.869421704601841 ], [ -73.9110577159244, 40.869408651789492 ], [ -73.911132454151243, 40.86944176265586 ], [ -73.911189035775109, 40.869458762387886 ], [ -73.911256116832135, 40.869487471310457 ], [ -73.911304020429725, 40.86951027266754 ], [ -73.911346213716314, 40.869524289907282 ], [ -73.911381773902917, 40.869522973352574 ], [ -73.911439622140975, 40.8694947447472 ], [ -73.911463766127596, 40.869476601608376 ], [ -73.911474488991118, 40.869454757638358 ], [ -73.911471886699999, 40.869413163545303 ], [ -73.911463476069244, 40.869377382230191 ], [ -73.911424157790975, 40.869364097974923 ], [ -73.911416534897427, 40.869354585028034 ], [ -73.911400218620813, 40.869351604329673 ], [ -73.911393545273413, 40.869344281300286 ], [ -73.911358034665753, 40.869336123635776 ], [ -73.911355308302717, 40.869313496560778 ], [ -73.911122445097561, 40.869214114196978 ], [ -73.911116908712742, 40.869179075520428 ], [ -73.911096730674998, 40.869178997992755 ], [ -73.911061257512927, 40.869167190945198 ], [ -73.911030579502579, 40.869155402996014 ], [ -73.911054893139138, 40.869111718516059 ], [ -73.911075296763443, 40.869078242882566 ], [ -73.911079252146322, 40.869061475876521 ], [ -73.91107553160974, 40.869043226240358 ], [ -73.91109290713959, 40.869031622916395 ], [ -73.911092027101063, 40.869019219005324 ], [ -73.911118717687586, 40.869006170429991 ], [ -73.9111336600876, 40.868972692254175 ], [ -73.911120352445636, 40.868952209860396 ], [ -73.911139322225949, 40.868933766956708 ], [ -73.911128908817645, 40.868920043664019 ], [ -73.911142591962133, 40.868895013202774 ], [ -73.91114869895938, 40.868880215240416 ], [ -73.911165235432094, 40.86887685523218 ], [ -73.911199858510884, 40.868864452347047 ], [ -73.911250947019383, 40.868861225957978 ], [ -73.911282567719951, 40.868847673373999 ], [ -73.911303742869677, 40.868824947570964 ], [ -73.911328177588246, 40.868802439535806 ], [ -73.911334831345911, 40.868785349096598 ], [ -73.911337420997427, 40.868774273964746 ], [ -73.911329707486402, 40.868758636468932 ], [ -73.91133402644391, 40.868740395865501 ], [ -73.911325479081, 40.868718237399307 ], [ -73.911331498918031, 40.868705211250401 ], [ -73.911325535544165, 40.868675895507614 ], [ -73.911335001602922, 40.868657659361681 ], [ -73.911350460776475, 40.868646595289903 ], [ -73.911347051236831, 40.868623792457988 ], [ -73.911359091502248, 40.868606215312717 ], [ -73.911364270553179, 40.868583409194478 ], [ -73.911390049728979, 40.868563240128758 ], [ -73.911409854904505, 40.86851308940593 ], [ -73.911419326804534, 40.868491593092294 ], [ -73.91144165907032, 40.868476625302641 ], [ -73.91148208144206, 40.86840825517568 ], [ -73.91149242138637, 40.868375035257827 ], [ -73.911492448257491, 40.868354846413176 ], [ -73.911505387551315, 40.868303385066589 ], [ -73.911514858710092, 40.868281239257144 ], [ -73.911524323372959, 40.868264966127782 ], [ -73.911535474847767, 40.868264316982319 ], [ -73.911540659412978, 40.868245428719227 ], [ -73.911580192449733, 40.86820376706924 ], [ -73.911601662104417, 40.868186197122419 ], [ -73.911624855621895, 40.868174480740038 ], [ -73.911653198174847, 40.868154304866245 ], [ -73.911667813541186, 40.868135424319775 ], [ -73.911711630380623, 40.868100284557975 ], [ -73.911728331687655, 40.868074488910253 ], [ -73.911731920643007, 40.86806062376705 ], [ -73.911730061897828, 40.868040163934367 ], [ -73.911733834819216, 40.868030179937016 ], [ -73.911725697595699, 40.868030173712313 ], [ -73.91172571085211, 40.868020187509117 ], [ -73.911725103806134, 40.868003537101558 ], [ -73.9117364014255, 40.867991172662684 ], [ -73.911735162311217, 40.867977385074695 ], [ -73.911755225019519, 40.867965983056898 ], [ -73.911752762705603, 40.867935057768399 ], [ -73.911769077638468, 40.867913187887602 ], [ -73.911780382823451, 40.867895601925618 ], [ -73.911796680408571, 40.867895614384445 ], [ -73.911808596040004, 40.867882304575829 ], [ -73.911794202624435, 40.86786802111714 ], [ -73.91179676558265, 40.8678314000352 ], [ -73.91180556034557, 40.867810479616473 ], [ -73.911823760490634, 40.867789089278993 ], [ -73.911845710920176, 40.867776255863376 ], [ -73.911871010894856, 40.867759489718892 ], [ -73.911889602271245, 40.867747752847784 ], [ -73.911892252609519, 40.867725917410191 ], [ -73.911911598658776, 40.867700205672485 ], [ -73.911847746468155, 40.867672520472524 ], [ -73.911992967857003, 40.867505834525602 ], [ -73.912097552671852, 40.867373191121168 ], [ -73.912229629534636, 40.867215462194096 ], [ -73.91245215298926, 40.866940558770565 ], [ -73.91261754676016, 40.866739559841783 ], [ -73.912731739195195, 40.866605212711335 ], [ -73.912552193527048, 40.866528624292208 ], [ -73.912547751302824, 40.866514943004347 ], [ -73.91282859693645, 40.866157111357147 ], [ -73.913120151007305, 40.865781242322562 ], [ -73.913519977081535, 40.865267471169574 ], [ -73.913844850567315, 40.864848338592111 ], [ -73.913918631332393, 40.864745584403629 ], [ -73.913935269520152, 40.864739284545003 ], [ -73.914038668330136, 40.864710500577146 ], [ -73.914168216929724, 40.864666401410261 ], [ -73.914252578195985, 40.864645725109533 ], [ -73.914312007125076, 40.86462502269584 ], [ -73.914389226967486, 40.864624179746372 ], [ -73.914923879278689, 40.864580378919172 ], [ -73.914928637191792, 40.864569566633676 ], [ -73.914540376260206, 40.864412351623407 ], [ -73.914473976062354, 40.864311285994972 ], [ -73.914411133926819, 40.864173626873011 ], [ -73.915044075995496, 40.864436721607753 ], [ -73.91507404941315, 40.864446504908649 ], [ -73.915085838543334, 40.864448143417334 ], [ -73.915168333716935, 40.864439253673766 ], [ -73.915255119288275, 40.864433626016762 ], [ -73.915431897182799, 40.864418303553684 ], [ -73.915428697311341, 40.864407729160725 ], [ -73.91543408398833, 40.864387400997849 ], [ -73.915458723974325, 40.864384168268231 ], [ -73.91545342726539, 40.864333736583859 ], [ -73.915632363476689, 40.864309472676915 ], [ -73.915638743005402, 40.864348514076696 ], [ -73.915664443921727, 40.864350153315513 ], [ -73.915711591055683, 40.864342867676761 ], [ -73.915758729051632, 40.864342090787041 ], [ -73.915816585666022, 40.864334812253695 ], [ -73.915860520630375, 40.864325902084289 ], [ -73.915899116458604, 40.864308037582525 ], [ -73.915922708197002, 40.864280401402269 ], [ -73.915935614390719, 40.864242184211953 ], [ -73.915931380498833, 40.864203964584384 ], [ -73.915926058102229, 40.864173055876691 ], [ -73.915898242308984, 40.864146192540872 ], [ -73.915871480657202, 40.864129090533055 ], [ -73.915854349064972, 40.864122576971702 ], [ -73.915832645117902, 40.864114308953539 ], [ -73.915790097378007, 40.8641030076246 ], [ -73.915741899924498, 40.864096470197111 ], [ -73.915725960255742, 40.864095625296315 ], [ -73.915667282841596, 40.864086648919972 ], [ -73.915615690799029, 40.864075356830632 ], [ -73.915583776908178, 40.864070651048117 ], [ -73.915538729852827, 40.864066818524464 ], [ -73.915493408279247, 40.864066193949924 ], [ -73.915439826304592, 40.864078356575014 ], [ -73.915405542118194, 40.864081582230398 ], [ -73.915384440808438, 40.864080301455907 ], [ -73.915374542164088, 40.864079700829585 ], [ -73.915359819686046, 40.864077289723141 ], [ -73.915345791036998, 40.864073129108426 ], [ -73.915332814419699, 40.864067325221193 ], [ -73.915321221174423, 40.864060026255927 ], [ -73.915311307318603, 40.864051418581901 ], [ -73.915305712183525, 40.864042939283358 ], [ -73.915298282584487, 40.864035315146836 ], [ -73.915289239149388, 40.864028772576553 ], [ -73.915278850429928, 40.864023505858846 ], [ -73.915267424926739, 40.86401967139259 ], [ -73.915240671773958, 40.863996068174799 ], [ -73.915215846983244, 40.863975952188575 ], [ -73.91519574800158, 40.863945224233333 ], [ -73.915188031062996, 40.863897743516212 ], [ -73.915185059542949, 40.863879460539707 ], [ -73.915181929948133, 40.863860203634964 ], [ -73.915181194869888, 40.863843115066778 ], [ -73.915178800180442, 40.863787451908266 ], [ -73.915176938468534, 40.863744187024423 ], [ -73.915176565571358, 40.863735519439196 ], [ -73.915175397791316, 40.863708385698722 ], [ -73.915175564297073, 40.863680433750957 ], [ -73.915200710796057, 40.863652186226112 ], [ -73.915218185727795, 40.863641081395777 ], [ -73.915254439196815, 40.863618043780207 ], [ -73.915296763934009, 40.863598644019255 ], [ -73.915308102462234, 40.863590473695972 ], [ -73.915344558139012, 40.863564205684433 ], [ -73.915361900151282, 40.863547232567171 ], [ -73.91537404288232, 40.863528730671057 ], [ -73.915416573636406, 40.863447906317603 ], [ -73.915427025481975, 40.863429170989001 ], [ -73.915468634292694, 40.863362497623129 ], [ -73.915476824442536, 40.863346107296785 ], [ -73.915485164640984, 40.863300717820678 ], [ -73.915473068543136, 40.863280330608646 ], [ -73.915459874782186, 40.863257073924906 ], [ -73.915450615367078, 40.863232984517239 ], [ -73.9154549655414, 40.863208457292416 ], [ -73.915422957008857, 40.863194180630877 ], [ -73.915410833356688, 40.863195486464981 ], [ -73.915345066894247, 40.863164542274873 ], [ -73.915410961274532, 40.863094919069887 ], [ -73.915386730511429, 40.863084384200725 ], [ -73.915449705334282, 40.863006510494827 ], [ -73.915499659396531, 40.862938127790976 ], [ -73.915520153282429, 40.862910074965519 ], [ -73.915565780449484, 40.86293107187452 ], [ -73.915575952667453, 40.862916104256698 ], [ -73.915562996949461, 40.862909251120961 ], [ -73.915579915200524, 40.862895998348037 ], [ -73.915588923725224, 40.862901138685537 ], [ -73.915599645057853, 40.862892159246975 ], [ -73.91559401542851, 40.862889156799618 ], [ -73.91560361016748, 40.862879753373051 ], [ -73.9156182725241, 40.862878908221205 ], [ -73.915671997799933, 40.862902427878055 ], [ -73.915682049060408, 40.862893905782862 ], [ -73.915693233619407, 40.862879818893475 ], [ -73.91571907457876, 40.86285286453554 ], [ -73.915780147967268, 40.862789157360147 ], [ -73.915818689297978, 40.862751251544687 ], [ -73.915838838491695, 40.862731434183317 ], [ -73.915857688420772, 40.862714940200213 ], [ -73.91586450572585, 40.862708974981622 ], [ -73.915869623399331, 40.862704495961353 ], [ -73.915933631687281, 40.862648487694287 ], [ -73.915951854696232, 40.862631455322017 ], [ -73.91595260030212, 40.862630756958552 ], [ -73.916105179277722, 40.86248814480868 ], [ -73.916169354390973, 40.862441260343921 ], [ -73.916204849469011, 40.862421286040551 ], [ -73.916225221412589, 40.862405417795841 ], [ -73.916276350127475, 40.862365591432152 ], [ -73.916391750032076, 40.862275702276285 ], [ -73.916400191830533, 40.862269126575711 ], [ -73.916426054822665, 40.862248980549154 ], [ -73.916491966794467, 40.862197638699911 ], [ -73.916525120438422, 40.86218050396301 ], [ -73.916534385226385, 40.862175715649975 ], [ -73.916568927460972, 40.862157863900656 ], [ -73.916596390292781, 40.86214637960493 ], [ -73.916601917785982, 40.862141955293055 ], [ -73.916617204585592, 40.862129720063166 ], [ -73.91663823024993, 40.862112890466776 ], [ -73.916646963348484, 40.862105900506137 ], [ -73.916661739790214, 40.862093634747417 ], [ -73.916724837141587, 40.862041257615587 ], [ -73.916732067852209, 40.862034730435731 ], [ -73.916746890452842, 40.862021348659937 ], [ -73.916754314454167, 40.862014645383766 ], [ -73.916761534113817, 40.862008128077925 ], [ -73.916781130042494, 40.861990437862374 ], [ -73.916785849483361, 40.861986175958826 ], [ -73.916795348224881, 40.861977601267263 ], [ -73.916851007806727, 40.861963608813632 ], [ -73.916878893674721, 40.861953580028967 ], [ -73.916920398659414, 40.86193172704062 ], [ -73.917091359619704, 40.861860308239493 ], [ -73.917152787595199, 40.861810760646406 ], [ -73.917230569199276, 40.861736543731176 ], [ -73.917270343926333, 40.861694699672171 ], [ -73.91729467741682, 40.861679418230665 ], [ -73.91734277917358, 40.861617328070452 ], [ -73.917378419202976, 40.861570977485627 ], [ -73.917408107090083, 40.861532737116704 ], [ -73.917409944694057, 40.861486372203728 ], [ -73.917460198209511, 40.86142946988307 ], [ -73.917480613937897, 40.861398634086818 ], [ -73.917504011826367, 40.86136332486965 ], [ -73.91751560442475, 40.861349924769527 ], [ -73.917532927289216, 40.861335736044353 ], [ -73.917547496180788, 40.861323131290497 ], [ -73.917564133422573, 40.861306835299011 ], [ -73.917571766005381, 40.861292116971661 ], [ -73.917592565643446, 40.861276364714428 ], [ -73.917614053077116, 40.861261125565477 ], [ -73.917656363317505, 40.861221191772358 ], [ -73.917688256244404, 40.86119282169399 ], [ -73.917729176548235, 40.861144999220258 ], [ -73.917785341439981, 40.861093504262932 ], [ -73.917808234422651, 40.86106355285191 ], [ -73.917827023801479, 40.861042782805292 ], [ -73.917822219455743, 40.86102443659891 ], [ -73.917835537650035, 40.860996935927432 ], [ -73.91782468139057, 40.860980422135412 ], [ -73.91782136420322, 40.860948901791133 ], [ -73.917841037800173, 40.860931446315483 ], [ -73.917861157468053, 40.860900655804912 ], [ -73.91786536368916, 40.860884467849679 ], [ -73.917877070549665, 40.860883836076702 ], [ -73.917882113322833, 40.860873673855636 ], [ -73.917904724544314, 40.860849872000529 ], [ -73.917902116735277, 40.860839613202003 ], [ -73.917921905838696, 40.86082542617212 ], [ -73.917922346463072, 40.860813999225471 ], [ -73.917883873876121, 40.860802221270653 ], [ -73.917928285663336, 40.86074989768187 ], [ -73.917950617716485, 40.860731985231965 ], [ -73.918052210565904, 40.860621098438905 ], [ -73.918262649683385, 40.860404824311217 ], [ -73.918434392517852, 40.860221533395311 ], [ -73.918360745279784, 40.860195809044114 ], [ -73.918376480273352, 40.8601701380299 ], [ -73.918387387201207, 40.860135296895287 ], [ -73.918399035432543, 40.860096197005838 ], [ -73.918393112176446, 40.860080469421945 ], [ -73.918410717147736, 40.860048677421489 ], [ -73.91842828384398, 40.860056892617067 ], [ -73.91843100240952, 40.860045612185111 ], [ -73.918435081115618, 40.860017915606271 ], [ -73.918451337776361, 40.859991245841321 ], [ -73.918467550968856, 40.85999228321193 ], [ -73.918491902904478, 40.859970760616797 ], [ -73.918500029648698, 40.859950244762608 ], [ -73.918528450776961, 40.859918459210689 ], [ -73.918559539552703, 40.859907198302551 ], [ -73.91858793825692, 40.859893873109428 ], [ -73.918610949284229, 40.859863110804191 ], [ -73.918604223591004, 40.859835407098977 ], [ -73.918609660589965, 40.859811808084267 ], [ -73.91862051432193, 40.859782064284872 ], [ -73.918642152415117, 40.859767716605802 ], [ -73.918666502849902, 40.859739008230555 ], [ -73.918678660574727, 40.85974824666031 ], [ -73.91869488994594, 40.859734921573754 ], [ -73.918693545548791, 40.859728770345967 ], [ -73.918703025563516, 40.859716458205376 ], [ -73.918686814163308, 40.859705163924119 ], [ -73.918738393930909, 40.859648307531529 ], [ -73.918720799323424, 40.859642224933616 ], [ -73.918801400467075, 40.859558095732709 ], [ -73.918777966000974, 40.859546750813983 ], [ -73.918885779649813, 40.859439163497285 ], [ -73.918903382016566, 40.859418041641767 ], [ -73.919003505763769, 40.859313465901096 ], [ -73.919136111319091, 40.859172992340035 ], [ -73.919232179913706, 40.859076617503263 ], [ -73.919337720854202, 40.85896383310174 ], [ -73.919401311577147, 40.858899249081404 ], [ -73.919438535414486, 40.858855421344025 ], [ -73.91948096295053, 40.858813937358455 ], [ -73.919502136609267, 40.858791133790525 ], [ -73.919523423240605, 40.858783633714545 ], [ -73.91954564190209, 40.858791615443913 ], [ -73.91954627335295, 40.858798577983301 ], [ -73.919807716095292, 40.858910812449928 ], [ -73.920083533693173, 40.859024565831149 ], [ -73.920275708552339, 40.85910140282121 ], [ -73.920266524227671, 40.859110330991832 ], [ -73.920344957478036, 40.859143256747601 ], [ -73.920398051371492, 40.859161501827927 ], [ -73.920412991634464, 40.859146551303859 ], [ -73.920434671505859, 40.859120946591723 ], [ -73.920444665887246, 40.859124492579738 ], [ -73.920461343074692, 40.859103261125227 ], [ -73.920325517947219, 40.859043492109905 ], [ -73.920269589237563, 40.859018671591997 ], [ -73.920242284281485, 40.859011061403542 ], [ -73.920208334390892, 40.858995864678455 ], [ -73.920198346333606, 40.858987258634464 ], [ -73.920096479935637, 40.85894521618598 ], [ -73.920069172934305, 40.858938614947547 ], [ -73.919956656589207, 40.858886443576495 ], [ -73.919935349754894, 40.858880863670052 ], [ -73.919908715895204, 40.858867193546843 ], [ -73.91984679689206, 40.858843882069564 ], [ -73.919772234094964, 40.858801858298548 ], [ -73.919774246108631, 40.858794772291184 ], [ -73.919841491271498, 40.858827191727073 ], [ -73.919915391747537, 40.858858598542128 ], [ -73.919962003751465, 40.858878360268477 ], [ -73.920073172336274, 40.858926343959602 ], [ -73.920478682731641, 40.859104092098882 ], [ -73.920430894987376, 40.859155000793073 ], [ -73.920440554349582, 40.859161012827592 ], [ -73.92043350742901, 40.859172355155032 ], [ -73.920509066894127, 40.859205103755095 ], [ -73.920508180377482, 40.859212450713784 ], [ -73.920619767695626, 40.85925924508328 ], [ -73.920653162097821, 40.859263265996475 ], [ -73.920670706800308, 40.859289977915275 ], [ -73.920697922574689, 40.859324035337082 ], [ -73.920693488905428, 40.859351398048346 ], [ -73.920747932770652, 40.859398152496809 ], [ -73.92081547121326, 40.859522998821745 ], [ -73.920824810398756, 40.85953762397844 ], [ -73.920966389882906, 40.859759363327626 ], [ -73.921071666769024, 40.859936300551126 ], [ -73.921202452010249, 40.860098568838794 ], [ -73.921270912963138, 40.860188042816731 ], [ -73.921321870734545, 40.860214110516864 ], [ -73.921340322130291, 40.860216789397185 ], [ -73.921345605713384, 40.860212785676445 ], [ -73.921364061838233, 40.860211465442106 ], [ -73.921393976268689, 40.860190801735463 ], [ -73.921430917298835, 40.860174806652417 ], [ -73.921459063749893, 40.860162813899045 ], [ -73.921516235222924, 40.860130812815967 ], [ -73.921516243884113, 40.860123473462295 ], [ -73.921542650424257, 40.860098800677861 ], [ -73.921556717409771, 40.860099476650014 ], [ -73.921590148482281, 40.86007280002692 ], [ -73.921633354626891, 40.859964040976671 ], [ -73.92166068449616, 40.859890650861367 ], [ -73.921687999508919, 40.859839945215768 ], [ -73.921706543276244, 40.859765208100718 ], [ -73.921718039270758, 40.859711825914104 ], [ -73.921701360233214, 40.859693795630506 ], [ -73.921710175143005, 40.859672442400786 ], [ -73.921736540902828, 40.859672460288536 ], [ -73.921738326224727, 40.859647103173472 ], [ -73.921722520110109, 40.859633737834088 ], [ -73.921704067314806, 40.859631060186203 ], [ -73.921686484501961, 40.859635721983501 ], [ -73.921697057375653, 40.85961169543944 ], [ -73.921681238469645, 40.859609019072835 ], [ -73.921664557897984, 40.859592321597333 ], [ -73.921670727794819, 40.859580979772915 ], [ -73.921668970173556, 40.859572306404573 ], [ -73.921647884165367, 40.859570949890838 ], [ -73.921648784824797, 40.859550933486631 ], [ -73.921690099203119, 40.859547620619736 ], [ -73.921730521813146, 40.859555662025258 ], [ -73.921719964433748, 40.859567667283621 ], [ -73.921754251405972, 40.859569023356244 ], [ -73.921740172502624, 40.859579694083422 ], [ -73.921758628542548, 40.859579040193275 ], [ -73.921769208142507, 40.859559019797494 ], [ -73.921803484984011, 40.859559043033805 ], [ -73.921803498323726, 40.859547697532008 ], [ -73.92181669341474, 40.859542365833647 ], [ -73.921815794261221, 40.859560393571932 ], [ -73.921833378048973, 40.859555065348111 ], [ -73.921836028527736, 40.859540380214554 ], [ -73.921839572916895, 40.859521697241973 ], [ -73.921826400016329, 40.859508343081636 ], [ -73.921800927100023, 40.859494971705054 ], [ -73.921784213729026, 40.859496968979485 ], [ -73.921784234136666, 40.859479616434278 ], [ -73.921789515428571, 40.859475612188618 ], [ -73.921791281112533, 40.859466933001642 ], [ -73.921783379167834, 40.859460255362094 ], [ -73.921778139993563, 40.859436892705432 ], [ -73.921755315232119, 40.859410853666667 ], [ -73.921744759096228, 40.859411511742096 ], [ -73.921728078556782, 40.859394815447864 ], [ -73.921738627027622, 40.859391481185099 ], [ -73.921742165151926, 40.859378138851518 ], [ -73.92178084462995, 40.859376165858485 ], [ -73.921801058148418, 40.859383517748327 ], [ -73.921814221232452, 40.859394873855571 ], [ -73.921845891252062, 40.859382881718936 ], [ -73.921827438575164, 40.859371523204132 ], [ -73.92179318314092, 40.859352814615072 ], [ -73.921806387584041, 40.859328799224905 ], [ -73.921836283446694, 40.859323479344091 ], [ -73.921841589008324, 40.859300124503136 ], [ -73.921856544005863, 40.859290787171382 ], [ -73.921855689800836, 40.859270760194725 ], [ -73.921863636175885, 40.859240734187907 ], [ -73.921871594648252, 40.859200028581959 ], [ -73.921866337837116, 40.859181339647229 ], [ -73.921848783265375, 40.85916264238282 ], [ -73.921810131376034, 40.859141256311354 ], [ -73.921828600529665, 40.859128590499829 ], [ -73.921818073265442, 40.859115238130052 ], [ -73.92179523134098, 40.859103875462445 ], [ -73.921753920598562, 40.859093834254068 ], [ -73.92171348569525, 40.859096472454439 ], [ -73.921700312119668, 40.859083784685623 ], [ -73.92168362346402, 40.859074434775344 ], [ -73.921671333046518, 40.859067078862438 ], [ -73.921656377976504, 40.859075749092924 ], [ -73.921641441996314, 40.859068400761679 ], [ -73.921622991023327, 40.859055700018359 ], [ -73.921576403582662, 40.8590550019536 ], [ -73.921563234767575, 40.859038306848682 ], [ -73.921536881282833, 40.859028284441209 ], [ -73.921516678050821, 40.859011584044225 ], [ -73.921496475459804, 40.859005564926385 ], [ -73.921482418168878, 40.858996873803385 ], [ -73.921456938419539, 40.858980170977489 ], [ -73.921436746875713, 40.858964812603055 ], [ -73.921414784383842, 40.858952109434966 ], [ -73.921406888312319, 40.858939425226829 ], [ -73.921395454515377, 40.858940083845084 ], [ -73.921384918848574, 40.858932072070772 ], [ -73.921362079298305, 40.858919377006146 ], [ -73.921340986789232, 40.858912690344333 ], [ -73.921322538918375, 40.858907337627024 ], [ -73.921306726743936, 40.858899312865873 ], [ -73.921296194372673, 40.858879953898168 ], [ -73.921313787825326, 40.858875291664532 ], [ -73.921345420162851, 40.858885327606068 ], [ -73.92137001739772, 40.858896690386878 ], [ -73.921388471581466, 40.85889670296222 ], [ -73.921370038701113, 40.858878671432926 ], [ -73.921333131534169, 40.858866633851882 ], [ -73.921309401786615, 40.858863943160905 ], [ -73.92127775129012, 40.858869261708314 ], [ -73.921255801367963, 40.858846553527052 ], [ -73.921239139265339, 40.858814512042827 ], [ -73.92123916377065, 40.858793819252135 ], [ -73.921249719271245, 40.858784488376116 ], [ -73.921255022409511, 40.858763131608001 ], [ -73.921263841548466, 40.858737104680422 ], [ -73.921256834756804, 40.85871508298699 ], [ -73.921239282322091, 40.858693711790842 ], [ -73.921210277610285, 40.858689017753143 ], [ -73.921188327327371, 40.858666311233272 ], [ -73.921172530023526, 40.858645615841809 ], [ -73.921132982857344, 40.858638907150009 ], [ -73.921104000434326, 40.85861619463396 ], [ -73.921109300432889, 40.858597512881182 ], [ -73.921120732322265, 40.858588183285995 ], [ -73.921103174292583, 40.858572151533693 ], [ -73.921089114283305, 40.858566801779133 ], [ -73.921085616933311, 40.858556119779131 ], [ -73.921071552430959, 40.858553444528212 ], [ -73.921102367690793, 40.858512753934228 ], [ -73.921113836430322, 40.858472717183012 ], [ -73.921121779442217, 40.858445356850808 ], [ -73.921091896551957, 40.858441329092798 ], [ -73.921082240177782, 40.858432651483866 ], [ -73.921068192304645, 40.85841728803171 ], [ -73.921065583552078, 40.858397268556779 ], [ -73.921058576339334, 40.858374571730863 ], [ -73.921073554994763, 40.858345216322419 ], [ -73.921078851247586, 40.858329866102849 ], [ -73.921058644468246, 40.858317173447624 ], [ -73.9210788726283, 40.858311848319801 ], [ -73.921087676465504, 40.858299841248048 ], [ -73.921063950884005, 40.858293819141288 ], [ -73.920997128828802, 40.858303777223512 ], [ -73.920987480155603, 40.85828975896986 ], [ -73.920941657355755, 40.858284414914081 ], [ -73.920929500828933, 40.858255014122946 ], [ -73.920914598577284, 40.85821896714031 ], [ -73.920938690169521, 40.858120674461517 ], [ -73.921143965890607, 40.857551224057659 ], [ -73.921223236586485, 40.857522330353831 ], [ -73.921304752093704, 40.857420651433195 ], [ -73.921363780268678, 40.857399964861351 ], [ -73.921401697827477, 40.857389597553933 ], [ -73.921459635066469, 40.85736725288178 ], [ -73.921519672686344, 40.857348906380068 ], [ -73.921555504634895, 40.85732175059627 ], [ -73.921583970600039, 40.857289791927705 ], [ -73.921592425989871, 40.85726341560266 ], [ -73.921586144479619, 40.857232233739772 ], [ -73.921579852045994, 40.857211443841862 ], [ -73.921558496226254, 40.857152702522896 ], [ -73.921558571557512, 40.857088830629145 ], [ -73.921591607045656, 40.857065154233446 ], [ -73.921617942097939, 40.85705477965238 ], [ -73.921646384093449, 40.857043606572411 ], [ -73.921663239816382, 40.857035623806432 ], [ -73.921703268054998, 40.85702126106149 ], [ -73.921744340541466, 40.857013294715735 ], [ -73.921801215044908, 40.85699894336225 ], [ -73.921837021601732, 40.856992571921509 ], [ -73.921863345978551, 40.856991790499258 ], [ -73.921886518965664, 40.856984611232569 ], [ -73.921900218063712, 40.856975027284683 ], [ -73.921918142311611, 40.85695425312494 ], [ -73.921941328967165, 40.85693428361941 ], [ -73.921969784926304, 40.856911118312958 ], [ -73.92204492215852, 40.856854160086797 ], [ -73.922074649481374, 40.85677949124107 ], [ -73.922157472022846, 40.856766247476443 ], [ -73.922168651473058, 40.856738446818902 ], [ -73.922146371599254, 40.856726340288645 ], [ -73.922109752609202, 40.856720270660702 ], [ -73.922167147288633, 40.85666348247122 ], [ -73.922219722495512, 40.856641754136454 ], [ -73.92224682582777, 40.856613964205167 ], [ -73.922292991271689, 40.856627294984804 ], [ -73.922332825237277, 40.85660797655008 ], [ -73.922376957423538, 40.856583569624867 ], [ -73.922371426249754, 40.856280341653779 ], [ -73.922344651877538, 40.856253122537488 ], [ -73.922374686471386, 40.856215053473157 ], [ -73.922375808654351, 40.855978349455526 ], [ -73.922344593741286, 40.85568233581489 ], [ -73.922342178985559, 40.855685461012705 ], [ -73.922336362624307, 40.855692987439305 ], [ -73.922329712763343, 40.855701593159921 ], [ -73.92232888081071, 40.855702671282621 ], [ -73.922327853300757, 40.855704001731354 ], [ -73.922195721921256, 40.855874990550483 ], [ -73.922178742293895, 40.855896965196358 ], [ -73.922181175947571, 40.855899953108946 ], [ -73.922182956441503, 40.855903194713854 ], [ -73.922184041287849, 40.855906608733591 ], [ -73.922184403008345, 40.855910108540108 ], [ -73.922184032217814, 40.855913606679891 ], [ -73.922182937403022, 40.855917015376399 ], [ -73.92218114624356, 40.855920249043919 ], [ -73.922178703624766, 40.855923225458668 ], [ -73.922175673396708, 40.855925870953456 ], [ -73.922172128889628, 40.855928118065783 ], [ -73.922168159747969, 40.855929910400711 ], [ -73.922163867295183, 40.855931204135459 ], [ -73.922159357916726, 40.855931966339647 ], [ -73.922154744380975, 40.855932177321613 ], [ -73.922150142970466, 40.85593183112892 ], [ -73.922063351325235, 40.85605391178445 ], [ -73.922077045654589, 40.85605913536596 ], [ -73.921952014689822, 40.856236990447286 ], [ -73.921873221531214, 40.856349662056111 ], [ -73.9218876011372, 40.856355133723305 ], [ -73.921817500956607, 40.85645422436567 ], [ -73.921835493306034, 40.856462141312505 ], [ -73.921765084544134, 40.856565868590167 ], [ -73.921770197446989, 40.856567894398701 ], [ -73.921698419046962, 40.856672301854985 ], [ -73.921518940590886, 40.856601170623222 ], [ -73.921590787052281, 40.856496661134216 ], [ -73.921596965128842, 40.856499110335719 ], [ -73.921671816915662, 40.856394016002604 ], [ -73.921689703740284, 40.856400643473648 ], [ -73.92175965629761, 40.85630468180851 ], [ -73.92182325044611, 40.856329125863539 ], [ -73.922029567317963, 40.856040055047778 ], [ -73.922041717005285, 40.856045054280948 ], [ -73.922129095312997, 40.855922629274446 ], [ -73.922127017598967, 40.855919408911092 ], [ -73.922125635799503, 40.855915977100423 ], [ -73.922124985557872, 40.85591241896838 ], [ -73.922125083751808, 40.855908829512103 ], [ -73.922125925204895, 40.855905295505167 ], [ -73.922127492157685, 40.855901909575977 ], [ -73.922129742146879, 40.855898757970387 ], [ -73.922132619478958, 40.855895920224327 ], [ -73.922136048390129, 40.855893469326816 ], [ -73.922139944083526, 40.855891467204181 ], [ -73.922144205668644, 40.855889964882941 ], [ -73.922148725429395, 40.855889001323298 ], [ -73.922153388386988, 40.855888599900887 ], [ -73.922158075163793, 40.855888772094275 ], [ -73.92218505751363, 40.855847415549746 ], [ -73.922218950846954, 40.855795465796533 ], [ -73.922235571066125, 40.855771186451022 ], [ -73.922259317105386, 40.855725615667446 ], [ -73.922272199139059, 40.855700891870782 ], [ -73.92228113774074, 40.855686931638971 ], [ -73.922288322832259, 40.855675713420034 ], [ -73.922288370576041, 40.855675639406869 ], [ -73.922296110145098, 40.855663835229223 ], [ -73.922278730644834, 40.855654988843789 ], [ -73.922400358752839, 40.855510055974406 ], [ -73.922669296952932, 40.855179774960781 ], [ -73.922819856737718, 40.854988676511262 ], [ -73.92290114139594, 40.854885505308744 ], [ -73.92313298516514, 40.854589470317784 ], [ -73.923415841836231, 40.854225806362194 ], [ -73.923605952206785, 40.853977198034677 ], [ -73.924009392205122, 40.853436953917956 ], [ -73.924440651399493, 40.852840472704415 ], [ -73.924670211840137, 40.852506639577882 ], [ -73.924973969140424, 40.852070909369601 ], [ -73.925021912297183, 40.85202171042404 ], [ -73.925033268598028, 40.851993784944639 ], [ -73.925072948668657, 40.851942220704501 ], [ -73.925109802710153, 40.851892817511036 ], [ -73.925146665288693, 40.851836955946816 ], [ -73.925155181014546, 40.851815475919011 ], [ -73.925172177290392, 40.851802592329342 ], [ -73.925217540310612, 40.851738137108512 ], [ -73.925277079383306, 40.851647911202392 ], [ -73.92529694152806, 40.851607086704853 ], [ -73.925347966068401, 40.85153834833887 ], [ -73.925424516048665, 40.851422334244418 ], [ -73.925489730323108, 40.851326734389225 ], [ -73.925532245473619, 40.851273030364212 ], [ -73.925543593032586, 40.851242951311292 ], [ -73.925639990346255, 40.85109901651002 ], [ -73.92566267418448, 40.851068937045056 ], [ -73.925736386812716, 40.850955071572898 ], [ -73.925755442749946, 40.85092631720952 ], [ -73.925853633090881, 40.850778147042497 ], [ -73.925879704196817, 40.850752742945474 ], [ -73.925894615733696, 40.850716021158775 ], [ -73.926028775086323, 40.850514127209365 ], [ -73.926238172493981, 40.850207175479881 ], [ -73.926256077789134, 40.850180928288928 ], [ -73.926494557595376, 40.849839262686153 ], [ -73.926714390925852, 40.849532892486501 ], [ -73.926923035198342, 40.84925053211068 ], [ -73.927116796454683, 40.848968160769935 ], [ -73.927254663692082, 40.848763440050902 ], [ -73.92740369127668, 40.848557312118103 ], [ -73.927522933325477, 40.848379413767013 ], [ -73.927653348582439, 40.848187403075279 ], [ -73.927973778304462, 40.847727136268787 ], [ -73.928137989765361, 40.8474916337005 ], [ -73.928216932621467, 40.847380136944011 ], [ -73.928391510365941, 40.847132229299781 ], [ -73.928422009476677, 40.847082681015294 ], [ -73.928455019289999, 40.847031473283167 ], [ -73.928489948277232, 40.84698195788156 ], [ -73.928520265245112, 40.846938979229613 ], [ -73.929285440195343, 40.845854221201307 ], [ -73.929287613043257, 40.845850987652206 ] ] ] ] } },
{ "type": "Feature", "properties": { "Precinct": 50, "Shape_Length": "52,378.1573004", "Shape_Area": "136,147,177.654", "in_manhattan": true }, "geometry": { "type": "MultiPolygon", "coordinates": [ [ [ [ -73.910355138773141, 40.873777855810758 ], [ -73.910445394536765, 40.873838628117682 ], [ -73.910404944799666, 40.873812526483498 ], [ -73.910355138773141, 40.873777855810758 ] ] ], [ [ [ -73.878108164631598, 40.904862577491919 ], [ -73.878247060837694, 40.903918549916639 ], [ -73.878353548274049, 40.903281380942531 ], [ -73.878387017540845, 40.903125353056716 ], [ -73.878438833210424, 40.902989965427359 ], [ -73.878506482635828, 40.902600173916504 ], [ -73.878641041255818, 40.901789621288977 ], [ -73.878772300989738, 40.900990044817519 ], [ -73.878807083915873, 40.900472751096238 ], [ -73.878887510434694, 40.899920713214826 ], [ -73.878926459060722, 40.899749742158143 ], [ -73.878961187882993, 40.899538050077659 ], [ -73.879058440203451, 40.899174956370921 ], [ -73.879183572817368, 40.898803568905301 ], [ -73.87931671797044, 40.898415805991192 ], [ -73.879511925732984, 40.898024659244506 ], [ -73.879604705934398, 40.897828278527157 ], [ -73.879768099937579, 40.897510882926014 ], [ -73.879873587016206, 40.897326630244052 ], [ -73.879686067553152, 40.897101208943859 ], [ -73.880012328317164, 40.895448320673935 ], [ -73.88012920966959, 40.895209705670275 ], [ -73.880143953758747, 40.895061591453377 ], [ -73.880158710604263, 40.894913467360062 ], [ -73.880177938058665, 40.894720423962717 ], [ -73.880202267676623, 40.894554228443582 ], [ -73.880354071829927, 40.893517432417539 ], [ -73.880382052988665, 40.893397891378278 ], [ -73.880402278571637, 40.893277455264155 ], [ -73.880414702849265, 40.893156410494903 ], [ -73.880419293327847, 40.893035049030686 ], [ -73.880416041577803, 40.89291366302254 ], [ -73.880404953740154, 40.892792543964859 ], [ -73.880386056707209, 40.892671983372146 ], [ -73.880359396361911, 40.892552269258857 ], [ -73.880325037345983, 40.892433691835492 ], [ -73.880283060871548, 40.892316533119285 ], [ -73.880233569335047, 40.892201078163858 ], [ -73.880176679942082, 40.892087600477687 ], [ -73.879189418923545, 40.890307031497329 ], [ -73.878188916163282, 40.888049182221387 ], [ -73.878154592565565, 40.887943446355592 ], [ -73.878051281461623, 40.88762523235183 ], [ -73.878001247928708, 40.887447195725514 ], [ -73.878004800459834, 40.887337175404447 ], [ -73.878016279775849, 40.887227392796724 ], [ -73.878035622717533, 40.887118322927229 ], [ -73.878131291240777, 40.886912797318779 ], [ -73.878149445682936, 40.88687380736414 ], [ -73.87876041620892, 40.88604019986078 ], [ -73.879362831932127, 40.885218240476696 ], [ -73.879957986865548, 40.884390628965477 ], [ -73.8812442254155, 40.882709633005597 ], [ -73.88208623608233, 40.883132221910557 ], [ -73.882748333607495, 40.883397387471845 ], [ -73.883190887031475, 40.883284834511599 ], [ -73.883342135093699, 40.883226517909485 ], [ -73.883342348015148, 40.883226437881348 ], [ -73.883342586069233, 40.883226375133461 ], [ -73.883507640875919, 40.883183246465315 ], [ -73.88350787892999, 40.883183183549555 ], [ -73.883508103913812, 40.883183147591723 ], [ -73.883683273841768, 40.88315763332848 ], [ -73.883683368565187, 40.883157615331491 ], [ -73.883683475617474, 40.883157615439387 ], [ -73.883863581152525, 40.88315139459592 ], [ -73.884043284829204, 40.88316497373625 ], [ -73.884043415924452, 40.883164983249259 ], [ -73.884043533760959, 40.883165001460085 ], [ -73.884216714898614, 40.883197665322257 ], [ -73.884378878373141, 40.883247597843344 ], [ -73.884379057510017, 40.883247651797554 ], [ -73.884379223150574, 40.88324772399816 ], [ -73.884526151591928, 40.883312147835177 ], [ -73.885164958342997, 40.883631611655339 ], [ -73.88662413039556, 40.884267303209953 ], [ -73.886834866086375, 40.884342025059581 ], [ -73.886928897341491, 40.884355714351365 ], [ -73.887051426023433, 40.884349575846649 ], [ -73.887586126088308, 40.88425561966303 ], [ -73.88851344035659, 40.883027119865581 ], [ -73.888536598366528, 40.882992599744391 ], [ -73.888570145364966, 40.882890336978484 ], [ -73.888602726620348, 40.882811764817248 ], [ -73.888596618405373, 40.882768337399312 ], [ -73.888003601279394, 40.882836533350201 ], [ -73.888038908209467, 40.882780926146836 ], [ -73.888364875387879, 40.88226754186126 ], [ -73.889975375540814, 40.880233131422202 ], [ -73.890182699325706, 40.880041713764477 ], [ -73.890400497584494, 40.879857096040638 ], [ -73.890400581796726, 40.879857023583334 ], [ -73.89040066488883, 40.879856961176273 ], [ -73.890628440959347, 40.87967956501393 ], [ -73.890845394156713, 40.879517097333 ], [ -73.891048340422898, 40.879343855365327 ], [ -73.891235736275178, 40.879161079742431 ], [ -73.89123591512697, 40.8791608998241 ], [ -73.891236081178121, 40.879160719391109 ], [ -73.891406962661065, 40.878969446245847 ], [ -73.892128754435689, 40.878057802281376 ], [ -73.892313213906561, 40.87782343400216 ], [ -73.894072727821822, 40.875587745513762 ], [ -73.897327211145182, 40.871445234147274 ], [ -73.897789621820124, 40.870856644570445 ], [ -73.898918542100589, 40.869658573983386 ], [ -73.899073271651943, 40.869525355600928 ], [ -73.899213876947812, 40.869381386784873 ], [ -73.899338511060975, 40.869228028606798 ], [ -73.899445616114392, 40.869066842079526 ], [ -73.899534043067732, 40.868899613888573 ], [ -73.89960300272179, 40.868728209428255 ], [ -73.899652202079025, 40.868554578781072 ], [ -73.899424361872249, 40.867880838888901 ], [ -73.899965756483795, 40.868017301510427 ], [ -73.901065408073578, 40.868283903886528 ], [ -73.901289033871237, 40.868336680037601 ], [ -73.901509816233414, 40.868395953722782 ], [ -73.901727428743612, 40.868461637065586 ], [ -73.901941549410012, 40.868533631474165 ], [ -73.902151859556753, 40.868611831827899 ], [ -73.902358047800575, 40.868696122125598 ], [ -73.90318667465823, 40.869148991491144 ], [ -73.903749758939597, 40.869595627140178 ], [ -73.904035926429714, 40.86994916386152 ], [ -73.904420032097889, 40.870361276001191 ], [ -73.904488604897665, 40.870578548045188 ], [ -73.904434287986462, 40.872245308278266 ], [ -73.904440072367436, 40.872330328250968 ], [ -73.90446896704205, 40.872415394997219 ], [ -73.904469014531571, 40.872415520176141 ], [ -73.904469085217229, 40.872415628956972 ], [ -73.904520575449695, 40.872495022299773 ], [ -73.904520705164117, 40.872495212377977 ], [ -73.904520883004324, 40.872495391942188 ], [ -73.904591890066541, 40.872564445804066 ], [ -73.904591948692442, 40.872564500130004 ], [ -73.904592031816009, 40.87256455397354 ], [ -73.904677282746178, 40.872619878996375 ], [ -73.905714252962881, 40.873138322101276 ], [ -73.905866167121147, 40.87318265992446 ], [ -73.905911264052037, 40.87319581742679 ], [ -73.905929089417455, 40.873201018801446 ], [ -73.906018092969859, 40.873226989180502 ], [ -73.906079178896832, 40.873242420693323 ], [ -73.906146688582041, 40.873260205901119 ], [ -73.906207323975423, 40.873276687682853 ], [ -73.906363164843498, 40.873319048424051 ], [ -73.906628870067863, 40.87338037872825 ], [ -73.906699846468285, 40.873396762742701 ], [ -73.907464897943115, 40.873547354236429 ], [ -73.908555795887906, 40.873775443922987 ], [ -73.909671178220933, 40.874588769318407 ], [ -73.90973487229796, 40.87463814456963 ], [ -73.909669316384779, 40.874533715344803 ], [ -73.90964113673526, 40.87436563725214 ], [ -73.909943794137831, 40.87414625779261 ], [ -73.910010796812259, 40.874170262974772 ], [ -73.910189002176025, 40.874138570454846 ], [ -73.910354856672484, 40.874042753733697 ], [ -73.910522334026908, 40.873890762938743 ], [ -73.910588977657369, 40.873933748681125 ], [ -73.910654393158339, 40.873975943061126 ], [ -73.910709837434965, 40.874015026998862 ], [ -73.910809131363777, 40.874085022111096 ], [ -73.910851710801424, 40.874109737488247 ], [ -73.910921180096352, 40.874146396040132 ], [ -73.910989538414398, 40.874179640415718 ], [ -73.911069096592513, 40.874221412251863 ], [ -73.91111279462217, 40.87424272500057 ], [ -73.911157619934542, 40.874265739794573 ], [ -73.911194598431734, 40.874281941076042 ], [ -73.911252880401207, 40.874310071780009 ], [ -73.911262946981068, 40.874323704150946 ], [ -73.911271924581271, 40.87431604789051 ], [ -73.911278643357406, 40.874331369498819 ], [ -73.911310589495784, 40.874344815646921 ], [ -73.911484282956039, 40.874417921100182 ], [ -73.911510066227635, 40.874423045963532 ], [ -73.911550430335495, 40.874428183169996 ], [ -73.911571732171481, 40.874431612771893 ], [ -73.91159751272933, 40.874439285802858 ], [ -73.911599746871644, 40.874445248980741 ], [ -73.911623291713326, 40.874447815203524 ], [ -73.911627765410557, 40.874456337666494 ], [ -73.911638975071838, 40.874457192072697 ], [ -73.911650176063773, 40.874473374137409 ], [ -73.9116681090008, 40.874475944765642 ], [ -73.911671462567796, 40.874487861554208 ], [ -73.911688269509014, 40.874490431317433 ], [ -73.911692754343164, 40.874489579545447 ], [ -73.911702841568967, 40.874496395222998 ], [ -73.911734237014841, 40.874501524832539 ], [ -73.911739830246773, 40.874505788377618 ], [ -73.911770092041124, 40.874516022870267 ], [ -73.911791391672153, 40.874521144242614 ], [ -73.911809339904309, 40.87452201433662 ], [ -73.911839042128065, 40.874532671043525 ], [ -73.911859210580118, 40.874541205988848 ], [ -73.91188274644513, 40.874550578938077 ], [ -73.911896194586262, 40.87455399377167 ], [ -73.911915256883873, 40.874555719401023 ], [ -73.911920862032815, 40.874560828768935 ], [ -73.911929833487946, 40.874558278715455 ], [ -73.911933181260153, 40.874565944433208 ], [ -73.911944403540062, 40.874565952996683 ], [ -73.911946630074539, 40.874577021251596 ], [ -73.9119544707725, 40.874578728930508 ], [ -73.911957844265643, 40.874574472907135 ], [ -73.911965700283872, 40.874572777203788 ], [ -73.911969071505069, 40.874562568423272 ], [ -73.912030721227424, 40.874583038138496 ], [ -73.91208452800187, 40.874595847394495 ], [ -73.912152908261035, 40.874613775154906 ], [ -73.912176446427509, 40.874621456233101 ], [ -73.912214544599266, 40.874635099965452 ], [ -73.912215662938337, 40.874641908775047 ], [ -73.912228143939146, 40.874650562947245 ], [ -73.91222813340741, 40.87465854121232 ], [ -73.912237913187141, 40.874654558927205 ], [ -73.912252943766532, 40.874655138594093 ], [ -73.912276991242436, 40.874654021574258 ], [ -73.912273972567959, 40.874667706562001 ], [ -73.91228449360699, 40.874668291507838 ], [ -73.912295007617914, 40.874675710707344 ], [ -73.912306278434869, 40.87467457475676 ], [ -73.91231155217281, 40.874669446703315 ], [ -73.912323558048627, 40.874678586320186 ], [ -73.912333334820602, 40.874676883339895 ], [ -73.912342343099127, 40.87468373315383 ], [ -73.912337077294609, 40.874691716808236 ], [ -73.912343088315637, 40.874694008227856 ], [ -73.912349101097291, 40.874686593377874 ], [ -73.912355865438556, 40.874694017932335 ], [ -73.91234984181537, 40.874700281725396 ], [ -73.91235885477991, 40.874702575424188 ], [ -73.912364874748093, 40.874698582064347 ], [ -73.912368626115025, 40.874706004330022 ], [ -73.912377647363925, 40.874702012745935 ], [ -73.912387415328851, 40.874707162609276 ], [ -73.912394924819964, 40.874707168310159 ], [ -73.912404694871682, 40.874711740722546 ], [ -73.91242271759748, 40.874718598544781 ], [ -73.912430991019889, 40.87471518333755 ], [ -73.912440001833005, 40.874718611660214 ], [ -73.912452032655594, 40.874718043839259 ], [ -73.912457292994574, 40.874723757341634 ], [ -73.912477572281574, 40.874728338892126 ], [ -73.912488092418116, 40.874730624342618 ], [ -73.912490338153262, 40.874736902622047 ], [ -73.912502363274797, 40.874740333895645 ], [ -73.912506878422505, 40.874734060742441 ], [ -73.912519654931771, 40.874735213771359 ], [ -73.912525658378613, 40.8747437735435 ], [ -73.912529410692031, 40.87474948539689 ], [ -73.912551200153047, 40.874751780052797 ], [ -73.912555702488064, 40.874756924738911 ], [ -73.91259176816817, 40.874764363269691 ], [ -73.912618808021705, 40.874779790818053 ], [ -73.912642849465144, 40.874783798742101 ], [ -73.912675170474316, 40.874788955767094 ], [ -73.912696215121841, 40.874789548135411 ], [ -73.912706344808456, 40.874800109063948 ], [ -73.912722878787804, 40.874802400214428 ], [ -73.912728596434974, 40.874802404538428 ], [ -73.912743160578344, 40.874802415551365 ], [ -73.912753663726207, 40.874814972792123 ], [ -73.912768694585836, 40.874810996107179 ], [ -73.912787472564702, 40.874816709424913 ], [ -73.912800234290586, 40.874825280320636 ], [ -73.912806240158218, 40.874829839970772 ], [ -73.912821268658035, 40.874829851324705 ], [ -73.912848306808058, 40.874839567630879 ], [ -73.912856562184757, 40.874847558671156 ], [ -73.912869334563084, 40.874847001250522 ], [ -73.912879097096663, 40.87485499409722 ], [ -73.912884363019941, 40.874845869253186 ], [ -73.912894878067092, 40.87484987445157 ], [ -73.912904639942681, 40.874857866793072 ], [ -73.912921171409934, 40.874857879268276 ], [ -73.912936200609778, 40.874856181205196 ], [ -73.91294371710184, 40.874849335528687 ], [ -73.91350042749859, 40.875017850197388 ], [ -73.913489289858745, 40.875036016562888 ], [ -73.913499551404058, 40.875034071776867 ], [ -73.913508955015757, 40.875034727640625 ], [ -73.913508777022315, 40.875044312993239 ], [ -73.913534153628461, 40.875047133325417 ], [ -73.913547974043325, 40.875053102967385 ], [ -73.91356872869369, 40.875052065632758 ], [ -73.913582099088501, 40.875058727640273 ], [ -73.913587628888507, 40.875065735740954 ], [ -73.913601469018033, 40.875064692720208 ], [ -73.913622223817882, 40.875065411349809 ], [ -73.913631454060337, 40.87506191602688 ], [ -73.913644828583102, 40.875064726178948 ], [ -73.913652676700067, 40.875058079554265 ], [ -73.913770654969866, 40.875096032439103 ], [ -73.913863587549343, 40.875124009795513 ], [ -73.913873680381826, 40.875124016825751 ], [ -73.913882318342999, 40.875129488535094 ], [ -73.914074672592221, 40.875182701623388 ], [ -73.914068420033971, 40.875208235814895 ], [ -73.915351059944967, 40.875594529347389 ], [ -73.915382679401702, 40.87559300395548 ], [ -73.915402051777306, 40.875599203601105 ], [ -73.915425487619601, 40.87560773646301 ], [ -73.915455049534458, 40.875620920051944 ], [ -73.915468558600821, 40.875631931167497 ], [ -73.915486834324938, 40.875636570526176 ], [ -73.915509898745839, 40.87564319601973 ], [ -73.915529048964373, 40.875645523862843 ], [ -73.91555167298111, 40.875653800800052 ], [ -73.915575609695964, 40.875658113764594 ], [ -73.915584744849923, 40.875662745750411 ], [ -73.915616938730011, 40.875677638949909 ], [ -73.915671775484711, 40.875685279708279 ], [ -73.915707896733039, 40.875692905599443 ], [ -73.915720063832637, 40.875709435915056 ], [ -73.915742259195355, 40.87571308602584 ], [ -73.915785156381119, 40.875716945064845 ], [ -73.917260283372883, 40.875809003580642 ], [ -73.917333388447759, 40.875802059215083 ], [ -73.91740100821643, 40.875786904272843 ], [ -73.917473648584306, 40.875762250153223 ], [ -73.917689070719319, 40.875680684057279 ], [ -73.917756693297051, 40.875663627860241 ], [ -73.917789225728455, 40.875676955194585 ], [ -73.917839225402972, 40.8757378049118 ], [ -73.917919296055743, 40.875777771336892 ], [ -73.917991871609658, 40.875804428896068 ], [ -73.918084521990323, 40.875794993142151 ], [ -73.918249742324662, 40.875817916008415 ], [ -73.918259723762688, 40.875844529544146 ], [ -73.918279739374313, 40.875855946322652 ], [ -73.918297274696997, 40.875848356388538 ], [ -73.918329837675216, 40.875836976331541 ], [ -73.919083263570101, 40.876064881826323 ], [ -73.919783812990019, 40.876421436608993 ], [ -73.919775567882283, 40.876497554377345 ], [ -73.919877035157185, 40.876508887420506 ], [ -73.91992137179281, 40.876545061891477 ], [ -73.919943321195191, 40.8765468304126 ], [ -73.91996893879886, 40.876548895810863 ], [ -73.920028976624963, 40.876592647123651 ], [ -73.920068995424501, 40.876626883657728 ], [ -73.920056459450507, 40.876656920509554 ], [ -73.920053930384668, 40.876662981237324 ], [ -73.920071436016784, 40.87668009776749 ], [ -73.920080284970396, 40.876680103895794 ], [ -73.920111496435155, 40.876680125505743 ], [ -73.920154008262045, 40.876723865791497 ], [ -73.920256389650092, 40.876951990277107 ], [ -73.921577104240072, 40.878136542621888 ], [ -73.921606303132705, 40.878157102079221 ], [ -73.921632862107415, 40.878184793689485 ], [ -73.92164515447935, 40.878198543082874 ], [ -73.921692037156134, 40.878250983700546 ], [ -73.921822117773075, 40.878351796568964 ], [ -73.92206723585673, 40.878572414802562 ], [ -73.922134440629307, 40.878609863785741 ], [ -73.92222979565166, 40.878645496491671 ], [ -73.92240799295864, 40.878683090247193 ], [ -73.922407975168511, 40.878698334294178 ], [ -73.922434644097848, 40.878698463121047 ], [ -73.922488299593468, 40.878706644791222 ], [ -73.922489928603468, 40.878744755446029 ], [ -73.922535231068437, 40.878766575868958 ], [ -73.922585297817392, 40.878776111683372 ], [ -73.922678799298424, 40.878866813834158 ], [ -73.922737882875225, 40.878905445427932 ], [ -73.922797944511487, 40.878932091567698 ], [ -73.922873038710364, 40.87895114604791 ], [ -73.922950653674178, 40.878954999314573 ], [ -73.923040822237212, 40.87893035390745 ], [ -73.923093198487138, 40.878905555432155 ], [ -73.923123457900303, 40.8789228073068 ], [ -73.923163506052305, 40.878934236572974 ], [ -73.923186039062074, 40.878936151949425 ], [ -73.923243635099482, 40.87893048897125 ], [ -73.923259171571999, 40.878921071296098 ], [ -73.923268691615093, 40.878915301110155 ], [ -73.92330375396061, 40.878907722741147 ], [ -73.923591725531338, 40.878952159332719 ], [ -73.923611502519051, 40.878900860405977 ], [ -73.923597420203876, 40.878898712992687 ], [ -73.923617191914104, 40.878852758536006 ], [ -73.923624231507915, 40.878854901286402 ], [ -73.92363695289211, 40.878815355932133 ], [ -73.923679193116811, 40.878826074498654 ], [ -73.92366647926977, 40.878863496512977 ], [ -73.923677738906633, 40.878865626136516 ], [ -73.923662193218419, 40.878911583398839 ], [ -73.923652334869544, 40.878911576877627 ], [ -73.923629739504037, 40.878963943243299 ], [ -73.923749355012788, 40.878984036096931 ], [ -73.923794413019777, 40.878993569082056 ], [ -73.923826978774684, 40.878980287105101 ], [ -73.923902099424907, 40.878976535740449 ], [ -73.923942152532931, 40.878984163315629 ], [ -73.923969678122049, 40.878999385974836 ], [ -73.92398718755102, 40.879014600858248 ], [ -73.924037256204215, 40.879022235498979 ], [ -73.924057288959304, 40.879020348305893 ], [ -73.924064815676829, 40.879007050285473 ], [ -73.924179996216921, 40.879005225635098 ], [ -73.924312686035179, 40.879018615033615 ], [ -73.924490428453396, 40.87904723895722 ], [ -73.924517958510265, 40.879058659561935 ], [ -73.924535493964683, 40.879051069354539 ], [ -73.924538031583722, 40.879020663644404 ], [ -73.924580616805031, 40.879003587084583 ], [ -73.924615654514881, 40.879018813325771 ], [ -73.92465572020933, 40.879015039238034 ], [ -73.924680819491172, 40.878961843226755 ], [ -73.924723421189242, 40.878929563274994 ], [ -73.924778534606546, 40.878904893137765 ], [ -73.924903274730823, 40.878888367853229 ], [ -73.923805256054976, 40.880324901636079 ], [ -73.921829550433358, 40.884511601339469 ], [ -73.921388427524263, 40.885459051858291 ], [ -73.921064130872963, 40.886155561205001 ], [ -73.920586418772757, 40.887182678117298 ], [ -73.9203928019909, 40.887648500226945 ], [ -73.919785107492828, 40.889286444307636 ], [ -73.919159438381769, 40.890894353471623 ], [ -73.918880143916084, 40.891605721952892 ], [ -73.918536888762048, 40.892545682915454 ], [ -73.918164054584111, 40.893566614529995 ], [ -73.918002635852218, 40.894008616348323 ], [ -73.917817837900273, 40.894416425567982 ], [ -73.917812408055653, 40.894535279688888 ], [ -73.917860094349919, 40.894600614279739 ], [ -73.91789963124647, 40.894669009536855 ], [ -73.917634882074822, 40.894941905352219 ], [ -73.916941610783979, 40.896644551702437 ], [ -73.916851380335174, 40.896930782857105 ], [ -73.916708491717841, 40.897384055270464 ], [ -73.916720710080909, 40.897408703620322 ], [ -73.916727321597037, 40.897434555672568 ], [ -73.91672813988589, 40.897460882676029 ], [ -73.916723141873447, 40.897486942490048 ], [ -73.916673432128036, 40.897527052616468 ], [ -73.91518455871676, 40.901584282862181 ], [ -73.915233974194237, 40.901696797245698 ], [ -73.915431729584157, 40.901812683688362 ], [ -73.915014495860447, 40.903081299106447 ], [ -73.914590392433198, 40.904119002196403 ], [ -73.914290800875733, 40.904093207462658 ], [ -73.914185435298705, 40.904140390968742 ], [ -73.913885539987135, 40.904957764985426 ], [ -73.91286857876598, 40.907535475893454 ], [ -73.9128761283324, 40.907562092040664 ], [ -73.91288875976656, 40.90758757514233 ], [ -73.912906197880915, 40.907611370014067 ], [ -73.912928062766511, 40.907632958251455 ], [ -73.912953878070184, 40.907651869524123 ], [ -73.913000815448896, 40.907676854782544 ], [ -73.913042566967405, 40.907706670770366 ], [ -73.913078276224454, 40.90774070591128 ], [ -73.913107210752287, 40.907778262086175 ], [ -73.913113501006137, 40.90779128424311 ], [ -73.913116999028631, 40.907804897030722 ], [ -73.913117616864923, 40.907818758171736 ], [ -73.913115338978102, 40.907832519144343 ], [ -73.913110222641279, 40.907845833944783 ], [ -73.913102396497038, 40.907858367787917 ], [ -73.913092057323851, 40.907869805524371 ], [ -73.913079465087009, 40.907879859565284 ], [ -73.912997140443281, 40.907917959896508 ], [ -73.912910469995296, 40.907950036674052 ], [ -73.912820217268774, 40.907975807314699 ], [ -73.912727177351783, 40.907995044789118 ], [ -73.912649321728779, 40.90807081195539 ], [ -73.912340511674415, 40.909058194769287 ], [ -73.91235918448416, 40.909136733576922 ], [ -73.912322176558675, 40.909188844939571 ], [ -73.912281070167438, 40.909193361094836 ], [ -73.912268688514359, 40.909230148502445 ], [ -73.91227584011655, 40.909263516555491 ], [ -73.911819523937851, 40.911148334863555 ], [ -73.911774958211041, 40.911252187362713 ], [ -73.911578957493418, 40.91213595931999 ], [ -73.911504753949103, 40.91216987937694 ], [ -73.911491907037444, 40.912233769312046 ], [ -73.911536189054473, 40.912302062274662 ], [ -73.911448824733768, 40.91275468258867 ], [ -73.911432130278413, 40.912823826219707 ], [ -73.911473320997288, 40.912910903536755 ], [ -73.911500457835714, 40.912968269326029 ], [ -73.91155029028242, 40.913069812694658 ], [ -73.911654724021986, 40.913417851896739 ], [ -73.911499590748036, 40.913766581704841 ], [ -73.911437762028243, 40.91380545126335 ], [ -73.911380521305688, 40.913848173907866 ], [ -73.911328284461007, 40.913894439245169 ], [ -73.911281431022104, 40.913943911142965 ], [ -73.911240301407446, 40.913996230171072 ], [ -73.911205194451711, 40.914051016213492 ], [ -73.911201928609898, 40.914067489733576 ], [ -73.911202091584357, 40.91408414804809 ], [ -73.91120567938431, 40.914100582981334 ], [ -73.911212604100584, 40.914116391830774 ], [ -73.911222696060619, 40.914131187234496 ], [ -73.911235707983892, 40.914144606662546 ], [ -73.911201036963078, 40.914220484783094 ], [ -73.911158341495081, 40.914293970998791 ], [ -73.911107904745862, 40.914364577888108 ], [ -73.911050061230696, 40.914431837125932 ], [ -73.91098519459652, 40.914495302590325 ], [ -73.910913735077386, 40.914554553321899 ], [ -73.910864461344957, 40.914566202519566 ], [ -73.910818147241045, 40.914583479861825 ], [ -73.910778009319031, 40.914604664217066 ], [ -73.910742386534579, 40.914630073413022 ], [ -73.910712044770435, 40.91465916116131 ], [ -73.910663358789051, 40.914796420306239 ], [ -73.910332568489778, 40.915532776502673 ], [ -73.910112766251075, 40.915398734144603 ], [ -73.908511550176073, 40.91500226402642 ], [ -73.90245664005019, 40.912958932923424 ], [ -73.900603860585093, 40.912607265899261 ], [ -73.899953513847194, 40.912383434765523 ], [ -73.898104896888228, 40.911790599507725 ], [ -73.897253263548834, 40.911655520441244 ], [ -73.896633338633933, 40.911417374343806 ], [ -73.892469066295348, 40.910167664210228 ], [ -73.886178108825035, 40.908349809986149 ], [ -73.886107039908026, 40.908329271253649 ], [ -73.886055754459662, 40.908314452601815 ], [ -73.88599855053981, 40.908297124470309 ], [ -73.885934527148208, 40.908277733746075 ], [ -73.885615229755615, 40.908181024816749 ], [ -73.884800280669936, 40.907930736083102 ], [ -73.884695972527609, 40.907898700295362 ], [ -73.884054072767384, 40.907702697387968 ], [ -73.883032574419659, 40.907333631659782 ], [ -73.881480944277911, 40.906891856701719 ], [ -73.878361600377502, 40.906003635502735 ], [ -73.87828680871344, 40.90598506410862 ], [ -73.878167776213843, 40.905955507983741 ], [ -73.878111977730214, 40.905943760585771 ], [ -73.878071894102661, 40.905932444206535 ], [ -73.878036721985552, 40.905928607326231 ], [ -73.877962330848987, 40.905902800706251 ], [ -73.87791963298902, 40.905887988009013 ], [ -73.877951621733573, 40.90569249478618 ], [ -73.878027002007798, 40.905228904277898 ], [ -73.878108164631598, 40.904862577491919 ] ] ] ] } },
{ "type": "Feature", "properties": { "Precinct": 52, "Shape_Length": "65,959.2832631", "Shape_Area": "80,713,446.3819", "in_manhattan": true }, "geometry": { "type": "MultiPolygon", "coordinates": [ [ [ [ -73.872271965067398, 40.869675240397811 ], [ -73.872298719894829, 40.868699413035763 ], [ -73.872289100450672, 40.868489966049601 ], [ -73.87227007935806, 40.86806841587854 ], [ -73.872268582647024, 40.868035255539162 ], [ -73.872219171816042, 40.867371684219563 ], [ -73.872150351237138, 40.866709118378942 ], [ -73.872078864176089, 40.866161815940814 ], [ -73.872068943529342, 40.866100426303802 ], [ -73.872060113917541, 40.866047053522657 ], [ -73.872052361990839, 40.865976519355939 ], [ -73.871990274800567, 40.8654850345401 ], [ -73.871964366006793, 40.865270886221822 ], [ -73.871870216801582, 40.864220558067316 ], [ -73.871865292795931, 40.864017790047036 ], [ -73.871866756729446, 40.863359010795357 ], [ -73.871866871309095, 40.863306986750622 ], [ -73.871867443312496, 40.863049620098302 ], [ -73.871969760746651, 40.862586035696822 ], [ -73.872078056433608, 40.861757840211332 ], [ -73.872254265535148, 40.860410225412657 ], [ -73.872349385006089, 40.859924109988405 ], [ -73.872535314834678, 40.858876766432289 ], [ -73.87258362808133, 40.858514407619388 ], [ -73.872610276836809, 40.858318175371316 ], [ -73.872628441198771, 40.858121385942638 ], [ -73.872638099215493, 40.857924250057366 ], [ -73.872639243274506, 40.857726980128831 ], [ -73.872631753531792, 40.85748285743351 ], [ -73.872610943530589, 40.857238963096755 ], [ -73.872576860731272, 40.856995937438093 ], [ -73.87253988400866, 40.856777113015966 ], [ -73.872501156026289, 40.856600681792308 ], [ -73.872457469566712, 40.856449017763794 ], [ -73.872438564296971, 40.856368998056361 ], [ -73.872428564323442, 40.856326663040612 ], [ -73.872414248158918, 40.85626539527977 ], [ -73.872380407875795, 40.85611290498629 ], [ -73.872348744916181, 40.85597528345361 ], [ -73.87189777196366, 40.854138380189447 ], [ -73.87186709791176, 40.854013424182433 ], [ -73.871843777369193, 40.853919602871692 ], [ -73.871724114279303, 40.853400922106701 ], [ -73.871695124514787, 40.853273902177229 ], [ -73.871667036769011, 40.85309829320753 ], [ -73.871647188972744, 40.852985422079868 ], [ -73.87151696236954, 40.852244877309928 ], [ -73.871474127998468, 40.852001296739097 ], [ -73.871454662575246, 40.851856782789724 ], [ -73.871401535705473, 40.851456444922093 ], [ -73.871375784364218, 40.85123838058005 ], [ -73.871364749193688, 40.850867698365953 ], [ -73.871339272912707, 40.847386797360627 ], [ -73.87133833545154, 40.847283284591505 ], [ -73.871343028478734, 40.84719281764324 ], [ -73.871336435121066, 40.846794341735865 ], [ -73.871368358729612, 40.846290614061431 ], [ -73.871384933904295, 40.846144662244313 ], [ -73.871418603877771, 40.845848141211725 ], [ -73.871468836006073, 40.845405667119941 ], [ -73.871654847937194, 40.844594624297436 ], [ -73.871669669800696, 40.844529999056341 ], [ -73.871743918412207, 40.844206255306553 ], [ -73.871846102911064, 40.843760777353268 ], [ -73.871916915171866, 40.843453743149155 ], [ -73.871964321568171, 40.843238253773883 ], [ -73.872133578468237, 40.84249779404643 ], [ -73.87231748546273, 40.841690281517856 ], [ -73.87234056260759, 40.841583626691353 ], [ -73.872363651831705, 40.841476960982661 ], [ -73.872395580608853, 40.841336375431879 ], [ -73.872501403779793, 40.840870387748964 ], [ -73.87262552246402, 40.840917591721571 ], [ -73.872886666348236, 40.841015067281432 ], [ -73.873214015416238, 40.841135032246953 ], [ -73.873469294493802, 40.841224613346569 ], [ -73.873768023916327, 40.841329441717377 ], [ -73.873875031762879, 40.841366991649906 ], [ -73.874351348830004, 40.841554095394692 ], [ -73.874709277254951, 40.841689901648579 ], [ -73.875117201410532, 40.841840745936182 ], [ -73.875298751087342, 40.84190606390122 ], [ -73.875877362120775, 40.842113648459183 ], [ -73.8761010991539, 40.842185696757909 ], [ -73.876507820341502, 40.842308784660347 ], [ -73.876804528596736, 40.842376709032344 ], [ -73.876978027560185, 40.842439770089136 ], [ -73.877057019414735, 40.842468479944706 ], [ -73.87713574768496, 40.842497094646745 ], [ -73.877747352245706, 40.842638375214257 ], [ -73.877844912382429, 40.84266228454689 ], [ -73.877840595798517, 40.842685003408945 ], [ -73.877841276407636, 40.842702858483399 ], [ -73.877849072989534, 40.842724509309825 ], [ -73.877870393764212, 40.842753206938276 ], [ -73.877909550100426, 40.842778333909493 ], [ -73.877726041315356, 40.843088387931495 ], [ -73.877605319180859, 40.843291524236363 ], [ -73.877501019701967, 40.8434632384919 ], [ -73.877420871212195, 40.843591837923704 ], [ -73.87717462333481, 40.843988600991672 ], [ -73.877150950649352, 40.844027052309698 ], [ -73.87710219532471, 40.844106241803132 ], [ -73.877024953403463, 40.844223877267432 ], [ -73.877092299447256, 40.844251001958256 ], [ -73.877121205647356, 40.844239334234572 ], [ -73.877139487418262, 40.844245933874681 ], [ -73.877162629884253, 40.844226948091119 ], [ -73.877299259190352, 40.844275351078061 ], [ -73.877338825451176, 40.844226405018972 ], [ -73.877374471288348, 40.844214743895925 ], [ -73.877415865842636, 40.844217713194432 ], [ -73.877449552613442, 40.844224329155587 ], [ -73.877496679749385, 40.844251432127201 ], [ -73.877632272822041, 40.844349687855896 ], [ -73.878056155404735, 40.844667378014492 ], [ -73.878466656077578, 40.844959551359743 ], [ -73.878964380998809, 40.845301797499992 ], [ -73.879188435662087, 40.845450962489643 ], [ -73.879448701204623, 40.84563178666744 ], [ -73.87956005364093, 40.845708407889525 ], [ -73.879766673241832, 40.845843272810029 ], [ -73.879906217355938, 40.845940518776807 ], [ -73.880327064705128, 40.846226672709442 ], [ -73.880501831886903, 40.84634533637275 ], [ -73.880755244670141, 40.84651833900552 ], [ -73.880848452602606, 40.846582659886273 ], [ -73.881113512373986, 40.846766746398906 ], [ -73.881212549869062, 40.846833287988154 ], [ -73.881527132268857, 40.847049537141359 ], [ -73.881837356276691, 40.847258030479132 ], [ -73.882093675642963, 40.847439891933689 ], [ -73.882457793592067, 40.847683872258571 ], [ -73.882536436894952, 40.847740424760012 ], [ -73.882583013457975, 40.847789193922161 ], [ -73.882651423116457, 40.847860131402406 ], [ -73.882673247494949, 40.847887836718584 ], [ -73.882637623587996, 40.847916364604067 ], [ -73.882635848005066, 40.847914303261767 ], [ -73.882503317987855, 40.84849810586276 ], [ -73.88251774552765, 40.848641774756416 ], [ -73.882531106053676, 40.848683614993291 ], [ -73.88255655119174, 40.848728526681164 ], [ -73.882577945706757, 40.848785676866953 ], [ -73.882598018113626, 40.848830583578348 ], [ -73.882612761646797, 40.848849981736251 ], [ -73.882643598810191, 40.848884698041537 ], [ -73.882721200687186, 40.849065342971336 ], [ -73.882676584593725, 40.849225461073551 ], [ -73.882649542799172, 40.849323367539036 ], [ -73.882595462570038, 40.849517141519762 ], [ -73.882525158289283, 40.849769046056096 ], [ -73.882473820322062, 40.849931197150781 ], [ -73.882442706027888, 40.850052563264548 ], [ -73.882433253777435, 40.850080097358571 ], [ -73.882409012010513, 40.850113738694276 ], [ -73.882392785592856, 40.85017289031282 ], [ -73.882395387717139, 40.850220839054778 ], [ -73.882376468948067, 40.850283048916197 ], [ -73.882316937742104, 40.850519663176364 ], [ -73.88225478962346, 40.850716487876497 ], [ -73.882189885106968, 40.850952076686106 ], [ -73.88215338374367, 40.85108057722163 ], [ -73.882137221937839, 40.851103004177524 ], [ -73.882114221758982, 40.851193773421898 ], [ -73.882047962283835, 40.851435480718962 ], [ -73.882038537736804, 40.851446693150329 ], [ -73.882004836332186, 40.851510927588322 ], [ -73.881937231184097, 40.851753653483634 ], [ -73.881937144267738, 40.851802620526996 ], [ -73.881868183667137, 40.852051466292934 ], [ -73.881835737956351, 40.852164669090328 ], [ -73.881797653496321, 40.852202964317598 ], [ -73.881785434895519, 40.852246156786805 ], [ -73.88179787576567, 40.852302350393423 ], [ -73.881791092932403, 40.852339068621788 ], [ -73.881765419151378, 40.852421674967424 ], [ -73.881746510491311, 40.852477763403641 ], [ -73.881664037254112, 40.852769440982691 ], [ -73.881623464466784, 40.852919361382526 ], [ -73.88157211757607, 40.853083551748675 ], [ -73.881547853140233, 40.853129434309331 ], [ -73.881512705240311, 40.853250795966218 ], [ -73.881522073800767, 40.853271207437764 ], [ -73.881513119475201, 40.853305224442593 ], [ -73.881382112589407, 40.853766065223589 ], [ -73.881306402588791, 40.854028363474349 ], [ -73.881187920307624, 40.854448330081595 ], [ -73.881131605230124, 40.854653966931792 ], [ -73.88098546809475, 40.855174761110433 ], [ -73.88084460307428, 40.855664338994089 ], [ -73.880791976758275, 40.855866010481471 ], [ -73.880771625197852, 40.855880320075158 ], [ -73.8806436242958, 40.85628235048091 ], [ -73.880548908204005, 40.856617138622305 ], [ -73.880791552752584, 40.857127508728418 ], [ -73.880584710274306, 40.857487491546145 ], [ -73.880626956739675, 40.857547503107057 ], [ -73.88066462430038, 40.857607511088354 ], [ -73.880697707827494, 40.857670121817939 ], [ -73.880727357783115, 40.857732728987671 ], [ -73.880757002679459, 40.857797942975026 ], [ -73.880772945126822, 40.857844892296107 ], [ -73.880787743359875, 40.857890969645837 ], [ -73.880802507563317, 40.857956168912843 ], [ -73.880814973058108, 40.858026580134798 ], [ -73.880821721760299, 40.858093509004497 ], [ -73.880822736313206, 40.858165646282096 ], [ -73.880821469461083, 40.858234305427509 ], [ -73.880813329518887, 40.858304694689252 ], [ -73.88080061362848, 40.858374210948455 ], [ -73.880787896386721, 40.8584437277066 ], [ -73.88077404085459, 40.858510634780146 ], [ -73.880761324220899, 40.858580151534369 ], [ -73.880747467090288, 40.858647057931428 ], [ -73.880732461427669, 40.858716571812302 ], [ -73.880715221718674, 40.858784717562848 ], [ -73.880702311318146, 40.858851855610595 ], [ -73.880688534500166, 40.858923495619976 ], [ -73.880675483732603, 40.858991361406872 ], [ -73.880662550544201, 40.859058611832424 ], [ -73.880649544937597, 40.859126242123722 ], [ -73.880636165799572, 40.859195810941372 ], [ -73.880623163025462, 40.859263431347188 ], [ -73.88060929272136, 40.8593355527074 ], [ -73.88058697953511, 40.859411713193118 ], [ -73.880573125835525, 40.859476883351604 ], [ -73.880560416613989, 40.859542053017272 ], [ -73.880548856773871, 40.859604616872886 ], [ -73.880533869201244, 40.85966370140374 ], [ -73.880518859963829, 40.859734953127969 ], [ -73.880502696155347, 40.859811418654324 ], [ -73.88049113062786, 40.859877459609244 ], [ -73.880477271170719, 40.859945236072718 ], [ -73.8804622673957, 40.86001301134818 ], [ -73.880450704918175, 40.860077313743055 ], [ -73.880437988309808, 40.860146829940525 ], [ -73.880421840615284, 40.860213735079597 ], [ -73.880405687280671, 40.860284985596685 ], [ -73.88039207971714, 40.860353084621138 ], [ -73.880378554866383, 40.860420449641879 ], [ -73.880363175596216, 40.860489919175301 ], [ -73.880350620245068, 40.860562183409975 ], [ -73.880335224916095, 40.860627544580183 ], [ -73.880321220457773, 40.86069185330134 ], [ -73.880318680863653, 40.86071091699489 ], [ -73.880306314903109, 40.860762617600209 ], [ -73.880317592464635, 40.860829193838292 ], [ -73.88036382802791, 40.860958377277925 ], [ -73.880397910395018, 40.861020317657363 ], [ -73.880405738705406, 40.861054939263809 ], [ -73.880422379628129, 40.861064941736387 ], [ -73.880488019370361, 40.861129576566668 ], [ -73.880680530361175, 40.861338788733711 ], [ -73.880576976089998, 40.8613925984573 ], [ -73.88070654785362, 40.861497903937298 ], [ -73.880694226922699, 40.861523852277628 ], [ -73.88071350418312, 40.861530528075917 ], [ -73.880767828545274, 40.861549887764788 ], [ -73.880787981067257, 40.861557230862608 ], [ -73.880844938153757, 40.861574596692947 ], [ -73.880864215133741, 40.861581938370648 ], [ -73.880871259652665, 40.861564639151389 ], [ -73.880928594219483, 40.861577494766387 ], [ -73.881122464601646, 40.86170405847465 ], [ -73.881670635087104, 40.862043004012214 ], [ -73.881796255209423, 40.862125353014051 ], [ -73.882012557211851, 40.86229266911873 ], [ -73.882315967817675, 40.862590035196177 ], [ -73.882608787899713, 40.862951043646291 ], [ -73.882786581432413, 40.86316606035156 ], [ -73.883333908703761, 40.863829686281555 ], [ -73.883647710992335, 40.864185408763873 ], [ -73.883745277925584, 40.864331382935809 ], [ -73.883807809926878, 40.864533020015507 ], [ -73.883835494804174, 40.864684228162538 ], [ -73.883828225690863, 40.864846009850652 ], [ -73.883807124077464, 40.864925556907814 ], [ -73.883742093236108, 40.865118677089065 ], [ -73.883632706915733, 40.865293387611466 ], [ -73.883574985532633, 40.865358055970766 ], [ -73.883438417916494, 40.865458021711909 ], [ -73.883361386031169, 40.865508299816952 ], [ -73.883085214691391, 40.865642972767475 ], [ -73.88253022578067, 40.865906271761119 ], [ -73.882528518589055, 40.865907072626413 ], [ -73.882579780663207, 40.865970152363282 ], [ -73.88267624666986, 40.866089142150514 ], [ -73.882717946023163, 40.866132966206656 ], [ -73.882975370899004, 40.86644973200368 ], [ -73.883093823719349, 40.866602186196388 ], [ -73.883146491221595, 40.866667150558705 ], [ -73.883303826334796, 40.866583778074443 ], [ -73.883639620108369, 40.866395170554703 ], [ -73.88395013398484, 40.866222967465596 ], [ -73.884809427235737, 40.865761045374505 ], [ -73.88552643988244, 40.865367963827993 ], [ -73.885542359323821, 40.865359236085425 ], [ -73.886145291387834, 40.865036706254905 ], [ -73.886639923913989, 40.864763357919756 ], [ -73.886990126767714, 40.864574754762067 ], [ -73.887401712062868, 40.864347873448565 ], [ -73.887881892164529, 40.864082719992439 ], [ -73.888199638933912, 40.863885867274547 ], [ -73.888560735945106, 40.86364797819985 ], [ -73.889344502533916, 40.863016171999838 ], [ -73.889926242653345, 40.862397859534674 ], [ -73.890280397637198, 40.861987442490395 ], [ -73.890500858355082, 40.861719293283834 ], [ -73.890821698285038, 40.861399397266347 ], [ -73.891062806130378, 40.86152941211666 ], [ -73.891380232919985, 40.861700588262266 ], [ -73.891771887330066, 40.861871716749505 ], [ -73.891982978149827, 40.861863990043688 ], [ -73.892066792126229, 40.861860925742803 ], [ -73.892851690891007, 40.861832193495182 ], [ -73.893559142751613, 40.861925967761138 ], [ -73.893724907619287, 40.861944192800863 ], [ -73.894824633206952, 40.862065074247774 ], [ -73.895883874673601, 40.862258343369973 ], [ -73.896048096623872, 40.862508643447477 ], [ -73.896529356364809, 40.862569328259902 ], [ -73.896881084074025, 40.862475476345971 ], [ -73.89698729304213, 40.862491459118125 ], [ -73.897143798098071, 40.862445065152528 ], [ -73.897372747915327, 40.862432364542713 ], [ -73.897980994362968, 40.862402539367849 ], [ -73.898410384066338, 40.862296966679629 ], [ -73.899436708404835, 40.862116911563007 ], [ -73.899642616198818, 40.862210436444535 ], [ -73.899961776309567, 40.862350280528439 ], [ -73.900283681043717, 40.862471837590675 ], [ -73.901079670177253, 40.862756383422997 ], [ -73.901360903632565, 40.862408864159711 ], [ -73.901627850877418, 40.862054434580067 ], [ -73.901880073495192, 40.861693624117372 ], [ -73.902117203505071, 40.861326948023581 ], [ -73.902338872214543, 40.860954971469241 ], [ -73.902544793927419, 40.860578254331166 ], [ -73.903110109590713, 40.859652396059325 ], [ -73.903518379153951, 40.859003070709782 ], [ -73.903691220884809, 40.858709087950693 ], [ -73.90390816669364, 40.858367586318515 ], [ -73.904868471272636, 40.858693224708134 ], [ -73.905722623960273, 40.8589929880618 ], [ -73.905871006427716, 40.859045536797403 ], [ -73.906145485697621, 40.859142741638649 ], [ -73.906797348759511, 40.859373588930772 ], [ -73.90707003949268, 40.859361849239498 ], [ -73.907257861220884, 40.859353437919339 ], [ -73.907774842026242, 40.859609519621401 ], [ -73.909667477647204, 40.857484948652683 ], [ -73.909870221368692, 40.857669714219284 ], [ -73.910208180943414, 40.858288789373411 ], [ -73.91030880851136, 40.858409326605006 ], [ -73.9104295264017, 40.858520856373282 ], [ -73.910567992729298, 40.858620593736127 ], [ -73.910721042564745, 40.858706232233637 ], [ -73.91088488442972, 40.858776182937099 ], [ -73.911777959144246, 40.859089734570524 ], [ -73.913284369852093, 40.859618601330119 ], [ -73.914160992176207, 40.859963401187606 ], [ -73.914161049980805, 40.859963405586214 ], [ -73.914317589640618, 40.860093547779243 ], [ -73.914912708367737, 40.860037276558344 ], [ -73.91508794621366, 40.860056517545715 ], [ -73.915239915993226, 40.860070339724174 ], [ -73.915321063892009, 40.860079165297655 ], [ -73.915392329884327, 40.86009032705033 ], [ -73.915576587905363, 40.86011918304164 ], [ -73.916185965017775, 40.860057540536118 ], [ -73.915805280085493, 40.860469735856128 ], [ -73.915762131448062, 40.860644636789914 ], [ -73.91487470201929, 40.861691699986288 ], [ -73.914809343254831, 40.86171418964576 ], [ -73.914723308552823, 40.861853182389162 ], [ -73.914818173391055, 40.861899088982447 ], [ -73.914771096089211, 40.861946308148688 ], [ -73.914743238184869, 40.861933589478369 ], [ -73.914700285095762, 40.861953112543951 ], [ -73.914671629953503, 40.861981337605499 ], [ -73.914634374657922, 40.862020419337206 ], [ -73.914611437491232, 40.862052993997374 ], [ -73.914611412382769, 40.862072549460947 ], [ -73.914621163551558, 40.862096690734759 ], [ -73.91429082589174, 40.862428017048039 ], [ -73.914229180015624, 40.862488556659216 ], [ -73.913414621936553, 40.863367493700743 ], [ -73.912762719954614, 40.863029174157617 ], [ -73.912272789769773, 40.863632148996714 ], [ -73.91274397646832, 40.863892568173029 ], [ -73.912760506122908, 40.863876913909898 ], [ -73.912797621289414, 40.863898875432874 ], [ -73.912752162164949, 40.863945056842894 ], [ -73.912716073149909, 40.863926229434135 ], [ -73.912730540209012, 40.863909790276985 ], [ -73.912526045168065, 40.863795223837791 ], [ -73.912676340203845, 40.864021111602462 ], [ -73.910912924120197, 40.865937945987646 ], [ -73.910556686138236, 40.866421948723179 ], [ -73.910512870774681, 40.866453462298018 ], [ -73.910474709941184, 40.866488962265727 ], [ -73.91044282741953, 40.866527868348079 ], [ -73.910417744369852, 40.866569544589908 ], [ -73.910399870811091, 40.866613309754008 ], [ -73.910375898975303, 40.86665464468949 ], [ -73.91035861622774, 40.866697860570774 ], [ -73.910348271045166, 40.866742336109375 ], [ -73.910345012168321, 40.866787431906097 ], [ -73.910348886462671, 40.866832499643472 ], [ -73.910359838243878, 40.866876891406044 ], [ -73.9101746817974, 40.86719121511598 ], [ -73.909861764937986, 40.867943315616948 ], [ -73.909666948477906, 40.868417039590121 ], [ -73.909496643785218, 40.868831156640923 ], [ -73.909274641074703, 40.869554132383158 ], [ -73.908937149298978, 40.871019840308861 ], [ -73.908649431775828, 40.871385783803326 ], [ -73.908932351753805, 40.872157347970138 ], [ -73.908978512320516, 40.872224354506699 ], [ -73.909015446778653, 40.872289587556402 ], [ -73.909059802621513, 40.872341328789339 ], [ -73.909089378510188, 40.872375075619551 ], [ -73.909099720224745, 40.872394191759881 ], [ -73.909099692563913, 40.872414425652863 ], [ -73.909139615941015, 40.872462795482548 ], [ -73.909175132573537, 40.87248081489485 ], [ -73.909191375728724, 40.872513425952548 ], [ -73.9092105586831, 40.872565146643595 ], [ -73.909246045353626, 40.872604525845333 ], [ -73.909265259057662, 40.872633762637136 ], [ -73.909271139008894, 40.872662997151735 ], [ -73.909355408728374, 40.872770977078453 ], [ -73.909439660659203, 40.87288233452314 ], [ -73.909511361956035, 40.872977383597444 ], [ -73.909543882715397, 40.873017877420999 ], [ -73.909579362858935, 40.873062866014152 ], [ -73.909589730154295, 40.873064000057951 ], [ -73.909600065335724, 40.873087619159911 ], [ -73.909637061997046, 40.873107881880344 ], [ -73.909653327582646, 40.873124751434787 ], [ -73.90967403404639, 40.873147253900655 ], [ -73.909709528298805, 40.873182130449678 ], [ -73.909716899402412, 40.873204611416568 ], [ -73.909747973734142, 40.873218125332841 ], [ -73.90978644136959, 40.873247385299408 ], [ -73.909845595572364, 40.873313762029404 ], [ -73.909907698894187, 40.87338349885836 ], [ -73.909961681767101, 40.873431320680872 ], [ -73.910016409522754, 40.873481944207825 ], [ -73.910075568526437, 40.87353595646276 ], [ -73.910094819982859, 40.873537088002266 ], [ -73.910109614404789, 40.873553965726039 ], [ -73.910103673672324, 40.873560705902705 ], [ -73.910168761407149, 40.873616964685311 ], [ -73.910179132698104, 40.873614722088924 ], [ -73.91018355262942, 40.873627088713945 ], [ -73.910189463650767, 40.873642834094525 ], [ -73.910273780064713, 40.873708095547258 ], [ -73.910355138773241, 40.873777855810758 ], [ -73.91040494479978, 40.873812526483498 ], [ -73.910445394536865, 40.873838628117639 ], [ -73.910506065853767, 40.873880268253352 ], [ -73.910522334027021, 40.873890762938714 ], [ -73.910354856672583, 40.874042753733697 ], [ -73.910189002176082, 40.874138570454846 ], [ -73.910010796812259, 40.874170262974729 ], [ -73.909943794137831, 40.87414625779261 ], [ -73.909641136735374, 40.87436563725214 ], [ -73.909669316384779, 40.874533715344803 ], [ -73.90973487229796, 40.87463814456963 ], [ -73.909671178220989, 40.874588769318407 ], [ -73.908555795888006, 40.873775443922945 ], [ -73.907464897943115, 40.873547354236429 ], [ -73.906699846468243, 40.873396762742701 ], [ -73.906628870068033, 40.873380378728214 ], [ -73.906363164843498, 40.873319048424001 ], [ -73.906207323975465, 40.873276687682811 ], [ -73.906146688582041, 40.87326020590109 ], [ -73.906079178896945, 40.873242420693273 ], [ -73.906018092969816, 40.873226989180445 ], [ -73.905929089417555, 40.873201018801446 ], [ -73.905911264052207, 40.87319581742679 ], [ -73.905866167121147, 40.873182659924424 ], [ -73.905714252962994, 40.873138322101276 ], [ -73.904677282746178, 40.872619878996375 ], [ -73.904592031816065, 40.87256455397354 ], [ -73.904591948692541, 40.872564500129954 ], [ -73.904591890066499, 40.872564445804066 ], [ -73.90452088300438, 40.872495391942145 ], [ -73.904520705164174, 40.872495212377977 ], [ -73.904520575449794, 40.872495022299717 ], [ -73.904469085217286, 40.872415628956972 ], [ -73.904469014531685, 40.872415520176105 ], [ -73.904468967042206, 40.872415394997219 ], [ -73.904440072367436, 40.872330328250968 ], [ -73.904434287986518, 40.87224530827821 ], [ -73.904488604897821, 40.870578548045131 ], [ -73.904420032097946, 40.870361276001169 ], [ -73.904035926429657, 40.869949163861477 ], [ -73.903749758939639, 40.869595627140143 ], [ -73.903186674658272, 40.869148991491144 ], [ -73.902358047800632, 40.868696122125563 ], [ -73.902151859556682, 40.868611831827899 ], [ -73.901941549410054, 40.868533631474101 ], [ -73.901727428743555, 40.868461637065586 ], [ -73.901509816233471, 40.868395953722739 ], [ -73.901289033871279, 40.868336680037572 ], [ -73.901065408073634, 40.8682839038865 ], [ -73.899965756483851, 40.86801730151037 ], [ -73.899424361872306, 40.867880838888865 ], [ -73.899652202079139, 40.868554578781009 ], [ -73.899603002721904, 40.868728209428212 ], [ -73.899534043067888, 40.868899613888523 ], [ -73.899445616114463, 40.869066842079491 ], [ -73.899338511061089, 40.869228028606798 ], [ -73.899213876947925, 40.869381386784873 ], [ -73.899073271652057, 40.869525355600928 ], [ -73.898918542100702, 40.869658573983351 ], [ -73.897789621820237, 40.870856644570445 ], [ -73.897327211145296, 40.871445234147238 ], [ -73.894072727821936, 40.875587745513762 ], [ -73.892313213906604, 40.87782343400216 ], [ -73.892128754435859, 40.878057802281319 ], [ -73.891406962661165, 40.87896944624579 ], [ -73.891236081178121, 40.879160719391074 ], [ -73.89123591512697, 40.879160899824065 ], [ -73.891235736275291, 40.879161079742403 ], [ -73.891048340422955, 40.879343855365256 ], [ -73.890845394156713, 40.879517097332972 ], [ -73.890628440959404, 40.879679565013888 ], [ -73.890400664888944, 40.879856961176237 ], [ -73.89040058179684, 40.879857023583291 ], [ -73.890400497584608, 40.879857096040638 ], [ -73.890182699325663, 40.880041713764477 ], [ -73.889975375540757, 40.880233131422202 ], [ -73.888364875387879, 40.88226754186126 ], [ -73.888038908209566, 40.882780926146793 ], [ -73.888003601279394, 40.882836533350151 ], [ -73.88859661840543, 40.882768337399277 ], [ -73.888602726620306, 40.882811764817248 ], [ -73.888570145364966, 40.882890336978484 ], [ -73.888536598366585, 40.882992599744362 ], [ -73.888513440356689, 40.883027119865581 ], [ -73.887586126088365, 40.88425561966303 ], [ -73.887051426023376, 40.884349575846649 ], [ -73.886928897341491, 40.884355714351365 ], [ -73.886834866086531, 40.884342025059581 ], [ -73.88662413039556, 40.88426730320991 ], [ -73.885164958343111, 40.883631611655339 ], [ -73.884526151592041, 40.883312147835149 ], [ -73.884379223150574, 40.88324772399816 ], [ -73.884379057509975, 40.883247651797518 ], [ -73.884378878373255, 40.883247597843308 ], [ -73.884216714898727, 40.883197665322257 ], [ -73.884043533761059, 40.88316500146005 ], [ -73.884043415924609, 40.883164983249216 ], [ -73.88404328482936, 40.88316497373625 ], [ -73.883863581152625, 40.88315139459592 ], [ -73.88368347561763, 40.883157615439352 ], [ -73.883683368565244, 40.883157615331456 ], [ -73.883683273841882, 40.883157633328445 ], [ -73.883508103913911, 40.883183147591723 ], [ -73.883507878930033, 40.883183183549519 ], [ -73.883507640876033, 40.883183246465279 ], [ -73.883342586069176, 40.883226375133461 ], [ -73.883342348015148, 40.883226437881348 ], [ -73.883342135093699, 40.883226517909435 ], [ -73.883190887031532, 40.883284834511599 ], [ -73.882748333607537, 40.883397387471803 ], [ -73.88208623608233, 40.883132221910557 ], [ -73.881244225415543, 40.882709633005597 ], [ -73.879957986865605, 40.884390628965448 ], [ -73.87936283193217, 40.885218240476696 ], [ -73.878760416208962, 40.886040199860723 ], [ -73.878149445682936, 40.886873807364104 ], [ -73.878131291240848, 40.886912797318736 ], [ -73.878035622717533, 40.887118322927229 ], [ -73.878016279775849, 40.887227392796724 ], [ -73.878004800459834, 40.88733717540439 ], [ -73.878001247928822, 40.887447195725514 ], [ -73.877921238090124, 40.887410156676985 ], [ -73.877870681121351, 40.887254058345334 ], [ -73.877838569348427, 40.887094521175683 ], [ -73.877831258379715, 40.886772760180762 ], [ -73.87760676546273, 40.884523043619758 ], [ -73.877728176615122, 40.883454195084532 ], [ -73.878125752276972, 40.882153685477064 ], [ -73.877170059518903, 40.881993912809847 ], [ -73.876258900073879, 40.881832040207016 ], [ -73.875336994309137, 40.881671833569911 ], [ -73.874702554900608, 40.88155382472862 ], [ -73.874792406436157, 40.880075128889445 ], [ -73.874945896009933, 40.879947669293671 ], [ -73.87406751271395, 40.880038906292114 ], [ -73.873073346009292, 40.88013438535824 ], [ -73.871916618242679, 40.880238178016299 ], [ -73.871871202479369, 40.880327898339807 ], [ -73.871282870496671, 40.880407078479749 ], [ -73.870835678402514, 40.88045411427921 ], [ -73.870729408096963, 40.880471072731083 ], [ -73.870497194527047, 40.880410238699987 ], [ -73.870440544421925, 40.880357677352606 ], [ -73.870314593507928, 40.880373688937759 ], [ -73.870195786101846, 40.880364132391179 ], [ -73.870238326666239, 40.880233470289049 ], [ -73.870942381828641, 40.878512744531903 ], [ -73.870944146818573, 40.878509695413307 ], [ -73.870984113274929, 40.878412672375944 ], [ -73.870499559307675, 40.878203964526051 ], [ -73.871099618748246, 40.878135697819218 ], [ -73.871605773081924, 40.876921927760634 ], [ -73.870848754704213, 40.876852003521662 ], [ -73.870803069045905, 40.876846634373742 ], [ -73.870715785396982, 40.87683637620021 ], [ -73.870556557441319, 40.876815758589906 ], [ -73.870583099299239, 40.87673696350501 ], [ -73.87071934370266, 40.876336439612189 ], [ -73.870739525514381, 40.876273462237947 ], [ -73.870757673087823, 40.876216828681841 ], [ -73.870825776322178, 40.876004305870659 ], [ -73.870914972405629, 40.875725921373736 ], [ -73.87102780913203, 40.875387877499051 ], [ -73.871266045222342, 40.874617901433169 ], [ -73.871485741628817, 40.87384455450853 ], [ -73.871686765157392, 40.873068214780218 ], [ -73.871869011286236, 40.872289277749651 ], [ -73.872032418537273, 40.8715081411355 ], [ -73.872113221378413, 40.871060624522102 ], [ -73.872179957238487, 40.870611651706142 ], [ -73.872232554851479, 40.870161590680588 ], [ -73.872270989259007, 40.869710830425049 ], [ -73.872271965067398, 40.869675240397811 ] ] ] ] } },
{ "type": "Feature", "properties": { "Precinct": 76, "Shape_Length": "68,525.2851178", "Shape_Area": "48,269,259.8632", "in_manhattan": true }, "geometry": { "type": "MultiPolygon", "coordinates": [ [ [ [ -73.98479805243349, 40.682909229030244 ], [ -73.984849594077872, 40.682832591948852 ], [ -73.984877230834684, 40.682792553135947 ], [ -73.984900478934037, 40.682758872418269 ], [ -73.985236723665466, 40.682281305885411 ], [ -73.985671841482144, 40.681642071458235 ], [ -73.986866351905732, 40.682106716840622 ], [ -73.987023167200647, 40.681767193666268 ], [ -73.987017120635386, 40.681764787454995 ], [ -73.986844772691896, 40.681696217752474 ], [ -73.989191785774707, 40.678243216268093 ], [ -73.989280548824283, 40.677382954717928 ], [ -73.990676618232413, 40.675645668138117 ], [ -73.99306935910613, 40.67605067063117 ], [ -73.99386695516246, 40.676084451308057 ], [ -73.994487323244641, 40.675932670403867 ], [ -73.995218480716431, 40.675561606199324 ], [ -73.998408991131569, 40.671868723534949 ], [ -73.998537220750492, 40.671698122603196 ], [ -73.998655129318621, 40.671541251315929 ], [ -73.998699398382698, 40.671543064476047 ], [ -73.998712076492836, 40.671533411832478 ], [ -73.998713604758365, 40.67153537812375 ], [ -73.998769410589219, 40.671602047105111 ], [ -73.998803131715448, 40.67156172401431 ], [ -73.998856268443674, 40.671581148736855 ], [ -73.998925913050797, 40.671414905507916 ], [ -73.999311010989203, 40.67077263904671 ], [ -73.999621399732959, 40.67012716789295 ], [ -73.999628136658217, 40.670113076811482 ], [ -73.999910820074845, 40.669498668421724 ], [ -74.000303378088844, 40.668716893669796 ], [ -74.001056640251775, 40.668945681717304 ], [ -74.001415270371567, 40.668359414347051 ], [ -74.00214636097509, 40.668559805257992 ], [ -74.002215068165455, 40.668578637441229 ], [ -74.002244721745782, 40.668524974331952 ], [ -74.002894838769521, 40.667348466451998 ], [ -74.003190752748409, 40.667263199814911 ], [ -74.003694620665357, 40.667427611710956 ], [ -74.003630263515362, 40.667567523356524 ], [ -74.00398842072282, 40.667665641138356 ], [ -74.004342675646427, 40.667762689123364 ], [ -74.00440253439065, 40.667779086322625 ], [ -74.005101111320258, 40.667975322273065 ], [ -74.005102272802617, 40.667975647728277 ], [ -74.005430906072647, 40.667953872651523 ], [ -74.005470172745959, 40.667951271428116 ], [ -74.005527274539972, 40.667899204711489 ], [ -74.005863661806842, 40.667993762585709 ], [ -74.005972752496504, 40.667882110514313 ], [ -74.006002243945034, 40.667890140099686 ], [ -74.006256720307348, 40.667336740470148 ], [ -74.006226522891907, 40.667334059986594 ], [ -74.006773939305916, 40.666184505181803 ], [ -74.006836766725698, 40.666201243537287 ], [ -74.006871491824569, 40.666128690980891 ], [ -74.006860896170735, 40.666123761742341 ], [ -74.006851526539663, 40.666117557693276 ], [ -74.006843644619437, 40.666110252109277 ], [ -74.006837470547069, 40.666102049031096 ], [ -74.006833176760082, 40.666093177565912 ], [ -74.006830883180655, 40.666083885488469 ], [ -74.006830653866231, 40.666074432320826 ], [ -74.006832495220522, 40.666065082084117 ], [ -74.006836355814841, 40.666056095924539 ], [ -74.00684212782447, 40.666047724819791 ], [ -74.006849650040252, 40.666040202569327 ], [ -74.006858712371141, 40.666033739264677 ], [ -74.006869061711924, 40.666028515421544 ], [ -74.00688040901224, 40.666024676938378 ], [ -74.006892437349649, 40.666022331021352 ], [ -74.006904810780895, 40.66602154319034 ], [ -74.006917183724568, 40.666022335448879 ], [ -74.006929210612881, 40.666024685669782 ], [ -74.006939994047229, 40.666029600869344 ], [ -74.006949555353643, 40.666035811817785 ], [ -74.006957628832609, 40.666043145919055 ], [ -74.006963990129663, 40.666051399365777 ], [ -74.00696846246997, 40.666060342802794 ], [ -74.006970921570741, 40.666069727700659 ], [ -74.006971299095071, 40.666079293262115 ], [ -74.006969584551058, 40.666088773669301 ], [ -74.006965825583364, 40.666097905470572 ], [ -74.006960126649446, 40.666106434901664 ], [ -74.006952646116716, 40.666114124937479 ], [ -74.006943591861841, 40.666120761878901 ], [ -74.006933215494001, 40.666126161291267 ], [ -74.006921805362978, 40.666130173129766 ], [ -74.006909678546023, 40.666132685908877 ], [ -74.006897172036702, 40.66613362980074 ], [ -74.006884633379912, 40.666132978575398 ], [ -74.006849909539753, 40.666204816461459 ], [ -74.00685732229644, 40.666206946472641 ], [ -74.006855438971485, 40.666210748631478 ], [ -74.006899431370755, 40.666220111818411 ], [ -74.006753220025544, 40.666534813010827 ], [ -74.00630745183966, 40.667494251131473 ], [ -74.006257516092006, 40.667594701249634 ], [ -74.006045965249015, 40.668053243480436 ], [ -74.005319074647346, 40.66955428536648 ], [ -74.004753887583362, 40.670721359447612 ], [ -74.005382714171333, 40.670904958348608 ], [ -74.005439265293518, 40.670921468238475 ], [ -74.006028514171661, 40.669784745776568 ], [ -74.006615721183991, 40.668623156272048 ], [ -74.006803460049099, 40.668591375668285 ], [ -74.007548215303828, 40.667051745733652 ], [ -74.007796533496247, 40.667159770777232 ], [ -74.007087242878114, 40.668591358535757 ], [ -74.007896197748124, 40.668571563196075 ], [ -74.009854119216328, 40.668523628335372 ], [ -74.011540175433311, 40.665085919756685 ], [ -74.015748728826594, 40.664568336291659 ], [ -74.016902674270824, 40.664846602841394 ], [ -74.017444460509964, 40.665267996351794 ], [ -74.017887192153921, 40.665850466285285 ], [ -74.018576050108763, 40.670392413869983 ], [ -74.01876336878675, 40.671075874494427 ], [ -74.019339468717774, 40.671624948422661 ], [ -74.018882833633327, 40.671601666205447 ], [ -74.017510370866944, 40.671034530984151 ], [ -74.016687683688744, 40.66543706676692 ], [ -74.016575360978379, 40.665038537839898 ], [ -74.016486655544966, 40.664930508953844 ], [ -74.016025517760113, 40.664863048788114 ], [ -74.015936985345505, 40.665470791721482 ], [ -74.012279678727921, 40.665732414158882 ], [ -74.010876640289752, 40.668601615763556 ], [ -74.010356836673154, 40.668642835388525 ], [ -74.010338459479357, 40.669078195448044 ], [ -74.01055980644766, 40.669190525069695 ], [ -74.01091024340414, 40.669190492369523 ], [ -74.010873439781875, 40.669710115558431 ], [ -74.011542880315687, 40.669784342750347 ], [ -74.01162173117001, 40.670114346447363 ], [ -74.011514434632844, 40.670407022878848 ], [ -74.011625275213561, 40.670581028275883 ], [ -74.014062198281707, 40.669705838436492 ], [ -74.014249269318753, 40.669728604737152 ], [ -74.01424180477504, 40.669808370538846 ], [ -74.011753505096905, 40.670657757075787 ], [ -74.011771911965752, 40.670703053912717 ], [ -74.011797354562773, 40.670746331455511 ], [ -74.011829461988043, 40.670786958785463 ], [ -74.011867766176394, 40.670824343618619 ], [ -74.011911708720618, 40.670857940940763 ], [ -74.011962907294787, 40.670888446293311 ], [ -74.012018739226349, 40.670913805296323 ], [ -74.012078317431317, 40.670933615031963 ], [ -74.012140695299962, 40.670947560751848 ], [ -74.012204881737702, 40.670955420878244 ], [ -74.012269856912908, 40.670957070524835 ], [ -74.012334588461343, 40.670952483481067 ], [ -74.012398047889846, 40.670941732628599 ], [ -74.012459226918523, 40.670924988783291 ], [ -74.012517153501634, 40.670902517980998 ], [ -74.01257090727259, 40.670874677250488 ], [ -74.012619634167834, 40.670841908940474 ], [ -74.013098246981031, 40.671054959912276 ], [ -74.013551986714432, 40.671256934377155 ], [ -74.013598392871771, 40.671226917312957 ], [ -74.013650246459562, 40.671202612722823 ], [ -74.013706345259834, 40.67118458410274 ], [ -74.013762810913121, 40.671173594686174 ], [ -74.013820774774132, 40.671168971088534 ], [ -74.013879005705249, 40.671170811513889 ], [ -74.013936266896579, 40.671179076872001 ], [ -74.013991342134432, 40.671193591608805 ], [ -74.014274072577223, 40.671379298679255 ], [ -74.015080064710872, 40.670685673798097 ], [ -74.015199805700703, 40.670754027664358 ], [ -74.0143692064823, 40.671454796156119 ], [ -74.014123028560221, 40.671669334137356 ], [ -74.013872737632454, 40.67188076176047 ], [ -74.014232894527822, 40.672130000513071 ], [ -74.015596444895536, 40.670970477517351 ], [ -74.015686254975151, 40.671038834928851 ], [ -74.014287221789914, 40.672241182999905 ], [ -74.014229231904409, 40.672207204990322 ], [ -74.012975877921889, 40.673327918720979 ], [ -74.013363782181443, 40.67359153693441 ], [ -74.013951093652452, 40.673111588193365 ], [ -74.015119186639623, 40.672156995969139 ], [ -74.016320999223069, 40.672908269563735 ], [ -74.014579467209558, 40.674414017071619 ], [ -74.014963921845748, 40.674677630294241 ], [ -74.0154395663873, 40.674272882158668 ], [ -74.016707652365852, 40.673193774421776 ], [ -74.018168392808008, 40.671939241103694 ], [ -74.018800947769193, 40.672250764848741 ], [ -74.017271384701274, 40.673608645805544 ], [ -74.017292825195739, 40.673628215024657 ], [ -74.017752470963671, 40.674047722892496 ], [ -74.017798051903156, 40.674015898973231 ], [ -74.017815152234377, 40.674030357995228 ], [ -74.017893014716634, 40.673965264550191 ], [ -74.017879716149906, 40.673956589850931 ], [ -74.017944280802453, 40.673882820496928 ], [ -74.017981112235262, 40.67389963805465 ], [ -74.018010773205404, 40.673913181052399 ], [ -74.017957605724149, 40.673986948665124 ], [ -74.017923410133307, 40.673975384193355 ], [ -74.01783604921188, 40.67404047913179 ], [ -74.017856949451811, 40.674057830595714 ], [ -74.017801872032052, 40.674095441412419 ], [ -74.018115363902297, 40.674342701682313 ], [ -74.018136405208281, 40.67435864547523 ], [ -74.018153613900097, 40.674377062425393 ], [ -74.018166497095706, 40.674397425048106 ], [ -74.018174685799679, 40.674419150131591 ], [ -74.018177945472146, 40.67444161544087 ], [ -74.018176182746728, 40.674464177539306 ], [ -74.01804519537194, 40.674767910768139 ], [ -74.018023994404814, 40.674852758363194 ], [ -74.018030040737244, 40.674924107827621 ], [ -74.01803574975763, 40.674958816843493 ], [ -74.018009164272826, 40.674993531421073 ], [ -74.018016766696718, 40.675009439505168 ], [ -74.017923705913944, 40.675075981326387 ], [ -74.017986404727992, 40.675125143621095 ], [ -74.017834475726872, 40.675258223014303 ], [ -74.018149861891231, 40.67546787941491 ], [ -74.018195443474937, 40.675440393139915 ], [ -74.018229642411427, 40.675462081900896 ], [ -74.018298026553339, 40.675459179181416 ], [ -74.01841235821729, 40.675365449431581 ], [ -74.018319578265107, 40.675302812545297 ], [ -74.018263024099653, 40.675350223180928 ], [ -74.018170709055099, 40.675290905663275 ], [ -74.018386927963249, 40.675096846520916 ], [ -74.018475221787014, 40.675153191397023 ], [ -74.018422778269766, 40.675208101334775 ], [ -74.018521633554542, 40.675268712587695 ], [ -74.018756613521091, 40.675056454034966 ], [ -74.018767480391574, 40.675050365969987 ], [ -74.018779553442045, 40.675045780630001 ], [ -74.018792477801256, 40.675042832794837 ], [ -74.018805873575147, 40.675041609112128 ], [ -74.018819347013093, 40.675042145550385 ], [ -74.018832502081736, 40.675044426341714 ], [ -74.018844952105638, 40.675048384445347 ], [ -74.018856331133009, 40.675053903518204 ], [ -74.018866304692395, 40.675060821334561 ], [ -74.018874579623898, 40.675068934554439 ], [ -74.018880912696233, 40.675078004700566 ], [ -74.018885117756284, 40.67508776516793 ], [ -74.018887071200822, 40.67509792906035 ], [ -74.018886715609852, 40.675108197623317 ], [ -74.018884061434477, 40.675118269025575 ], [ -74.018410313330861, 40.675519060985764 ], [ -74.018418140424515, 40.675538167705362 ], [ -74.018429537335408, 40.675556203421479 ], [ -74.018444261265202, 40.675572783899135 ], [ -74.018461998535699, 40.675587555905636 ], [ -74.018482371271304, 40.675600204735986 ], [ -74.01853710727022, 40.675768790499845 ], [ -74.018534863704602, 40.675787338055194 ], [ -74.018528435213256, 40.67580530956262 ], [ -74.018518016051615, 40.67582216195207 ], [ -74.018503921067364, 40.675837385970979 ], [ -74.018486576186604, 40.675850521573274 ], [ -74.018466505543159, 40.675861171821296 ], [ -74.018444315640082, 40.67586901488081 ], [ -74.018420677022092, 40.675873813746414 ], [ -74.018396304012398, 40.675875423403646 ], [ -74.018017534458565, 40.675884377557708 ], [ -74.017974108709396, 40.675948823656064 ], [ -74.01793838683696, 40.676015955910316 ], [ -74.017910652233041, 40.676085241785579 ], [ -74.017891124931637, 40.676156131661379 ], [ -74.017879959862768, 40.676228063191516 ], [ -74.017877245622671, 40.67630046576496 ], [ -74.017883003770137, 40.676372765032077 ], [ -74.017897188654672, 40.676444387460968 ], [ -74.017919687777649, 40.676514764887067 ], [ -74.017972786456554, 40.676512828695671 ], [ -74.017976850093902, 40.676567916206061 ], [ -74.019108903086078, 40.676544281888155 ], [ -74.019121421969189, 40.676615584638157 ], [ -74.019769256132349, 40.676613224917297 ], [ -74.019951978646773, 40.677103010450018 ], [ -74.019082573863301, 40.677139564047565 ], [ -74.019141835743739, 40.677723134327806 ], [ -74.019189273133406, 40.677741182730344 ], [ -74.019190987679679, 40.677743271179892 ], [ -74.0192189273765, 40.677777288546487 ], [ -74.01917743946899, 40.677826949007006 ], [ -74.01908763812088, 40.677831236398788 ], [ -74.019082576444603, 40.677831478813353 ], [ -74.019065415020933, 40.677850152118936 ], [ -74.019041087112683, 40.677876624017784 ], [ -74.019033873847505, 40.677876998463013 ], [ -74.018430406616062, 40.677908321362324 ], [ -74.018429658497013, 40.677927584823124 ], [ -74.018411031831761, 40.678407121781042 ], [ -74.018595042200957, 40.678397773629221 ], [ -74.018625326061596, 40.678369581525672 ], [ -74.018627870707803, 40.678369581113749 ], [ -74.018629814620326, 40.678369580799007 ], [ -74.018649913329668, 40.678384875837345 ], [ -74.018662357771575, 40.678394346003145 ], [ -74.018954058404148, 40.678381486304573 ], [ -74.018983221153562, 40.678352440737804 ], [ -74.01898995247258, 40.678353293180656 ], [ -74.019021374136514, 40.678377204914781 ], [ -74.019472388974563, 40.678358337050568 ], [ -74.019538565375427, 40.678301952593593 ], [ -74.019662003069428, 40.678385638958943 ], [ -74.019663126515042, 40.678388201270621 ], [ -74.019552081016414, 40.678482177600692 ], [ -74.019518417500947, 40.678459120615827 ], [ -74.019428643779051, 40.678400198393092 ], [ -74.019425749498041, 40.678400282310555 ], [ -74.019365014700753, 40.678402029978258 ], [ -74.019279427983875, 40.678404494443619 ], [ -74.019276717637581, 40.678406772436759 ], [ -74.019274852734299, 40.678408339468227 ], [ -74.019246899635974, 40.678431833373551 ], [ -74.019242411953257, 40.678431834124176 ], [ -74.019206503603797, 40.678407924372266 ], [ -74.019120793608948, 40.678412561909497 ], [ -74.019064019175261, 40.6784156345743 ], [ -74.01903261122402, 40.678442972755391 ], [ -74.019030137781186, 40.678442658547496 ], [ -74.019025879895068, 40.67844211914236 ], [ -74.018994459345976, 40.678419916862104 ], [ -74.018990291643632, 40.678420016391371 ], [ -74.018987141221686, 40.678420092131233 ], [ -74.018850852289887, 40.678423357207009 ], [ -74.01884757078858, 40.678426017414303 ], [ -74.018824338694301, 40.678444853676083 ], [ -74.018816079495821, 40.678451550103908 ], [ -74.018811591591714, 40.678451550837764 ], [ -74.018780172010082, 40.678430202220007 ], [ -74.018775039396587, 40.678430320997144 ], [ -74.018717517600834, 40.678431668747727 ], [ -74.018633197728136, 40.678433642172699 ], [ -74.018631912953865, 40.678434762303404 ], [ -74.018601791792506, 40.678460980905882 ], [ -74.018599981887306, 40.678460981198469 ], [ -74.018595059825373, 40.678460981994043 ], [ -74.018564761679102, 40.678439632466151 ], [ -74.018510591750697, 40.678440511835113 ], [ -74.018405446110023, 40.678442220062301 ], [ -74.018417862102169, 40.678549551394902 ], [ -74.018270261393681, 40.678554218459603 ], [ -74.01828314900898, 40.678728289412113 ], [ -74.018340688269049, 40.678728672269514 ], [ -74.018383137975391, 40.678744821698153 ], [ -74.01857882788785, 40.678983079472403 ], [ -74.019439557372081, 40.678933293624276 ], [ -74.019456200395396, 40.678932452374085 ], [ -74.019472799336597, 40.678933700185283 ], [ -74.019488904837601, 40.678937003277738 ], [ -74.019504080898358, 40.678942272231822 ], [ -74.019517916679945, 40.678949364409029 ], [ -74.019530037626453, 40.678958087813506 ], [ -74.019540115604755, 40.678968206289426 ], [ -74.019547877787659, 40.678979445914258 ], [ -74.019553114039738, 40.678991502414036 ], [ -74.019555682606082, 40.679004049400604 ], [ -74.019555513950067, 40.679016747207363 ], [ -74.019552612635962, 40.679029252084632 ], [ -74.019281281020312, 40.679648140595404 ], [ -74.01906833429706, 40.679760747473921 ], [ -74.0189281398833, 40.679844305613678 ], [ -74.018991054714235, 40.679904993703815 ], [ -74.017725325724371, 40.680661902673613 ], [ -74.017647350854759, 40.680601890841665 ], [ -74.017570494941637, 40.680650648124278 ], [ -74.01746928837116, 40.680614731700949 ], [ -74.016848369363302, 40.680985758987703 ], [ -74.016788339501957, 40.681021965292445 ], [ -74.015200822791329, 40.681979419428089 ], [ -74.015320598647591, 40.682110728780572 ], [ -74.015082951870681, 40.682254098817985 ], [ -74.014867828007382, 40.68238321404732 ], [ -74.012820003988665, 40.6836224164973 ], [ -74.012624282907822, 40.683468696391735 ], [ -74.012122858936451, 40.682962177850854 ], [ -74.012134816887908, 40.682905928025143 ], [ -74.014105496479743, 40.681712519375502 ], [ -74.013608632702827, 40.681221946728158 ], [ -74.013873987779917, 40.681009813318965 ], [ -74.013742066444053, 40.680917701342949 ], [ -74.013018354221046, 40.680412374014352 ], [ -74.011862813771714, 40.68139847955063 ], [ -74.010608580823373, 40.682468760267994 ], [ -74.009671085588835, 40.683268727715053 ], [ -74.010086039478551, 40.683655431043476 ], [ -74.010773123393804, 40.684358615540937 ], [ -74.0117827220121, 40.683759995499322 ], [ -74.011932599110594, 40.683887749155005 ], [ -74.012175966146359, 40.684095185628514 ], [ -74.008785901309196, 40.686146602298905 ], [ -74.008695598895471, 40.686193318012663 ], [ -74.008598033297133, 40.686252564085017 ], [ -74.008354465321744, 40.686400200250731 ], [ -74.008164145278883, 40.686174717161556 ], [ -74.007981840656768, 40.686275822095915 ], [ -74.007934414769807, 40.686281942978653 ], [ -74.007887121641559, 40.686245794793429 ], [ -74.007826954741972, 40.68624062833176 ], [ -74.007768336351447, 40.68624913667157 ], [ -74.007717074957995, 40.686264429018387 ], [ -74.00754474403935, 40.686318244091041 ], [ -74.007019886826583, 40.686526417696669 ], [ -74.006441468323359, 40.686288490232151 ], [ -74.005882241832268, 40.686195768391045 ], [ -74.005666801806811, 40.686698078833849 ], [ -74.005629863303952, 40.68678420554108 ], [ -74.007832937666834, 40.687385055162757 ], [ -74.007420121540974, 40.688206290435943 ], [ -74.005003733150744, 40.687605985400879 ], [ -74.004592705217718, 40.688215222986628 ], [ -74.006784384398102, 40.688826879958299 ], [ -74.006364612252668, 40.689669668637009 ], [ -74.003820388537093, 40.68892964469935 ], [ -74.003409215584924, 40.689613260657588 ], [ -74.005759006703443, 40.690236400016225 ], [ -74.005342096249151, 40.691091602977885 ], [ -74.002975653705391, 40.690426575920739 ], [ -74.001963219268376, 40.690136379460775 ], [ -74.001853045246222, 40.690387987244449 ], [ -74.0009615685494, 40.690128768350107 ], [ -74.000699058418789, 40.690611857916501 ], [ -74.004794152945522, 40.691761620374436 ], [ -74.004409412599756, 40.692528800389347 ], [ -74.0019693859211, 40.69184320882011 ], [ -74.001817650407318, 40.692221962481433 ], [ -74.001811220557045, 40.692238012881106 ], [ -74.002008827152125, 40.69229770950048 ], [ -74.002052021723372, 40.692206692103511 ], [ -74.002160955060049, 40.692238140867417 ], [ -74.002063297912201, 40.692444000334703 ], [ -74.001950608124716, 40.692412075094985 ], [ -74.001993177127289, 40.692328683411972 ], [ -74.001798398920954, 40.692270016010212 ], [ -74.001743620450142, 40.692406750375625 ], [ -74.001617275337523, 40.692549072276805 ], [ -74.001047174860517, 40.69226459841483 ], [ -74.000585475005934, 40.692125862359262 ], [ -74.000623035302084, 40.692041490667535 ], [ -74.000190403201671, 40.691896447130219 ], [ -73.999915173005988, 40.691767230010356 ], [ -73.999512741390419, 40.691651450308903 ], [ -73.999365401950698, 40.691613078272908 ], [ -73.999288195625539, 40.691593961099798 ], [ -73.999201618060098, 40.691571833845067 ], [ -73.999100572725609, 40.691536973993877 ], [ -73.999001207102722, 40.691511362252221 ], [ -73.998938290004361, 40.691495145034494 ], [ -73.998452718487158, 40.691369983477585 ], [ -73.998030485569572, 40.691253722373652 ], [ -73.997769244450382, 40.69119469786078 ], [ -73.996232781005816, 40.69075777458638 ], [ -73.994360928302015, 40.690239480084365 ], [ -73.992363669772274, 40.689690123274367 ], [ -73.992622860866589, 40.689160548836014 ], [ -73.992685527629092, 40.689033246531253 ], [ -73.992928890218934, 40.688519422125154 ], [ -73.993004517108702, 40.688364636039942 ], [ -73.993268300028802, 40.687824451828476 ], [ -73.993338229648899, 40.687678797436483 ], [ -73.993604232131489, 40.687127229545595 ], [ -73.993787369307583, 40.686755966935088 ], [ -73.993929295498688, 40.686452870643848 ], [ -73.991332497605583, 40.685448406236141 ], [ -73.989128406629675, 40.684589453073407 ], [ -73.989098134911458, 40.684635581103024 ], [ -73.98906873968852, 40.684680371835107 ], [ -73.988819263371397, 40.685060508110965 ], [ -73.988787964990905, 40.685108198151049 ], [ -73.988711560327573, 40.685224618479594 ], [ -73.986563033596482, 40.684388755136524 ], [ -73.986614618811004, 40.684314304188639 ], [ -73.986722639049148, 40.684158399458376 ], [ -73.986830051662636, 40.684003371728615 ], [ -73.98688953894019, 40.683917513767469 ], [ -73.986939914696094, 40.68384480615881 ], [ -73.986995200094341, 40.683765010320187 ], [ -73.98479805243349, 40.682909229030244 ] ] ] ] } },
{ "type": "Feature", "properties": { "Precinct": 84, "Shape_Length": "37,464.3550289", "Shape_Area": "35,447,996.8588", "in_manhattan": true }, "geometry": { "type": "MultiPolygon", "coordinates": [ [ [ [ -73.979028945108794, 40.705948126770878 ], [ -73.979030686419378, 40.705941118591127 ], [ -73.979060849118341, 40.705946028940907 ], [ -73.979243334935902, 40.705551196377549 ], [ -73.979132349421604, 40.705532042032296 ], [ -73.979133107212249, 40.705528994348668 ], [ -73.979327624036202, 40.704746276330475 ], [ -73.979602927508324, 40.704176399756108 ], [ -73.979988540780553, 40.703541058190574 ], [ -73.980274423562875, 40.703041400444761 ], [ -73.980275744644658, 40.703020300622782 ], [ -73.980311699912932, 40.702907551268524 ], [ -73.980740795409631, 40.701277310464548 ], [ -73.98040482546287, 40.700699006737636 ], [ -73.980417438049344, 40.7005176638378 ], [ -73.980440785563772, 40.700183630891644 ], [ -73.980462172009169, 40.699703157668161 ], [ -73.980480778376091, 40.699372715156031 ], [ -73.980486043014551, 40.699279228131253 ], [ -73.980544191838902, 40.698246511749616 ], [ -73.98050926182286, 40.697446275041266 ], [ -73.980409614511075, 40.69655934408496 ], [ -73.980405468057086, 40.696525031103555 ], [ -73.980402697902093, 40.696502105188195 ], [ -73.980395616628357, 40.696443489523027 ], [ -73.980387234663269, 40.696382911555339 ], [ -73.980379145032828, 40.696324524056152 ], [ -73.980370633497657, 40.69626305029562 ], [ -73.980356828209949, 40.69617751703111 ], [ -73.98051794660978, 40.696145233589121 ], [ -73.980675447438415, 40.696101379039128 ], [ -73.98082717939127, 40.696046374033628 ], [ -73.980971174885994, 40.695980930763689 ], [ -73.981105637300189, 40.695906056975019 ], [ -73.981105790285937, 40.695906016458537 ], [ -73.981385980798763, 40.695830351488048 ], [ -73.982258618668681, 40.695881035327403 ], [ -73.982390011167183, 40.695951097009207 ], [ -73.982395193262178, 40.695860631869721 ], [ -73.982434917109444, 40.695166856124757 ], [ -73.982453506307507, 40.694796126960931 ], [ -73.982481376554773, 40.694226882276539 ], [ -73.982509052056699, 40.693659016935293 ], [ -73.982510912657403, 40.693606611302819 ], [ -73.98251747505013, 40.692977387807005 ], [ -73.98256680552835, 40.692295174791973 ], [ -73.982580652986201, 40.692134399827573 ], [ -73.982540070912066, 40.692051070065666 ], [ -73.9824731404332, 40.691913206607296 ], [ -73.982347040457512, 40.691661960869403 ], [ -73.982131802275674, 40.691227236865608 ], [ -73.981501186466531, 40.689988155338177 ], [ -73.981473151940691, 40.689931210087906 ], [ -73.981076069079762, 40.689180219184145 ], [ -73.980967710845405, 40.68897665241392 ], [ -73.980928228528015, 40.688902477273672 ], [ -73.980876179036528, 40.688816214766341 ], [ -73.98084308016017, 40.688761361098145 ], [ -73.980691181569654, 40.688515811615282 ], [ -73.980649721398166, 40.688459477553423 ], [ -73.980127560089628, 40.687750008621919 ], [ -73.979840558100022, 40.687344331546051 ], [ -73.97959037660182, 40.687003902355308 ], [ -73.979362975767472, 40.686682000714832 ], [ -73.979090657191918, 40.686293866153825 ], [ -73.978994029281409, 40.686156132878281 ], [ -73.978274159871006, 40.685195952441632 ], [ -73.978042896133758, 40.684856615810247 ], [ -73.978388625616901, 40.684423341546427 ], [ -73.978429706009408, 40.684355613164676 ], [ -73.978760224629255, 40.683765444483164 ], [ -73.97918390577766, 40.683128837972873 ], [ -73.979616800852568, 40.682491269710681 ], [ -73.980035101482926, 40.681852626738475 ], [ -73.980461554436772, 40.68122254675685 ], [ -73.980555795237507, 40.681258305245322 ], [ -73.981878944062871, 40.681771014731218 ], [ -73.981966344575113, 40.681804879764918 ], [ -73.982424655884458, 40.681982465633745 ], [ -73.982572858271126, 40.68203988950475 ], [ -73.98264212211302, 40.682066727345024 ], [ -73.982731693426601, 40.682101434284831 ], [ -73.982854359871695, 40.682148962959047 ], [ -73.982416381971447, 40.682780566098671 ], [ -73.982891431243658, 40.682965383971364 ], [ -73.983911252207761, 40.683362311488828 ], [ -73.983961201727865, 40.683381752668069 ], [ -73.98401507160014, 40.683402717531102 ], [ -73.984087922165855, 40.683431071286734 ], [ -73.984154010357855, 40.683456792876733 ], [ -73.984221462003305, 40.683483044840472 ], [ -73.984374107978155, 40.683542455374457 ], [ -73.98479805243349, 40.682909229030244 ], [ -73.986995200094341, 40.683765010320187 ], [ -73.986939914696094, 40.68384480615881 ], [ -73.98688953894019, 40.683917513767469 ], [ -73.986830051662636, 40.684003371728615 ], [ -73.986722639049148, 40.684158399458376 ], [ -73.986614618811004, 40.684314304188639 ], [ -73.986563033596482, 40.684388755136524 ], [ -73.988711560327573, 40.685224618479594 ], [ -73.988787964990905, 40.685108198151049 ], [ -73.988819263371397, 40.685060508110965 ], [ -73.98906873968852, 40.684680371835107 ], [ -73.989098134911458, 40.684635581103024 ], [ -73.989128406629675, 40.684589453073407 ], [ -73.991332497605583, 40.685448406236141 ], [ -73.993929295498688, 40.686452870643848 ], [ -73.993787369307583, 40.686755966935088 ], [ -73.993604232131489, 40.687127229545595 ], [ -73.993338229648899, 40.687678797436483 ], [ -73.993268300028802, 40.687824451828476 ], [ -73.993004517108702, 40.688364636039942 ], [ -73.992928890218934, 40.688519422125154 ], [ -73.992685527629092, 40.689033246531253 ], [ -73.992622860866589, 40.689160548836014 ], [ -73.992363669772274, 40.689690123274367 ], [ -73.994360928302015, 40.690239480084365 ], [ -73.996232781005816, 40.69075777458638 ], [ -73.997769244450382, 40.69119469786078 ], [ -73.998030485569572, 40.691253722373652 ], [ -73.998452718487158, 40.691369983477585 ], [ -73.998938290004361, 40.691495145034494 ], [ -73.999001207102722, 40.691511362252221 ], [ -73.999100572725609, 40.691536973993877 ], [ -73.999201618060098, 40.691571833845067 ], [ -73.999288195625539, 40.691593961099798 ], [ -73.999365401950698, 40.691613078272908 ], [ -73.999512741390419, 40.691651450308903 ], [ -73.999915173005988, 40.691767230010356 ], [ -74.000190403201671, 40.691896447130219 ], [ -74.000623035302084, 40.692041490667535 ], [ -74.000585475005934, 40.692125862359262 ], [ -74.001047174860517, 40.69226459841483 ], [ -74.001617275337523, 40.692549072276805 ], [ -74.001743620450142, 40.692406750375625 ], [ -74.004007958830584, 40.69320819963243 ], [ -74.003745619064333, 40.693616202981126 ], [ -74.003453484906245, 40.694051630671368 ], [ -74.001270149686718, 40.693296062176337 ], [ -74.000958684830195, 40.694069083582228 ], [ -74.00301393829082, 40.694777844479169 ], [ -74.002635568901724, 40.69536203703759 ], [ -74.002398025837948, 40.695711654864517 ], [ -74.000268723117571, 40.694965802577954 ], [ -73.999882148943456, 40.695605199245648 ], [ -73.999595467965079, 40.69606503883665 ], [ -73.999461435146699, 40.696280026604342 ], [ -73.999419719020594, 40.696346937818539 ], [ -73.999413024332071, 40.69635767645331 ], [ -73.999523738374819, 40.696574826543454 ], [ -73.999474067545719, 40.696704134462024 ], [ -73.999294688361942, 40.696795125794083 ], [ -73.999181990168637, 40.696885188064783 ], [ -73.998996041391948, 40.696812278372988 ], [ -73.998939690346873, 40.696940940515823 ], [ -73.998872072764527, 40.696923784574182 ], [ -73.998764580277069, 40.697120732591429 ], [ -73.998871170976557, 40.697157577295854 ], [ -74.001049030575231, 40.697908236194849 ], [ -74.000487685625174, 40.698757777634562 ], [ -73.99837760685773, 40.698063295643536 ], [ -73.998021027251113, 40.698761736573822 ], [ -74.000018404336203, 40.69946604807366 ], [ -73.999474638389259, 40.700322778018347 ], [ -73.997498983100002, 40.699638869321269 ], [ -73.997367458116855, 40.699634234929782 ], [ -73.997160542439218, 40.699792812644148 ], [ -73.997181484463852, 40.699994484968123 ], [ -73.99717584355885, 40.700105991463801 ], [ -73.997244628056634, 40.700141409394512 ], [ -73.996697689314274, 40.700876976917066 ], [ -73.996821890858627, 40.700990782325306 ], [ -73.997527632739732, 40.701228816958725 ], [ -73.997760110336202, 40.701359414876734 ], [ -73.997801627863126, 40.701319394766273 ], [ -73.99813879899456, 40.701518787745826 ], [ -73.996192272287331, 40.703377140864163 ], [ -73.99588611884144, 40.703260077085005 ], [ -73.995138267746455, 40.702974114722849 ], [ -73.995064384915167, 40.703100313150962 ], [ -73.995045927483247, 40.703131839799596 ], [ -73.995445643120689, 40.703275305471806 ], [ -73.995293467009333, 40.703554065898011 ], [ -73.994982033128252, 40.703381715535208 ], [ -73.994800382748636, 40.70329195864462 ], [ -73.994662903436094, 40.703430608559202 ], [ -73.994857659337356, 40.703566138526135 ], [ -73.994995424678976, 40.70365056371427 ], [ -73.994882399024348, 40.70378802583744 ], [ -73.994910430695185, 40.703797315958781 ], [ -73.994929646092515, 40.703771315083799 ], [ -73.995029259164468, 40.703808200868039 ], [ -73.994882047264085, 40.704008653895201 ], [ -73.994836374352644, 40.70398633908102 ], [ -73.994769341915671, 40.703952894953602 ], [ -73.99471424235152, 40.703996689060943 ], [ -73.994771580591276, 40.704049360374455 ], [ -73.994792314600488, 40.704068405633777 ], [ -73.994792312999905, 40.704088894707191 ], [ -73.994772862285785, 40.704104541196727 ], [ -73.994698074707998, 40.704164700797328 ], [ -73.99477614353458, 40.704245861052385 ], [ -73.994702290684074, 40.704292531913595 ], [ -73.994636034744374, 40.704334402926023 ], [ -73.994569790169322, 40.704376263513957 ], [ -73.993863410318767, 40.704556007433048 ], [ -73.993806872484143, 40.704539613214152 ], [ -73.993781554264999, 40.704468944543805 ], [ -73.993774572078053, 40.704449457408799 ], [ -73.993693361292856, 40.704476128837868 ], [ -73.993687922244831, 40.704477914211573 ], [ -73.99358606975359, 40.704509118218191 ], [ -73.993626439167329, 40.704595244657412 ], [ -73.99350881403609, 40.704623505274029 ], [ -73.992801042289841, 40.704634023927866 ], [ -73.992691355749955, 40.704629849945384 ], [ -73.99251210682047, 40.704694112557583 ], [ -73.992308337872956, 40.704690001240166 ], [ -73.992127035350677, 40.70468964203355 ], [ -73.992121006390875, 40.704396201577929 ], [ -73.991957154312047, 40.704200677853301 ], [ -73.991861591893169, 40.704086642104407 ], [ -73.991417947827102, 40.704004089020692 ], [ -73.990947553507937, 40.70403244213923 ], [ -73.990714731148046, 40.704351379040624 ], [ -73.990546179985472, 40.704416167501776 ], [ -73.990307684938173, 40.704839880602009 ], [ -73.990284960356689, 40.70486642939224 ], [ -73.990227211960118, 40.704934044487089 ], [ -73.99009111393444, 40.704943463289091 ], [ -73.989493589713518, 40.704809038123649 ], [ -73.98934734717507, 40.704729691702674 ], [ -73.989200464361588, 40.704723896988831 ], [ -73.989069896525834, 40.704705914698216 ], [ -73.988988977578018, 40.704690356781626 ], [ -73.98869723304766, 40.704564578776854 ], [ -73.988407448071712, 40.704554500840857 ], [ -73.988303322085414, 40.704540468955038 ], [ -73.988289991112865, 40.705070658997649 ], [ -73.987956765575433, 40.705134217412592 ], [ -73.987269693011484, 40.705175720694236 ], [ -73.986923484556442, 40.705162462485852 ], [ -73.986872522126376, 40.705157277386149 ], [ -73.98682322841232, 40.705146151997603 ], [ -73.986776791474199, 40.705129354460674 ], [ -73.986734330516668, 40.705107289623832 ], [ -73.986696868913938, 40.705080489285713 ], [ -73.986665309544492, 40.705049599377624 ], [ -73.986640413030329, 40.705015364395138 ], [ -73.986622779405295, 40.704978609454209 ], [ -73.986529729460457, 40.704979099173727 ], [ -73.986429116086768, 40.705069179428037 ], [ -73.98643429892708, 40.705348607419673 ], [ -73.984743300091694, 40.705542907267052 ], [ -73.984021498489454, 40.70559863456473 ], [ -73.983438062219079, 40.705644094847813 ], [ -73.983426275432436, 40.705577220846919 ], [ -73.983406502642438, 40.705466370660375 ], [ -73.983368199441458, 40.705461065076612 ], [ -73.983263987382443, 40.70548506666065 ], [ -73.983086390927838, 40.705477090702153 ], [ -73.983089865659508, 40.705511541825885 ], [ -73.982835521352683, 40.705555807398007 ], [ -73.982741618859933, 40.705572441532716 ], [ -73.982745081246634, 40.705552709869416 ], [ -73.982748593016609, 40.705532691239405 ], [ -73.982459568722376, 40.70550879722537 ], [ -73.982458986415622, 40.705542414469839 ], [ -73.982422871798775, 40.705822055451996 ], [ -73.981023906182799, 40.705898913893577 ], [ -73.981017339009469, 40.705797506467775 ], [ -73.982302051838786, 40.705736979399681 ], [ -73.982329442166034, 40.705552033664063 ], [ -73.980925103119873, 40.705369255200537 ], [ -73.98090864629846, 40.705907943811951 ], [ -73.980740704289133, 40.705855159870289 ], [ -73.980220042525971, 40.705851075720986 ], [ -73.980237153814556, 40.705763283559861 ], [ -73.97955918553285, 40.705743615249979 ], [ -73.979555799997527, 40.705770214772649 ], [ -73.979328653259756, 40.705765432852409 ], [ -73.979279831852665, 40.705789481974328 ], [ -73.979273363429058, 40.705917135302265 ], [ -73.979213917039118, 40.705906640233152 ], [ -73.97918270866974, 40.705965214973332 ], [ -73.979050499041122, 40.705966963591663 ], [ -73.979057670122785, 40.705952889100629 ], [ -73.979028945108794, 40.705948126770878 ] ] ] ] } },
{ "type": "Feature", "properties": { "Precinct": 90, "Shape_Length": "51,616.1707661", "Shape_Area": "66,152,984.7916", "in_manhattan": true }, "geometry": { "type": "MultiPolygon", "coordinates": [ [ [ [ -73.924257161902901, 40.714119455005431 ], [ -73.924040112458798, 40.714008313298464 ], [ -73.923139362832501, 40.713394728593109 ], [ -73.92223466389558, 40.712855954362354 ], [ -73.92168749023277, 40.71189515410682 ], [ -73.92154639920426, 40.711043423848004 ], [ -73.921220734603821, 40.710790558053453 ], [ -73.921120201085174, 40.710735407815193 ], [ -73.920748531156647, 40.710533650131453 ], [ -73.921891846326503, 40.709396096710414 ], [ -73.922336969520444, 40.709006260416494 ], [ -73.922862187763059, 40.708545498027419 ], [ -73.923062440604568, 40.708368969165427 ], [ -73.923851483755897, 40.707676298063312 ], [ -73.924169050097632, 40.707394450799754 ], [ -73.924234267260687, 40.707337006302062 ], [ -73.924907067120742, 40.706744394527803 ], [ -73.925137622866771, 40.706538904780444 ], [ -73.925961838510617, 40.705809783173507 ], [ -73.926089300929377, 40.705679701832381 ], [ -73.926648083802448, 40.705529225004021 ], [ -73.928109322034814, 40.704963939697947 ], [ -73.928737731971012, 40.704716950764151 ], [ -73.929799941683939, 40.704304529994019 ], [ -73.930236888553068, 40.704131132092087 ], [ -73.931155339242352, 40.703772335540314 ], [ -73.931728717170202, 40.703545991123868 ], [ -73.932697849249195, 40.703170391222592 ], [ -73.933522626656057, 40.702848982375748 ], [ -73.933950929065034, 40.70267459269752 ], [ -73.935336529636899, 40.702314825838599 ], [ -73.936980739948112, 40.701910278329308 ], [ -73.937290634506539, 40.701828444338055 ], [ -73.937378979284006, 40.701805131097103 ], [ -73.937528959636353, 40.701765553537065 ], [ -73.937654932653686, 40.701732312397937 ], [ -73.938115924766649, 40.701610668349872 ], [ -73.938271395296269, 40.70156964282527 ], [ -73.938365195428162, 40.701544890348075 ], [ -73.938868641261024, 40.701427672981353 ], [ -73.939510082718783, 40.701279781918231 ], [ -73.939824957383223, 40.70120879931595 ], [ -73.940017120559361, 40.701166148172433 ], [ -73.940205638389074, 40.701124305646196 ], [ -73.940420577862668, 40.701076598294506 ], [ -73.941930788162367, 40.70072523419293 ], [ -73.943723528228858, 40.700505835730489 ], [ -73.944387885965327, 40.70042452328002 ], [ -73.944617661115288, 40.700405300419867 ], [ -73.9463155753173, 40.700214952761854 ], [ -73.947127621467615, 40.700122810884167 ], [ -73.947248087719643, 40.700104909246782 ], [ -73.948132253908796, 40.700006272816374 ], [ -73.949793793486535, 40.699823314423554 ], [ -73.950090947154493, 40.699790593237765 ], [ -73.951011120365862, 40.699677985393791 ], [ -73.951372785822144, 40.699633723428356 ], [ -73.951537388644297, 40.699613578845188 ], [ -73.951772578350983, 40.699584794423863 ], [ -73.951951622449428, 40.699562881519668 ], [ -73.952548001779064, 40.699494777141183 ], [ -73.953370007365919, 40.699404540652942 ], [ -73.954290533842254, 40.699295354276693 ], [ -73.955183708869583, 40.699192902412996 ], [ -73.956074562506004, 40.699090001967576 ], [ -73.957019931894735, 40.69897391384729 ], [ -73.957959382210149, 40.69882000271329 ], [ -73.958858746934425, 40.698677326416501 ], [ -73.959376145197083, 40.698594353674451 ], [ -73.960196889235021, 40.69846272743888 ], [ -73.961051007000066, 40.698326078819122 ], [ -73.961898378242708, 40.698188332028963 ], [ -73.962142893048963, 40.698149456755338 ], [ -73.962207006008015, 40.698139264524045 ], [ -73.962224173823714, 40.698136535276987 ], [ -73.962330728807814, 40.698119594994836 ], [ -73.962359032529861, 40.698115092409743 ], [ -73.962397690904467, 40.698108945737687 ], [ -73.962482959086955, 40.698095384754801 ], [ -73.962586127184451, 40.698078979889544 ], [ -73.962839636282979, 40.698038668339592 ], [ -73.962365799849536, 40.699605587024465 ], [ -73.962179781551811, 40.700220710604427 ], [ -73.962519303936702, 40.700472681967476 ], [ -73.962549924407909, 40.700497033643614 ], [ -73.96318252029711, 40.70100009537444 ], [ -73.963868893247522, 40.701541890383595 ], [ -73.964518447431431, 40.702074978267653 ], [ -73.96520438968129, 40.702622744814079 ], [ -73.965874185773671, 40.703157695996431 ], [ -73.966074135080532, 40.703320153443535 ], [ -73.966537471176849, 40.703696612915145 ], [ -73.966669702439134, 40.703806603887692 ], [ -73.967150920324201, 40.704206883880154 ], [ -73.967209620426217, 40.704255709153344 ], [ -73.967615477246881, 40.704961636559453 ], [ -73.967951391262204, 40.705731217061356 ], [ -73.96838331470957, 40.706829373393504 ], [ -73.969130131069875, 40.707045733467957 ], [ -73.969292964145154, 40.707093331598351 ], [ -73.969354672892422, 40.707193372777155 ], [ -73.969622521188683, 40.707627588555077 ], [ -73.96984864823537, 40.708003041687718 ], [ -73.969888994689157, 40.708574872067196 ], [ -73.969941966326289, 40.709302053353824 ], [ -73.969614857014307, 40.71014774918175 ], [ -73.96960541330354, 40.710270843874753 ], [ -73.969685849510029, 40.710321731483653 ], [ -73.969992691695396, 40.710382050743249 ], [ -73.97000849502372, 40.71038561848691 ], [ -73.9700232626314, 40.710391191919882 ], [ -73.970036558655877, 40.71039860654362 ], [ -73.97004799066768, 40.710407643517293 ], [ -73.970057221252816, 40.710418036116756 ], [ -73.970063977971506, 40.710429477606681 ], [ -73.97006806139926, 40.710441630293836 ], [ -73.970069351013024, 40.71045413549399 ], [ -73.970067808748482, 40.710466624118283 ], [ -73.97006348012377, 40.710478727566944 ], [ -73.970056492896163, 40.710490088608402 ], [ -73.970047053291538, 40.710500371922926 ], [ -73.970035439917694, 40.710509273999634 ], [ -73.970021995541444, 40.710516532094616 ], [ -73.970007116971843, 40.710521931985845 ], [ -73.969991243348389, 40.710525314295957 ], [ -73.969974843179813, 40.710526579196312 ], [ -73.969958400515893, 40.710525689353489 ], [ -73.969942400660727, 40.710522671031114 ], [ -73.969661864127858, 40.710499724136895 ], [ -73.96963106127464, 40.710656945987942 ], [ -73.969774608568656, 40.710686253921217 ], [ -73.969782360229232, 40.710706402286817 ], [ -73.969785681437784, 40.710727243667748 ], [ -73.969784482924567, 40.710748217901376 ], [ -73.969778796898396, 40.710768761253739 ], [ -73.969768776181255, 40.7107883215714 ], [ -73.969754690101283, 40.71080637312194 ], [ -73.969736917254295, 40.71082243072437 ], [ -73.969715935328296, 40.710836062789852 ], [ -73.96969230826447, 40.710846902921716 ], [ -73.969418092471756, 40.710938127261961 ], [ -73.96937430020651, 40.711020666063042 ], [ -73.969907730276006, 40.711268121336097 ], [ -73.96931038443995, 40.711107852881284 ], [ -73.969234929312989, 40.711240541438272 ], [ -73.969291015521975, 40.711270199312366 ], [ -73.969233527399851, 40.71143313228643 ], [ -73.969144832255409, 40.71145699454744 ], [ -73.969095800274701, 40.711563113603283 ], [ -73.969079786576387, 40.711623442476743 ], [ -73.968884732208451, 40.712176859233395 ], [ -73.968865915573716, 40.712231898655268 ], [ -73.968816120798721, 40.712251947706562 ], [ -73.968865375774072, 40.712272359626702 ], [ -73.968838175984985, 40.712389641928802 ], [ -73.968940793018774, 40.712418772447975 ], [ -73.968924662771514, 40.712463426934868 ], [ -73.968905972630992, 40.712506776530283 ], [ -73.968895950067548, 40.712528314776762 ], [ -73.96887248523575, 40.712578743436396 ], [ -73.968840206034912, 40.712633248987345 ], [ -73.9688244978786, 40.712660617134674 ], [ -73.968806933331436, 40.712708620414531 ], [ -73.968783863421052, 40.712756526205716 ], [ -73.968731948221787, 40.712740569914629 ], [ -73.968722436154266, 40.71273764582773 ], [ -73.968716987172826, 40.712746944774636 ], [ -73.968666057339718, 40.712857193491558 ], [ -73.968543882426331, 40.712820700942409 ], [ -73.968498475543356, 40.712806903736713 ], [ -73.968469733470428, 40.712824709346172 ], [ -73.96847298005639, 40.712853428211524 ], [ -73.968442320004826, 40.712938434890347 ], [ -73.968559717860018, 40.712987310673277 ], [ -73.968506725534752, 40.713105471889278 ], [ -73.968849249041909, 40.713212545457914 ], [ -73.968391252138943, 40.714261918674033 ], [ -73.968008306213008, 40.715120723303308 ], [ -73.967654482491668, 40.715869108720241 ], [ -73.967363916994969, 40.716483678552692 ], [ -73.967240343961194, 40.71658788605847 ], [ -73.967259834664674, 40.716670975055784 ], [ -73.967105040062691, 40.71690839325445 ], [ -73.96725113674303, 40.716986666608939 ], [ -73.966747278293866, 40.717737766453425 ], [ -73.966596902666154, 40.717967981390068 ], [ -73.967183432237945, 40.718275921027583 ], [ -73.967192826269567, 40.718265144022048 ], [ -73.9673074147439, 40.718313067184198 ], [ -73.967230133049597, 40.718414668843053 ], [ -73.967182436312413, 40.718483056301615 ], [ -73.967068676891586, 40.718439035791306 ], [ -73.967090962673083, 40.718405766808317 ], [ -73.967151011725832, 40.718316126435056 ], [ -73.966562418314425, 40.718015866806084 ], [ -73.96655195195892, 40.718038451579609 ], [ -73.966536661414764, 40.718034359648456 ], [ -73.966527466615858, 40.718031897681257 ], [ -73.966512630894286, 40.718051613288452 ], [ -73.966326843981136, 40.71829854142829 ], [ -73.96624453144976, 40.71825577150728 ], [ -73.966227382345977, 40.718270331765147 ], [ -73.966216301029178, 40.718264371929159 ], [ -73.966198339403249, 40.71825471225204 ], [ -73.966159000457722, 40.718288824575211 ], [ -73.966059331649063, 40.718258156081809 ], [ -73.965203523554692, 40.7177877698117 ], [ -73.96472636193765, 40.717519814478891 ], [ -73.963391660810174, 40.716765391819195 ], [ -73.96191191708057, 40.71592926498532 ], [ -73.960436748368053, 40.71530609154896 ], [ -73.959474036416722, 40.714997593073846 ], [ -73.958811536104989, 40.714824451729122 ], [ -73.957559159488582, 40.714498893561156 ], [ -73.956269194849597, 40.714158378146308 ], [ -73.955993881575822, 40.714091987342719 ], [ -73.955329400784663, 40.714072676739185 ], [ -73.954655947525481, 40.714074979795406 ], [ -73.95433904157251, 40.714071702349422 ], [ -73.953484720987632, 40.714070208078418 ], [ -73.953252729094714, 40.714065629746102 ], [ -73.953164976028006, 40.714065097864093 ], [ -73.953031494199521, 40.714062847706423 ], [ -73.952910497986053, 40.714060986641101 ], [ -73.951623663214178, 40.714066360919325 ], [ -73.949372319166812, 40.714066878980141 ], [ -73.947718910517111, 40.714215696491813 ], [ -73.946069950973865, 40.714372020668073 ], [ -73.94438746472602, 40.714531601630341 ], [ -73.942706380943051, 40.714689483264884 ], [ -73.942462005441442, 40.714704911573428 ], [ -73.942065848899162, 40.714728865590615 ], [ -73.942160769251487, 40.715063048003245 ], [ -73.941227663334431, 40.715519134759511 ], [ -73.94002261567158, 40.715812412302292 ], [ -73.939017334635494, 40.716064693718963 ], [ -73.93787883605178, 40.716362171546329 ], [ -73.936339250420843, 40.716779527288054 ], [ -73.934704514152315, 40.717208821689347 ], [ -73.931605724101374, 40.718010524407838 ], [ -73.924797012627081, 40.719853007359909 ], [ -73.924676223692018, 40.719885695983407 ], [ -73.924608856473228, 40.719789692834908 ], [ -73.924534325621835, 40.719666157772473 ], [ -73.924519994151325, 40.719612730424238 ], [ -73.924520185968419, 40.719568370774248 ], [ -73.924520830481967, 40.719553566511898 ], [ -73.924538549857985, 40.719342580204518 ], [ -73.924553558767457, 40.719279131194185 ], [ -73.924579480888937, 40.719162523334795 ], [ -73.924629541999238, 40.718986974373706 ], [ -73.924690048571151, 40.718722335555853 ], [ -73.924702278071138, 40.718688304100645 ], [ -73.924771832536209, 40.718564610855317 ], [ -73.924815556772643, 40.718486835906042 ], [ -73.924864135091099, 40.718440445413542 ], [ -73.924931813789968, 40.718405828749461 ], [ -73.924992044266062, 40.718384787761231 ], [ -73.925086775207731, 40.718384219204268 ], [ -73.926157902342325, 40.718099467633266 ], [ -73.92638366600805, 40.718084807526232 ], [ -73.928379301015013, 40.717578367290123 ], [ -73.928391538340563, 40.71757875368062 ], [ -73.928403750755947, 40.717580192960973 ], [ -73.928421274190768, 40.717584210598339 ], [ -73.92842419720877, 40.717585302680774 ], [ -73.928426881607791, 40.717586754127545 ], [ -73.928429377578468, 40.717588574351375 ], [ -73.928431718539017, 40.717590808940365 ], [ -73.928435689659068, 40.717595953982517 ], [ -73.928445613861243, 40.717611862810628 ], [ -73.928449538632407, 40.717616088268244 ], [ -73.928451655822599, 40.717617773229485 ], [ -73.928453890206967, 40.717619198094233 ], [ -73.928461945635604, 40.717623120381738 ], [ -73.928470830848994, 40.717626286800225 ], [ -73.928480640266002, 40.717628732421275 ], [ -73.928491537878031, 40.717630495877728 ], [ -73.928513538397141, 40.717632094345205 ], [ -73.92857425221365, 40.717633131661309 ], [ -73.928591707893744, 40.717635060505145 ], [ -73.928606675652091, 40.717638338237954 ], [ -73.928637200614062, 40.717647957292684 ], [ -73.928667746844809, 40.717659313103923 ], [ -73.928698268135975, 40.71767238068157 ], [ -73.928728669392882, 40.717687141036194 ], [ -73.92873538646586, 40.717691187618598 ], [ -73.928742079761378, 40.717696468859195 ], [ -73.928768457822528, 40.717722042250237 ], [ -73.928776085620214, 40.717727270290887 ], [ -73.92877998940898, 40.71772931636665 ], [ -73.928783988259553, 40.717731002485749 ], [ -73.928789630571856, 40.717732852122374 ], [ -73.928795618777343, 40.71773429739514 ], [ -73.928808553166832, 40.71773597094657 ], [ -73.928822529661488, 40.717735997681245 ], [ -73.928837136976739, 40.717734367460444 ], [ -73.928852028960819, 40.717731107711927 ], [ -73.928866425603943, 40.71772634460401 ], [ -73.928879651800159, 40.71772031862357 ], [ -73.928891081059902, 40.71771331116426 ], [ -73.928968507060475, 40.717647540150857 ], [ -73.928982211662699, 40.7176365712372 ], [ -73.929074193576156, 40.71757133281934 ], [ -73.929093466745485, 40.717556161224628 ], [ -73.929110039428522, 40.717541601112366 ], [ -73.929124327706745, 40.717527292724562 ], [ -73.929136486101939, 40.71751307131067 ], [ -73.929138560543919, 40.717510038005024 ], [ -73.929140208978808, 40.717506761858189 ], [ -73.929142312092893, 40.717499332998962 ], [ -73.929142971440129, 40.717490715987928 ], [ -73.929142454569316, 40.717464519653952 ], [ -73.929143978680003, 40.717456613991757 ], [ -73.929145307845801, 40.717453139463984 ], [ -73.929147015450866, 40.717449915956863 ], [ -73.929157006950433, 40.717436414577961 ], [ -73.929169897727903, 40.7174235551023 ], [ -73.929185390429794, 40.717411650118684 ], [ -73.929202942113889, 40.717401098006313 ], [ -73.929568569054808, 40.717221536065196 ], [ -73.929605788353513, 40.717190184555086 ], [ -73.929639400718088, 40.717156498853775 ], [ -73.929648761461095, 40.717145942169516 ], [ -73.929667237204526, 40.717122548942207 ], [ -73.9296829561913, 40.717098443043895 ], [ -73.929695728530362, 40.717073929091185 ], [ -73.929705399153278, 40.71704927938918 ], [ -73.92970762282205, 40.717040203803229 ], [ -73.929708484302807, 40.717030667356582 ], [ -73.92970798609332, 40.717020807422912 ], [ -73.929706127346378, 40.717010801580209 ], [ -73.929698478128259, 40.716991030240358 ], [ -73.9296928553877, 40.716981724874316 ], [ -73.929686177091384, 40.716973075233817 ], [ -73.929507148594908, 40.71659078087599 ], [ -73.929502349277115, 40.71658551842917 ], [ -73.929498461682016, 40.716579653778588 ], [ -73.929495615465356, 40.716573420871327 ], [ -73.929493905955823, 40.71656703436782 ], [ -73.929493472009639, 40.7165632699394 ], [ -73.929494649754318, 40.7165357692718 ], [ -73.92949639794351, 40.716526819713394 ], [ -73.929497314860953, 40.716522137729577 ], [ -73.929501694000706, 40.716499789805361 ], [ -73.929319997660826, 40.716112008832646 ], [ -73.929315726363001, 40.716078101269773 ], [ -73.929316519655785, 40.716043837805934 ], [ -73.92932187977766, 40.716012070449267 ], [ -73.929331776347752, 40.71597656097957 ], [ -73.929344834212301, 40.715938917983109 ], [ -73.929361316686212, 40.715898315544919 ], [ -73.929382502093219, 40.715851628059703 ], [ -73.929400528939723, 40.715816518766268 ], [ -73.9294198181735, 40.715785003696901 ], [ -73.929440678130817, 40.715756578616336 ], [ -73.929463250813939, 40.715731044756268 ], [ -73.929473569214608, 40.715721452621175 ], [ -73.929485319233464, 40.715712427435626 ], [ -73.929498345322713, 40.715704069284989 ], [ -73.929512472310947, 40.715696505214616 ], [ -73.929527474189413, 40.715689841297753 ], [ -73.92954313880719, 40.715684196180909 ], [ -73.929559203855973, 40.715679649111046 ], [ -73.929575433234632, 40.715676273152859 ], [ -73.93029962426958, 40.715507876364022 ], [ -73.931493046109168, 40.715208480572599 ], [ -73.931512984327824, 40.715211904624688 ], [ -73.931533255061908, 40.715213988487854 ], [ -73.931535965406056, 40.715214160809708 ], [ -73.931558924316192, 40.715214850264807 ], [ -73.931584381283301, 40.715214252750066 ], [ -73.931659267174439, 40.715208552394301 ], [ -73.931705345383108, 40.715203167612437 ], [ -73.931750089542504, 40.715194584936761 ], [ -73.931792672291166, 40.715182975091196 ], [ -73.931832428294697, 40.715168528329819 ], [ -73.931904829959876, 40.715137583883489 ], [ -73.931988149173876, 40.715100136414179 ], [ -73.932044616521651, 40.715074171920556 ], [ -73.932080470536391, 40.715056497540999 ], [ -73.932104781130619, 40.715042599269282 ], [ -73.932129995143868, 40.715025603783971 ], [ -73.932155732661158, 40.715006059176261 ], [ -73.932197531463345, 40.714972107490389 ], [ -73.932206073073004, 40.714963980929362 ], [ -73.932213632823149, 40.714955106619307 ], [ -73.93222529811969, 40.714935797460846 ], [ -73.932230377175586, 40.714921545246312 ], [ -73.932234149163307, 40.714902015832848 ], [ -73.932234690451097, 40.714893461219432 ], [ -73.932235363506351, 40.714882853138008 ], [ -73.932233974694739, 40.714864428374852 ], [ -73.932230015087967, 40.714846965545881 ], [ -73.932215193061765, 40.71480561350937 ], [ -73.932196984387545, 40.714766449388698 ], [ -73.932173679213491, 40.714722139519452 ], [ -73.932156653372289, 40.714694834485449 ], [ -73.932153615598281, 40.714691042229973 ], [ -73.932149986012107, 40.71468746473024 ], [ -73.932141281533774, 40.714681291089157 ], [ -73.932136869212272, 40.714679046474792 ], [ -73.931753571822696, 40.714741675505735 ], [ -73.931590483565273, 40.714399492481213 ], [ -73.931556620075526, 40.714393384423047 ], [ -73.931542038256808, 40.714359607004717 ], [ -73.931426041009345, 40.714382343080594 ], [ -73.931367468480616, 40.714252491351857 ], [ -73.9313130786729, 40.714144024895852 ], [ -73.931436030211358, 40.714126182517901 ], [ -73.931240670594903, 40.713724810884734 ], [ -73.931453017329915, 40.713438844966198 ], [ -73.931556042711463, 40.713399472754723 ], [ -73.931591442621453, 40.71338481591787 ], [ -73.931645273916658, 40.713342793758152 ], [ -73.931971841276251, 40.713253260910285 ], [ -73.932451631567048, 40.71312171693674 ], [ -73.932550417305322, 40.713095371262057 ], [ -73.932577654801179, 40.713089111655812 ], [ -73.932595636194961, 40.71308370067662 ], [ -73.932610519355066, 40.713077288247355 ], [ -73.932616759805569, 40.71307367214424 ], [ -73.932622266099131, 40.7130697498743 ], [ -73.932631599816602, 40.713061371112694 ], [ -73.932639052424648, 40.713052586169361 ], [ -73.93264437548963, 40.713043701808751 ], [ -73.932646214588075, 40.713039272298026 ], [ -73.932647472858818, 40.713034878633295 ], [ -73.932648234977535, 40.713031043045788 ], [ -73.932649173730155, 40.713015815055002 ], [ -73.932646939562915, 40.713000730788849 ], [ -73.932032629805093, 40.711590223074296 ], [ -73.933384846153032, 40.7112337277457 ], [ -73.933283493202978, 40.710978706955373 ], [ -73.931901019208595, 40.711338471428235 ], [ -73.931663988608236, 40.710810243482619 ], [ -73.931510925905883, 40.710469808394187 ], [ -73.931265727032667, 40.709924443553014 ], [ -73.931029787701448, 40.709358512207316 ], [ -73.930932275477375, 40.709165311254154 ], [ -73.930794901810231, 40.709114701571153 ], [ -73.930791803704963, 40.709112934810577 ], [ -73.930787451729202, 40.709110005160596 ], [ -73.930786942951727, 40.709109590392657 ], [ -73.930783526474031, 40.709106797504511 ], [ -73.930780027069787, 40.709103301287655 ], [ -73.930776931097469, 40.709099481483406 ], [ -73.930771993331234, 40.709091013034758 ], [ -73.930768572107979, 40.70908113257444 ], [ -73.930766000666793, 40.709060653520737 ], [ -73.930766836516625, 40.709019167445469 ], [ -73.930766026238103, 40.709002543579231 ], [ -73.930762705333464, 40.708986377059631 ], [ -73.930759991547731, 40.708979378490511 ], [ -73.930756531047848, 40.708972982737272 ], [ -73.930739031569217, 40.708947316942009 ], [ -73.930718821967091, 40.708921739474981 ], [ -73.930695937843609, 40.708896313011337 ], [ -73.930670439264176, 40.708871074441582 ], [ -73.930641803741977, 40.70884694166525 ], [ -73.930572133063436, 40.708794868260718 ], [ -73.930542966350558, 40.708768870897536 ], [ -73.930527943957699, 40.708751183869687 ], [ -73.930525722855123, 40.708747608338413 ], [ -73.930515858631054, 40.708731762361808 ], [ -73.930507123164077, 40.708711225134152 ], [ -73.930502031800998, 40.708690294406843 ], [ -73.930501000831981, 40.708681225039584 ], [ -73.930360945658407, 40.708717738032675 ], [ -73.930373479563741, 40.708739303505013 ], [ -73.930377209998909, 40.70874751861011 ], [ -73.930381849287656, 40.708757768713902 ], [ -73.930385631331689, 40.708774538789015 ], [ -73.930385740766155, 40.708782319148945 ], [ -73.930384669007253, 40.708789765583141 ], [ -73.930380217351058, 40.708802847762819 ], [ -73.93037287805079, 40.708815873246834 ], [ -73.93036285425633, 40.708828465054012 ], [ -73.930350535037675, 40.708840137757981 ], [ -73.930288798132224, 40.708885728738885 ], [ -73.930266280946469, 40.708904923590438 ], [ -73.93026509729755, 40.708906093720294 ], [ -73.930256518352635, 40.708916543386692 ], [ -73.930250388490322, 40.708927913422563 ], [ -73.930376714061566, 40.709222340032852 ], [ -73.930680994287584, 40.709920952967188 ], [ -73.930998356213138, 40.710618225116129 ], [ -73.931158369658846, 40.71100104854478 ], [ -73.931546137468658, 40.711855351751097 ], [ -73.930888819122089, 40.712056006858205 ], [ -73.930859661739248, 40.71206494115679 ], [ -73.930835710264134, 40.712074931483258 ], [ -73.930816373094814, 40.712086221069605 ], [ -73.930808414505464, 40.712092384296596 ], [ -73.93080159026492, 40.712098890797677 ], [ -73.930787809335826, 40.712116479217229 ], [ -73.930782865039475, 40.712125319326248 ], [ -73.930779365917147, 40.712133907170724 ], [ -73.930777369176127, 40.712142064536387 ], [ -73.930776875486686, 40.712149782544827 ], [ -73.930777885338742, 40.712157013953686 ], [ -73.930778947370527, 40.71216042795551 ], [ -73.930780375229688, 40.712163706647921 ], [ -73.930790204141005, 40.712180822260471 ], [ -73.930800805443965, 40.7121946963534 ], [ -73.930812580435699, 40.71220580594963 ], [ -73.930818942989148, 40.712210349085737 ], [ -73.930825637348136, 40.712214234207217 ], [ -73.930833692725955, 40.712217922464127 ], [ -73.930846825444675, 40.712221406372173 ], [ -73.930855287654666, 40.712220663782077 ], [ -73.930864094447614, 40.712218192686926 ], [ -73.93161032734892, 40.712038022680403 ], [ -73.93182042077251, 40.712478983611113 ], [ -73.9318333498546, 40.712507527987754 ], [ -73.931841223211478, 40.712528262778044 ], [ -73.931846351181704, 40.712547248635623 ], [ -73.931848688774537, 40.712564774183278 ], [ -73.93184794873001, 40.712593491059046 ], [ -73.931842494934315, 40.712627237990631 ], [ -73.931834157461381, 40.712655374577338 ], [ -73.931821872866735, 40.712679465226209 ], [ -73.931816338700543, 40.712687160987592 ], [ -73.931809703364777, 40.712694774845829 ], [ -73.931792859637014, 40.712710037802722 ], [ -73.931772264245282, 40.712724956611034 ], [ -73.931734368517766, 40.712749292238051 ], [ -73.930667886466239, 40.713021266893662 ], [ -73.930571143102753, 40.713051096914661 ], [ -73.930546427763687, 40.713055746460718 ], [ -73.930527132073721, 40.713061561407116 ], [ -73.930519069368742, 40.713065031888945 ], [ -73.930512059529306, 40.713068882454401 ], [ -73.930506078752288, 40.713073137548285 ], [ -73.930501137832451, 40.713077790811198 ], [ -73.930491504393814, 40.713090419211909 ], [ -73.930473615222027, 40.713119962853909 ], [ -73.9304641824193, 40.713131672320259 ], [ -73.930436038499892, 40.713156086450731 ], [ -73.930430588145683, 40.713161549060771 ], [ -73.930426311057488, 40.713166787893435 ], [ -73.930424485838998, 40.713169587004252 ], [ -73.930422943130708, 40.713172558671076 ], [ -73.930422638990095, 40.71319163126946 ], [ -73.930771665473969, 40.713929468085126 ], [ -73.930950735917676, 40.714363819478478 ], [ -73.931052319016658, 40.714610224425961 ], [ -73.930851901340304, 40.714902985592815 ], [ -73.929916655283165, 40.715149816999443 ], [ -73.929902799012837, 40.715124963476981 ], [ -73.929314122857789, 40.715279834186994 ], [ -73.929271670669465, 40.715314216978797 ], [ -73.929253665675347, 40.715328802539823 ], [ -73.928438818145935, 40.715530949575779 ], [ -73.928902428540596, 40.716572812317935 ], [ -73.928905989862145, 40.716596354731777 ], [ -73.928906012650174, 40.716618957312114 ], [ -73.928902510437752, 40.716640107937451 ], [ -73.928895518976816, 40.716659518985836 ], [ -73.928884418545962, 40.716680421668315 ], [ -73.928870726948702, 40.716701449064118 ], [ -73.928854467109517, 40.716722574214621 ], [ -73.928835661723852, 40.716743778537257 ], [ -73.928790580899999, 40.716787938570228 ], [ -73.928768050273931, 40.716807330616476 ], [ -73.928745319878146, 40.716825128348411 ], [ -73.928711113204884, 40.716849745859854 ], [ -73.92867728796152, 40.716872408725671 ], [ -73.928643654223876, 40.716893243646368 ], [ -73.928610091912432, 40.716912331295624 ], [ -73.928575811083689, 40.716929833684581 ], [ -73.928489109202985, 40.716971041911783 ], [ -73.9284362240153, 40.716998834267187 ], [ -73.928322419421221, 40.717062456200559 ], [ -73.928271451070273, 40.717089728832214 ], [ -73.928252634897078, 40.717098595866865 ], [ -73.92823253044881, 40.717106454253411 ], [ -73.928211350045686, 40.7171132397932 ], [ -73.928189271889408, 40.717118880225179 ], [ -73.928166519506604, 40.717123332801442 ], [ -73.928143366216403, 40.717126524817921 ], [ -73.928120061061563, 40.7171284364942 ], [ -73.928096887447026, 40.71712903466932 ], [ -73.925951639439546, 40.71769107056992 ], [ -73.925940911087977, 40.71767415216226 ], [ -73.925146060598266, 40.717855612376781 ], [ -73.924997406802106, 40.717889555087332 ], [ -73.924974737071693, 40.717893899534218 ], [ -73.92495489653578, 40.717898145974814 ], [ -73.924942524425148, 40.717900884345703 ], [ -73.92492621081297, 40.717904854148337 ], [ -73.924902393684931, 40.717909422318833 ], [ -73.92488911247905, 40.71791154744507 ], [ -73.924862997117629, 40.717916500592565 ], [ -73.924837309031673, 40.717921923423489 ], [ -73.924822143447187, 40.717925092512147 ], [ -73.92479461917732, 40.71793177393689 ], [ -73.924771735790856, 40.71793694662481 ], [ -73.924750771837381, 40.717940443953395 ], [ -73.924729061348941, 40.717944050687784 ], [ -73.924712275772748, 40.717946155912088 ], [ -73.924693621023621, 40.717948124884636 ], [ -73.924675914340668, 40.717949922591842 ], [ -73.924660040746033, 40.717951443233694 ], [ -73.92464513863986, 40.71795310891742 ], [ -73.924625550399867, 40.717953843264738 ], [ -73.92460339476078, 40.717953306073369 ], [ -73.924586934867577, 40.71795070264632 ], [ -73.924584071072147, 40.717950240741509 ], [ -73.924568241370764, 40.717944881906917 ], [ -73.924552909717619, 40.717939134734102 ], [ -73.924538016714195, 40.717932371796039 ], [ -73.924520816627222, 40.717924481395166 ], [ -73.924507557014138, 40.717917637770874 ], [ -73.924492665378466, 40.717909675837724 ], [ -73.924477810460942, 40.717900985519698 ], [ -73.924460613120416, 40.717890879568188 ], [ -73.924450629589245, 40.717885379642297 ], [ -73.924429246715277, 40.717872298844441 ], [ -73.924408775318796, 40.717858894811506 ], [ -73.924390205564777, 40.717848256552955 ], [ -73.924369270028066, 40.717836420092496 ], [ -73.924350700910296, 40.717825232339649 ], [ -73.924333031512418, 40.717813990728871 ], [ -73.924313067867075, 40.717802154896894 ], [ -73.924293056076962, 40.717790065896615 ], [ -73.924275858717778, 40.717780607576351 ], [ -73.924260069273743, 40.717770880796479 ], [ -73.924245652215745, 40.717761730707451 ], [ -73.924233576933659, 40.717754563833651 ], [ -73.9242219623099, 40.717747748063118 ], [ -73.924205712354492, 40.717736976274786 ], [ -73.924190823559528, 40.717726971145943 ], [ -73.924180841687871, 40.717720247078432 ], [ -73.924165988656426, 40.717709971916527 ], [ -73.924150626018886, 40.717699992772069 ], [ -73.924135311215963, 40.717689581772667 ], [ -73.924119995101407, 40.717679360075778 ], [ -73.924102800943444, 40.717667137202419 ], [ -73.92408423619375, 40.717652195130931 ], [ -73.924066464359996, 40.717638567157984 ], [ -73.924048266073342, 40.717624336809166 ], [ -73.924030423534987, 40.71760939353009 ], [ -73.924014569064568, 40.717594777065187 ], [ -73.924001231725995, 40.717583404408174 ], [ -73.923989124549408, 40.71757201396629 ], [ -73.923977279970529, 40.717559920921097 ], [ -73.923965637810369, 40.717546415086332 ], [ -73.92395450324662, 40.717533610518259 ], [ -73.923940374693458, 40.717520813855224 ], [ -73.923931328582938, 40.717514135951376 ], [ -73.923903678816046, 40.717495620696589 ], [ -73.923894170645582, 40.717489059418163 ], [ -73.923873261485255, 40.717474546641682 ], [ -73.923851891777744, 40.71746075543026 ], [ -73.923832389661612, 40.71744847738092 ], [ -73.923814721360799, 40.717436632426185 ], [ -73.923806571619522, 40.717431494845577 ], [ -73.923795218852703, 40.717423553926608 ], [ -73.923782423547365, 40.717414593655356 ], [ -73.9237701371041, 40.717405994405077 ], [ -73.92374875470027, 40.717392176361635 ], [ -73.923728319383798, 40.717378276518396 ], [ -73.923709715015292, 40.717367313626639 ], [ -73.923687397986612, 40.717353106792487 ], [ -73.923673703847484, 40.717344038360963 ], [ -73.923660008422175, 40.717335519415258 ], [ -73.923639892620685, 40.71732065749341 ], [ -73.923626994149686, 40.717308573094186 ], [ -73.923614994946348, 40.717296822501218 ], [ -73.92360155242622, 40.717284737738147 ], [ -73.923587862339772, 40.71727158063684 ], [ -73.923576042443187, 40.71725842594806 ], [ -73.923566068517758, 40.717245271981014 ], [ -73.92355875481303, 40.717234776086379 ], [ -73.923549502983818, 40.717220550927557 ], [ -73.923535343664057, 40.71720456649134 ], [ -73.923527270879589, 40.717195150471674 ], [ -73.923519021680733, 40.717185014638503 ], [ -73.923510524024692, 40.717173814676158 ], [ -73.923496119394031, 40.717154615397789 ], [ -73.923484985451211, 40.71714217264212 ], [ -73.923474819942513, 40.717130800858612 ], [ -73.923462786962631, 40.71711764551371 ], [ -73.923452338527611, 40.717105895934374 ], [ -73.923440020431102, 40.717092929200312 ], [ -73.923428919999978, 40.717081998727004 ], [ -73.923418614347241, 40.71706901573873 ], [ -73.92341069923306, 40.717056925248095 ], [ -73.923405221649134, 40.717044494456147 ], [ -73.923401305978757, 40.717032082796045 ], [ -73.92339299433867, 40.717015390745566 ], [ -73.92338539779368, 40.717002949663673 ], [ -73.923378341671466, 40.716994246299286 ], [ -73.9233705225069, 40.716981445052824 ], [ -73.923365263839983, 40.716974525873134 ], [ -73.923353556847132, 40.716965899489104 ], [ -73.923231571136029, 40.716699439157587 ], [ -73.923167760853147, 40.716478914883538 ], [ -73.92313445722391, 40.71647946894538 ], [ -73.923117181684063, 40.716476188456539 ], [ -73.923111496038189, 40.716469187729061 ], [ -73.923103611249928, 40.716451532493949 ], [ -73.923075799114812, 40.716389234766439 ], [ -73.923055000143336, 40.716342664793409 ], [ -73.923260397989083, 40.716249734135417 ], [ -73.923312449160775, 40.716228849896829 ], [ -73.923334773797791, 40.716225326261323 ], [ -73.923366275832493, 40.716217305606406 ], [ -73.923385797468583, 40.71621278867066 ], [ -73.923404910859531, 40.716192404479884 ], [ -73.923431692759195, 40.716172521098642 ], [ -73.923471440707999, 40.716146666623857 ], [ -73.923611451555487, 40.716103508171265 ], [ -73.923590010031546, 40.716028148694946 ], [ -73.924313299615747, 40.71584705657677 ], [ -73.924594082810472, 40.715534375855512 ], [ -73.924832875590269, 40.71528291204136 ], [ -73.924885535076001, 40.715267187652564 ], [ -73.924852309360162, 40.715198600698372 ], [ -73.924787451371287, 40.715075593546075 ], [ -73.92476629284414, 40.715032049511862 ], [ -73.924761287821383, 40.715019474681711 ], [ -73.924762572061553, 40.715004076273949 ], [ -73.924764933400823, 40.714988652770884 ], [ -73.924761550493471, 40.714975971448418 ], [ -73.924729816290252, 40.714937966475311 ], [ -73.924690093383887, 40.714880957032989 ], [ -73.924660130783934, 40.714866880407293 ], [ -73.924615015058535, 40.714827083654235 ], [ -73.924555687440161, 40.714753653732821 ], [ -73.924525816698903, 40.714690417846938 ], [ -73.924512261613344, 40.714620772180659 ], [ -73.924482217347489, 40.714523452300618 ], [ -73.924431531740737, 40.71436477617636 ], [ -73.924419109670197, 40.714349612524913 ], [ -73.924414531177035, 40.714348538518848 ], [ -73.924409108646088, 40.714349912867966 ], [ -73.924390280505079, 40.714349179132398 ], [ -73.924367188327977, 40.714330829474761 ], [ -73.924347511179789, 40.714307053009435 ], [ -73.924337796068428, 40.714253708710928 ], [ -73.924336991077666, 40.714201587351276 ], [ -73.924336374636013, 40.714140081755488 ], [ -73.92433589757124, 40.714122593466413 ], [ -73.924257161902901, 40.714119455005431 ] ] ] ] } },
{ "type": "Feature", "properties": { "Precinct": 94, "Shape_Length": "44,667.0672853", "Shape_Area": "65,580,916.3772", "in_manhattan": true }, "geometry": { "type": "MultiPolygon", "coordinates": [ [ [ [ -73.966227382345977, 40.718270331765147 ], [ -73.96624453144976, 40.71825577150728 ], [ -73.966326843981136, 40.71829854142829 ], [ -73.966313301249798, 40.718316540907175 ], [ -73.966227382345977, 40.718270331765147 ] ] ], [ [ [ -73.954395554170873, 40.739114772522534 ], [ -73.954283170276014, 40.739107370373425 ], [ -73.954232629395861, 40.739107350299314 ], [ -73.954193512678003, 40.739106957142987 ], [ -73.954156278853176, 40.739106914853082 ], [ -73.954121866003206, 40.739100768845944 ], [ -73.954027781160249, 40.739083144574757 ], [ -73.953972403983144, 40.739074945827909 ], [ -73.953815514916997, 40.739053125863542 ], [ -73.953737832853662, 40.739045333187192 ], [ -73.953580890647501, 40.739032977284978 ], [ -73.953514618536673, 40.739026926975143 ], [ -73.953367445988718, 40.739010514220432 ], [ -73.953232990376691, 40.738992683640802 ], [ -73.952923557241817, 40.738934942395232 ], [ -73.952862320741929, 40.73892156030044 ], [ -73.952823014711669, 40.73891247884999 ], [ -73.952787075747125, 40.738904174916271 ], [ -73.952717813887332, 40.738891084803242 ], [ -73.952657029026071, 40.738878876474523 ], [ -73.952555275720286, 40.738857681377496 ], [ -73.952384487775134, 40.738820393060003 ], [ -73.952186694247828, 40.738785254035605 ], [ -73.952177318805795, 40.738783584092793 ], [ -73.952145060848082, 40.738778257425885 ], [ -73.952105417380949, 40.738770983869941 ], [ -73.952033374734171, 40.738757256928359 ], [ -73.952017513194392, 40.738753765101727 ], [ -73.952005141917667, 40.738751517438352 ], [ -73.951987943544594, 40.738747620474271 ], [ -73.951977312251799, 40.738731289086566 ], [ -73.951972851257565, 40.738727433616596 ], [ -73.951954691903467, 40.738708939001739 ], [ -73.951949272580705, 40.738704821287271 ], [ -73.951943686023711, 40.738701711844143 ], [ -73.951935886691956, 40.738698520897067 ], [ -73.951927590291803, 40.738695897321413 ], [ -73.951910566755188, 40.738692693140365 ], [ -73.951902363522791, 40.738692203888093 ], [ -73.951894513256107, 40.738692452568934 ], [ -73.951887149645188, 40.738693439741368 ], [ -73.951880352866397, 40.738695156727637 ], [ -73.951880044440813, 40.738695264820834 ], [ -73.951879760883898, 40.73869539972862 ], [ -73.951879487885833, 40.738695552733688 ], [ -73.951879250340951, 40.73869571513503 ], [ -73.951879025765294, 40.738695912722363 ], [ -73.951878811975149, 40.738696119528107 ], [ -73.951878469584798, 40.738696597002807 ], [ -73.951878208634355, 40.738697146380339 ], [ -73.95187803065285, 40.738697785251652 ], [ -73.951877898946194, 40.738699307508988 ], [ -73.951878252003169, 40.738702053414166 ], [ -73.951880400586134, 40.738709897730303 ], [ -73.951880684461784, 40.738711456346984 ], [ -73.951880695302791, 40.738712608598064 ], [ -73.95188060027688, 40.738713050493004 ], [ -73.95188044628398, 40.738713409940317 ], [ -73.951880339572767, 40.738713563684954 ], [ -73.951880220320959, 40.7387136986614 ], [ -73.951880089636091, 40.738713806158756 ], [ -73.951879935831087, 40.738713905437642 ], [ -73.951879758259466, 40.738713976729684 ], [ -73.951879569681367, 40.738714039808336 ], [ -73.95187936768761, 40.738714075909648 ], [ -73.951879143241953, 40.738714093406131 ], [ -73.951878645273425, 40.738714075607795 ], [ -73.951878065864946, 40.738713985906585 ], [ -73.951857884440756, 40.738708295311632 ], [ -73.951812693313613, 40.738694183253429 ], [ -73.951717149697558, 40.738665218966197 ], [ -73.951542029566511, 40.738611258202269 ], [ -73.950645217332934, 40.738364472152284 ], [ -73.950509738895775, 40.738322684524164 ], [ -73.950464582805196, 40.738309580795075 ], [ -73.950387481976989, 40.738284837125704 ], [ -73.9502194406016, 40.738221531600381 ], [ -73.950048485374168, 40.738158052683225 ], [ -73.949965164699336, 40.738124481076113 ], [ -73.949647716788775, 40.737997731112209 ], [ -73.9494843055123, 40.73793385945843 ], [ -73.949397010001604, 40.737899664339878 ], [ -73.949257432886043, 40.737844987804415 ], [ -73.948843774007742, 40.737685891913799 ], [ -73.948612003847686, 40.737595450101686 ], [ -73.948584083261068, 40.737584550264629 ], [ -73.94840521772187, 40.737513834593415 ], [ -73.948122916570597, 40.737397154608466 ], [ -73.948106753030331, 40.737433707959468 ], [ -73.94809172682271, 40.737467704864763 ], [ -73.947542114927927, 40.73727891654837 ], [ -73.947201495855765, 40.737166448819679 ], [ -73.947181397938408, 40.737161253152614 ], [ -73.94716178589232, 40.737154931759768 ], [ -73.947136341426827, 40.737144654229979 ], [ -73.947095572083199, 40.737124860017161 ], [ -73.9470493494224, 40.737099957579268 ], [ -73.947036179876406, 40.737091793655722 ], [ -73.947034002436709, 40.73709027972302 ], [ -73.947005700339773, 40.737070617526463 ], [ -73.946988611808152, 40.737061064004926 ], [ -73.946968279780577, 40.737052598579247 ], [ -73.946910476500449, 40.73703173433762 ], [ -73.946859908361887, 40.737007388688156 ], [ -73.946839777488691, 40.736999148990655 ], [ -73.946821574327913, 40.73699376416026 ], [ -73.946778240127344, 40.736984018896571 ], [ -73.946759254602469, 40.736978723656435 ], [ -73.946699190529301, 40.736957750711291 ], [ -73.946615895204658, 40.736924554960375 ], [ -73.946580506489894, 40.736944268977176 ], [ -73.946523528547857, 40.736926853958174 ], [ -73.94644229140863, 40.736780626263169 ], [ -73.946661748433414, 40.736365663237017 ], [ -73.946675153591059, 40.736340624072056 ], [ -73.946903768214696, 40.735913658178724 ], [ -73.947001445895495, 40.735716910834057 ], [ -73.94719983367159, 40.735355177611581 ], [ -73.947186911184573, 40.735230782100452 ], [ -73.947157758599204, 40.735032297251571 ], [ -73.947086434635011, 40.734545915489548 ], [ -73.947065329153872, 40.734401992819258 ], [ -73.946598067073523, 40.734442224347319 ], [ -73.94662261694711, 40.734558057185978 ], [ -73.946739080729657, 40.735282693841029 ], [ -73.9466990732422, 40.735356082084422 ], [ -73.946560038948562, 40.735603063082948 ], [ -73.946554642850273, 40.735613005955486 ], [ -73.94654745138962, 40.735625669126932 ], [ -73.946541768424979, 40.735636026828772 ], [ -73.946528787871699, 40.735659277665128 ], [ -73.946513046416726, 40.73568744897792 ], [ -73.94649010509518, 40.735728559703439 ], [ -73.946464504587382, 40.735774875408133 ], [ -73.946443100741845, 40.735813184455736 ], [ -73.946430512569506, 40.735835358937848 ], [ -73.946400506758664, 40.735889068536906 ], [ -73.946307200906247, 40.73605751950619 ], [ -73.946247482969198, 40.736166165226997 ], [ -73.946171958815114, 40.736202888774265 ], [ -73.945873105628905, 40.736101831258161 ], [ -73.945570484572173, 40.736612303910441 ], [ -73.945532599052811, 40.736605080517805 ], [ -73.94551998044129, 40.736590662918253 ], [ -73.945545284852088, 40.736537832854609 ], [ -73.945415849864133, 40.736501744008194 ], [ -73.94540003127122, 40.736537764078768 ], [ -73.945358971799038, 40.736549754575918 ], [ -73.945207437018013, 40.736508850516152 ], [ -73.945201139387834, 40.736487230408301 ], [ -73.945220121151692, 40.736444005718894 ], [ -73.945078066723084, 40.736393497684873 ], [ -73.945059083340666, 40.736439125182415 ], [ -73.945033814247836, 40.736448720264022 ], [ -73.944999088894875, 40.736436693712641 ], [ -73.944999104755965, 40.736417478770534 ], [ -73.945254922795627, 40.735892789003792 ], [ -73.945185071813185, 40.73547915267784 ], [ -73.945032990319234, 40.735428615683368 ], [ -73.945027857671249, 40.735450523016645 ], [ -73.945021799300676, 40.735474906116593 ], [ -73.945006422120926, 40.735531441809137 ], [ -73.944990585329563, 40.735570308764608 ], [ -73.944961244835838, 40.735634249150849 ], [ -73.944923092273896, 40.735702786597052 ], [ -73.944885404249703, 40.73576637049451 ], [ -73.944862140460572, 40.735810538937173 ], [ -73.944836534148195, 40.735867781191303 ], [ -73.944785512709117, 40.735964543315227 ], [ -73.944772720807634, 40.735985761277171 ], [ -73.944759210214897, 40.736004107824286 ], [ -73.944739540678171, 40.736024242775052 ], [ -73.944690520589788, 40.736064138286196 ], [ -73.944670947421159, 40.736082752131068 ], [ -73.94463300629036, 40.736123850251488 ], [ -73.944612729945064, 40.736147398742837 ], [ -73.944577261124806, 40.736191181304982 ], [ -73.944567662413462, 40.736202821114496 ], [ -73.944549625304987, 40.736224657881799 ], [ -73.944549032995226, 40.736225288333728 ], [ -73.944548370026354, 40.736225873184424 ], [ -73.94454679443372, 40.736226925832142 ], [ -73.944544887742154, 40.736227807610923 ], [ -73.944542613803023, 40.736228553683937 ], [ -73.94453916861201, 40.736229317788265 ], [ -73.944527151120909, 40.736231013733857 ], [ -73.944524297878957, 40.736231580609179 ], [ -73.944521917183437, 40.736232254091384 ], [ -73.944520069635956, 40.736232991490439 ], [ -73.944518505887714, 40.736233837248292 ], [ -73.944517215336617, 40.736234828048126 ], [ -73.944516172451316, 40.736235944109559 ], [ -73.944515650681396, 40.736236762895047 ], [ -73.944515342566191, 40.736237555481836 ], [ -73.944515271539643, 40.7362379511451 ], [ -73.944515247430914, 40.736238338789725 ], [ -73.944515281679088, 40.736238734503736 ], [ -73.944515376507795, 40.736239112824173 ], [ -73.944515518460605, 40.736239499878685 ], [ -73.944515707992124, 40.736239878747341 ], [ -73.944516263020503, 40.736240644275632 ], [ -73.944517044022007, 40.736241401704007 ], [ -73.944518050094786, 40.736242176160985 ], [ -73.9445200849663, 40.736243411141231 ], [ -73.944522806031813, 40.736244735408597 ], [ -73.944536913641784, 40.736250667614897 ], [ -73.944539989434318, 40.73625235323972 ], [ -73.94454119610873, 40.736253172857722 ], [ -73.944542202804186, 40.736253993552083 ], [ -73.944542983116293, 40.736254785992962 ], [ -73.944543634102175, 40.736255632817667 ], [ -73.944544153559988, 40.736256533355025 ], [ -73.944544543896313, 40.736257506871752 ], [ -73.944544791480126, 40.736258524714231 ], [ -73.94454492119894, 40.736259586391874 ], [ -73.944544752572881, 40.736261874387097 ], [ -73.944544041140887, 40.736264323448914 ], [ -73.9445428076356, 40.736266897401592 ], [ -73.94454106488925, 40.736269526057676 ], [ -73.9445388600858, 40.736272146282431 ], [ -73.944533221058535, 40.736277168690286 ], [ -73.944530011233851, 40.736279337114496 ], [ -73.944526671304189, 40.736281172265812 ], [ -73.944520087357375, 40.736283654181648 ], [ -73.944515421174003, 40.736284390892799 ], [ -73.944492420817497, 40.736283073772576 ], [ -73.944481388317328, 40.736281493035534 ], [ -73.944464082381543, 40.736278726200354 ], [ -73.944428371963497, 40.736270278706904 ], [ -73.94439089670874, 40.736258737644164 ], [ -73.94432355082688, 40.736232590911648 ], [ -73.944222487169242, 40.736187720133245 ], [ -73.943299680176125, 40.735823612230718 ], [ -73.943213476529465, 40.73579053001616 ], [ -73.943167883200303, 40.735767508652373 ], [ -73.943105070928326, 40.735735797710205 ], [ -73.943006911108085, 40.735688651951122 ], [ -73.942944143114119, 40.735660191793976 ], [ -73.942880440322199, 40.735632947046014 ], [ -73.942841896053594, 40.735617232365591 ], [ -73.942394435424291, 40.735425749947552 ], [ -73.94212245962963, 40.735233761406271 ], [ -73.942105365968857, 40.735219038124711 ], [ -73.941968921301239, 40.735118976403506 ], [ -73.941772310777168, 40.734982081389958 ], [ -73.941738195898552, 40.734950717917599 ], [ -73.941791891610222, 40.734912896647479 ], [ -73.941786166415667, 40.734894936923261 ], [ -73.941763065035204, 40.73485938231849 ], [ -73.94169368832172, 40.734769378111388 ], [ -73.941606581968628, 40.734687702163896 ], [ -73.94154566832448, 40.734734335934824 ], [ -73.941298018568077, 40.734376293433677 ], [ -73.941147467019519, 40.734152927537586 ], [ -73.940997465999175, 40.733790485555829 ], [ -73.941156158094131, 40.733748909609886 ], [ -73.941135339553441, 40.733702811250005 ], [ -73.941038432747817, 40.733488260203018 ], [ -73.940942075487783, 40.733508652078491 ], [ -73.940929146814454, 40.733511391877215 ], [ -73.940917580516967, 40.733484047121372 ], [ -73.940899121160243, 40.733440382915191 ], [ -73.940818172258972, 40.733248908937696 ], [ -73.940725620549941, 40.733291185407097 ], [ -73.9406442348713, 40.733170511479592 ], [ -73.940591127464486, 40.733091765717731 ], [ -73.940568689302509, 40.733058494257676 ], [ -73.940684916013382, 40.733017077124558 ], [ -73.940366589529518, 40.732212586914841 ], [ -73.939887851461975, 40.731295621033638 ], [ -73.939813226254515, 40.73115268891209 ], [ -73.939746077541542, 40.7310654754721 ], [ -73.938915034770687, 40.730383794733243 ], [ -73.938561204125065, 40.730133643218736 ], [ -73.938103349606664, 40.729728519521373 ], [ -73.93808900912056, 40.729746846260504 ], [ -73.937295112629343, 40.729300556787393 ], [ -73.937118745079488, 40.729189932065005 ], [ -73.9369312479987, 40.729108091265587 ], [ -73.936840013780866, 40.729087913938308 ], [ -73.93655894374993, 40.729017826267032 ], [ -73.936082454865826, 40.728882711852073 ], [ -73.935635912336565, 40.728751952652772 ], [ -73.935614539811525, 40.72874598563439 ], [ -73.935274381680273, 40.728651018570943 ], [ -73.935011932021695, 40.72857242722862 ], [ -73.934929263919216, 40.72854391525042 ], [ -73.934808457211147, 40.72852861020128 ], [ -73.934417419037118, 40.728472590546872 ], [ -73.934209485641233, 40.728443880322494 ], [ -73.934222067411767, 40.728390517370563 ], [ -73.934154215622371, 40.728381653118142 ], [ -73.933766760752249, 40.728333938937958 ], [ -73.933527616527016, 40.728307397590072 ], [ -73.933499481943784, 40.728304139201498 ], [ -73.933485559816432, 40.728294414781395 ], [ -73.933482719993677, 40.728281563343401 ], [ -73.933257298056077, 40.728240702814794 ], [ -73.933016586101175, 40.728210342233652 ], [ -73.93291116235261, 40.728233315941708 ], [ -73.932626826616271, 40.728180613563481 ], [ -73.932407898661864, 40.72814592383736 ], [ -73.932387003678699, 40.728147694556213 ], [ -73.932360906291549, 40.728167769864513 ], [ -73.932345988498241, 40.728182393884715 ], [ -73.93213397515774, 40.72815960343371 ], [ -73.932004204538146, 40.728145082893484 ], [ -73.931960852936641, 40.728125624359599 ], [ -73.931881254928982, 40.728095382794116 ], [ -73.931748413220092, 40.728053727696711 ], [ -73.931683178266923, 40.728031726599589 ], [ -73.931668587496944, 40.728038282306905 ], [ -73.931573561868831, 40.72801829455836 ], [ -73.931207701513429, 40.727941338624376 ], [ -73.930804791317613, 40.727848839261732 ], [ -73.930722542345492, 40.727841072689685 ], [ -73.930326355599561, 40.727795142248951 ], [ -73.929918127280047, 40.727638898356311 ], [ -73.929743846967952, 40.727573639851215 ], [ -73.929660421981822, 40.727533219678932 ], [ -73.929612550602499, 40.727560178974322 ], [ -73.929602075623691, 40.727574315843313 ], [ -73.929630299712187, 40.727586810147933 ], [ -73.929618067882473, 40.727603242735476 ], [ -73.929600201526938, 40.727616097527587 ], [ -73.929580206908796, 40.727612820708693 ], [ -73.929511177388719, 40.727569931176731 ], [ -73.929424763048402, 40.727511752012589 ], [ -73.929375886037775, 40.727479969538848 ], [ -73.929287875425501, 40.727425504028787 ], [ -73.929243339483918, 40.727397942318667 ], [ -73.929268988935434, 40.727365215321171 ], [ -73.929243412534632, 40.727342000343846 ], [ -73.929179341922151, 40.727283844605509 ], [ -73.929111026147552, 40.727219740527666 ], [ -73.928897487331682, 40.727027763994045 ], [ -73.928494185401618, 40.726614603307901 ], [ -73.928337380130174, 40.726417582698609 ], [ -73.928158707256415, 40.726205230757778 ], [ -73.928130747438303, 40.726172686824441 ], [ -73.928054295343046, 40.726072340162645 ], [ -73.927955140734682, 40.725916517513639 ], [ -73.927939126252099, 40.72588372904579 ], [ -73.927927543628513, 40.725879056847127 ], [ -73.927901718560648, 40.725875780441626 ], [ -73.927882576652067, 40.725866484625485 ], [ -73.927871724050263, 40.7258540511977 ], [ -73.927864319970467, 40.725826679058329 ], [ -73.927858953852109, 40.725754598997234 ], [ -73.92780287168226, 40.725010267181631 ], [ -73.927796501041314, 40.724925668713652 ], [ -73.927202759634596, 40.723652947186167 ], [ -73.925614705166225, 40.720061662212473 ], [ -73.924817989436988, 40.720265137475344 ], [ -73.924815371580152, 40.720225558550844 ], [ -73.924708916557321, 40.719998875566368 ], [ -73.924710984417317, 40.719991195476872 ], [ -73.924745031081159, 40.719985247246264 ], [ -73.924676223692018, 40.719885695983407 ], [ -73.924797012627081, 40.719853007359909 ], [ -73.931605724101374, 40.718010524407838 ], [ -73.934704514152315, 40.717208821689347 ], [ -73.936339250420843, 40.716779527288054 ], [ -73.93787883605178, 40.716362171546329 ], [ -73.939017334635494, 40.716064693718963 ], [ -73.94002261567158, 40.715812412302292 ], [ -73.941227663334431, 40.715519134759511 ], [ -73.942160769251487, 40.715063048003245 ], [ -73.942065848899162, 40.714728865590615 ], [ -73.942462005441442, 40.714704911573428 ], [ -73.942706380943051, 40.714689483264884 ], [ -73.94438746472602, 40.714531601630341 ], [ -73.946069950973865, 40.714372020668073 ], [ -73.947718910517111, 40.714215696491813 ], [ -73.949372319166812, 40.714066878980141 ], [ -73.951623663214178, 40.714066360919325 ], [ -73.952910497986053, 40.714060986641101 ], [ -73.953031494199521, 40.714062847706423 ], [ -73.953164976028006, 40.714065097864093 ], [ -73.953252729094714, 40.714065629746102 ], [ -73.953484720987632, 40.714070208078418 ], [ -73.95433904157251, 40.714071702349422 ], [ -73.954655947525481, 40.714074979795406 ], [ -73.955329400784663, 40.714072676739185 ], [ -73.955993881575822, 40.714091987342719 ], [ -73.956269194849597, 40.714158378146308 ], [ -73.957559159488582, 40.714498893561156 ], [ -73.958811536104989, 40.714824451729122 ], [ -73.959474036416722, 40.714997593073846 ], [ -73.960436748368053, 40.71530609154896 ], [ -73.96191191708057, 40.71592926498532 ], [ -73.963391660810174, 40.716765391819195 ], [ -73.96472636193765, 40.717519814478891 ], [ -73.965203523554692, 40.7177877698117 ], [ -73.966059331649063, 40.718258156081809 ], [ -73.966159000457722, 40.718288824575211 ], [ -73.966141941262393, 40.718303617709026 ], [ -73.96575996467422, 40.718689034779132 ], [ -73.966345806021963, 40.719016141341037 ], [ -73.966375121015048, 40.71898467027372 ], [ -73.966636008296533, 40.719130142712686 ], [ -73.966548632981954, 40.71922157595251 ], [ -73.966513710463403, 40.719202805475724 ], [ -73.966467457145868, 40.719243440221227 ], [ -73.966480756496068, 40.719356791071625 ], [ -73.966507370995501, 40.719358660375214 ], [ -73.966523415070938, 40.719368493505399 ], [ -73.966534760321807, 40.719380707666666 ], [ -73.966538667723825, 40.719395599089388 ], [ -73.96653591996467, 40.719411979063914 ], [ -73.966528869284232, 40.719420613692364 ], [ -73.966514536672221, 40.719430974241924 ], [ -73.966491361597804, 40.719436208911027 ], [ -73.966458794440641, 40.719433340415016 ], [ -73.966440639458483, 40.719419992282837 ], [ -73.966433135440866, 40.71939664104373 ], [ -73.966436900086663, 40.719382346909526 ], [ -73.966445674246401, 40.719370912578029 ], [ -73.966465094494055, 40.719360434909987 ], [ -73.96644323350931, 40.719243203651658 ], [ -73.966501504862549, 40.719191280434686 ], [ -73.966466441289043, 40.719174591423361 ], [ -73.966449063861845, 40.719179141582707 ], [ -73.966436870730433, 40.71913982534457 ], [ -73.966366431390227, 40.71910049160136 ], [ -73.966322276201382, 40.719104052376096 ], [ -73.966363638514196, 40.719050456048301 ], [ -73.965742671428075, 40.718706877777159 ], [ -73.965524296930326, 40.718919342001001 ], [ -73.965119504162246, 40.719226893997416 ], [ -73.965178112970975, 40.719267095616871 ], [ -73.965231067979062, 40.7193116075685 ], [ -73.96527782439118, 40.719359971928036 ], [ -73.96531790117794, 40.719411691137971 ], [ -73.96535088602495, 40.719466233125914 ], [ -73.965376439574996, 40.719523036778199 ], [ -73.965394298920017, 40.719581517712321 ], [ -73.965404280306373, 40.719641074288802 ], [ -73.965406281026247, 40.719701093800467 ], [ -73.965400280475023, 40.719760958776014 ], [ -73.965386340364191, 40.719820053332306 ], [ -73.965371029263522, 40.719896859394851 ], [ -73.965347680434405, 40.719972485392141 ], [ -73.965316443931926, 40.720046445213605 ], [ -73.965277520513695, 40.720118263456932 ], [ -73.965231160349845, 40.72018747848405 ], [ -73.965177661415652, 40.720253645388674 ], [ -73.965117367576582, 40.720316338856158 ], [ -73.965676556988569, 40.720678960540397 ], [ -73.965598233114008, 40.720744458402542 ], [ -73.965032783941552, 40.720377069475163 ], [ -73.964479462230997, 40.720036188255605 ], [ -73.964381908892776, 40.720139424660474 ], [ -73.964333597367727, 40.720208319680467 ], [ -73.964447549196521, 40.720276973906053 ], [ -73.964334754641115, 40.720386538911256 ], [ -73.964397356616786, 40.720441833923971 ], [ -73.964864409273844, 40.720775541860696 ], [ -73.964925816917841, 40.720720284447083 ], [ -73.965031001305789, 40.720790841371162 ], [ -73.964930743002668, 40.720881350063372 ], [ -73.96485304211545, 40.720952804859635 ], [ -73.964752871909567, 40.720877483842472 ], [ -73.96483433609437, 40.720795546938206 ], [ -73.964361079563275, 40.720477239877184 ], [ -73.964274624972703, 40.720575767593928 ], [ -73.964950597366908, 40.721424181604363 ], [ -73.964842848634504, 40.721464176094642 ], [ -73.96420193098605, 40.720653893754445 ], [ -73.964065912442607, 40.720799910962427 ], [ -73.964375043011501, 40.720992550768635 ], [ -73.964308463033319, 40.7210556694884 ], [ -73.964026174585527, 40.72088089256598 ], [ -73.963997937244628, 40.720938438072785 ], [ -73.963559584242503, 40.721539487468455 ], [ -73.963538553484597, 40.721573378514186 ], [ -73.96343759486868, 40.721559095162135 ], [ -73.963415227548865, 40.721581627445126 ], [ -73.962965664030165, 40.722034477122925 ], [ -73.962756654887272, 40.722399015126328 ], [ -73.96225346320189, 40.723532297546278 ], [ -73.96223504964324, 40.723570259265252 ], [ -73.962072718778245, 40.723880300402747 ], [ -73.962467900110568, 40.724131579601291 ], [ -73.962471951129046, 40.724174989273543 ], [ -73.962443409114272, 40.724199785481382 ], [ -73.962390430446334, 40.724193567186809 ], [ -73.962365968894389, 40.724209061614282 ], [ -73.962007448651036, 40.723991901105443 ], [ -73.96190256113978, 40.724098289978357 ], [ -73.961894267782455, 40.724106702101331 ], [ -73.961659842352873, 40.724860454462863 ], [ -73.962114615668355, 40.725148063398933 ], [ -73.961902396431597, 40.725320500308555 ], [ -73.961760703508119, 40.725228791608195 ], [ -73.961536793586944, 40.725108918852129 ], [ -73.961412635778444, 40.725177219492686 ], [ -73.961163663683891, 40.725264606333532 ], [ -73.960432302406119, 40.725114108660549 ], [ -73.960366510363599, 40.725047309385921 ], [ -73.958759281698917, 40.724541354369599 ], [ -73.958330782269101, 40.72441170076619 ], [ -73.958142925071158, 40.724404283900085 ], [ -73.958039167416644, 40.724427440878671 ], [ -73.957941834894967, 40.724649202699936 ], [ -73.957950962132387, 40.725036439168427 ], [ -73.958275882237302, 40.725167457041024 ], [ -73.95835177078861, 40.725198057301746 ], [ -73.958426118439235, 40.725400535832179 ], [ -73.960124971332434, 40.725319636636932 ], [ -73.960285449442111, 40.725948122413001 ], [ -73.96106343511704, 40.72584489918551 ], [ -73.96161518901998, 40.725865563074301 ], [ -73.961652807620368, 40.726203926230909 ], [ -73.96161716963762, 40.726661421991047 ], [ -73.961499201053414, 40.726751090622713 ], [ -73.961418268869593, 40.727356179704941 ], [ -73.961141593124665, 40.72810372540458 ], [ -73.961016881366604, 40.728704440101765 ], [ -73.961150932536398, 40.729536204770689 ], [ -73.961282620082102, 40.730061025010343 ], [ -73.961341842442764, 40.730063677588092 ], [ -73.961404723952427, 40.730061052264027 ], [ -73.961401719177587, 40.730111026113413 ], [ -73.961686706590697, 40.730081868801122 ], [ -73.961910287472435, 40.729962580615421 ], [ -73.96188586360671, 40.729952565667922 ], [ -73.961959204527972, 40.729859668448043 ], [ -73.962024962665225, 40.729885422237793 ], [ -73.961977949449846, 40.729944018749798 ], [ -73.962214744592785, 40.72991693577675 ], [ -73.962419642787566, 40.729801208114097 ], [ -73.962485465792426, 40.729711167615037 ], [ -73.962549339523306, 40.729744067846568 ], [ -73.962477877138298, 40.729836966055629 ], [ -73.962451574181117, 40.729828380120068 ], [ -73.962267353683515, 40.729931248239502 ], [ -73.962252288765768, 40.729985566981945 ], [ -73.962194635035203, 40.729975973755607 ], [ -73.96220156915895, 40.72995409923714 ], [ -73.961944099280316, 40.729986894374761 ], [ -73.961707242166696, 40.730121194792247 ], [ -73.961352790777084, 40.730151957053216 ], [ -73.961284507884017, 40.730159061701649 ], [ -73.961301436730878, 40.730252942924722 ], [ -73.961428436979332, 40.730946392610235 ], [ -73.961674467064029, 40.731481253552538 ], [ -73.961990502266147, 40.731466565708466 ], [ -73.961998003523007, 40.73149325315422 ], [ -73.962900068031004, 40.73144780167744 ], [ -73.962902585675351, 40.7314287411495 ], [ -73.963200765375717, 40.731417400624736 ], [ -73.963198296730027, 40.731350686907774 ], [ -73.963280986638821, 40.731343088836461 ], [ -73.963280974034802, 40.731365962070981 ], [ -73.963559119913484, 40.731335553391609 ], [ -73.963551641529719, 40.731263119744511 ], [ -73.963659392328793, 40.731249811482094 ], [ -73.963699381390626, 40.731436619557265 ], [ -73.963584109657319, 40.731457550282279 ], [ -73.963566616573033, 40.731371771152318 ], [ -73.963280957229486, 40.731396459605179 ], [ -73.963293431618382, 40.731495579328509 ], [ -73.962907547849369, 40.731516422963907 ], [ -73.962915054782982, 40.731533580100873 ], [ -73.961970393697882, 40.731577111685461 ], [ -73.961970407839459, 40.731552332670049 ], [ -73.961712894807576, 40.731566113845147 ], [ -73.961754956423235, 40.731664678165117 ], [ -73.962034584986256, 40.732380370042385 ], [ -73.962263404893648, 40.732915551623741 ], [ -73.962303918045151, 40.733113660479418 ], [ -73.962340621941223, 40.733389226632916 ], [ -73.962308376306908, 40.733532324263599 ], [ -73.962331776568831, 40.733623024070077 ], [ -73.962328503246653, 40.733754340827446 ], [ -73.962285202369273, 40.734047695876697 ], [ -73.962185528773176, 40.734249016632823 ], [ -73.962090344499103, 40.734507997873642 ], [ -73.961984778704903, 40.734638033148187 ], [ -73.96190964676353, 40.734750806246659 ], [ -73.961762084588528, 40.734891614779187 ], [ -73.961574943067461, 40.735179614928633 ], [ -73.961190031340294, 40.735602796583024 ], [ -73.960519167179797, 40.736342192300128 ], [ -73.960511550461788, 40.736350608897567 ], [ -73.96046748142291, 40.736399645352947 ], [ -73.960422622343401, 40.736444556013538 ], [ -73.960295570447713, 40.736562919799987 ], [ -73.960238630890728, 40.736613761013857 ], [ -73.96022288450321, 40.736636655602453 ], [ -73.960215775085373, 40.736645181079886 ], [ -73.960187653076218, 40.736675472873067 ], [ -73.960147318429804, 40.736715693746071 ], [ -73.960095214196699, 40.736758548733327 ], [ -73.960077135549255, 40.736778561038705 ], [ -73.960033831845109, 40.736834313892999 ], [ -73.96000106579136, 40.736869134612903 ], [ -73.959916592134107, 40.736954050356324 ], [ -73.95989501952846, 40.7369790590649 ], [ -73.959850814177926, 40.737036855859913 ], [ -73.959829311478416, 40.737060900633203 ], [ -73.959815832526687, 40.737072737871308 ], [ -73.959799073382101, 40.73708439336928 ], [ -73.959779745552197, 40.73709566098168 ], [ -73.959722439193328, 40.737126312529043 ], [ -73.959705859090704, 40.737136852014963 ], [ -73.959692250363943, 40.737147257009632 ], [ -73.959665432361035, 40.737172164495377 ], [ -73.959602398683941, 40.737236951506198 ], [ -73.959583114523298, 40.737254163105725 ], [ -73.959564317850166, 40.737268671834322 ], [ -73.959470100191695, 40.737334781831315 ], [ -73.959401383288437, 40.737381016027385 ], [ -73.959368729149958, 40.737404328376961 ], [ -73.959305741275784, 40.737452068588887 ], [ -73.959191075567929, 40.737539116286541 ], [ -73.959163729628699, 40.73755700896853 ], [ -73.959109904108914, 40.737586039787864 ], [ -73.959089534049383, 40.737598009016885 ], [ -73.95902797086994, 40.737637357848662 ], [ -73.958988565897144, 40.737664727690365 ], [ -73.95888819766131, 40.737741163523495 ], [ -73.958833320456492, 40.737785467220426 ], [ -73.958824744774702, 40.737790803221358 ], [ -73.95881432450598, 40.737795833998959 ], [ -73.958777970552717, 40.737809445915033 ], [ -73.958765429990848, 40.737814808469153 ], [ -73.958730363138343, 40.737833742474976 ], [ -73.958678003055667, 40.737866492702942 ], [ -73.958640310183242, 40.737899942069838 ], [ -73.958613423050735, 40.737921202065941 ], [ -73.958487469158172, 40.73801668347334 ], [ -73.958458686808186, 40.738039203050988 ], [ -73.958431895181732, 40.738058644372103 ], [ -73.958375079027846, 40.738096949368732 ], [ -73.958312355132648, 40.738137026470888 ], [ -73.958242135509551, 40.7381799196203 ], [ -73.95815588076826, 40.738230830410977 ], [ -73.957959871173429, 40.738348391373101 ], [ -73.957894246999217, 40.738386405272642 ], [ -73.957854441484628, 40.738410109769845 ], [ -73.957764880761246, 40.738464359365189 ], [ -73.957716736770408, 40.738493320247443 ], [ -73.957634096070265, 40.738538117761429 ], [ -73.957547038614706, 40.738582245995133 ], [ -73.957418235160304, 40.73864924183502 ], [ -73.957154795333125, 40.738776321620264 ], [ -73.95709329518273, 40.738805989258246 ], [ -73.956958510730445, 40.738873873259067 ], [ -73.956946407931369, 40.738879182002073 ], [ -73.956930028651158, 40.73888707307156 ], [ -73.956918200096553, 40.738888914788035 ], [ -73.956903472918839, 40.738889962683785 ], [ -73.956778169144371, 40.738905593179425 ], [ -73.955640045761029, 40.739044316710078 ], [ -73.955635155307618, 40.739044701812198 ], [ -73.955630041118269, 40.739044699841962 ], [ -73.955614543191388, 40.73904581043336 ], [ -73.9555833632283, 40.739040071187631 ], [ -73.955530671509194, 40.739032693262288 ], [ -73.955196609133893, 40.739084541693671 ], [ -73.954922804931599, 40.739103300665022 ], [ -73.954807575668895, 40.739118842997634 ], [ -73.954763140203866, 40.739123535556296 ], [ -73.954715332534803, 40.739126541959038 ], [ -73.954663215000195, 40.739127953134393 ], [ -73.95460353380129, 40.739127848374146 ], [ -73.954546448190882, 40.73912491692959 ], [ -73.954441251132579, 40.739117653970013 ], [ -73.954395554170873, 40.739114772522534 ] ] ] ] } },
{ "type": "Feature", "properties": { "Precinct": 108, "Shape_Length": "73,735.4441211", "Shape_Area": "139,470,101.521", "in_manhattan": true }, "geometry": { "type": "MultiPolygon", "coordinates": [ [ [ [ -73.961177124596077, 40.749758174215444 ], [ -73.96132845481047, 40.749600957624516 ], [ -73.961333034076389, 40.74960362048197 ], [ -73.961181134339327, 40.749760615584876 ], [ -73.961177124596077, 40.749758174215444 ] ] ], [ [ [ -73.960391705725357, 40.750256186117319 ], [ -73.960710967448676, 40.749986648770523 ], [ -73.960661615178779, 40.750042868434193 ], [ -73.960391705725357, 40.750256186117319 ] ] ], [ [ [ -73.9590324860946, 40.751386422771247 ], [ -73.95902757442488, 40.751297369850981 ], [ -73.959039759873519, 40.751392485111666 ], [ -73.958684969420005, 40.751573769218354 ], [ -73.9590324860946, 40.751386422771247 ] ] ], [ [ [ -73.937811626427973, 40.749897478722723 ], [ -73.937429736356549, 40.749751093780432 ], [ -73.936745447261686, 40.749960240461569 ], [ -73.936160869661393, 40.749674069921205 ], [ -73.936456605491884, 40.749412569484051 ], [ -73.936756971031258, 40.749146972293502 ], [ -73.937396536939914, 40.748916440465464 ], [ -73.936834805464571, 40.74839455191637 ], [ -73.935387073876541, 40.749411544113869 ], [ -73.933939622040882, 40.750269996204459 ], [ -73.933040025718867, 40.750604093977067 ], [ -73.931526172444109, 40.751166295678523 ], [ -73.926515403887194, 40.751513437276337 ], [ -73.924639522068674, 40.75164333959011 ], [ -73.924633695361152, 40.751643346834598 ], [ -73.924621631132325, 40.751643335589911 ], [ -73.922550471756381, 40.751576579005771 ], [ -73.922339336759947, 40.7515585004966 ], [ -73.922125974885418, 40.751523336114829 ], [ -73.921916003601908, 40.751470237450455 ], [ -73.92171279307199, 40.751399204299169 ], [ -73.921518588503446, 40.751311095289623 ], [ -73.921339003613966, 40.75120762088919 ], [ -73.921176282944913, 40.751090492305842 ], [ -73.921032670107721, 40.750961417067259 ], [ -73.920910408697964, 40.750824669371781 ], [ -73.920809493731753, 40.750681957715344 ], [ -73.920538799596244, 40.749750750316259 ], [ -73.920213337666283, 40.749810801083626 ], [ -73.915256009314859, 40.750845625945743 ], [ -73.913143566090781, 40.750966842061402 ], [ -73.912671709200595, 40.751064712077209 ], [ -73.90984318646106, 40.751638679830556 ], [ -73.910341118671056, 40.752676815017068 ], [ -73.910674748971189, 40.752995076324844 ], [ -73.910231247346559, 40.752976523473379 ], [ -73.90823661127834, 40.753162424544755 ], [ -73.907594259871999, 40.753222284605037 ], [ -73.906908897675038, 40.753284848735042 ], [ -73.906685459497595, 40.753307942350155 ], [ -73.90611708033336, 40.753378876287883 ], [ -73.905864403301052, 40.753403848243245 ], [ -73.904916913747542, 40.75350527789395 ], [ -73.9039228060483, 40.753611324135676 ], [ -73.90298912344582, 40.75370838254323 ], [ -73.902472130092434, 40.753763037953043 ], [ -73.902121203440331, 40.753801011978538 ], [ -73.90121347951424, 40.753902210583966 ], [ -73.900302762959498, 40.753991314280796 ], [ -73.899573484715674, 40.754063531864759 ], [ -73.899215467705801, 40.754106218946966 ], [ -73.8987381634023, 40.7541536704354 ], [ -73.89862947442532, 40.754161523115158 ], [ -73.898566449328015, 40.75406578727128 ], [ -73.898318926737574, 40.753689797733529 ], [ -73.897934465628111, 40.753112118600285 ], [ -73.897726651443875, 40.752758803733556 ], [ -73.897706587123437, 40.75271237933044 ], [ -73.897672459538882, 40.752636783331603 ], [ -73.8976409549811, 40.752560531442391 ], [ -73.897612093406849, 40.752483676956004 ], [ -73.897585895435, 40.752406272160883 ], [ -73.897517133861328, 40.752123456325172 ], [ -73.897498206263037, 40.752045603308083 ], [ -73.897467444612943, 40.751768663711395 ], [ -73.897421969838163, 40.751541617713272 ], [ -73.897372767924452, 40.751292785441294 ], [ -73.897346634160101, 40.751160617328743 ], [ -73.897289720278039, 40.75087278121832 ], [ -73.897248729084438, 40.750702897384365 ], [ -73.897192209558852, 40.750468660563023 ], [ -73.897161345791758, 40.750351348750371 ], [ -73.897122831755127, 40.750235352044129 ], [ -73.897114438249432, 40.750212912787184 ], [ -73.897061874005459, 40.750087846872496 ], [ -73.897000392430741, 40.749965155348114 ], [ -73.896470001082392, 40.749086471987809 ], [ -73.896242455066158, 40.748719545581153 ], [ -73.896146737790417, 40.748562493081714 ], [ -73.896114450332306, 40.748509517124504 ], [ -73.896084919293926, 40.748461062162853 ], [ -73.895830333696438, 40.748013639934392 ], [ -73.895640712905987, 40.747707847423918 ], [ -73.895250881112688, 40.747049706955728 ], [ -73.89492567406154, 40.746482243074425 ], [ -73.894825646787453, 40.746492519814261 ], [ -73.894739812738806, 40.746503284208679 ], [ -73.894668053086065, 40.746511120821935 ], [ -73.894446888165078, 40.746535270310872 ], [ -73.893443138848212, 40.744957954639808 ], [ -73.892178707155168, 40.742872862184157 ], [ -73.89217865751209, 40.742872778039413 ], [ -73.89168988619096, 40.742144844198847 ], [ -73.891270179533407, 40.741428248287058 ], [ -73.890886702286409, 40.740687245163365 ], [ -73.890254279073687, 40.739392254151738 ], [ -73.890177442278002, 40.739234933841921 ], [ -73.890159836993035, 40.73919887908832 ], [ -73.890133667851416, 40.739144463467518 ], [ -73.890051514242614, 40.738973604367288 ], [ -73.889671634751039, 40.738315139994462 ], [ -73.888760788385568, 40.736536363794755 ], [ -73.888383376600231, 40.73575882226465 ], [ -73.888383171634302, 40.735758382308724 ], [ -73.88770199270428, 40.734291322758615 ], [ -73.888522859676314, 40.734531159513423 ], [ -73.889103189163833, 40.734592396461807 ], [ -73.889934506054175, 40.73455995674265 ], [ -73.891138527312307, 40.734512969163795 ], [ -73.891384979251768, 40.734504989053953 ], [ -73.891750164167391, 40.73448480973191 ], [ -73.892326440557625, 40.734470140259738 ], [ -73.892555546555386, 40.734478126310243 ], [ -73.892784056661554, 40.734495961746376 ], [ -73.893010881149934, 40.734523575700528 ], [ -73.893234943861202, 40.734560812055044 ], [ -73.89347408300172, 40.73460217804891 ], [ -73.89370905653054, 40.734657452784148 ], [ -73.893937806063377, 40.734726210045146 ], [ -73.894158355050422, 40.734807791682698 ], [ -73.894246448996611, 40.734841812664534 ], [ -73.894407596543957, 40.734899322646328 ], [ -73.8945753193575, 40.734946492315018 ], [ -73.894575449240094, 40.734946528117085 ], [ -73.894575578255768, 40.734946555039436 ], [ -73.894748089615049, 40.734982751493028 ], [ -73.894748278520979, 40.734982787348841 ], [ -73.894748479991449, 40.734982816180008 ], [ -73.894924217084508, 40.735007721178256 ], [ -73.895101334044, 40.735021183089451 ], [ -73.896029315026396, 40.735017891608138 ], [ -73.896599522000173, 40.735094503451471 ], [ -73.896911880385389, 40.735086601830986 ], [ -73.897832369419675, 40.735160353679753 ], [ -73.898068829936406, 40.735183598795849 ], [ -73.898068959861561, 40.735183608292331 ], [ -73.898069101460266, 40.735183617129032 ], [ -73.898307866900993, 40.735194175499601 ], [ -73.898307996166508, 40.735194184325124 ], [ -73.898308126766736, 40.735194184440459 ], [ -73.898547586626862, 40.735191910057104 ], [ -73.89854772823891, 40.735191910181854 ], [ -73.898547870966425, 40.735191900926125 ], [ -73.898786213180557, 40.735176819666336 ], [ -73.898786342913297, 40.735176810901443 ], [ -73.898786460765493, 40.735176794084829 ], [ -73.899022100322739, 40.735149085159478 ], [ -73.899229447690502, 40.735111597768935 ], [ -73.899433485320131, 40.73506259066847 ], [ -73.899632578957963, 40.735002358303056 ], [ -73.899825131063352, 40.734931395019579 ], [ -73.900009694126496, 40.734850320614747 ], [ -73.900097390543891, 40.734818505363897 ], [ -73.900182112085474, 40.734782327756101 ], [ -73.900263486521851, 40.734741948301043 ], [ -73.900341153055919, 40.734697542763925 ], [ -73.900414767377271, 40.734649309708459 ], [ -73.900484005638489, 40.734597462458915 ], [ -73.900548561590739, 40.734542230102448 ], [ -73.900608149230351, 40.734483854978556 ], [ -73.900662504552031, 40.734422598376071 ], [ -73.900711388651146, 40.734358727803844 ], [ -73.900910948234753, 40.734126036233313 ], [ -73.901079708342309, 40.733914634778749 ], [ -73.902596507544473, 40.73210442834511 ], [ -73.904168533333831, 40.730186591033672 ], [ -73.904219108310741, 40.730126012916891 ], [ -73.905180579197719, 40.728956576973772 ], [ -73.905577400156531, 40.728636684314637 ], [ -73.905724236377694, 40.72852001958622 ], [ -73.906730281290592, 40.727732682327833 ], [ -73.906875351793204, 40.727619178264689 ], [ -73.906930499776394, 40.727576030275294 ], [ -73.906989841088333, 40.727528999529106 ], [ -73.907068672294344, 40.727466522269424 ], [ -73.907122530784676, 40.727424728437839 ], [ -73.907247697905163, 40.727331519624116 ], [ -73.90733697476854, 40.727263971182772 ], [ -73.907409972907885, 40.727208738880179 ], [ -73.908046807924322, 40.726733887909496 ], [ -73.908891737034878, 40.726068425975924 ], [ -73.909716460153575, 40.725445956628747 ], [ -73.911345069014146, 40.724182171124518 ], [ -73.912571876777932, 40.723239634949387 ], [ -73.91316969717559, 40.723081527068388 ], [ -73.913848282428233, 40.722898413526011 ], [ -73.914236329145467, 40.722773694215128 ], [ -73.915977549151947, 40.722251691274849 ], [ -73.916106406769458, 40.722225887433936 ], [ -73.916106548388569, 40.722225860062743 ], [ -73.916106678127576, 40.722225824474059 ], [ -73.916231669005938, 40.722187436075515 ], [ -73.916231752052596, 40.722187409331639 ], [ -73.916231847221056, 40.722187373717667 ], [ -73.916349952368748, 40.72213698559468 ], [ -73.916350022214829, 40.722136949962206 ], [ -73.916458245539673, 40.722075866001177 ], [ -73.9164584231399, 40.722075766786624 ], [ -73.916458600773311, 40.722075641102862 ], [ -73.91655467946633, 40.722005506982534 ], [ -73.917893084555672, 40.722270696888735 ], [ -73.919038974824886, 40.722524494457012 ], [ -73.920067121734178, 40.722743048951443 ], [ -73.920531983343309, 40.722940342894987 ], [ -73.920275383407969, 40.723660785033374 ], [ -73.920152051899223, 40.72400393933512 ], [ -73.920126542656007, 40.724079254246568 ], [ -73.92223382329469, 40.725030857521361 ], [ -73.924784346539127, 40.724449755126741 ], [ -73.924903161651827, 40.724506575671455 ], [ -73.924987324342567, 40.724554933356806 ], [ -73.925065068949095, 40.72459485869971 ], [ -73.925136660413784, 40.724633924765186 ], [ -73.925138445936085, 40.724634988715849 ], [ -73.925169639012225, 40.724653469101149 ], [ -73.925282223122068, 40.724720873899095 ], [ -73.925301444866406, 40.724732979792442 ], [ -73.925395032555329, 40.724799840256019 ], [ -73.925523869989647, 40.72488741719075 ], [ -73.925538074178334, 40.724898241234484 ], [ -73.925687851280671, 40.725018034185894 ], [ -73.926199912730624, 40.725404087660145 ], [ -73.926228038922531, 40.725424042538769 ], [ -73.926556639123973, 40.725669065287249 ], [ -73.926572860348386, 40.725686428554276 ], [ -73.926619947180512, 40.725739318784349 ], [ -73.926926131104523, 40.726071764740794 ], [ -73.927087746912832, 40.726248430306079 ], [ -73.927137969570126, 40.726302393303726 ], [ -73.927234332343957, 40.726412055746835 ], [ -73.927217211199391, 40.726460645262925 ], [ -73.927761968009605, 40.726929864745316 ], [ -73.927852789441374, 40.726998990768898 ], [ -73.928109723104683, 40.727261380674456 ], [ -73.928283433451696, 40.727512090834388 ], [ -73.928485912203797, 40.727758579666187 ], [ -73.928556760854406, 40.727844828185582 ], [ -73.928614866242953, 40.727876559600453 ], [ -73.928655375073035, 40.727890680066579 ], [ -73.928708247809865, 40.727930275747106 ], [ -73.928775567561374, 40.72798068865886 ], [ -73.928819642845866, 40.72800861362817 ], [ -73.928898853117687, 40.728056596974028 ], [ -73.928934164230014, 40.72808101970282 ], [ -73.929102834848976, 40.728197678685753 ], [ -73.92923485876166, 40.728260165761078 ], [ -73.929392573708, 40.728308555994438 ], [ -73.929944151370563, 40.728433100350891 ], [ -73.93043971043015, 40.728563137787084 ], [ -73.930708714337342, 40.728606667604211 ], [ -73.930991636693108, 40.728617598583739 ], [ -73.931192677966521, 40.728642987776766 ], [ -73.931263453921545, 40.728677203810498 ], [ -73.93129800153325, 40.728725441112637 ], [ -73.931433980523536, 40.728742565990203 ], [ -73.932043086712696, 40.728809781103074 ], [ -73.934130163278041, 40.729051906120219 ], [ -73.934531763756894, 40.729104806535005 ], [ -73.935887513333626, 40.729465114872106 ], [ -73.935928206992799, 40.729481770738957 ], [ -73.936133104884703, 40.729563362651305 ], [ -73.936363159439125, 40.729643383301521 ], [ -73.936445639671277, 40.72967214559862 ], [ -73.936481386140258, 40.729686519841565 ], [ -73.937254055956345, 40.730134604415753 ], [ -73.937779156955457, 40.730400476320796 ], [ -73.938044785071668, 40.730509967846082 ], [ -73.938757359781206, 40.731078201205413 ], [ -73.939013620965852, 40.731298457262781 ], [ -73.939110545748164, 40.731379806525595 ], [ -73.939174116501903, 40.731506235577534 ], [ -73.939210268403144, 40.731559510027317 ], [ -73.939368632002171, 40.731861038995348 ], [ -73.939409736989745, 40.731934812863337 ], [ -73.939419187765964, 40.731981562606649 ], [ -73.939452534558754, 40.732087056714626 ], [ -73.93948778635685, 40.732166185141629 ], [ -73.939496456839322, 40.732199481916503 ], [ -73.939412209259331, 40.732235862753633 ], [ -73.939464142148907, 40.732301708739463 ], [ -73.939471865783119, 40.732335112569849 ], [ -73.939484880811861, 40.732380900900857 ], [ -73.939541967134147, 40.732507029298944 ], [ -73.939667628866601, 40.732752726657829 ], [ -73.939749027006073, 40.732909709318719 ], [ -73.939784369902981, 40.732981994568895 ], [ -73.939869831538033, 40.73316151928983 ], [ -73.939910498296953, 40.733276328361796 ], [ -73.940032009911022, 40.733245044305747 ], [ -73.940056203560459, 40.73328637648514 ], [ -73.940101073323945, 40.733363028983867 ], [ -73.940165386409561, 40.73348637434475 ], [ -73.94009737776959, 40.733511334951295 ], [ -73.940018070129085, 40.733540441275274 ], [ -73.94006135020058, 40.733644234769315 ], [ -73.940079827773616, 40.733688156103973 ], [ -73.940104368531252, 40.733752950541287 ], [ -73.940067093270386, 40.73376215298012 ], [ -73.94034365972108, 40.734195278931423 ], [ -73.940450335752303, 40.734432536274717 ], [ -73.940664998562028, 40.734778884161351 ], [ -73.940864985927035, 40.735070409091087 ], [ -73.94122480467027, 40.735442890098589 ], [ -73.941621922438458, 40.735798783650196 ], [ -73.941635968001478, 40.735819079398482 ], [ -73.941622906484099, 40.735823899718412 ], [ -73.941616552243687, 40.735832847771789 ], [ -73.941624726364736, 40.735841442338248 ], [ -73.941801439732671, 40.735962578201331 ], [ -73.941904591949893, 40.736013491154701 ], [ -73.941966412733365, 40.736042284609944 ], [ -73.942030496138401, 40.736066720467122 ], [ -73.942058188451156, 40.736079071555416 ], [ -73.942083606715769, 40.736091772796378 ], [ -73.942104833824459, 40.736104732595933 ], [ -73.942148076794695, 40.736135668489446 ], [ -73.942166452876549, 40.736146654556165 ], [ -73.94224043442604, 40.736184360682287 ], [ -73.942279499224838, 40.73620169697719 ], [ -73.942299510257868, 40.736210568150298 ], [ -73.942407975115472, 40.73625267527342 ], [ -73.942560663100053, 40.736314644184048 ], [ -73.942617301401, 40.736340003761413 ], [ -73.942641715016507, 40.736349516014386 ], [ -73.942649858739898, 40.736351690040536 ], [ -73.94265918607185, 40.736353055000038 ], [ -73.942701768808064, 40.736354200967646 ], [ -73.942711582027357, 40.736355268637688 ], [ -73.94272008107481, 40.736357101416679 ], [ -73.942736792115184, 40.736362656863641 ], [ -73.942756307203254, 40.736370843197363 ], [ -73.942869379464739, 40.736424416010529 ], [ -73.942914680219332, 40.736444096364991 ], [ -73.943039343858629, 40.736497594678248 ], [ -73.943167216646074, 40.736548986956997 ], [ -73.943242081811064, 40.736579082146179 ], [ -73.943288616927049, 40.73659601720275 ], [ -73.943385842846325, 40.736630545671012 ], [ -73.943431573265798, 40.736647488482866 ], [ -73.943464106637919, 40.73665973288503 ], [ -73.943576753978689, 40.736698258571536 ], [ -73.943594803426379, 40.736717789773607 ], [ -73.943779415082972, 40.736775485860448 ], [ -73.943959137651959, 40.736836101268004 ], [ -73.944450528311378, 40.737001829842569 ], [ -73.944846287513016, 40.737127794559008 ], [ -73.94542629742466, 40.737323246383248 ], [ -73.945602588823135, 40.737382097226131 ], [ -73.945799813124751, 40.73745213200047 ], [ -73.945891256002071, 40.737482585739151 ], [ -73.945921458688275, 40.737493793036862 ], [ -73.945928667921379, 40.737496263416219 ], [ -73.945931910001661, 40.737497787753654 ], [ -73.945934784598947, 40.737499454651015 ], [ -73.945937270149798, 40.737501238801698 ], [ -73.945939329014763, 40.737503112713711 ], [ -73.945940959872175, 40.737505076553994 ], [ -73.945942154139715, 40.737507121439641 ], [ -73.945944103330476, 40.737512515700516 ], [ -73.945945140777056, 40.737518370231093 ], [ -73.945946698178517, 40.737524548331699 ], [ -73.945947496650092, 40.737533130415443 ], [ -73.945944799051105, 40.737545403140764 ], [ -73.9459372612599, 40.737556440096775 ], [ -73.945918274633399, 40.737567578725738 ], [ -73.945911759278417, 40.737570935240889 ], [ -73.945905755643537, 40.73757336373211 ], [ -73.945900000911436, 40.737574945326308 ], [ -73.945897265990382, 40.737575394687575 ], [ -73.945894637417837, 40.737575609226703 ], [ -73.945892091406208, 40.737575590440237 ], [ -73.945889653724947, 40.737575337335137 ], [ -73.945887286264707, 40.737574858604901 ], [ -73.94585686433787, 40.737568882710683 ], [ -73.945839023105194, 40.737555735725977 ], [ -73.945825366190434, 40.737548958051534 ], [ -73.9458192949661, 40.737546478317071 ], [ -73.945817518686979, 40.737545946087536 ], [ -73.945815685247155, 40.737545558238857 ], [ -73.945813790248963, 40.737545305890066 ], [ -73.945811813659006, 40.737545178142518 ], [ -73.945807670069783, 40.737545338693373 ], [ -73.945803158900972, 40.737546030464934 ], [ -73.945794266495511, 40.737548511366796 ], [ -73.945775436794079, 40.737555427542425 ], [ -73.945723369043321, 40.737584867395519 ], [ -73.945680383339962, 40.737612312751281 ], [ -73.945667376582378, 40.737622292530972 ], [ -73.945638621870245, 40.737648214230255 ], [ -73.945624596025908, 40.737659274404528 ], [ -73.94558536491941, 40.737684353343731 ], [ -73.945528631655804, 40.737715799545633 ], [ -73.945488113453195, 40.737737004966796 ], [ -73.945455768032005, 40.737752351992555 ], [ -73.945425546033974, 40.737764674823289 ], [ -73.94539673388455, 40.737774224411957 ], [ -73.94524265235826, 40.737816529742723 ], [ -73.945102315826702, 40.737856562055612 ], [ -73.945058240464135, 40.737870256090012 ], [ -73.94501457717692, 40.737885534434135 ], [ -73.944964612252946, 40.737905817450205 ], [ -73.944911399956396, 40.737930943252792 ], [ -73.944898346656132, 40.737938663494134 ], [ -73.944874406293678, 40.737956076795292 ], [ -73.944863816275017, 40.73796292422643 ], [ -73.944853914675846, 40.73796798967264 ], [ -73.944842096523104, 40.737972756003046 ], [ -73.944787621386439, 40.737990524723173 ], [ -73.944775197623144, 40.737996264084863 ], [ -73.944765023602812, 40.738002615995697 ], [ -73.94475495293814, 40.738011283505386 ], [ -73.944682454244045, 40.738107972093268 ], [ -73.944657940949185, 40.7381295730668 ], [ -73.944638600648062, 40.738138352542123 ], [ -73.944635072461566, 40.738138954108649 ], [ -73.944631438378565, 40.738139240004365 ], [ -73.944627708742061, 40.738139220620901 ], [ -73.944623837088756, 40.73813888554924 ], [ -73.944615658465722, 40.738137287434888 ], [ -73.944608036403224, 40.738134897522748 ], [ -73.944599502949771, 40.738131462476929 ], [ -73.944566923444, 40.738115579367374 ], [ -73.944552958308677, 40.738109728485398 ], [ -73.944545466857591, 40.738107338631984 ], [ -73.94453842296285, 40.738105724138364 ], [ -73.944531699558695, 40.73810486500777 ], [ -73.94452525921659, 40.738104744972169 ], [ -73.944495577566798, 40.738107314598096 ], [ -73.944478950313808, 40.738112575456611 ], [ -73.94446254857958, 40.738118906245205 ], [ -73.944021287519959, 40.738287663935651 ], [ -73.942578858121976, 40.738816020268565 ], [ -73.942803842676184, 40.738861546958837 ], [ -73.942800808144241, 40.73888072353931 ], [ -73.942556128052928, 40.739020865746681 ], [ -73.942153381175189, 40.739080051760581 ], [ -73.941461734631673, 40.739248583627166 ], [ -73.941408863915115, 40.739299570706407 ], [ -73.941349837943392, 40.739361630801618 ], [ -73.941017740414239, 40.739679772897766 ], [ -73.940778017432834, 40.73992178145361 ], [ -73.940508888057252, 40.740113941753144 ], [ -73.940361592850465, 40.740335345658231 ], [ -73.940561449690833, 40.740418322934218 ], [ -73.940282302422744, 40.740799282413661 ], [ -73.939923901241499, 40.741354430638758 ], [ -73.939656112152676, 40.741769215868494 ], [ -73.93910874138092, 40.742617035679281 ], [ -73.938669917531954, 40.74253408202496 ], [ -73.938587869767858, 40.742930882687503 ], [ -73.939307462792456, 40.743067754024963 ], [ -73.939744358987667, 40.743159512598808 ], [ -73.939756019185239, 40.743144017489421 ], [ -73.940019229756658, 40.743208272210744 ], [ -73.940148585212242, 40.742832441460067 ], [ -73.939653015213779, 40.742731087095663 ], [ -73.940048151022282, 40.742071226340727 ], [ -73.94008406290699, 40.742063244641493 ], [ -73.940141814842917, 40.741969186187276 ], [ -73.940799728835017, 40.740897668398389 ], [ -73.941188166962064, 40.740290217791966 ], [ -73.941594700300328, 40.739864126168946 ], [ -73.941650018796139, 40.739864154209712 ], [ -73.941835049927164, 40.739692620714102 ], [ -73.942033671656631, 40.739656938561197 ], [ -73.942086649163684, 40.739592587001461 ], [ -73.942159377747956, 40.7395516335298 ], [ -73.942379730083047, 40.739430471969598 ], [ -73.942413219496032, 40.739422737609232 ], [ -73.942448165273234, 40.739413896617449 ], [ -73.942481649229023, 40.739411699484243 ], [ -73.942510764585734, 40.739411714021905 ], [ -73.942534059604924, 40.739408402762123 ], [ -73.942570455486987, 40.739406207056057 ], [ -73.942596668448786, 40.739395147802867 ], [ -73.942615610415459, 40.739375226460389 ], [ -73.942625813941689, 40.739358622475038 ], [ -73.942649136356096, 40.739323200416784 ], [ -73.942679725627173, 40.739302177681246 ], [ -73.942700127865265, 40.739277828156169 ], [ -73.942710340585165, 40.739251258525051 ], [ -73.942727661213283, 40.73923159719584 ], [ -73.942790456400729, 40.739193721204352 ], [ -73.942711390059571, 40.739143692861184 ], [ -73.942695883667128, 40.739133880831687 ], [ -73.942706089921117, 40.739115062978684 ], [ -73.942791069375346, 40.739069033454093 ], [ -73.942901418288571, 40.739003801504424 ], [ -73.943290268668179, 40.739008622393179 ], [ -73.943531660386697, 40.738922805491391 ], [ -73.943568533687213, 40.738925509490834 ], [ -73.943605547479493, 40.738924366684103 ], [ -73.94364201133348, 40.73891939838834 ], [ -73.943677245077453, 40.738910697278762 ], [ -73.94375068796468, 40.73889263074652 ], [ -73.943822722775337, 40.738871537865506 ], [ -73.943893134138449, 40.738847481700027 ], [ -73.94392187163804, 40.738836629264391 ], [ -73.943941700578819, 40.738820617142402 ], [ -73.943957870333605, 40.738802379877541 ], [ -73.943969956571877, 40.738782396059939 ], [ -73.94433882538479, 40.738646239764883 ], [ -73.944592528747862, 40.738573888003231 ], [ -73.944801595432267, 40.738500578326388 ], [ -73.945238620726158, 40.738356823645226 ], [ -73.945294204149036, 40.73831485856158 ], [ -73.94535847947536, 40.738269485397211 ], [ -73.945482365901171, 40.73820703129379 ], [ -73.946011352530775, 40.738120814249996 ], [ -73.947150871811758, 40.737900123344765 ], [ -73.950336262034696, 40.739006985843453 ], [ -73.950393191943519, 40.739027560339579 ], [ -73.950724682239141, 40.739130504548811 ], [ -73.951360308383244, 40.739314974038372 ], [ -73.951380714518407, 40.739336477295062 ], [ -73.951922081922461, 40.739487305928016 ], [ -73.952196727585161, 40.739536254864895 ], [ -73.952215373771097, 40.739503456750178 ], [ -73.952297207924104, 40.73951862852666 ], [ -73.952433552729275, 40.739543934496638 ], [ -73.952498053774121, 40.739558639445121 ], [ -73.9525664843774, 40.739575777956389 ], [ -73.952602379667965, 40.739584023640852 ], [ -73.952634005874728, 40.739591288869335 ], [ -73.952698825361082, 40.739606179455429 ], [ -73.952754129009648, 40.739619700259084 ], [ -73.952831344182059, 40.739635995705441 ], [ -73.952916526891983, 40.739652113094074 ], [ -73.953015740537154, 40.739669173287218 ], [ -73.953318351222663, 40.739718598686459 ], [ -73.953414544771576, 40.739736269955522 ], [ -73.953500141629846, 40.739753927484664 ], [ -73.953671485454223, 40.7397943388995 ], [ -73.953753519180992, 40.739813003818007 ], [ -73.953777242014795, 40.739817218253584 ], [ -73.953798788086814, 40.739819865774564 ], [ -73.953808839208506, 40.739820292977917 ], [ -73.953820027447904, 40.739819829228566 ], [ -73.953858816198306, 40.739815116678997 ], [ -73.953874065404705, 40.739814069884297 ], [ -73.953996317103417, 40.739814091308681 ], [ -73.954045381164605, 40.739812057861364 ], [ -73.95416096154257, 40.739803270257646 ], [ -73.954213351519826, 40.739800733473096 ], [ -73.954342542434517, 40.739798848660634 ], [ -73.954453392684471, 40.739800279169259 ], [ -73.954574315628847, 40.739804748787407 ], [ -73.954674056489765, 40.739811533032075 ], [ -73.954742106080332, 40.739815899732207 ], [ -73.954784217798135, 40.739815916273457 ], [ -73.954796673419338, 40.739814715140682 ], [ -73.954810219488024, 40.739812243579401 ], [ -73.954856968962645, 40.739799708492896 ], [ -73.954875854697164, 40.739795781034843 ], [ -73.954913980691543, 40.739789987492657 ], [ -73.954939662794359, 40.739787268706941 ], [ -73.95498631086835, 40.739784577377641 ], [ -73.955023143419737, 40.739783185886736 ], [ -73.955059975968481, 40.739781796059297 ], [ -73.955203635905193, 40.739778808074199 ], [ -73.955228807856741, 40.739776792301257 ], [ -73.955290637716431, 40.73976809020764 ], [ -73.955319159807956, 40.73976557112605 ], [ -73.955366363743764, 40.739764886824368 ], [ -73.95541178942041, 40.739767083100858 ], [ -73.955418915967101, 40.73976795046336 ], [ -73.955426729045342, 40.739769466418181 ], [ -73.955459719839922, 40.739777790835227 ], [ -73.955467650679239, 40.73977909055624 ], [ -73.955474967051444, 40.739779678554683 ], [ -73.955494418228284, 40.739779560930955 ], [ -73.955514084035926, 40.739777965636748 ], [ -73.955515090860928, 40.73977788477535 ], [ -73.955537244855932, 40.739774633602472 ], [ -73.955551300142659, 40.739771784546207 ], [ -73.955561624294589, 40.739769698638931 ], [ -73.955568031528742, 40.739767882444802 ], [ -73.955574852079025, 40.739765219396432 ], [ -73.955602149902035, 40.739751938716239 ], [ -73.955608462725849, 40.739749671167424 ], [ -73.95561450106392, 40.739748142471285 ], [ -73.955624293518611, 40.739746723946041 ], [ -73.955635280072428, 40.739746124916373 ], [ -73.955679273707034, 40.73974760100996 ], [ -73.955689195937893, 40.739747432945954 ], [ -73.955698004279867, 40.739746716641385 ], [ -73.955875419220433, 40.739721786132485 ], [ -73.955980725138133, 40.739711309125504 ], [ -73.956118974722713, 40.739705157043026 ], [ -73.956149084248992, 40.739701755664292 ], [ -73.956214929622362, 40.739691929328686 ], [ -73.956242611647355, 40.739689013331606 ], [ -73.956365934831041, 40.73968033400859 ], [ -73.956541896131654, 40.739668901197028 ], [ -73.956558566298227, 40.739666881254848 ], [ -73.956576789161829, 40.739663285975197 ], [ -73.95663482350615, 40.739647602915205 ], [ -73.956655830067405, 40.7396427301099 ], [ -73.956736500267141, 40.739627379344149 ], [ -73.95679871035685, 40.739617361836729 ], [ -73.956823539010031, 40.739614724063593 ], [ -73.956850532220329, 40.739613555129736 ], [ -73.956880225015311, 40.739613800117738 ], [ -73.95691509079991, 40.7396154879278 ], [ -73.956919009473467, 40.739615885761147 ], [ -73.956923033455382, 40.739616580657987 ], [ -73.956931556759343, 40.739618934408256 ], [ -73.956957277260969, 40.739629506896698 ], [ -73.956965881624612, 40.739632535973499 ], [ -73.95697362315164, 40.739634375625137 ], [ -73.956977317315108, 40.739634890306021 ], [ -73.956980940071759, 40.739635134237503 ], [ -73.957020529486044, 40.739634950835168 ], [ -73.957061792278679, 40.739631832813593 ], [ -73.957104617866506, 40.739625797720073 ], [ -73.957148891041214, 40.739616862430168 ], [ -73.957174574181295, 40.739609884961162 ], [ -73.957229933622529, 40.739592120096546 ], [ -73.957253414363464, 40.739585969037215 ], [ -73.957283692060784, 40.739580145495523 ], [ -73.957365367112004, 40.739567100327356 ], [ -73.957414707660007, 40.739556582011581 ], [ -73.957466074428581, 40.739543418511488 ], [ -73.957520165716815, 40.739527436022044 ], [ -73.957578675559574, 40.739508141128098 ], [ -73.957584502046871, 40.739505766912551 ], [ -73.95758998468358, 40.739502761163166 ], [ -73.957595209378525, 40.739499106488914 ], [ -73.957600219340179, 40.739494740920961 ], [ -73.957609567332199, 40.739484190870783 ], [ -73.957634558043878, 40.739450322045819 ], [ -73.957639403131353, 40.73944545299873 ], [ -73.957644378589805, 40.739441303190105 ], [ -73.957649577856017, 40.739437793414311 ], [ -73.957655037295396, 40.739434885991272 ], [ -73.95769167671628, 40.739420221633978 ], [ -73.957789772398641, 40.739389595444607 ], [ -73.95781298242116, 40.739381211045263 ], [ -73.957833054406535, 40.739372672875781 ], [ -73.957871746685882, 40.739352470288132 ], [ -73.957960443627087, 40.739299912652179 ], [ -73.957985147765115, 40.739287351325693 ], [ -73.958008488063925, 40.739277301387141 ], [ -73.958037203726235, 40.739268036253335 ], [ -73.958106343486961, 40.739250609197001 ], [ -73.958123123834397, 40.739245104352214 ], [ -73.958137665203154, 40.739239112362057 ], [ -73.958255121638842, 40.73918362971915 ], [ -73.958367055623114, 40.739133332079113 ], [ -73.958466823954154, 40.739095051971447 ], [ -73.958584314111476, 40.739041162012391 ], [ -73.958682604970079, 40.738998261143436 ], [ -73.958785762572404, 40.738954605550511 ], [ -73.958812785447563, 40.738944151687612 ], [ -73.958875049531116, 40.738922192299135 ], [ -73.958902486560348, 40.73891119778785 ], [ -73.958924869193055, 40.73890039093974 ], [ -73.958984688523302, 40.738868272825002 ], [ -73.959028446771967, 40.738848054061407 ], [ -73.959136246281219, 40.738801220824378 ], [ -73.959184693178869, 40.738779059353561 ], [ -73.959205975295788, 40.738766918550567 ], [ -73.959250863765192, 40.738735830990443 ], [ -73.959262363875965, 40.738729243733218 ], [ -73.959273461211566, 40.738723997548661 ], [ -73.959394081536061, 40.738677357907648 ], [ -73.959531817198538, 40.738618332730979 ], [ -73.959635954335212, 40.738576270229828 ], [ -73.959724203372886, 40.738535598746502 ], [ -73.959782703465791, 40.738511710661307 ], [ -73.959836995284675, 40.738493971642797 ], [ -73.959854046542432, 40.738490096504108 ], [ -73.95987349884922, 40.738487463905138 ], [ -73.959931583566913, 40.738484639530661 ], [ -73.959952988230356, 40.738485159606618 ], [ -73.960005099766164, 40.738491247532295 ], [ -73.960017672086821, 40.738492098408663 ], [ -73.960028978454972, 40.738492164820762 ], [ -73.960041728849617, 40.738490990194677 ], [ -73.96005462382864, 40.738488175198867 ], [ -73.960067579018414, 40.738483749623747 ], [ -73.960080462909502, 40.738477748101673 ], [ -73.960093230130099, 40.738470170449396 ], [ -73.960105547778113, 40.738461195972391 ], [ -73.960117132930293, 40.738451033478256 ], [ -73.960127592681118, 40.738440024082443 ], [ -73.960130851662512, 40.738435639034655 ], [ -73.960133458340692, 40.738430769107097 ], [ -73.960135450627277, 40.738425365897811 ], [ -73.960136863152968, 40.738419342807667 ], [ -73.960138485369313, 40.738379792564885 ], [ -73.960140564969819, 40.738366862257159 ], [ -73.960142652207765, 40.738361045122836 ], [ -73.960145472028529, 40.73835589533212 ], [ -73.960149085478605, 40.738351349078499 ], [ -73.960153516822473, 40.738347343882992 ], [ -73.960160479799313, 40.738342780024908 ], [ -73.960169172422027, 40.738338506250287 ], [ -73.960200458785536, 40.738326990748064 ], [ -73.960211152116827, 40.738322365688695 ], [ -73.960220365688826, 40.738316866131981 ], [ -73.960224036782066, 40.738313886602782 ], [ -73.960227153416469, 40.738310700489457 ], [ -73.960270489742967, 40.738259935851033 ], [ -73.96028544056766, 40.738243992327092 ], [ -73.960725803736793, 40.738080170179174 ], [ -73.961709101641958, 40.738218918663179 ], [ -73.961954416552814, 40.738240882264954 ], [ -73.962099989089992, 40.738260191779467 ], [ -73.962134046137763, 40.738265885812929 ], [ -73.962164161282288, 40.738272234909736 ], [ -73.962165056193115, 40.73827253825899 ], [ -73.962165836087763, 40.738272924998618 ], [ -73.962166174479876, 40.738273149092571 ], [ -73.962166476735646, 40.738273401151574 ], [ -73.962166763783173, 40.738273672973698 ], [ -73.962167001040541, 40.738273970075937 ], [ -73.962167409878191, 40.738274640985942 ], [ -73.962167690926591, 40.738275393104274 ], [ -73.962167857162768, 40.738276257260026 ], [ -73.962167908598346, 40.738277213015017 ], [ -73.962167738625183, 40.738279051393867 ], [ -73.962167218474747, 40.738281250844594 ], [ -73.962163966582978, 40.738291241720702 ], [ -73.962156512280004, 40.738318857003058 ], [ -73.962131467351512, 40.738392845681908 ], [ -73.962126540587022, 40.738415414725374 ], [ -73.962124687892015, 40.738435905274464 ], [ -73.962124835729625, 40.738438526608554 ], [ -73.96212537122544, 40.738441107863821 ], [ -73.962126305169861, 40.738443652059239 ], [ -73.962127625010197, 40.738446156845342 ], [ -73.962131461129545, 40.738451070650754 ], [ -73.962136952001785, 40.738455925695767 ], [ -73.962143210308739, 40.73846023150621 ], [ -73.962151075866132, 40.738464742059207 ], [ -73.962182180665806, 40.738480030684656 ], [ -73.962264620523328, 40.738523384742557 ], [ -73.962352016197428, 40.738564552801741 ], [ -73.962398593346833, 40.738583235651845 ], [ -73.962425382667362, 40.738597057616431 ], [ -73.962450856211944, 40.73861209790023 ], [ -73.962474750878584, 40.738628189897177 ], [ -73.96249684562622, 40.738645177234083 ], [ -73.962516913036708, 40.738662884605418 ], [ -73.962534845902113, 40.738681216152258 ], [ -73.962550523816233, 40.738700045856596 ], [ -73.962563849487537, 40.738719267308461 ], [ -73.962591852349689, 40.738768209189914 ], [ -73.962608198169079, 40.738795539056802 ], [ -73.962620158986624, 40.739032662126071 ], [ -73.962430790052636, 40.739671480585329 ], [ -73.962209165578841, 40.740006174995742 ], [ -73.961790482630903, 40.740013130416862 ], [ -73.961536557733041, 40.740159823102132 ], [ -73.961431574834691, 40.740296690694663 ], [ -73.961410271293914, 40.740323621627944 ], [ -73.961285174580837, 40.740349284886371 ], [ -73.961246979454714, 40.740423596612587 ], [ -73.961246822194227, 40.740424731215626 ], [ -73.961261079398014, 40.740446795043987 ], [ -73.961315883693331, 40.740470639565046 ], [ -73.961505365772226, 40.740530267382191 ], [ -73.961719902603463, 40.74059943479633 ], [ -73.961826389106406, 40.740631634194202 ], [ -73.961937500864323, 40.740794878815933 ], [ -73.961888063181235, 40.740982169809804 ], [ -73.961803974230179, 40.741097673472012 ], [ -73.961652517353997, 40.741132757098597 ], [ -73.961458937752255, 40.741137505176717 ], [ -73.961218628520129, 40.741107860130185 ], [ -73.961117703875786, 40.741537277661443 ], [ -73.961073586241525, 40.741625928073951 ], [ -73.961073925679983, 40.741694504752132 ], [ -73.961109011508071, 40.741794071464419 ], [ -73.961269968090647, 40.741831089212916 ], [ -73.961290910932163, 40.741793946623361 ], [ -73.961364267475773, 40.741810067016203 ], [ -73.961366112806317, 40.741823612732645 ], [ -73.961364865830703, 40.741837197901873 ], [ -73.961360563752294, 40.741850417191735 ], [ -73.961353334927821, 40.741862876186282 ], [ -73.961352740335144, 40.74186456253738 ], [ -73.961351795035242, 40.741866153563095 ], [ -73.961350523910895, 40.741867607383462 ], [ -73.961348960421404, 40.741868885730092 ], [ -73.961347145721916, 40.74186995495355 ], [ -73.961345127580032, 40.741870786909068 ], [ -73.961342959118568, 40.741871359697399 ], [ -73.961340697417143, 40.741871658241259 ], [ -73.961338402009645, 40.741871674682173 ], [ -73.961108145014336, 40.741828025405326 ], [ -73.961172778511482, 40.741886334141114 ], [ -73.961552531689563, 40.741993261407181 ], [ -73.961190297890226, 40.742644855259726 ], [ -73.961113694812141, 40.742748549137914 ], [ -73.96109548654573, 40.742781947228828 ], [ -73.960971683854808, 40.742754054263727 ], [ -73.960934498066024, 40.742829760022481 ], [ -73.960646021803498, 40.743392706263137 ], [ -73.960597265832945, 40.74343198336215 ], [ -73.960542520406264, 40.743466393971502 ], [ -73.960482619221906, 40.743495414058962 ], [ -73.960418474498198, 40.74351860168295 ], [ -73.960351063080822, 40.74353560372289 ], [ -73.960281411566186, 40.743546161257328 ], [ -73.960210580666768, 40.743550113507055 ], [ -73.960139649056728, 40.743547400283802 ], [ -73.959774707978141, 40.743504683700507 ], [ -73.959719815290313, 40.743693045465307 ], [ -73.959755863175872, 40.74369884945007 ], [ -73.959705983608117, 40.743858650061206 ], [ -73.959757271907122, 40.74387475068243 ], [ -73.960015689282343, 40.743920109801095 ], [ -73.960021961976793, 40.743907306103267 ], [ -73.959931570684375, 40.743799759516428 ], [ -73.959933144277102, 40.743788740353416 ], [ -73.959946852333573, 40.743784575895127 ], [ -73.960073636993982, 40.743929958334903 ], [ -73.960123753759547, 40.743939207902521 ], [ -73.960128853521411, 40.743926403792806 ], [ -73.960034940962785, 40.743813197533633 ], [ -73.960041995078427, 40.74380307402339 ], [ -73.960057658430713, 40.743803675012416 ], [ -73.96017778721604, 40.74394786374932 ], [ -73.960216548920997, 40.743957407546638 ], [ -73.96021261942937, 40.743980934080426 ], [ -73.960508873416401, 40.744041992650544 ], [ -73.960520909816623, 40.744019740075309 ], [ -73.960568568584947, 40.744029666082859 ], [ -73.960672046454889, 40.74405121585621 ], [ -73.960648637007523, 40.744130317111491 ], [ -73.960517325362673, 40.744105341081003 ], [ -73.960119519187927, 40.744029672294381 ], [ -73.960106026375712, 40.744058709806978 ], [ -73.959922987898651, 40.744027042096093 ], [ -73.959933114975371, 40.743994588411063 ], [ -73.959632250239622, 40.743934631914151 ], [ -73.95955401304758, 40.744015496700889 ], [ -73.959361982090343, 40.744213976037159 ], [ -73.959403682173573, 40.744226074747182 ], [ -73.959391066095804, 40.744283324241287 ], [ -73.959460131730879, 40.744292519797149 ], [ -73.959469132138793, 40.744267752699841 ], [ -73.959712804711486, 40.744314817413397 ], [ -73.95972855228645, 40.744272115619417 ], [ -73.960155255176915, 40.744368782605584 ], [ -73.960126009623863, 40.744443936991495 ], [ -73.960011471392633, 40.744422543044401 ], [ -73.960026100569067, 40.744373862312671 ], [ -73.959801517416253, 40.744329368581035 ], [ -73.959791393832433, 40.744355844247295 ], [ -73.959543228493473, 40.744308778792423 ], [ -73.959524108191687, 40.744354895906106 ], [ -73.959368529541337, 40.744324805343368 ], [ -73.959299716336204, 40.744324222179181 ], [ -73.959233689456852, 40.744310043026509 ], [ -73.9592159711042, 40.744326026129798 ], [ -73.959160422899757, 40.74436716218986 ], [ -73.959099560288621, 40.744403690481384 ], [ -73.959034040869852, 40.744435216324227 ], [ -73.95894482634769, 40.744454760354813 ], [ -73.958854199357816, 40.744470091157417 ], [ -73.95881841584702, 40.744508907268333 ], [ -73.958775370044805, 40.744555599863446 ], [ -73.959187239851502, 40.744621011257074 ], [ -73.959221885720609, 40.744553805630915 ], [ -73.959411340017567, 40.744591144127483 ], [ -73.959418194425453, 40.744592759820605 ], [ -73.959424796527401, 40.744594900954304 ], [ -73.959431075191645, 40.744597543547314 ], [ -73.959436966555856, 40.744600662615717 ], [ -73.959442409408524, 40.744604220612189 ], [ -73.959447345399454, 40.74460818350844 ], [ -73.959451726095025, 40.744612509740918 ], [ -73.959455498879038, 40.74461715355654 ], [ -73.959458632723425, 40.744622066026764 ], [ -73.959461088670963, 40.74462719738262 ], [ -73.959462842967369, 40.744632490489366 ], [ -73.95946387758201, 40.744637893575053 ], [ -73.959464179554175, 40.744643348671069 ], [ -73.959463751121248, 40.744648798484207 ], [ -73.959463290586925, 40.744654877347131 ], [ -73.959462047479704, 40.74466089177205 ], [ -73.959460031745905, 40.744666785138577 ], [ -73.959457266769121, 40.744672499323279 ], [ -73.959453776371959, 40.744677978715799 ], [ -73.959449593625678, 40.744683172064676 ], [ -73.959444761074195, 40.744688026278979 ], [ -73.959439325000275, 40.744692497818122 ], [ -73.959433338296762, 40.744696539793289 ], [ -73.959426858035428, 40.744700115536254 ], [ -73.959419947455288, 40.744703188883534 ], [ -73.959412672653627, 40.744705732384077 ], [ -73.959405105013815, 40.744707719091217 ], [ -73.959397318998001, 40.74470913043573 ], [ -73.959389387081856, 40.744709954381257 ], [ -73.959381386806726, 40.744710179898384 ], [ -73.95937339680782, 40.744709808187494 ], [ -73.958879199433341, 40.744624331454688 ], [ -73.958758548348015, 40.744945005252887 ], [ -73.959649011031274, 40.745133839950498 ], [ -73.959665905875909, 40.745170300582572 ], [ -73.95963675133882, 40.745203169738353 ], [ -73.959601505851865, 40.745207373849055 ], [ -73.959066692580294, 40.745110345305179 ], [ -73.959076288805761, 40.745092468807314 ], [ -73.958622559162279, 40.74500781567496 ], [ -73.958493893031189, 40.744987864916268 ], [ -73.958478547083487, 40.745038091625922 ], [ -73.958471422987031, 40.745060241387272 ], [ -73.958452522696504, 40.745119011822183 ], [ -73.958624512226322, 40.745149430662742 ], [ -73.958624500711295, 40.745167971960036 ], [ -73.958737524083233, 40.745195089437431 ], [ -73.959140440960098, 40.74529176370703 ], [ -73.959169498929199, 40.745292873437904 ], [ -73.959198010027308, 40.745297282784414 ], [ -73.95922533022285, 40.745304892144681 ], [ -73.95925084238479, 40.745315529632393 ], [ -73.959273970222696, 40.745328954959312 ], [ -73.959294191304295, 40.745344864863057 ], [ -73.95931104885662, 40.745362899957399 ], [ -73.959329822735612, 40.745397247755911 ], [ -73.959340719306496, 40.745433510198815 ], [ -73.959343427019704, 40.745470650530898 ], [ -73.959337868447079, 40.745507606895927 ], [ -73.959324202497058, 40.745543322695831 ], [ -73.959302819873002, 40.745576776799027 ], [ -73.959274331904084, 40.745607012735512 ], [ -73.959243387730524, 40.745645143544188 ], [ -73.959205576020409, 40.745679506817744 ], [ -73.959161677822934, 40.745709392729836 ], [ -73.959112599916836, 40.745734183940037 ], [ -73.959059356079464, 40.745753368346392 ], [ -73.958967460834288, 40.745775077365558 ], [ -73.958825657013719, 40.74575332792574 ], [ -73.958641529208393, 40.745729115227846 ], [ -73.958563981585826, 40.745734697641176 ], [ -73.958502274593215, 40.745764974217842 ], [ -73.958508762133789, 40.745787883622633 ], [ -73.958520127016826, 40.745809666089649 ], [ -73.958536058217845, 40.745829725485976 ], [ -73.958556119742227, 40.745847512834438 ], [ -73.95859993477022, 40.74589557544715 ], [ -73.959143716929347, 40.746000603678489 ], [ -73.958778062543146, 40.746556736971634 ], [ -73.958720363928634, 40.746646301614426 ], [ -73.958664907410665, 40.746642020696697 ], [ -73.958577443048739, 40.746751084849564 ], [ -73.958483405451787, 40.746837777964799 ], [ -73.958406933988272, 40.746887307304668 ], [ -73.958398142261402, 40.746917801603452 ], [ -73.958358008188242, 40.746974016597733 ], [ -73.958307823239153, 40.747068349195217 ], [ -73.958453167935545, 40.747097945628909 ], [ -73.957518893210093, 40.748303619592278 ], [ -73.957666804719693, 40.748373479018909 ], [ -73.957726543344606, 40.748294061895749 ], [ -73.957839539420505, 40.748338003375267 ], [ -73.957688318434194, 40.748535026871679 ], [ -73.957576504678372, 40.748488525378349 ], [ -73.95763576836282, 40.748406347464972 ], [ -73.957493440047003, 40.748336464762914 ], [ -73.957040973429244, 40.748920350874066 ], [ -73.954853942680359, 40.748040794641007 ], [ -73.954733479532706, 40.748018725711106 ], [ -73.954705612416944, 40.748013620452454 ], [ -73.95439317918219, 40.747956380624359 ], [ -73.954305917770341, 40.747994815912584 ], [ -73.954304343259381, 40.748007919855368 ], [ -73.954372477098644, 40.748016285983773 ], [ -73.954366191458064, 40.748044874348032 ], [ -73.954151611639332, 40.748014411444757 ], [ -73.954154761602126, 40.747988203563651 ], [ -73.954227594077139, 40.747998954037605 ], [ -73.954234663902753, 40.747969174713703 ], [ -73.95430279744177, 40.747976944657601 ], [ -73.954364747834603, 40.747951172533746 ], [ -73.953183824928587, 40.747734811960967 ], [ -73.953053755714009, 40.74808748722932 ], [ -73.95478387869808, 40.748427687773244 ], [ -73.956321625096663, 40.749081553932321 ], [ -73.956134992405779, 40.749264626274801 ], [ -73.956011603027108, 40.749373994226758 ], [ -73.956061347348736, 40.749402876961938 ], [ -73.956068872445883, 40.749392873663524 ], [ -73.95624926722698, 40.749486577709256 ], [ -73.956221990206913, 40.749517303030437 ], [ -73.956045358232345, 40.749419311374176 ], [ -73.956055702651554, 40.749411452146816 ], [ -73.956000650946166, 40.749383703209212 ], [ -73.955760391409385, 40.749596659530219 ], [ -73.956174164924917, 40.749665094491874 ], [ -73.956199530073377, 40.74967071442282 ], [ -73.956201368672424, 40.749685632821439 ], [ -73.956120664113612, 40.74975988536967 ], [ -73.956087945108948, 40.749768729169581 ], [ -73.956062457344331, 40.749764277829662 ], [ -73.955595172658875, 40.749683968539628 ], [ -73.955464369364051, 40.749674213082649 ], [ -73.955349285144479, 40.750013856903976 ], [ -73.955215299659173, 40.749991967689276 ], [ -73.955228094294029, 40.749943446040398 ], [ -73.955132391524785, 40.749926424332337 ], [ -73.955202750408745, 40.749676537409485 ], [ -73.955066525601694, 40.749632730375431 ], [ -73.95451584573388, 40.750586698976782 ], [ -73.954650004131182, 40.750831040959511 ], [ -73.954475859826942, 40.751097265559885 ], [ -73.954498580975937, 40.751225835740421 ], [ -73.953919586661939, 40.751799003148598 ], [ -73.953948967038698, 40.751823406863579 ], [ -73.953892166247428, 40.751890757770404 ], [ -73.953753128566262, 40.752001550855958 ], [ -73.953621039720247, 40.752085207680885 ], [ -73.952929710052487, 40.752763649404258 ], [ -73.95289896210177, 40.752799919629695 ], [ -73.952907907163706, 40.752860389472751 ], [ -73.952787601459264, 40.75298088510845 ], [ -73.952567924203706, 40.753167671011283 ], [ -73.95201001989038, 40.753835013290839 ], [ -73.951930187280624, 40.7538848218475 ], [ -73.951669900385511, 40.754183415031733 ], [ -73.951536892797961, 40.754330628431738 ], [ -73.951314380874408, 40.754579550139425 ], [ -73.951017927325381, 40.755086919222485 ], [ -73.950905223893685, 40.755150902363937 ], [ -73.950877019515588, 40.755166914704901 ], [ -73.950839170760133, 40.755218083113633 ], [ -73.950807637522942, 40.755263679611488 ], [ -73.950771226594853, 40.755307969155979 ], [ -73.950725246336802, 40.755362935048389 ], [ -73.950663418262877, 40.755436322833148 ], [ -73.950590903490962, 40.755527022660445 ], [ -73.95011246076534, 40.755306646078168 ], [ -73.949006054236037, 40.754793541901826 ], [ -73.948906788637501, 40.754747537655739 ], [ -73.947747071991131, 40.754206748177943 ], [ -73.946868817466878, 40.753798881569097 ], [ -73.946406229471705, 40.753597270477954 ], [ -73.945233909461521, 40.753069898884959 ], [ -73.944300837518355, 40.752642506608112 ], [ -73.944189771268313, 40.752615690558642 ], [ -73.943835367463791, 40.752530123056815 ], [ -73.942719280143081, 40.752036951784994 ], [ -73.942540221952214, 40.751959238886734 ], [ -73.942383477095873, 40.751891208321233 ], [ -73.94187441959248, 40.751670283674009 ], [ -73.941777034785716, 40.751627984575677 ], [ -73.941086123501435, 40.751327879984949 ], [ -73.940520308192376, 40.751079392061051 ], [ -73.940392806340043, 40.751022531279659 ], [ -73.940262814599606, 40.750967100743502 ], [ -73.940020998099158, 40.750860617101829 ], [ -73.939442843430513, 40.750606019822406 ], [ -73.938637158358915, 40.750258799419669 ], [ -73.937982091708875, 40.749972087936783 ], [ -73.937811626427973, 40.749897478722723 ] ] ] ] } },
{ "type": "Feature", "properties": { "Precinct": 114, "Shape_Length": "114,656.696727", "Shape_Area": "179,509,299.42", "in_manhattan": true }, "geometry": { "type": "MultiPolygon", "coordinates": [ [ [ [ -73.941800327294146, 40.769046926624767 ], [ -73.942568061421397, 40.768505905731594 ], [ -73.942855286206893, 40.768303494409359 ], [ -73.943219235201028, 40.767892643853216 ], [ -73.943814273227616, 40.767220912049901 ], [ -73.944223430892308, 40.766664977889889 ], [ -73.944840266522107, 40.765823628390876 ], [ -73.946237879598229, 40.764285014549806 ], [ -73.94657165080055, 40.763917558260964 ], [ -73.946621414086849, 40.763862772081019 ], [ -73.946824602283854, 40.763617633234503 ], [ -73.947088769295178, 40.763298921086829 ], [ -73.947882683892033, 40.76236569759206 ], [ -73.9479297966422, 40.762310316259814 ], [ -73.948324595911458, 40.761846230001517 ], [ -73.948777894064705, 40.76131457086516 ], [ -73.94914738541911, 40.760881215989187 ], [ -73.949431755631949, 40.760548617361493 ], [ -73.949712267000109, 40.760328917384804 ], [ -73.950082626376741, 40.760047470463334 ], [ -73.950333588144758, 40.759856755553635 ], [ -73.951260059087659, 40.758810116371784 ], [ -73.951486262830699, 40.758666455352 ], [ -73.951711904110127, 40.758462494201396 ], [ -73.95177822026001, 40.758402549877012 ], [ -73.952092330226293, 40.757993140344873 ], [ -73.952176634236935, 40.757831336439999 ], [ -73.952211463420596, 40.75758363983298 ], [ -73.952540793368655, 40.757095314537295 ], [ -73.953121565461785, 40.756523804827133 ], [ -73.953220099631579, 40.756426841817714 ], [ -73.953268886109996, 40.756381044103385 ], [ -73.953306960358532, 40.756344327127543 ], [ -73.953345564628862, 40.756311375667487 ], [ -73.953405830519884, 40.756258531877307 ], [ -73.953415718633437, 40.756249875118463 ], [ -73.95409527736291, 40.755654928945404 ], [ -73.955073268400682, 40.754798682051884 ], [ -73.955195031174767, 40.754774523475959 ], [ -73.9552617618195, 40.754706249727505 ], [ -73.955794152377194, 40.754161547408692 ], [ -73.956924043706948, 40.752961160394058 ], [ -73.957210034431753, 40.752715356831338 ], [ -73.957914524931809, 40.752109854525358 ], [ -73.958607557564491, 40.751613323484413 ], [ -73.958684961486881, 40.75157377331994 ], [ -73.959039759873363, 40.751392485111701 ], [ -73.95902757442488, 40.751297369850981 ], [ -73.959558759307953, 40.750814597762009 ], [ -73.959774673273728, 40.75065345026475 ], [ -73.959901869937511, 40.750558515353354 ], [ -73.960391705725243, 40.750256186117355 ], [ -73.960661615178608, 40.750042868434242 ], [ -73.960710967448634, 40.749986648770573 ], [ -73.960812869284268, 40.74990061693893 ], [ -73.960830114622482, 40.749887678397414 ], [ -73.960844360080756, 40.749872777318075 ], [ -73.960855225555761, 40.749856311300228 ], [ -73.960877621058671, 40.74982757080128 ], [ -73.960905863195265, 40.74980198197337 ], [ -73.960939200341301, 40.749780225821191 ], [ -73.960959947878948, 40.749766413054033 ], [ -73.960983416493733, 40.749755403644954 ], [ -73.961008958240171, 40.749747501552484 ], [ -73.961035867935706, 40.749742924945423 ], [ -73.961063402631353, 40.749741800179088 ], [ -73.961090802122541, 40.749744158307244 ], [ -73.961117309937492, 40.749749934224248 ], [ -73.961142194222376, 40.749758968463105 ], [ -73.961164767946698, 40.749771011597623 ], [ -73.961177124596134, 40.749758174215479 ], [ -73.96118113433937, 40.749760615584918 ], [ -73.961333034076333, 40.749603620481999 ], [ -73.961538143951699, 40.749722880978645 ], [ -73.961523132102045, 40.749739089143489 ], [ -73.961386561714107, 40.749880502835964 ], [ -73.961409098896894, 40.749899745740024 ], [ -73.961427026829867, 40.749921612624064 ], [ -73.961439827890985, 40.749945472144688 ], [ -73.961447132480416, 40.74997063542601 ], [ -73.961444270282357, 40.749988533294271 ], [ -73.961437977804962, 40.750005916378541 ], [ -73.961428391908314, 40.750022406593203 ], [ -73.96141572108543, 40.750037645272194 ], [ -73.961400240927944, 40.750051300970782 ], [ -73.961380447466581, 40.750063516289373 ], [ -73.961363401328029, 40.750077929797669 ], [ -73.96134951969924, 40.750094188741336 ], [ -73.961344322491982, 40.750105201169376 ], [ -73.961330794781276, 40.750113844829428 ], [ -73.961263705170282, 40.750216090447147 ], [ -73.961110601418696, 40.750600469900746 ], [ -73.960709408762668, 40.751148497741802 ], [ -73.960011323958966, 40.751831517335127 ], [ -73.959890618247414, 40.752097478125506 ], [ -73.95960834754159, 40.752719419845917 ], [ -73.959500799951229, 40.752956381693217 ], [ -73.959016166935584, 40.753595059957647 ], [ -73.958926710768495, 40.75356249294763 ], [ -73.95845836805691, 40.753949236002384 ], [ -73.957680728600749, 40.754821961165717 ], [ -73.956894769599842, 40.755703995826494 ], [ -73.956463487730062, 40.756187982545676 ], [ -73.955985634100571, 40.756724225305184 ], [ -73.955655131641365, 40.757095105725831 ], [ -73.955602062215888, 40.757203933093969 ], [ -73.955592862734491, 40.757222800173615 ], [ -73.955567247665471, 40.757257666686314 ], [ -73.955534643770363, 40.757296034468403 ], [ -73.955504255244747, 40.757333456072622 ], [ -73.955449041513404, 40.757395555531559 ], [ -73.955430495582846, 40.757417300429054 ], [ -73.955341937521382, 40.757521135568112 ], [ -73.954994060023594, 40.757929019657219 ], [ -73.953919179000337, 40.759187726548795 ], [ -73.953896687302475, 40.759199299788165 ], [ -73.953842933682367, 40.759237818937628 ], [ -73.953813514237154, 40.75927018085688 ], [ -73.953721177934241, 40.759397328123491 ], [ -73.953659287092904, 40.759476696614776 ], [ -73.953658903389481, 40.759481319170014 ], [ -73.953612722565339, 40.759502149014224 ], [ -73.953323216179228, 40.759745964687475 ], [ -73.953391407339083, 40.759796762860354 ], [ -73.953124515710826, 40.760052757927262 ], [ -73.952977882160738, 40.759962107876923 ], [ -73.952484578459234, 40.760460110515091 ], [ -73.952312569790237, 40.760633755394466 ], [ -73.952086321783838, 40.760862154907066 ], [ -73.95187667364479, 40.761245582798331 ], [ -73.951625049078743, 40.761678863605553 ], [ -73.951590179980556, 40.761722410871364 ], [ -73.950971916605042, 40.762494507507881 ], [ -73.950937349280821, 40.762570495237853 ], [ -73.950730687826919, 40.762758225433849 ], [ -73.950375480744384, 40.763173845077937 ], [ -73.94997191684152, 40.763646030316814 ], [ -73.949203760227832, 40.76426964383284 ], [ -73.949086287915648, 40.764264027275011 ], [ -73.948813153163954, 40.764610754468762 ], [ -73.948146808733227, 40.765456613217651 ], [ -73.947701090127467, 40.766022397827797 ], [ -73.946552738931075, 40.767368205064116 ], [ -73.945914589056017, 40.7682139390187 ], [ -73.94585112333084, 40.768247750235588 ], [ -73.945844514237706, 40.768321228754004 ], [ -73.945753613335484, 40.768301671427082 ], [ -73.945703572686625, 40.768327934311507 ], [ -73.945597174988762, 40.768470077577781 ], [ -73.9455965853587, 40.76847086500517 ], [ -73.945481142892831, 40.768624779437829 ], [ -73.945627210934404, 40.768692953178949 ], [ -73.945563019606084, 40.768801776026727 ], [ -73.945404918500316, 40.768732173038593 ], [ -73.945382081128656, 40.768763203047577 ], [ -73.945245104074644, 40.768773268059483 ], [ -73.945207753499361, 40.768919617233394 ], [ -73.945199310741927, 40.76895269602025 ], [ -73.945157041334042, 40.769118317248747 ], [ -73.945090657941165, 40.769213721317996 ], [ -73.944723532206979, 40.769734058381459 ], [ -73.944723948147754, 40.769751413065919 ], [ -73.944716501343152, 40.769786505279512 ], [ -73.944690363645947, 40.769808640631567 ], [ -73.944672932833598, 40.769819968053419 ], [ -73.944561615175658, 40.769886395927394 ], [ -73.944270070635426, 40.770140535254754 ], [ -73.944004239563355, 40.770293982150875 ], [ -73.943204141142132, 40.77099239974865 ], [ -73.943145207870771, 40.771056120046239 ], [ -73.9428171087213, 40.77141086070187 ], [ -73.942578303010052, 40.771701856718508 ], [ -73.942194207875687, 40.771984975585362 ], [ -73.942126746468205, 40.772034700509444 ], [ -73.942035182846141, 40.772067904293806 ], [ -73.941587349693791, 40.772230301260379 ], [ -73.941369907423891, 40.77230915082778 ], [ -73.940887072116197, 40.772372516278665 ], [ -73.940569574205639, 40.772614759466776 ], [ -73.940271858511252, 40.772947602825255 ], [ -73.94017959870213, 40.772959315594782 ], [ -73.940076657516997, 40.772926185855404 ], [ -73.940030751952705, 40.772867061126362 ], [ -73.940011572583941, 40.77284236005007 ], [ -73.940184512245082, 40.772564906804185 ], [ -73.940282079241854, 40.772301406991254 ], [ -73.940277667223498, 40.771713141739582 ], [ -73.94020021779653, 40.771128305662771 ], [ -73.940228703890767, 40.770852261664437 ], [ -73.940279858293252, 40.770670711009814 ], [ -73.940355334775063, 40.770496574371123 ], [ -73.94082605300288, 40.769912156765606 ], [ -73.941117787180204, 40.769414408574676 ], [ -73.941219341730076, 40.769334343122374 ], [ -73.941259753826017, 40.769308879392682 ], [ -73.941800327294146, 40.769046926624767 ] ] ], [ [ [ -73.906473146100907, 40.790181175208154 ], [ -73.902511737009263, 40.789472084525705 ], [ -73.902399360840576, 40.78955162068597 ], [ -73.902063278867502, 40.789494405997878 ], [ -73.902034285337635, 40.78941468692927 ], [ -73.901696860899591, 40.789320323823993 ], [ -73.900773758917367, 40.789143818251667 ], [ -73.900326297438156, 40.789007662825725 ], [ -73.900107593713429, 40.788850489597138 ], [ -73.899616379417893, 40.78840049623647 ], [ -73.899247484926605, 40.788148659625854 ], [ -73.897831801695787, 40.787182170394111 ], [ -73.897255366510151, 40.786750956943969 ], [ -73.897024103733216, 40.786658156960172 ], [ -73.896939935625596, 40.786624668969772 ], [ -73.896512049136035, 40.786068659026071 ], [ -73.896379052803169, 40.786131081583598 ], [ -73.89640086049117, 40.786157911773593 ], [ -73.896352513223249, 40.786179310203288 ], [ -73.896303660965273, 40.786119201562663 ], [ -73.896350262467564, 40.786097319612857 ], [ -73.896368883443103, 40.786120230201071 ], [ -73.896502548339697, 40.786057467844124 ], [ -73.896378559822196, 40.785908981094522 ], [ -73.896267856204531, 40.785960571946433 ], [ -73.896286526998168, 40.785983718636551 ], [ -73.89621803522914, 40.786016022871351 ], [ -73.89604376668126, 40.785799987480495 ], [ -73.896113818644608, 40.785767342165421 ], [ -73.896133227800249, 40.785791403564936 ], [ -73.896242597932556, 40.785740432991965 ], [ -73.896140150898063, 40.785607167288319 ], [ -73.896005167720162, 40.785666650238653 ], [ -73.896027444723302, 40.7856892864258 ], [ -73.895980013227856, 40.785711675768994 ], [ -73.895929629755102, 40.78564894431387 ], [ -73.895976732209533, 40.785627087759849 ], [ -73.895999753774859, 40.785655752018471 ], [ -73.896126326325742, 40.785593168808944 ], [ -73.895829143770598, 40.785221527383577 ], [ -73.896831738243932, 40.784427663703475 ], [ -73.896777007513663, 40.784388420963715 ], [ -73.896758572526096, 40.784403276011744 ], [ -73.896722692814521, 40.78437754932586 ], [ -73.89673441949779, 40.784368099844471 ], [ -73.896725136461939, 40.78436144210923 ], [ -73.896730054210167, 40.784357478677833 ], [ -73.896720521738246, 40.784350643979423 ], [ -73.896755648139319, 40.784322339375798 ], [ -73.896771827074843, 40.784333941095831 ], [ -73.896788449854867, 40.784320548426692 ], [ -73.896828079455858, 40.784348964551228 ], [ -73.896806600942952, 40.7843662706263 ], [ -73.896859388803847, 40.784404120482783 ], [ -73.89715534459026, 40.784194962856979 ], [ -73.897077077815425, 40.784133831328141 ], [ -73.897067037468631, 40.78414001728143 ], [ -73.897035101121716, 40.784116162791712 ], [ -73.897043892043698, 40.784107116234466 ], [ -73.897030740182288, 40.784099004297502 ], [ -73.897060871376539, 40.784073299318578 ], [ -73.897071520626682, 40.784078550196575 ], [ -73.897083432781486, 40.784078084895548 ], [ -73.897119132653373, 40.784100512735243 ], [ -73.897110970765212, 40.784108129695795 ], [ -73.897192735505428, 40.784168537429828 ], [ -73.897296992204119, 40.784094856906641 ], [ -73.897421989645778, 40.783996314721165 ], [ -73.897331293699196, 40.783928202908697 ], [ -73.897321879043261, 40.783934865381283 ], [ -73.897287429945067, 40.783915298209145 ], [ -73.897299982772921, 40.783906254984984 ], [ -73.897287459348263, 40.783896237700894 ], [ -73.897315707937366, 40.783871959800692 ], [ -73.897342038751248, 40.783871030374627 ], [ -73.897372096641732, 40.783893453613352 ], [ -73.897362050775328, 40.783902975520363 ], [ -73.89745426052157, 40.783970873888379 ], [ -73.897613965943762, 40.783844967784809 ], [ -73.897722265281772, 40.783743464835588 ], [ -73.897640111482218, 40.783682118985638 ], [ -73.897631325094878, 40.783688305432072 ], [ -73.897596245561445, 40.783671119667268 ], [ -73.897613813060872, 40.783661604422335 ], [ -73.897598785262105, 40.783650154950053 ], [ -73.897631422533976, 40.783624928489516 ], [ -73.897658377784893, 40.783625905984735 ], [ -73.897685924557109, 40.783650708788294 ], [ -73.897680268266882, 40.783659757508069 ], [ -73.897753424065016, 40.783714260478881 ], [ -73.897810438745665, 40.783684461545143 ], [ -73.897675180696211, 40.783584272755391 ], [ -73.898761626614927, 40.782748945881956 ], [ -73.89885620397861, 40.782804304604035 ], [ -73.901145775521073, 40.782711106090673 ], [ -73.901723731645134, 40.782129254637901 ], [ -73.901749350553487, 40.782117237604133 ], [ -73.901790931137938, 40.782101919510644 ], [ -73.901852316219234, 40.782080999301016 ], [ -73.901869255884563, 40.782074033780674 ], [ -73.901886114080853, 40.782065817778744 ], [ -73.90191949285618, 40.782045621351692 ], [ -73.901950957869346, 40.782021289094558 ], [ -73.901983451479452, 40.781990483516452 ], [ -73.902052564344217, 40.781918078993655 ], [ -73.902117079579256, 40.781847706125006 ], [ -73.902171328118982, 40.781789696591751 ], [ -73.902178153159909, 40.781780561863492 ], [ -73.902183594596011, 40.781769769804235 ], [ -73.902187819088923, 40.781757138790347 ], [ -73.902304430368019, 40.781519893218501 ], [ -73.902512480417826, 40.781108251360685 ], [ -73.902580493989248, 40.780814898123637 ], [ -73.902677235821031, 40.780594131742461 ], [ -73.902676770810658, 40.780352572046731 ], [ -73.902579296723445, 40.780289120835612 ], [ -73.902343038826729, 40.780187244804651 ], [ -73.902254809228552, 40.780274168316808 ], [ -73.902183037066592, 40.78035936664952 ], [ -73.902149674119201, 40.780780493954339 ], [ -73.902035657901052, 40.781203101963001 ], [ -73.901291276189198, 40.781858419270378 ], [ -73.901217540946917, 40.781819112421999 ], [ -73.900728470224536, 40.781979495284048 ], [ -73.9003457266802, 40.782066054511326 ], [ -73.900349607803392, 40.782164410027427 ], [ -73.899479477526896, 40.782169885937329 ], [ -73.898654378440327, 40.781995420320868 ], [ -73.897186047659886, 40.782807209963579 ], [ -73.897113842506116, 40.782723074238696 ], [ -73.897053990449919, 40.782756353987885 ], [ -73.897049592525448, 40.782765534360763 ], [ -73.897043230626593, 40.782774023743798 ], [ -73.897035085107916, 40.782781581468825 ], [ -73.897025386889297, 40.782787993279044 ], [ -73.897014410908525, 40.782793077404087 ], [ -73.897002468327187, 40.782796689712015 ], [ -73.896989897709972, 40.782798727796255 ], [ -73.896977055425751, 40.782799133878413 ], [ -73.896936809195665, 40.782821513126414 ], [ -73.896934315655599, 40.782828976454901 ], [ -73.896930172555727, 40.782836003263306 ], [ -73.896924503063261, 40.782842384655723 ], [ -73.896917475722873, 40.782847930923239 ], [ -73.896909299446108, 40.782852477184065 ], [ -73.896900217301024, 40.782855888284956 ], [ -73.89689049928522, 40.782858062819138 ], [ -73.89688043430057, 40.782858936141032 ], [ -73.896870321563412, 40.782858482288226 ], [ -73.896819408232162, 40.782886793069395 ], [ -73.896814235878153, 40.782895037430087 ], [ -73.896807354750024, 40.782902525368307 ], [ -73.896798951190661, 40.782909054108039 ], [ -73.896789252770688, 40.7829144468487 ], [ -73.896778522126965, 40.782918557552968 ], [ -73.896767049848975, 40.782921274901419 ], [ -73.896755146610005, 40.782922525307235 ], [ -73.896712079832653, 40.782946471829952 ], [ -73.89670510557967, 40.782955920599555 ], [ -73.896696115828377, 40.782964328280521 ], [ -73.89668537333624, 40.782971449128112 ], [ -73.896673192090844, 40.782977075009867 ], [ -73.896659928132621, 40.782981041488881 ], [ -73.896645969149233, 40.782983232630578 ], [ -73.896594678428244, 40.783011751710298 ], [ -73.896592955589711, 40.783018036338682 ], [ -73.89658991331801, 40.783024024990233 ], [ -73.896585632332062, 40.783029558769918 ], [ -73.896580226218092, 40.783034490851648 ], [ -73.896573838414483, 40.783038690374063 ], [ -73.89656663840654, 40.783042045912417 ], [ -73.8965588172303, 40.783044468435165 ], [ -73.89655058240254, 40.783045893666277 ], [ -73.89654215241552, 40.783046283790469 ], [ -73.896533750939909, 40.783045628456563 ], [ -73.896484310394811, 40.78307311987205 ], [ -73.896480306143502, 40.783080778193927 ], [ -73.896474745343866, 40.783087852637117 ], [ -73.896467770529668, 40.783094161869833 ], [ -73.896459560478775, 40.783099544173808 ], [ -73.896450325630752, 40.783103861590178 ], [ -73.896440302692781, 40.783107003454923 ], [ -73.896429748572771, 40.783108889235841 ], [ -73.896418933793399, 40.783109470596571 ], [ -73.896363790116382, 40.783140132947977 ], [ -73.896361755321195, 40.783146232944063 ], [ -73.896358371497399, 40.783151976332945 ], [ -73.896353739354311, 40.783157192179274 ], [ -73.89634799675396, 40.783161725248661 ], [ -73.896341314608151, 40.783165440627265 ], [ -73.896333891791286, 40.783168227737718 ], [ -73.896325949222216, 40.783170003629728 ], [ -73.896317723288476, 40.783170715448875 ], [ -73.896309458810947, 40.783170342010024 ], [ -73.896255426788343, 40.783200387308447 ], [ -73.896247544076545, 40.783210988531991 ], [ -73.896237416360904, 40.783220423821128 ], [ -73.896225335368726, 40.783228421393225 ], [ -73.896211649090759, 40.783234750878918 ], [ -73.896196751759078, 40.7832392299579 ], [ -73.896181072490108, 40.783241729610566 ], [ -73.896002977282123, 40.783336726805437 ], [ -73.896002974612941, 40.783338435729554 ], [ -73.89600184769624, 40.78334099600832 ], [ -73.896000721229157, 40.783342703918265 ], [ -73.895999592767581, 40.783345265368339 ], [ -73.895998467845089, 40.783346972106948 ], [ -73.895997340716733, 40.783348680016324 ], [ -73.895995089119978, 40.783351239279995 ], [ -73.895993963534977, 40.783352946688133 ], [ -73.895992836407515, 40.78335465392729 ], [ -73.895990586362302, 40.783356360823092 ], [ -73.895988335437281, 40.783358066545446 ], [ -73.895987210511663, 40.783359774959187 ], [ -73.895984960247461, 40.783361480682046 ], [ -73.895982710202048, 40.783363187577727 ], [ -73.895980458615398, 40.783364893299243 ], [ -73.895979333691301, 40.783366600540319 ], [ -73.895977083424839, 40.783368307435659 ], [ -73.895973709595353, 40.783369157429505 ], [ -73.895971460212394, 40.783370863152911 ], [ -73.895969210606822, 40.783372570048648 ], [ -73.895966961234038, 40.783373422732659 ], [ -73.89596471318599, 40.783374273742567 ], [ -73.895962462919101, 40.783375980637636 ], [ -73.895959091070921, 40.78337683163803 ], [ -73.89595684169943, 40.78337768331663 ], [ -73.895953469188797, 40.783378534986369 ], [ -73.895951221138048, 40.783379387671296 ], [ -73.895947847086418, 40.783380238166785 ], [ -73.895945599035315, 40.783381090851549 ], [ -73.895942227860331, 40.783381087807619 ], [ -73.895939979811757, 40.78338193881698 ], [ -73.895936608416292, 40.783381935772674 ], [ -73.895934359042769, 40.783382788456045 ], [ -73.895930988528903, 40.783382785412371 ], [ -73.89592761601925, 40.783383636076245 ], [ -73.895925368422283, 40.783383634046487 ], [ -73.895921997247186, 40.783383631001954 ], [ -73.895919749870487, 40.783383628972295 ], [ -73.895743174465409, 40.783481696872045 ], [ -73.895742047330117, 40.783483403606198 ], [ -73.895740919516612, 40.783485965556793 ], [ -73.895739792381193, 40.78348767229086 ], [ -73.895738666111825, 40.7834902332377 ], [ -73.895736415835231, 40.783491940128322 ], [ -73.895735289581069, 40.783493646863192 ], [ -73.895734161106162, 40.783496208813098 ], [ -73.895731911711522, 40.783497915201878 ], [ -73.895729662096784, 40.783499621422877 ], [ -73.895728534960639, 40.783501328156817 ], [ -73.895726284243239, 40.783503034544303 ], [ -73.895724034848641, 40.783504740765345 ], [ -73.895721783909991, 40.783506447655114 ], [ -73.895719534515734, 40.783508153373518 ], [ -73.895717285120526, 40.78350985959441 ], [ -73.895715036180604, 40.783510712273873 ], [ -73.895712786123795, 40.783512418661687 ], [ -73.89571053606808, 40.78351412437928 ], [ -73.895708286468377, 40.783514975885318 ], [ -73.89570491394781, 40.783515827547809 ], [ -73.895702664550967, 40.783517534438559 ], [ -73.895700414952046, 40.783518385441852 ], [ -73.895697043753657, 40.783519237105232 ], [ -73.895694794373014, 40.783520089281382 ], [ -73.895691421852021, 40.783520940943411 ], [ -73.895689172252844, 40.78352179194647 ], [ -73.895685799731652, 40.78352264360835 ], [ -73.895683551674225, 40.783523495115318 ], [ -73.895680181153296, 40.783523492064312 ], [ -73.895676807750263, 40.783524343725134 ], [ -73.895674559707587, 40.783524341690089 ], [ -73.89567118851015, 40.783525192347618 ], [ -73.895667816666702, 40.783525189295055 ], [ -73.895665569946431, 40.78352518726102 ], [ -73.895662197882473, 40.783525184208095 ], [ -73.895484493897925, 40.783625813156618 ], [ -73.895483366295238, 40.783628373429551 ], [ -73.89548111532757, 40.783630934526464 ], [ -73.895479988403324, 40.78363264125818 ], [ -73.895478860579004, 40.783635202201026 ], [ -73.895476611173379, 40.783636908417215 ], [ -73.895475433597682, 40.783639431956779 ], [ -73.895473232398274, 40.783641176747437 ], [ -73.895470980990254, 40.783643737173712 ], [ -73.895469855166681, 40.783645444408847 ], [ -73.895467603097813, 40.783648004331873 ], [ -73.895465353690597, 40.783649711217919 ], [ -73.895463104284929, 40.78365141693132 ], [ -73.89546085333464, 40.783653123815924 ], [ -73.895457479464355, 40.783654828509114 ], [ -73.895455229176036, 40.783656534724145 ], [ -73.895452978447665, 40.783658240436068 ], [ -73.895450729040334, 40.783659946819327 ], [ -73.895447356288699, 40.783660798473996 ], [ -73.89544510555919, 40.783662504688394 ], [ -73.895441732347436, 40.783664210554406 ], [ -73.895439484282093, 40.783665062056585 ], [ -73.895436111751252, 40.783665913208608 ], [ -73.895432737879105, 40.783667618403634 ], [ -73.895429365348093, 40.783668469555423 ], [ -73.895427115738514, 40.783669321726101 ], [ -73.895423743206564, 40.783670173380287 ], [ -73.895420371338389, 40.78367102335973 ], [ -73.895416998806255, 40.783671875013674 ], [ -73.895413627616364, 40.783671871954283 ], [ -73.895410255085949, 40.783672722435398 ], [ -73.89540688321479, 40.783673574089711 ], [ -73.895404635607832, 40.7836735720498 ], [ -73.895401264418069, 40.783673568990025 ], [ -73.895397891225159, 40.783674420140336 ], [ -73.895394520035367, 40.78367441708037 ], [ -73.894970507784691, 40.783909775155941 ], [ -73.894969382825423, 40.783911482387012 ], [ -73.894968254315387, 40.783914043324089 ], [ -73.894967127126847, 40.783916604765018 ], [ -73.894965999497487, 40.783919166205465 ], [ -73.894964872333816, 40.783920873601971 ], [ -73.894963745145034, 40.783923435042865 ], [ -73.894961495055227, 40.783925141248332 ], [ -73.894960366544822, 40.783927702185373 ], [ -73.894958116233497, 40.783929409060683 ], [ -73.894956989951197, 40.783931116290361 ], [ -73.894954739175347, 40.783933676204448 ], [ -73.894952488864732, 40.783935382409503 ], [ -73.894950238774015, 40.783937088782309 ], [ -73.894947989344658, 40.783938794988117 ], [ -73.894945739032622, 40.783940501863142 ], [ -73.894943488281598, 40.783942207565126 ], [ -73.894941238851885, 40.783943913770806 ], [ -73.894938987879073, 40.783945620142518 ], [ -73.894936738449928, 40.783947325845574 ], [ -73.894933364550738, 40.783949031025912 ], [ -73.894931114924532, 40.783949883689402 ], [ -73.894928865493412, 40.783951590564989 ], [ -73.894925492060935, 40.783952441031076 ], [ -73.894923241307765, 40.783954147402689 ], [ -73.894919869417976, 40.783954997870019 ], [ -73.894916496865051, 40.783955849509375 ], [ -73.894914248782101, 40.783956701671364 ], [ -73.894910876890222, 40.783957553311112 ], [ -73.894907503678496, 40.783958403274269 ], [ -73.89490525405165, 40.783959255937276 ], [ -73.894901882847464, 40.783959252862893 ], [ -73.894898510957134, 40.783960103329655 ], [ -73.894895138403484, 40.783960954968329 ], [ -73.894891767199184, 40.78396095189369 ], [ -73.89488952046446, 40.783960949844513 ], [ -73.894886149039664, 40.783960946769497 ], [ -73.894882777369091, 40.783961797403407 ], [ -73.89487940528312, 40.783961794327588 ], [ -73.894714075747075, 40.784052182324992 ], [ -73.894712947223184, 40.784054744264701 ], [ -73.894711820904945, 40.784057305201266 ], [ -73.894710693731611, 40.784059013097817 ], [ -73.894709565869476, 40.784061574535585 ], [ -73.894708437346097, 40.784064135972628 ], [ -73.894706187905356, 40.784065842843823 ], [ -73.894705060706016, 40.784068403109387 ], [ -73.894703933532966, 40.784070110503336 ], [ -73.894701682080864, 40.78407267091432 ], [ -73.89469943264055, 40.784074377115289 ], [ -73.894698305466619, 40.784076085011669 ], [ -73.894696055145204, 40.78407779070919 ], [ -73.894693803032126, 40.784080350616826 ], [ -73.894691553589496, 40.784082057990283 ], [ -73.894689302606707, 40.784083763687065 ], [ -73.894687053165711, 40.7840854698877 ], [ -73.894684803724317, 40.784087176255909 ], [ -73.894682554753544, 40.784088027742456 ], [ -73.894679181500862, 40.784089733586008 ], [ -73.894676930737745, 40.784091439282747 ], [ -73.894674680442463, 40.784092291940624 ], [ -73.894671307851624, 40.784093997114496 ], [ -73.894669059100451, 40.784094848768483 ], [ -73.894665685186936, 40.784096553941026 ], [ -73.894663436214543, 40.784097406097302 ], [ -73.894660064534477, 40.784098256557179 ], [ -73.894656690428079, 40.784099108187441 ], [ -73.894654442336957, 40.784099960344356 ], [ -73.894651069773303, 40.784100811975932 ], [ -73.894647697873395, 40.784101661932716 ], [ -73.894644325780305, 40.784101658850005 ], [ -73.894640954097923, 40.784102510482001 ], [ -73.894638705815524, 40.78410250842655 ], [ -73.894635333252324, 40.784103359555033 ], [ -73.894631963363082, 40.784103356473977 ], [ -73.894628591490346, 40.784103353391011 ], [ -73.894625220278868, 40.784103350308555 ], [ -73.894621849067391, 40.784103347226001 ], [ -73.894619602327637, 40.784103345171566 ], [ -73.894616229573273, 40.784103342087434 ], [ -73.89461285968423, 40.784103339005831 ], [ -73.894609488502383, 40.784102481711045 ], [ -73.894606117951994, 40.784102478628633 ], [ -73.894602748093519, 40.784101620832338 ], [ -73.894600502704179, 40.784100765739552 ], [ -73.894597132154018, 40.78410076265687 ], [ -73.894593761414072, 40.784099904859431 ], [ -73.894590392436569, 40.784099047566094 ], [ -73.894588144846253, 40.784098190795838 ], [ -73.894584777, 40.784096479961626 ], [ -73.894582531611832, 40.784095624365882 ], [ -73.894579160872524, 40.784094766568039 ], [ -73.894576915515643, 40.784093056090313 ], [ -73.894573546317361, 40.784092199466386 ], [ -73.894571302282088, 40.784090489659782 ], [ -73.894567932424678, 40.784089631862415 ], [ -73.894565686848594, 40.784087920881689 ], [ -73.894563442814672, 40.78408621057239 ], [ -73.894561197899222, 40.784084500094686 ], [ -73.894558952542283, 40.784082790286696 ], [ -73.894556708508489, 40.78408107997722 ], [ -73.894554464475078, 40.784079369500269 ], [ -73.894552218898838, 40.784077659189322 ], [ -73.894442004028718, 40.78413478596385 ], [ -73.894444247589448, 40.784137349984427 ], [ -73.894445367997804, 40.784139914651405 ], [ -73.894446487558923, 40.784141623430543 ], [ -73.894447607970079, 40.784144186422253 ], [ -73.89444872749884, 40.784146749915791 ], [ -73.894449846585914, 40.784149313911414 ], [ -73.894450967689139, 40.784151023362021 ], [ -73.894452088099683, 40.78415358685627 ], [ -73.894453206306522, 40.784156150348551 ], [ -73.894453202245316, 40.784158712310337 ], [ -73.894454322656003, 40.784161275804586 ], [ -73.894454318594029, 40.784163838269023 ], [ -73.894454314532069, 40.784166400733397 ], [ -73.894455434062237, 40.784168963724284 ], [ -73.894455430000306, 40.784171526188643 ], [ -73.894455425937579, 40.78417408915567 ], [ -73.89445429828497, 40.784176650088412 ], [ -73.894454294222996, 40.784179212552857 ], [ -73.894454290161832, 40.784181774514678 ], [ -73.894453161624895, 40.784184337121864 ], [ -73.89445315891777, 40.784186044873039 ], [ -73.894452032587097, 40.784188605806996 ], [ -73.89445090405178, 40.784191167241559 ], [ -73.894450899988882, 40.784193730208493 ], [ -73.894449772115308, 40.784196291141072 ], [ -73.894448644901473, 40.784198853079303 ], [ -73.894446394127684, 40.784200559441615 ], [ -73.894446267162166, 40.784200847468973 ], [ -73.894445265591784, 40.784203120876036 ], [ -73.894444137056809, 40.784205681807947 ], [ -73.894443012079108, 40.784207389033739 ], [ -73.894440760389799, 40.784209950612116 ], [ -73.894438510277965, 40.784211656304734 ], [ -73.894437381742364, 40.784214217236531 ], [ -73.894435132291505, 40.78421592292964 ], [ -73.894432881957826, 40.784217629124541 ], [ -73.894430629827255, 40.7842201907023 ], [ -73.8944283803758, 40.784221896395273 ], [ -73.894426129381557, 40.78422360208689 ], [ -73.894423879928027, 40.78422530895245 ], [ -73.894421630476231, 40.784227014645325 ], [ -73.89441937948078, 40.784228720839373 ], [ -73.894416006907591, 40.784229572463992 ], [ -73.894413756572902, 40.784231278825992 ], [ -73.894410383527429, 40.784232983991835 ], [ -73.89440813388596, 40.784233836142512 ], [ -73.894404759959514, 40.784235540804737 ], [ -73.894402511859766, 40.784236393459267 ], [ -73.894399139949627, 40.784237243408818 ], [ -73.894395765359704, 40.784238949242834 ], [ -73.894393515717056, 40.784239801895801 ], [ -73.894390143145642, 40.784240651844463 ], [ -73.894386771232661, 40.784241503468834 ], [ -73.894383400013979, 40.784241500379288 ], [ -73.894380027439695, 40.78424235200287 ], [ -73.894377779341269, 40.784243203484266 ], [ -73.894374407902262, 40.784243200394265 ], [ -73.894371036209407, 40.784244052018352 ], [ -73.894367664109168, 40.784244048927548 ], [ -73.894364292229326, 40.784244045836857 ], [ -73.894360921010588, 40.78424404274665 ], [ -73.894357549791991, 40.784244039656357 ], [ -73.894354179234597, 40.784244036566591 ], [ -73.894350808016014, 40.784244033476099 ], [ -73.894347436797204, 40.784244030385516 ], [ -73.894344066934892, 40.784243172581668 ], [ -73.89434069637754, 40.784243169491475 ], [ -73.894338450986808, 40.784242314393623 ], [ -73.894335079581808, 40.784241456588006 ], [ -73.89433170770215, 40.784241453496357 ], [ -73.894328338501381, 40.784240595692609 ], [ -73.89432496929868, 40.784239739061462 ], [ -73.894322723249871, 40.784238882287426 ], [ -73.894319355404988, 40.784237170272831 ], [ -73.894315984659258, 40.784236314142525 ], [ -73.894313738609668, 40.784235457870906 ], [ -73.894310370103099, 40.784233746525544 ], [ -73.89430812383327, 40.784232890253598 ], [ -73.894304756207831, 40.784231179411378 ], [ -73.894302510633722, 40.784229468425551 ], [ -73.894299140772745, 40.784228610620346 ], [ -73.89429689674013, 40.784226900808434 ], [ -73.894294651826513, 40.784225190493132 ], [ -73.894292407134742, 40.784223479507929 ], [ -73.894290162220599, 40.784221769695066 ], [ -73.894287916866006, 40.784220059881832 ], [ -73.894285674192659, 40.784217494183807 ], [ -73.894283429279056, 40.7842157843709 ], [ -73.894281184586617, 40.784214074055519 ], [ -73.894280064180109, 40.78421151156477 ], [ -73.894277820149142, 40.784209801249943 ], [ -73.89427670106852, 40.784207236582496 ], [ -73.894274455714751, 40.784205526769 ], [ -73.894273335309279, 40.784202963775577 ], [ -73.894272342279208, 40.784200688037508 ], [ -73.894272217770776, 40.784200399779657 ], [ -73.894269973740649, 40.784198689297092 ], [ -73.894268853337223, 40.784196125298543 ], [ -73.894267732932065, 40.784193562305035 ], [ -73.894267737001215, 40.784190999840646 ], [ -73.894266617919442, 40.784188436345858 ], [ -73.894265496160088, 40.784186726390324 ], [ -73.894265500227448, 40.784184165098573 ], [ -73.894264381368188, 40.784181600431268 ], [ -73.894264385436671, 40.784179038469453 ], [ -73.894264389505949, 40.784176476005015 ], [ -73.894263268440113, 40.784173913010932 ], [ -73.894263272509434, 40.784171350546522 ], [ -73.894263276579551, 40.784168787579581 ], [ -73.89426440578228, 40.784166226650022 ], [ -73.894264409851559, 40.784163664185662 ], [ -73.894264413920027, 40.784161102223855 ], [ -73.894265540920074, 40.784158540287116 ], [ -73.894265544988514, 40.78415597832533 ], [ -73.894266672174908, 40.784154270433106 ], [ -73.894267799394413, 40.784151708999197 ], [ -73.894268927935471, 40.784149148068998 ], [ -73.894270056477026, 40.78414658663629 ], [ -73.894271182815373, 40.78414402469889 ], [ -73.894272309999764, 40.784142317979359 ], [ -73.894273437879249, 40.7841397570485 ], [ -73.894274566201887, 40.784137194442849 ], [ -73.894276815874861, 40.784135488752987 ], [ -73.894277942211161, 40.784132927820728 ], [ -73.894280192986471, 40.784131221629231 ], [ -73.894282444016241, 40.784128661226092 ], [ -73.894283571201726, 40.784126953333697 ], [ -73.894285821314881, 40.784125247644091 ], [ -73.894288073668264, 40.784122686069388 ], [ -73.894290323119961, 40.784120980379043 ], [ -73.89429257257153, 40.784119274688734 ], [ -73.894294823567591, 40.784117567827039 ], [ -73.894298196609384, 40.784115863167195 ], [ -73.894300448265255, 40.784114156976145 ], [ -73.894302697242921, 40.78411330482691 ], [ -73.894306070504541, 40.784111600167037 ], [ -73.894308319957261, 40.7841098933037 ], [ -73.894311692525747, 40.784109041682164 ], [ -73.894313943298826, 40.784107335992623 ], [ -73.894317315204063, 40.784106485543063 ], [ -73.894319564181203, 40.784105633393537 ], [ -73.89432293810421, 40.784103928231126 ], [ -73.894326310011024, 40.784103076608595 ], [ -73.89432968257816, 40.784102225489157 ], [ -73.894331930640291, 40.784102227550434 ], [ -73.894335304089807, 40.784101375929112 ], [ -73.894338675993623, 40.784100525981472 ], [ -73.894342047204944, 40.784100529072298 ], [ -73.894345419111559, 40.78409967744917 ], [ -73.89434879098404, 40.784099680540429 ], [ -73.894352162889518, 40.784098829419712 ], [ -73.894355533439551, 40.784098832509549 ], [ -73.89435890531216, 40.784098835600517 ], [ -73.894362275862193, 40.784098838690156 ], [ -73.89436564839589, 40.784098841781521 ], [ -73.894367895355757, 40.784098843841093 ], [ -73.894371265212015, 40.78409970114172 ], [ -73.894374636423308, 40.784099704231622 ], [ -73.89437800561754, 40.78410056203407 ], [ -73.894381376829088, 40.784100565123758 ], [ -73.894384746687294, 40.784101421251329 ], [ -73.894388116542942, 40.784102279054011 ], [ -73.894391487060673, 40.784103136354673 ], [ -73.894393733326453, 40.784103993127566 ], [ -73.894397102302506, 40.784104849756567 ], [ -73.89440047237899, 40.784105707559135 ], [ -73.894402717764066, 40.784106563828473 ], [ -73.894406085605326, 40.784108275170581 ], [ -73.894409456125516, 40.784109131298024 ], [ -73.894411701698289, 40.784110842281876 ], [ -73.894413945729951, 40.784112552091493 ], [ -73.894417315586736, 40.784113409893365 ], [ -73.894419561159665, 40.784115120877054 ], [ -73.894421805852105, 40.784116831189756 ], [ -73.894425173695396, 40.784118542028708 ], [ -73.894427417726646, 40.784120252508274 ], [ -73.894429663301324, 40.78412196282158 ], [ -73.894431907333811, 40.78412367263094 ], [ -73.89454100171902, 40.784065691801374 ], [ -73.894539879954479, 40.784063981848433 ], [ -73.894537635952574, 40.784061417326811 ], [ -73.894536516392122, 40.784059707375903 ], [ -73.894535395979958, 40.784057143882379 ], [ -73.894533150404158, 40.784055434073665 ], [ -73.894532032195343, 40.784052871084747 ], [ -73.894530910430191, 40.784051161801855 ], [ -73.89452979002003, 40.784048597135595 ], [ -73.894529794078295, 40.784046035173716 ], [ -73.89452867451665, 40.784044326395417 ], [ -73.894527554105053, 40.784041762901872 ], [ -73.894527558164199, 40.784039200437391 ], [ -73.894526439074966, 40.784036636945011 ], [ -73.89452644313414, 40.784034074480601 ], [ -73.894525321370494, 40.784032364527555 ], [ -73.89452532542893, 40.784029802565684 ], [ -73.894525329488161, 40.78402724010116 ], [ -73.894525333547392, 40.784024677636765 ], [ -73.894525337606623, 40.784022115172249 ], [ -73.894526464782444, 40.784020408450218 ], [ -73.894526468840823, 40.78401784648829 ], [ -73.894526472901859, 40.784015282851186 ], [ -73.894527600109015, 40.784012721414605 ], [ -73.894527604168161, 40.784010158950188 ], [ -73.894528731343499, 40.784008452228036 ], [ -73.894529857668743, 40.784005890790702 ], [ -73.894530986197253, 40.784003329857867 ], [ -73.894532113373401, 40.784001622633205 ], [ -73.894533239699484, 40.783999060525645 ], [ -73.894534368226459, 40.783996500262987 ], [ -73.894535494742215, 40.783994792367466 ], [ -73.894536623270909, 40.783992230932078 ], [ -73.894538872713682, 40.783990524064173 ], [ -73.894539999006909, 40.783988817341182 ], [ -73.894542250682903, 40.783986256933439 ], [ -73.894544500124269, 40.783984550735568 ], [ -73.894545627300772, 40.783982842840658 ], [ -73.894547878755034, 40.783980282935183 ], [ -73.894550129076961, 40.783978577240624 ], [ -73.894552378518711, 40.783976870372435 ], [ -73.894554629501371, 40.783975164678388 ], [ -73.894556878941259, 40.783973458982807 ], [ -73.894559127030135, 40.783972606325186 ], [ -73.89456137779284, 40.783970900128203 ], [ -73.894564752585424, 40.783969194289455 ], [ -73.894567000674073, 40.783968341631706 ], [ -73.89456925165608, 40.78396663593729 ], [ -73.894572623331712, 40.783965784809951 ], [ -73.8945748729911, 40.783964079114213 ], [ -73.894578245549013, 40.783963227484904 ], [ -73.89458049495687, 40.783962376503339 ], [ -73.894583866191965, 40.783961524872687 ], [ -73.894587240291514, 40.783960673747103 ], [ -73.894589488379594, 40.783959821088914 ], [ -73.894592860934239, 40.783958971134382 ], [ -73.89459623349147, 40.783958119504547 ], [ -73.894599605357001, 40.783958122588452 ], [ -73.894601854324449, 40.783957271103539 ], [ -73.894605224647052, 40.783957274185887 ], [ -73.894608597424522, 40.783956422555868 ], [ -73.894611967746869, 40.783956425638031 ], [ -73.894615339832612, 40.78395642872168 ], [ -73.894617586567392, 40.783956430776172 ], [ -73.894620958432625, 40.783956433859451 ], [ -73.894784037985431, 40.783867752196521 ], [ -73.894784042033905, 40.783865190234557 ], [ -73.894785166997139, 40.783863483005312 ], [ -73.894786295516013, 40.783860920394773 ], [ -73.8947874231513, 40.783858358955982 ], [ -73.894788550317401, 40.783856652231322 ], [ -73.894789677511042, 40.7838540912947 ], [ -73.894791926941608, 40.783852385092004 ], [ -73.894793055459871, 40.783849822481287 ], [ -73.894794181964656, 40.783848115755994 ], [ -73.894796433404977, 40.783845555845588 ], [ -73.894798684377818, 40.783843849644128 ], [ -73.894799810690955, 40.783841287533939 ], [ -73.894802061442462, 40.783839581834826 ], [ -73.894804311753703, 40.783837875632642 ], [ -73.894806561845371, 40.783836168760061 ], [ -73.894808812155802, 40.783834463060423 ], [ -73.89481106158604, 40.783832756187202 ], [ -73.894813311014545, 40.783831050486576 ], [ -73.894815561985652, 40.783829344787385 ], [ -73.894817811414711, 40.783827638584086 ], [ -73.894821185284798, 40.783826786948858 ], [ -73.894823435596209, 40.783825080076234 ], [ -73.894826808141218, 40.783824230114881 ], [ -73.894829058231906, 40.783822523241859 ], [ -73.894832429456955, 40.783821671603903 ], [ -73.894834679077235, 40.783820820617599 ], [ -73.894838051624347, 40.783819968980666 ], [ -73.894840299703674, 40.783819116820098 ], [ -73.894843671587594, 40.78381826635507 ], [ -73.894847044795668, 40.783817414718477 ], [ -73.894850418884559, 40.783816563585198 ], [ -73.894852666964383, 40.783815710921836 ], [ -73.894856037500119, 40.783815713997043 ], [ -73.89485941004429, 40.78381486403471 ], [ -73.894862781241173, 40.783814867110323 ], [ -73.894866152438055, 40.783814870185822 ], [ -73.894869524323298, 40.783814018547361 ], [ -73.894871772375666, 40.783814020598115 ], [ -73.89487514357252, 40.783814023673351 ], [ -73.894878514108385, 40.783814026747912 ], [ -73.895309272471565, 40.783576113840567 ], [ -73.895310400964661, 40.783573551727258 ], [ -73.895311528133959, 40.783570990282897 ], [ -73.895312655282765, 40.783569283050412 ], [ -73.895313781569641, 40.783566722107821 ], [ -73.895314908719385, 40.783565014205188 ], [ -73.895316037210804, 40.783562452761998 ], [ -73.895317162816482, 40.783560745528092 ], [ -73.895319413104289, 40.7835590398183 ], [ -73.895320541594813, 40.783556478877628 ], [ -73.895321666540141, 40.783554770972962 ], [ -73.89532391727117, 40.783553063588315 ], [ -73.895326166897362, 40.783551357877833 ], [ -73.895327294045472, 40.783549650645192 ], [ -73.895329543452021, 40.783547944264377 ], [ -73.895331794180052, 40.783546238554756 ], [ -73.895334044467788, 40.783544532342162 ], [ -73.895336293875005, 40.783542825458646 ], [ -73.895338544822906, 40.783541119749088 ], [ -73.895340792886415, 40.783540267578765 ], [ -73.895343042291287, 40.7835385618678 ], [ -73.895346417702001, 40.783536856676669 ], [ -73.8953486664265, 40.783536004506793 ], [ -73.895350915150729, 40.783535152336896 ], [ -73.895354287695241, 40.783533447645517 ], [ -73.895356537302519, 40.783532594471126 ], [ -73.89535878536627, 40.783531741797887 ], [ -73.895362157889423, 40.783530891820867 ], [ -73.895364407275494, 40.783530039148694 ], [ -73.895367779139079, 40.783529187998198 ], [ -73.895371152546318, 40.783528336346428 ], [ -73.895373399266461, 40.783528338386184 ], [ -73.895376771789472, 40.783527488408666 ], [ -73.895380142310628, 40.783527491468554 ], [ -73.895382391696359, 40.783526638796033 ], [ -73.895385763760146, 40.783526641857136 ], [ -73.89538913428143, 40.783526644916748 ], [ -73.895391382343576, 40.783525792745451 ], [ -73.895394753526077, 40.783525795805524 ], [ -73.895571326201519, 40.783430292078251 ], [ -73.895571328879939, 40.783428584326799 ], [ -73.895572457359336, 40.783426022881059 ], [ -73.895573582516434, 40.783424314974098 ], [ -73.895574709655037, 40.783422608241573 ], [ -73.895574712335218, 40.783420899317527 ], [ -73.895575840135137, 40.783419192585569 ], [ -73.895576965070489, 40.783417485348487 ], [ -73.89557809154897, 40.78341577794528 ], [ -73.895580342265944, 40.783414072230798 ], [ -73.895581468082767, 40.783412364994511 ], [ -73.89558259522282, 40.783410657089227 ], [ -73.895583720157276, 40.783408950354641 ], [ -73.895585971096153, 40.783407243467629 ], [ -73.895587098234159, 40.783405536734961 ], [ -73.895589346290691, 40.783404684057217 ], [ -73.89559047254707, 40.783402977323803 ], [ -73.895592722823352, 40.783401271106065 ], [ -73.895594970878875, 40.783400418930768 ], [ -73.895597220936551, 40.783398711540137 ], [ -73.895598346733934, 40.783397859520754 ], [ -73.895600595671539, 40.783397006843543 ], [ -73.895602845066932, 40.783395299954705 ], [ -73.895605094442644, 40.783394448953125 ], [ -73.895607342718861, 40.783393596275211 ], [ -73.895609590772864, 40.783392744769728 ], [ -73.89561184015011, 40.783391892595219 ], [ -73.895614089086749, 40.783391040420369 ], [ -73.895616337142215, 40.7833901877421 ], [ -73.895618586737882, 40.783389336740406 ], [ -73.895621959253347, 40.783388485080479 ], [ -73.895624205968829, 40.783388487115353 ], [ -73.895626455565306, 40.7833876356109 ], [ -73.895628702941963, 40.783387637646285 ], [ -73.895632074796012, 40.783386785985456 ], [ -73.89563432371547, 40.783386788022135 ], [ -73.895636570430895, 40.783386790056781 ], [ -73.895638819807743, 40.78338593788181 ], [ -73.895642188999332, 40.783385940932831 ], [ -73.895644437037333, 40.783385942968494 ], [ -73.895646683973183, 40.78338594500314 ], [ -73.895828878691063, 40.783287882832035 ], [ -73.895830005820812, 40.78328617609705 ], [ -73.895831130746615, 40.783284469360019 ], [ -73.895832259214416, 40.783281907409005 ], [ -73.895833385684583, 40.783280199500716 ], [ -73.895833388356266, 40.783278491749243 ], [ -73.895835638402929, 40.783276784856461 ], [ -73.895836765532479, 40.783275078121399 ], [ -73.89583789399812, 40.783272517175533 ], [ -73.895839019584727, 40.783270810438985 ], [ -73.895840146714932, 40.783269103201285 ], [ -73.895842396982118, 40.783267395806 ], [ -73.895843521909114, 40.783265687896218 ], [ -73.895845771497733, 40.783264836890041 ], [ -73.895846897085988, 40.783263128980813 ], [ -73.895849148011365, 40.783261423261251 ], [ -73.895851397393812, 40.783259717540211 ], [ -73.895853646764394, 40.783258864858453 ], [ -73.895854771911445, 40.78325715694875 ], [ -73.895857021955592, 40.783255450725626 ], [ -73.895859271543827, 40.783254599719214 ], [ -73.895861519591563, 40.783253747036163 ], [ -73.895863768975417, 40.78325204014223 ], [ -73.895866019224485, 40.783251189136259 ], [ -73.895868268814894, 40.783250336454408 ], [ -73.89587051752298, 40.783249484274343 ], [ -73.895873889364893, 40.783248633779117 ], [ -73.895876137411662, 40.783247781598249 ], [ -73.895878386120387, 40.783246928915418 ], [ -73.89588063504668, 40.78324607790799 ], [ -73.895884007551317, 40.78324522624041 ], [ -73.895886255584529, 40.783245228271376 ], [ -73.895888503852092, 40.783244375587955 ], [ -73.895891876354696, 40.783243525092772 ], [ -73.895894124387908, 40.783243527123595 ], [ -73.895897494233481, 40.783243530167745 ], [ -73.895899743823222, 40.783242677485283 ], [ -73.895901990534014, 40.783242679514757 ], [ -73.895905361701992, 40.783242682559866 ], [ -73.895907609735104, 40.783242684590419 ], [ -73.8960637773842, 40.783157201805267 ], [ -73.896054750621531, 40.783154658246936 ], [ -73.89604638629892, 40.783151035273946 ], [ -73.896038906017637, 40.783146428872108 ], [ -73.896032507956619, 40.783140961081443 ], [ -73.896027361623638, 40.783134776763511 ], [ -73.896023603362806, 40.783128039762985 ], [ -73.896021332744127, 40.783120928567349 ], [ -73.896020609923269, 40.783113631577514 ], [ -73.896021454050128, 40.783106342116781 ], [ -73.896017823846009, 40.783106514386304 ], [ -73.896014209341672, 40.783106205530089 ], [ -73.89601072006478, 40.783105424907234 ], [ -73.896007461748511, 40.78310419617241 ], [ -73.896004533127822, 40.783102556559157 ], [ -73.896002022946178, 40.783100555751624 ], [ -73.896000007268199, 40.783098254378743 ], [ -73.895998547173392, 40.783095722177677 ], [ -73.895997686905986, 40.783093035879816 ], [ -73.895997452534289, 40.783090276886306 ], [ -73.895986849467576, 40.78309164807294 ], [ -73.895976094044642, 40.78309164317286 ], [ -73.895965493147841, 40.783090262325921 ], [ -73.895955349251068, 40.783087544931611 ], [ -73.895945951787994, 40.783083568524781 ], [ -73.895937568894453, 40.783078446563657 ], [ -73.895930439758047, 40.783072325192009 ], [ -73.895924767792295, 40.783065379069846 ], [ -73.895920714834091, 40.783057806389415 ], [ -73.895918396524635, 40.783049823220388 ], [ -73.895917879011677, 40.783041657344675 ], [ -73.895919177060051, 40.783033541757412 ], [ -73.895916300689279, 40.783034214158228 ], [ -73.89591331597714, 40.783034506113452 ], [ -73.89591030935658, 40.783034409168486 ], [ -73.895907367894381, 40.783033926130713 ], [ -73.895904576771201, 40.783033070988203 ], [ -73.895902016813935, 40.783031868504558 ], [ -73.895899762154812, 40.783030353502006 ], [ -73.895897878085336, 40.783028569852696 ], [ -73.895896419165467, 40.783026569208396 ], [ -73.895895427643353, 40.783024409504719 ], [ -73.895894932231599, 40.783022153283554 ], [ -73.895894947276886, 40.783019865881613 ], [ -73.895884538149929, 40.783021052976373 ], [ -73.895874013916185, 40.783020922568021 ], [ -73.89586366122478, 40.783019478208452 ], [ -73.895853762052766, 40.783016759237832 ], [ -73.895844586024722, 40.783012839712967 ], [ -73.895836383068087, 40.783007826390168 ], [ -73.895829376607296, 40.78300185581756 ], [ -73.895823757477487, 40.782995090616019 ], [ -73.895819678726411, 40.782987715049551 ], [ -73.895817251446786, 40.782979930006753 ], [ -73.895816541750008, 40.782971947529028 ], [ -73.895817568965128, 40.782963985035281 ], [ -73.895793570756027, 40.7829458710968 ], [ -73.895782128770421, 40.782946528819309 ], [ -73.895770699652687, 40.782945752520028 ], [ -73.895759592365678, 40.78294356318478 ], [ -73.895749107172378, 40.782940019997724 ], [ -73.895739527518288, 40.782935218741585 ], [ -73.895731112369432, 40.782929289208603 ], [ -73.895724089211811, 40.782922391691415 ], [ -73.895718647901248, 40.782914712650097 ], [ -73.895714935531956, 40.782906459671651 ], [ -73.895713052459513, 40.78289785585816 ], [ -73.895713049587854, 40.782889133795656 ], [ -73.895708463601608, 40.782888027527115 ], [ -73.895704143333205, 40.782886417817018 ], [ -73.895700183826449, 40.782884340078247 ], [ -73.895696672188592, 40.782881840019968 ], [ -73.895693685673976, 40.782878972642322 ], [ -73.895691289984072, 40.782875801026179 ], [ -73.895683888888215, 40.782870332831251 ], [ -73.8956746629039, 40.782872352949234 ], [ -73.895665118407763, 40.78287314451152 ], [ -73.895655536385405, 40.782872684214752 ], [ -73.895646198927068, 40.782870985609911 ], [ -73.89563738092329, 40.782868098703268 ], [ -73.895629341972139, 40.782864108483828 ], [ -73.895622318736287, 40.782859132422018 ], [ -73.895616517976407, 40.782853317010662 ], [ -73.895612110463873, 40.782846833452702 ], [ -73.895609225953081, 40.782839872621025 ], [ -73.895607949362287, 40.782832639439171 ], [ -73.895608318273062, 40.782825346848171 ], [ -73.895610321824407, 40.782818209538448 ], [ -73.895605533544853, 40.782817496103483 ], [ -73.895600945685118, 40.782816233278027 ], [ -73.895596666650661, 40.782814450901121 ], [ -73.895592797549554, 40.782812191088055 ], [ -73.895589429803721, 40.782809507235342 ], [ -73.895586642988491, 40.782806462758998 ], [ -73.895584502953042, 40.78280312959614 ], [ -73.895583060263291, 40.782799586505234 ], [ -73.895582439426775, 40.782796716899895 ], [ -73.895582277292732, 40.782793811363085 ], [ -73.895582576216484, 40.782790912103664 ], [ -73.895570810499507, 40.782792376949189 ], [ -73.895558888359531, 40.782792447079686 ], [ -73.895547094226202, 40.782791120821983 ], [ -73.895535709475595, 40.782788429816975 ], [ -73.895525005716479, 40.782784438264706 ], [ -73.89551523831139, 40.782779241392689 ], [ -73.895425368480005, 40.782719970804372 ], [ -73.89477429053531, 40.782253592494293 ], [ -73.895421979716545, 40.781717771016339 ], [ -73.895357505675193, 40.781657657133486 ], [ -73.895350830302164, 40.781663945840023 ], [ -73.895278724665175, 40.781722686959633 ], [ -73.895287961735249, 40.781729238226546 ], [ -73.894624393384035, 40.782269809190765 ], [ -73.894600917745791, 40.782253158981362 ], [ -73.895237398671497, 40.781734654773466 ], [ -73.895212642044271, 40.781717096707617 ], [ -73.895243431070497, 40.781692015317539 ], [ -73.895266122513306, 40.781708110175565 ], [ -73.89531098163927, 40.781671565894086 ], [ -73.895316678333245, 40.781675605751659 ], [ -73.89534092170129, 40.78165585474445 ], [ -73.895348504673748, 40.781649265484432 ], [ -73.895325580100788, 40.781626273910994 ], [ -73.895355900385255, 40.781595651496026 ], [ -73.895344478422885, 40.781585566311293 ], [ -73.895284679113004, 40.781541249254865 ], [ -73.895276480897692, 40.781553072970802 ], [ -73.895265794261647, 40.781563686522254 ], [ -73.895252920858738, 40.781572790317384 ], [ -73.895238224069232, 40.781580127380607 ], [ -73.895231519250672, 40.781590932832835 ], [ -73.895222787326318, 40.781600866481277 ], [ -73.895212220042339, 40.781609710189926 ], [ -73.895200049448619, 40.781617269756914 ], [ -73.895186542802833, 40.781623379179003 ], [ -73.895186210840407, 40.781644994973014 ], [ -73.895180952601962, 40.781666239517016 ], [ -73.895170927413702, 40.78168646907524 ], [ -73.895156439047369, 40.781705070667073 ], [ -73.895137926515133, 40.781721480640485 ], [ -73.895115950768272, 40.781735201752056 ], [ -73.895091177698646, 40.781745818234135 ], [ -73.895064357962241, 40.781753008393181 ], [ -73.89506095399058, 40.781761208571993 ], [ -73.895055825153989, 40.781768872707254 ], [ -73.895049110628463, 40.78177579282498 ], [ -73.895040992618576, 40.781781781140914 ], [ -73.89503169141436, 40.781786675156134 ], [ -73.895021459413428, 40.781790342066579 ], [ -73.895010574271097, 40.781792682366941 ], [ -73.895004260640931, 40.781813014209476 ], [ -73.89499345069386, 40.781832220917899 ], [ -73.894978465124126, 40.781849732687377 ], [ -73.894959748505443, 40.781865029996482 ], [ -73.894937856101663, 40.781877659019734 ], [ -73.894913437393953, 40.781887245091639 ], [ -73.894887216812009, 40.781893503821763 ], [ -73.894884968398088, 40.781902152523493 ], [ -73.894880949700706, 40.781910422328565 ], [ -73.894875261769926, 40.781918105290721 ], [ -73.894868047629998, 40.781925008220206 ], [ -73.894859488681291, 40.781930957541078 ], [ -73.894849800140847, 40.781935803656154 ], [ -73.894839225629212, 40.781939424708533 ], [ -73.894828031044895, 40.781941729646121 ], [ -73.89482005609598, 40.781961824018943 ], [ -73.89480821818276, 40.781980786131221 ], [ -73.894792783444117, 40.781998189672841 ], [ -73.894774098885023, 40.782013643373382 ], [ -73.894752584574434, 40.782026799798913 ], [ -73.89472872420049, 40.782037363163241 ], [ -73.894703054198274, 40.782045095978091 ], [ -73.894701498149999, 40.782053123485781 ], [ -73.894698173379169, 40.782060834057567 ], [ -73.894693176235151, 40.782068004246092 ], [ -73.894686651531089, 40.782074426263861 ], [ -73.894678788348884, 40.782079914004768 ], [ -73.894669814558057, 40.782084308437398 ], [ -73.894659990213626, 40.782087482213683 ], [ -73.894649600019136, 40.782089343359765 ], [ -73.894642979725703, 40.782109098105913 ], [ -73.894632146519456, 40.782127746566466 ], [ -73.894617399628402, 40.782144773639295 ], [ -73.894599146384309, 40.782159709007104 ], [ -73.894577890971831, 40.782172140129063 ], [ -73.894554220500893, 40.782181723635617 ], [ -73.894528788791661, 40.78218819481323 ], [ -73.89452289517844, 40.782199532547388 ], [ -73.894514763988894, 40.78221004027408 ], [ -73.894504591192515, 40.782219464745232 ], [ -73.894492621964687, 40.782227578820439 ], [ -73.894479144776767, 40.782234186941004 ], [ -73.894464484444299, 40.782239129843781 ], [ -73.894459045233987, 40.782256940915047 ], [ -73.894449905155014, 40.782273854198628 ], [ -73.894437302588031, 40.782289428577407 ], [ -73.894421566219435, 40.782303257854096 ], [ -73.894403106470236, 40.782314981345444 ], [ -73.894382404790576, 40.782324293289143 ], [ -73.894360001103479, 40.782330950819073 ], [ -73.894336479723364, 40.782334780298761 ], [ -73.894335636992892, 40.782342605348724 ], [ -73.894333125590776, 40.782350220962385 ], [ -73.894329012850079, 40.78235742295616 ], [ -73.894323409037767, 40.782364018235896 ], [ -73.894316464398457, 40.782369829974314 ], [ -73.894308365125923, 40.782374702351646 ], [ -73.894299328371162, 40.782378504733629 ], [ -73.894289596420563, 40.782381135173658 ], [ -73.894279430199589, 40.782382523146474 ], [ -73.894273085596581, 40.782400852480464 ], [ -73.894262714578971, 40.782418088409941 ], [ -73.894248622093514, 40.782433724129376 ], [ -73.894231222513866, 40.782447299885582 ], [ -73.894211027456009, 40.782458416496226 ], [ -73.894188630735869, 40.782466747087717 ], [ -73.894164690907814, 40.782472046706488 ], [ -73.894139911900623, 40.782474159522259 ], [ -73.894115022318587, 40.782473023409437 ], [ -73.89409075401737, 40.782468671774524 ], [ -73.894067820584496, 40.782461232573333 ], [ -73.894046896355675, 40.782450924548797 ], [ -73.894028596587873, 40.782438050798788 ], [ -73.89401345936696, 40.782422989863953 ], [ -73.89400177803833, 40.782424442992841 ], [ -73.893989941785534, 40.782424523379092 ], [ -73.893978228163149, 40.782423229137777 ], [ -73.893966911849915, 40.78242059061828 ], [ -73.893956258207837, 40.782416669692473 ], [ -73.893946517059462, 40.782411558304204 ], [ -73.893937916829572, 40.782405376313115 ], [ -73.893930659189365, 40.782398268683707 ], [ -73.893907151080484, 40.782400920065633 ], [ -73.893883388168703, 40.782400654473285 ], [ -73.893859992778431, 40.782397478862073 ], [ -73.893837577608608, 40.782391476397805 ], [ -73.893816729686947, 40.782382804278313 ], [ -73.893797994996788, 40.782371689616632 ], [ -73.89378186417683, 40.782358423493037 ], [ -73.893768759673151, 40.782343353332031 ], [ -73.893759024674978, 40.782326873803441 ], [ -73.893752914128058, 40.78230941648664 ], [ -73.893740759495188, 40.782306401801307 ], [ -73.893729436308405, 40.782301888817813 ], [ -73.893719261591215, 40.782296003889698 ], [ -73.893710520212295, 40.782288911781613 ], [ -73.8937034569107, 40.782280811056708 ], [ -73.8936982694416, 40.782271928517048 ], [ -73.893667726981874, 40.782264105737774 ], [ -73.893639367223983, 40.782252466171158 ], [ -73.893614008599826, 40.782237345723026 ], [ -73.893592382930265, 40.78221918075365 ], [ -73.893575114305875, 40.782198495484501 ], [ -73.893562701075723, 40.782175886869574 ], [ -73.893554027168562, 40.782174411737081 ], [ -73.893545775274262, 40.782171901138774 ], [ -73.893538157821794, 40.782168419705066 ], [ -73.893531370907539, 40.782164057058687 ], [ -73.893525589247176, 40.782158925507545 ], [ -73.893520961677879, 40.782153157153331 ], [ -73.893517607327226, 40.782146900491036 ], [ -73.893515612546054, 40.782140316586116 ], [ -73.893489650727929, 40.782135010626348 ], [ -73.893465280358853, 40.782126383071166 ], [ -73.893443230716784, 40.782114692098446 ], [ -73.893424161632041, 40.782100287558485 ], [ -73.893408643740784, 40.782083600504123 ], [ -73.893397141409508, 40.782065130291606 ], [ -73.893389998839154, 40.782045429637385 ], [ -73.893380994698788, 40.782045635182385 ], [ -73.8933720653866, 40.782044730968288 ], [ -73.893363446065308, 40.782042740808429 ], [ -73.893355363733349, 40.782039717115765 ], [ -73.89334803124737, 40.782035739522371 ], [ -73.893341641715494, 40.78203091278214 ], [ -73.893336363412303, 40.782025364012135 ], [ -73.893332335347168, 40.78201923934482 ], [ -73.893329663602373, 40.78201270007942 ], [ -73.893328418540918, 40.782005918433903 ], [ -73.893328632952091, 40.781999073009708 ], [ -73.893309848745261, 40.781999861871988 ], [ -73.893291135058419, 40.781998395521939 ], [ -73.893272957583989, 40.781994710449737 ], [ -73.893255768670727, 40.781988898358996 ], [ -73.893239996066569, 40.78198110388422 ], [ -73.893226032274143, 40.781971520991959 ], [ -73.893214224783009, 40.781960388153429 ], [ -73.893204867422696, 40.781947982410443 ], [ -73.893198193050623, 40.781934612480953 ], [ -73.893194367757175, 40.781920611076636 ], [ -73.893162025614416, 40.781900280830826 ], [ -73.893134149727615, 40.781876433071254 ], [ -73.893108001668097, 40.781869826245604 ], [ -73.893083410281875, 40.781860377067275 ], [ -73.893060906920539, 40.781848289707156 ], [ -73.892307502036459, 40.78246604157377 ], [ -73.892297020944298, 40.782534350488611 ], [ -73.892814944220831, 40.782913214982656 ], [ -73.892749178764092, 40.782965706684784 ], [ -73.892145935837817, 40.782540842691503 ], [ -73.891654591237142, 40.782194781530755 ], [ -73.891716901054821, 40.782142286027323 ], [ -73.891889556218715, 40.782258065805287 ], [ -73.89214162714589, 40.782431726503226 ], [ -73.892241910973681, 40.782410799563749 ], [ -73.893009861801929, 40.781798023562253 ], [ -73.893000689894563, 40.78177971925836 ], [ -73.892989440406581, 40.781776617703173 ], [ -73.892979022793412, 40.781772141766496 ], [ -73.892969725227772, 40.781766415262169 ], [ -73.892961804899514, 40.781759596597176 ], [ -73.892955480900881, 40.781751874390075 ], [ -73.892950928166229, 40.781743462253026 ], [ -73.892923782438885, 40.781738416536676 ], [ -73.892898128623031, 40.781729991959878 ], [ -73.892874688906645, 40.781718425685646 ], [ -73.892854123146847, 40.781704043319692 ], [ -73.892837010294244, 40.781687249743968 ], [ -73.892823832094422, 40.781668517719005 ], [ -73.892814959526959, 40.781648374574459 ], [ -73.892796071233576, 40.78164223468309 ], [ -73.892778753725054, 40.781633834773579 ], [ -73.892763471001132, 40.781623399910494 ], [ -73.892750632541436, 40.781611209682772 ], [ -73.892727075501185, 40.781605255787404 ], [ -73.89270499095133, 40.78159663715541 ], [ -73.892684896981564, 40.781585555974551 ], [ -73.892667264982009, 40.781572272202261 ], [ -73.89265250858692, 40.781557097467342 ], [ -73.892640973969336, 40.781540387759037 ], [ -73.892632931721039, 40.781522535075752 ], [ -73.892618948154322, 40.781518412787712 ], [ -73.892605908342432, 40.781512779925464 ], [ -73.892594092838735, 40.781505757680982 ], [ -73.892583755856009, 40.781497497139213 ], [ -73.892575119795112, 40.781488176027246 ], [ -73.892568370462314, 40.781477994890416 ], [ -73.892543469985412, 40.78147283193136 ], [ -73.892519903709157, 40.781464830729981 ], [ -73.892498227811757, 40.781454180119468 ], [ -73.892478953856809, 40.781441131460831 ], [ -73.892462536719393, 40.781425992710155 ], [ -73.892449363851469, 40.78140912115078 ], [ -73.892439746138066, 40.781390914961236 ], [ -73.892428338346917, 40.781387883501893 ], [ -73.892417683165874, 40.781383549445998 ], [ -73.892408036171105, 40.781378016750935 ], [ -73.892399628756607, 40.781371418124536 ], [ -73.892392662583717, 40.781363911842547 ], [ -73.892387304743295, 40.781355677951574 ], [ -73.892355971521923, 40.781347183427563 ], [ -73.892326903275872, 40.781334886892061 ], [ -73.892300891890912, 40.781319123331713 ], [ -73.892278645975864, 40.781300322182858 ], [ -73.892178324005485, 40.781370751048762 ], [ -73.892161842018936, 40.781358191655741 ], [ -73.892111488546817, 40.781395179209106 ], [ -73.89208480450479, 40.781373650322152 ], [ -73.892246270262248, 40.781254752297919 ], [ -73.892235035125609, 40.781243993527696 ], [ -73.892226408409769, 40.781231923478707 ], [ -73.89222064846463, 40.781218903622893 ], [ -73.892217927786461, 40.781205323876584 ], [ -73.892197742431762, 40.781205094352842 ], [ -73.892177867831734, 40.781202402573356 ], [ -73.892158820394144, 40.781197318479187 ], [ -73.892141095032827, 40.781189974171809 ], [ -73.892125152310243, 40.78118056048018 ], [ -73.892111406469098, 40.781169322002732 ], [ -73.89210021466991, 40.781156550751383 ], [ -73.892091867710036, 40.781142578564399 ], [ -73.89208658246865, 40.78112776848419 ], [ -73.892084496270812, 40.781112505323797 ], [ -73.892077593103593, 40.781113428258692 ], [ -73.892070583972441, 40.781113430170215 ], [ -73.892063679936015, 40.781112511000721 ], [ -73.892057088888038, 40.781110698428314 ], [ -73.89205100929793, 40.781108047032944 ], [ -73.892045624234072, 40.781104636653417 ], [ -73.892041095850828, 40.781100569982875 ], [ -73.89203756050685, 40.781095969476596 ], [ -73.892035124657298, 40.781090973664774 ], [ -73.892033861650759, 40.78108573298092 ], [ -73.892033809517969, 40.781080405232061 ], [ -73.892034969828686, 40.781075150846931 ], [ -73.892014735400338, 40.781074779476647 ], [ -73.891994851195065, 40.781071906085067 ], [ -73.891975849028569, 40.78106660752308 ], [ -73.891958237125792, 40.781059025503851 ], [ -73.891942486527469, 40.781049362813484 ], [ -73.89192901849222, 40.781037877886511 ], [ -73.891918193229785, 40.781024877894346 ], [ -73.891910300266531, 40.781010710529394 ], [ -73.89190555070239, 40.780995754706119 ], [ -73.891904071564781, 40.780980410426281 ], [ -73.891904063976725, 40.78096695587606 ], [ -73.89190683062985, 40.780953666700647 ], [ -73.891912303139378, 40.780940871369964 ], [ -73.891920346238919, 40.780928886147564 ], [ -73.891868794551954, 40.780892684116445 ], [ -73.891848793760161, 40.780901419761008 ], [ -73.891827131613056, 40.780907446138009 ], [ -73.891804437635955, 40.780910588114558 ], [ -73.891781371340471, 40.780910754381132 ], [ -73.891758603058733, 40.780907940106054 ], [ -73.891736794461906, 40.780902227075224 ], [ -73.891716579331472, 40.780893781315413 ], [ -73.891698545140088, 40.780882848269705 ], [ -73.891683215979654, 40.78086974566402 ], [ -73.891671037329886, 40.780854854273869 ], [ -73.891662363112857, 40.780838606858609 ], [ -73.89165744540756, 40.780821475584638 ], [ -73.891656427124573, 40.780803958303729 ], [ -73.891659337852943, 40.780786564085176 ], [ -73.891666093001035, 40.780769798421609 ], [ -73.891658800779396, 40.780766615095736 ], [ -73.891652341145786, 40.780762522503316 ], [ -73.891646908129303, 40.780757643574262 ], [ -73.891642664921875, 40.780752124857607 ], [ -73.89163973897692, 40.78074613211983 ], [ -73.891638218181257, 40.780739845365567 ], [ -73.891638148214767, 40.780733453430692 ], [ -73.891639531178583, 40.780727148310767 ], [ -73.891642325532132, 40.780721119393121 ], [ -73.891646447340563, 40.780715547769006 ], [ -73.891636973621289, 40.780708596940428 ], [ -73.89161945798152, 40.780696824524014 ], [ -73.891604751440326, 40.780683008200434 ], [ -73.891593260796469, 40.780667530145379 ], [ -73.891585303891986, 40.780650818499531 ], [ -73.891581100820716, 40.78063333552597 ], [ -73.891580767841603, 40.780615564823073 ], [ -73.891584314162088, 40.780597997947794 ], [ -73.891591641684073, 40.780581120818717 ], [ -73.891602547718136, 40.780565400274625 ], [ -73.891616730589448, 40.780551271162132 ], [ -73.891633797983914, 40.780539124306507 ], [ -73.891653277799008, 40.780529295701925 ], [ -73.891674631202832, 40.780522057217091 ], [ -73.891679889353952, 40.780508920353313 ], [ -73.891687414756078, 40.780496437165418 ], [ -73.891698321065164, 40.780483555103224 ], [ -73.891711635919137, 40.78047205558731 ], [ -73.891727060687785, 40.780462196532007 ], [ -73.891728612063389, 40.780444672511351 ], [ -73.891733898126787, 40.780427574666945 ], [ -73.891742777659871, 40.780411359761572 ], [ -73.891755013446385, 40.780396460970017 ], [ -73.891770278610679, 40.780383276307589 ], [ -73.891788165348274, 40.780372157997043 ], [ -73.891808195821667, 40.780363403059077 ], [ -73.891829834925019, 40.780357245378077 ], [ -73.891852504579205, 40.780353849453668 ], [ -73.891849724507082, 40.780348739323578 ], [ -73.891848131502528, 40.780343343679263 ], [ -73.891847772228573, 40.780337820572484 ], [ -73.891848657208755, 40.78033233178855 ], [ -73.891850760519759, 40.780327038107494 ], [ -73.891854020550142, 40.780322094593949 ], [ -73.89185834180519, 40.7803176460556 ], [ -73.891863597705068, 40.780313822800913 ], [ -73.891869634291211, 40.780310736822202 ], [ -73.891876274737413, 40.780308478515309 ], [ -73.891883324529132, 40.780307114031494 ], [ -73.891890577160822, 40.780306683339752 ], [ -73.891897820185648, 40.780307199056018 ], [ -73.891904841437437, 40.78030864607382 ], [ -73.891908432156626, 40.780290367055876 ], [ -73.891915897296414, 40.780272778097228 ], [ -73.891927036879324, 40.780256350365711 ], [ -73.891941552499873, 40.780241523922101 ], [ -73.89195905531605, 40.780228695932117 ], [ -73.891979076467138, 40.780218210027336 ], [ -73.892001079632919, 40.780210347100486 ], [ -73.892024475400291, 40.78020531778057 ], [ -73.892025318500458, 40.780197002563966 ], [ -73.892027906325382, 40.78018889799953 ], [ -73.89203217177996, 40.780181214213272 ], [ -73.892038004274042, 40.78017415042158 ], [ -73.892045252588716, 40.780167889766261 ], [ -73.892053728797819, 40.78016259456642 ], [ -73.892063213140005, 40.780158402109784 ], [ -73.892073459715959, 40.780155421093447 ], [ -73.892084202864325, 40.780153728805715 ], [ -73.892090921577648, 40.780133795168041 ], [ -73.89210165696899, 40.780114904957721 ], [ -73.892116145078006, 40.780097522638954 ], [ -73.892134029675532, 40.780082075599715 ], [ -73.892154871021631, 40.780068943644444 ], [ -73.892178156678185, 40.780058449654767 ], [ -73.892203314108684, 40.780050851651609 ], [ -73.892209590727205, 40.780042226707494 ], [ -73.892217433557235, 40.780034377402991 ], [ -73.892226679609593, 40.780027466861348 ], [ -73.892237136733755, 40.780021638696624 ], [ -73.892246518845312, 40.780017733008542 ], [ -73.892256444580894, 40.780014701605893 ], [ -73.892266773554496, 40.78001258736375 ], [ -73.892267596371184, 40.780003072655418 ], [ -73.892269538285973, 40.779993652364922 ], [ -73.892276409976375, 40.779975968901148 ], [ -73.892287200767541, 40.779959455056705 ], [ -73.89230158555651, 40.779944608353134 ], [ -73.892319130963116, 40.779931876084838 ], [ -73.89233930838617, 40.779921641843174 ], [ -73.892361509930069, 40.779914213960275 ], [ -73.892386933456351, 40.779907428463666 ], [ -73.892385947259541, 40.779903191241843 ], [ -73.892385942290034, 40.779898888217183 ], [ -73.892386918698477, 40.77989464968563 ], [ -73.892388846918792, 40.779890603990474 ], [ -73.892393352645371, 40.779884429068716 ], [ -73.89239897380979, 40.779878807454367 ], [ -73.892405594845883, 40.779873854722439 ], [ -73.892413079631254, 40.779869672696492 ], [ -73.89241853906681, 40.779867452146988 ], [ -73.89242435593188, 40.779865839103692 ], [ -73.892430413936765, 40.779864865814112 ], [ -73.892436591970693, 40.779864551736217 ], [ -73.892442766523644, 40.779864903148962 ], [ -73.892445047154666, 40.77984206083179 ], [ -73.892447631405133, 40.779831187962287 ], [ -73.89245239470101, 40.779820749194911 ], [ -73.892459222635111, 40.779810995251836 ], [ -73.892467951210676, 40.779802160406561 ], [ -73.892478370780978, 40.779794456857559 ], [ -73.892490231084793, 40.779788069631145 ], [ -73.892503247257494, 40.779783152137782 ], [ -73.892517106671846, 40.779779822487548 ], [ -73.892534845648967, 40.779770519588524 ], [ -73.892512817244096, 40.779741786849513 ], [ -73.89249619226824, 40.779702112696384 ], [ -73.892497107066021, 40.779674412036769 ], [ -73.892543948031346, 40.779575595747175 ], [ -73.892540181455416, 40.779551834271487 ], [ -73.892477487732904, 40.779514652643712 ], [ -73.892458564263848, 40.779528093523481 ], [ -73.89243701349254, 40.77953901192366 ], [ -73.892413411000859, 40.779547116232955 ], [ -73.892388387169149, 40.779552189999571 ], [ -73.892362610339973, 40.779554097712015 ], [ -73.892336768967425, 40.779552788418719 ], [ -73.892311553229462, 40.779548297088631 ], [ -73.892287636594276, 40.779540743677252 ], [ -73.892226234127861, 40.779531644326923 ], [ -73.8921639309212, 40.779527353468033 ], [ -73.892101376905941, 40.779527915861756 ], [ -73.892039224630324, 40.779533325641211 ], [ -73.891978122451832, 40.77954352637294 ], [ -73.891817918409444, 40.779588573628658 ], [ -73.891668597029238, 40.77949253890737 ], [ -73.891507188485051, 40.779097866668266 ], [ -73.891296585253855, 40.778915764469026 ], [ -73.8911958970439, 40.778563287887152 ], [ -73.892183307463412, 40.777721813487481 ], [ -73.892522598608892, 40.777404628989082 ], [ -73.89250271923288, 40.777364694300068 ], [ -73.892253657034573, 40.777204523028985 ], [ -73.892132290370355, 40.777090936380056 ], [ -73.89204077552408, 40.776962898170737 ], [ -73.891844692823412, 40.776685509906216 ], [ -73.891772296525602, 40.776593521153352 ], [ -73.891652159649098, 40.77656232354974 ], [ -73.891530584238481, 40.776476769285388 ], [ -73.891434151082152, 40.776380523143501 ], [ -73.891416059023953, 40.776338956234291 ], [ -73.891401281124047, 40.776044864880284 ], [ -73.891480166468966, 40.775896842388846 ], [ -73.891529871575457, 40.775605631198076 ], [ -73.891667856477014, 40.775484562097674 ], [ -73.89176577778602, 40.775357187905264 ], [ -73.891808834502484, 40.775219640564444 ], [ -73.891792510284063, 40.775088728095135 ], [ -73.891832449045026, 40.774880199888777 ], [ -73.891725477806503, 40.77505203213407 ], [ -73.89171751335823, 40.775163632892991 ], [ -73.891689351210857, 40.775254737843603 ], [ -73.891527590833448, 40.775478135367486 ], [ -73.891443618752646, 40.77562269470971 ], [ -73.891358014046148, 40.776049408432776 ], [ -73.891367662733401, 40.776342998578606 ], [ -73.891451857124878, 40.776512769270923 ], [ -73.891264145847856, 40.776855855374649 ], [ -73.891104226655159, 40.777023206974796 ], [ -73.891120443394797, 40.777124699736063 ], [ -73.891066814160453, 40.77721292530488 ], [ -73.890948606357128, 40.777283845172668 ], [ -73.890731321142312, 40.777332049867809 ], [ -73.890562505953469, 40.777403920964332 ], [ -73.890498346422078, 40.777462635852018 ], [ -73.890459157767069, 40.777550497253465 ], [ -73.890465373951173, 40.777703219287105 ], [ -73.890351930825247, 40.777800320777473 ], [ -73.890173695085764, 40.777850812777878 ], [ -73.890087294168765, 40.777784193104338 ], [ -73.890023690952106, 40.777247126406365 ], [ -73.889516443810024, 40.775936714445685 ], [ -73.889471511431964, 40.775738056523423 ], [ -73.889471053996658, 40.775535551469879 ], [ -73.889555124803493, 40.775278709612955 ], [ -73.889561496857013, 40.775092238602575 ], [ -73.889581846656839, 40.775035050116436 ], [ -73.889589357339617, 40.774958710192543 ], [ -73.889614487739408, 40.774845687142182 ], [ -73.889789007560537, 40.774236861169904 ], [ -73.889842465583158, 40.774100378556803 ], [ -73.889886716295848, 40.774017349074278 ], [ -73.890067601526539, 40.773962483753465 ], [ -73.890191715206598, 40.773646876225065 ], [ -73.890089216673744, 40.773626435524868 ], [ -73.889976727388046, 40.773723610650634 ], [ -73.889851699596775, 40.77375329736396 ], [ -73.889750351780066, 40.773717395850291 ], [ -73.889607195949267, 40.773620338161471 ], [ -73.889566097410764, 40.773598154735751 ], [ -73.889574929910609, 40.773593843048971 ], [ -73.890341960306515, 40.773237606202649 ], [ -73.889555073917293, 40.773068412112465 ], [ -73.889526404046265, 40.773060373215834 ], [ -73.889499217737296, 40.77304976404816 ], [ -73.889473913148137, 40.773036740623937 ], [ -73.889450857749054, 40.773021492935847 ], [ -73.889430390090084, 40.773004242276542 ], [ -73.889412807899973, 40.772985241729373 ], [ -73.88940226250206, 40.772926718073755 ], [ -73.889040002545372, 40.770916238481604 ], [ -73.88870893122234, 40.769091523748067 ], [ -73.888688413028959, 40.768977597124049 ], [ -73.888744439829864, 40.768918179253092 ], [ -73.88870027091555, 40.768909795988783 ], [ -73.888634377205236, 40.768896806698038 ], [ -73.888601840825601, 40.7688894155024 ], [ -73.888502922349545, 40.7688528070749 ], [ -73.888410836340867, 40.768802636261704 ], [ -73.888330241773374, 40.768740276615226 ], [ -73.888265045137643, 40.768668260581869 ], [ -73.888217777783936, 40.768589987898757 ], [ -73.888189307073674, 40.768509189726231 ], [ -73.888185419260552, 40.768479404391641 ], [ -73.888177592262522, 40.768428257203411 ], [ -73.888130625956649, 40.768264192973099 ], [ -73.887818144986923, 40.767202078251465 ], [ -73.887750823957191, 40.766982682514957 ], [ -73.888012716319977, 40.7669347824067 ], [ -73.888055923236109, 40.76694206452661 ], [ -73.888122126580953, 40.766944883961699 ], [ -73.888293675259149, 40.766902435530859 ], [ -73.88844156843632, 40.76686753125113 ], [ -73.888679329220011, 40.766815113216545 ], [ -73.88899041592525, 40.766752485142518 ], [ -73.889388530592413, 40.766680943173476 ], [ -73.890010822057391, 40.76658394357321 ], [ -73.890208797353196, 40.766557923487966 ], [ -73.890555633288287, 40.766515201518821 ], [ -73.890655218942328, 40.766504489988861 ], [ -73.890668117015068, 40.766514550261057 ], [ -73.890723954380761, 40.766530108755155 ], [ -73.890756753285331, 40.766536207979776 ], [ -73.890809952628643, 40.766538280781994 ], [ -73.890977554349149, 40.76653102430403 ], [ -73.891234732850464, 40.766512389560781 ], [ -73.891382829954637, 40.766502417080311 ], [ -73.891444041851898, 40.766554847700938 ], [ -73.891711504970857, 40.766574941157657 ], [ -73.892100724170319, 40.76661333703305 ], [ -73.892374695970815, 40.766643355589132 ], [ -73.892598666511986, 40.766661752869318 ], [ -73.892822656464375, 40.766668575205571 ], [ -73.893070600693449, 40.766655578085071 ], [ -73.893312043722474, 40.766627693092403 ], [ -73.8935752687091, 40.766578331305539 ], [ -73.893786887730371, 40.766501806629741 ], [ -73.893810880980666, 40.766493130135316 ], [ -73.894010159999183, 40.766379485866899 ], [ -73.89417064723493, 40.766260223331031 ], [ -73.894241499930231, 40.766207571196077 ], [ -73.894323719555217, 40.766146470729659 ], [ -73.894405402272056, 40.766080930277596 ], [ -73.89444416335057, 40.766049828942577 ], [ -73.894547031329637, 40.76593033080551 ], [ -73.894676313693182, 40.765684618298842 ], [ -73.894805818757959, 40.765297721255422 ], [ -73.894944744987683, 40.764817068244838 ], [ -73.894981177881277, 40.764712900038617 ], [ -73.895047620437893, 40.764536545460423 ], [ -73.895108216147364, 40.764421578890506 ], [ -73.895172699157413, 40.764334360119001 ], [ -73.895181334364622, 40.76432377665494 ], [ -73.895236701183393, 40.76434228367544 ], [ -73.895330276442394, 40.764200411154938 ], [ -73.895397279286129, 40.764121076469792 ], [ -73.895603995699091, 40.763926337221704 ], [ -73.8957007629635, 40.763847567752691 ], [ -73.895751381729582, 40.763809828941461 ], [ -73.895820578637114, 40.763764147083997 ], [ -73.895895191704966, 40.763714892563677 ], [ -73.895942052581361, 40.763682047389104 ], [ -73.896035216370507, 40.763616746646697 ], [ -73.896099098028145, 40.763572643614125 ], [ -73.896150877057778, 40.76353504773455 ], [ -73.896201142419301, 40.763496282309816 ], [ -73.896249870237455, 40.763456398415606 ], [ -73.896296998338741, 40.763415422299637 ], [ -73.896342494937258, 40.76337339179593 ], [ -73.896386313709044, 40.763330342715477 ], [ -73.896449158573105, 40.763265597856702 ], [ -73.896509142335077, 40.763199294915047 ], [ -73.896566202072592, 40.763131519611761 ], [ -73.896620271136754, 40.76306234577028 ], [ -73.896699786919768, 40.762952705721638 ], [ -73.896773232932517, 40.762851819437813 ], [ -73.896875976953524, 40.762712144084212 ], [ -73.896990840150821, 40.762554477808699 ], [ -73.897041896600768, 40.762479495292396 ], [ -73.897167301020659, 40.76230837855384 ], [ -73.897225430399217, 40.762236132269365 ], [ -73.897487085788683, 40.761910915461293 ], [ -73.897813622976187, 40.761479986438623 ], [ -73.898016699878241, 40.761215987361524 ], [ -73.89832865522142, 40.760751196820237 ], [ -73.898626066855897, 40.760327671342246 ], [ -73.89877113975011, 40.760124160710475 ], [ -73.898809312721056, 40.759907337404734 ], [ -73.899020878722055, 40.759599613648724 ], [ -73.899189086736925, 40.759355474242668 ], [ -73.899317268241148, 40.7591715675863 ], [ -73.899492263392432, 40.758920227525024 ], [ -73.899651415968535, 40.758685989690015 ], [ -73.899739062843153, 40.758555537448338 ], [ -73.89978519923099, 40.758474712956989 ], [ -73.899843870018657, 40.758353744197635 ], [ -73.899897441537959, 40.758228025968755 ], [ -73.899929575707617, 40.758143420750173 ], [ -73.899988558861722, 40.757964148437885 ], [ -73.900062108051131, 40.757663279911377 ], [ -73.900085765900855, 40.757513196776287 ], [ -73.90010856694542, 40.757259779313642 ], [ -73.900118928240246, 40.757021237918849 ], [ -73.900091920390892, 40.75675549724955 ], [ -73.90007612328256, 40.756628703183402 ], [ -73.90001258872941, 40.7563525105016 ], [ -73.899933062133684, 40.756079777200327 ], [ -73.89992105801079, 40.75579801573312 ], [ -73.899622982406242, 40.755325799904952 ], [ -73.899394346796569, 40.754972638560005 ], [ -73.899236233447482, 40.754728302929962 ], [ -73.898975804127645, 40.754323508831568 ], [ -73.89862947442532, 40.754161523115201 ], [ -73.8987381634022, 40.754153670435436 ], [ -73.899215467705801, 40.754106218947001 ], [ -73.89957348471556, 40.754063531864759 ], [ -73.900302762959555, 40.753991314280796 ], [ -73.90121347951424, 40.753902210584009 ], [ -73.902121203440231, 40.753801011978538 ], [ -73.902472130092377, 40.753763037953043 ], [ -73.902989123445707, 40.75370838254323 ], [ -73.903922806048243, 40.753611324135719 ], [ -73.904916913747442, 40.753505277893986 ], [ -73.905864403301052, 40.753403848243245 ], [ -73.906117080333416, 40.753378876287883 ], [ -73.906685459497595, 40.753307942350155 ], [ -73.906908897674938, 40.753284848735042 ], [ -73.90759425987207, 40.75322228460508 ], [ -73.908236611278397, 40.753162424544755 ], [ -73.910231247346502, 40.752976523473414 ], [ -73.910674748971189, 40.752995076324908 ], [ -73.910341118670956, 40.752676815017104 ], [ -73.90984318646106, 40.751638679830592 ], [ -73.912671709200438, 40.751064712077209 ], [ -73.913143566090824, 40.75096684206143 ], [ -73.915256009314803, 40.750845625945779 ], [ -73.920213337666169, 40.749810801083676 ], [ -73.920538799596187, 40.749750750316302 ], [ -73.920809493731696, 40.750681957715379 ], [ -73.920910408697907, 40.750824669371781 ], [ -73.921032670107664, 40.750961417067259 ], [ -73.921176282944913, 40.75109049230587 ], [ -73.921339003613923, 40.75120762088919 ], [ -73.921518588503389, 40.751311095289623 ], [ -73.921712793071876, 40.751399204299211 ], [ -73.921916003601908, 40.751470237450455 ], [ -73.922125974885319, 40.751523336114872 ], [ -73.922339336759947, 40.7515585004966 ], [ -73.922550471756239, 40.751576579005771 ], [ -73.924621631132368, 40.751643335589947 ], [ -73.924633695361152, 40.751643346834598 ], [ -73.92463952206856, 40.75164333959011 ], [ -73.926515403887194, 40.751513437276373 ], [ -73.931526172444066, 40.751166295678566 ], [ -73.93304002571881, 40.750604093977103 ], [ -73.933939622040768, 40.750269996204459 ], [ -73.935387073876541, 40.749411544113869 ], [ -73.936834805464471, 40.74839455191637 ], [ -73.937396536939858, 40.7489164404655 ], [ -73.936756971031215, 40.749146972293502 ], [ -73.936456605491841, 40.749412569484093 ], [ -73.936160869661293, 40.749674069921205 ], [ -73.936745447261629, 40.749960240461604 ], [ -73.937429736356492, 40.749751093780432 ], [ -73.937811626428029, 40.749897478722765 ], [ -73.937982091708761, 40.749972087936825 ], [ -73.938637158358816, 40.750258799419669 ], [ -73.939442843430399, 40.750606019822406 ], [ -73.940020998099058, 40.750860617101871 ], [ -73.940262814599549, 40.750967100743502 ], [ -73.940392806339972, 40.751022531279709 ], [ -73.940520308192319, 40.751079392061051 ], [ -73.941086123501336, 40.751327879984949 ], [ -73.941777034785616, 40.751627984575677 ], [ -73.941874419592423, 40.751670283674038 ], [ -73.942383477095831, 40.751891208321233 ], [ -73.942540221952271, 40.751959238886734 ], [ -73.942719280142924, 40.752036951784994 ], [ -73.943835367463677, 40.752530123056872 ], [ -73.944189771268199, 40.752615690558642 ], [ -73.944300837518355, 40.752642506608147 ], [ -73.945233909461351, 40.753069898884959 ], [ -73.946406229471606, 40.753597270477982 ], [ -73.946868817466807, 40.753798881569139 ], [ -73.947747071991031, 40.754206748177943 ], [ -73.948906788637402, 40.754747537655739 ], [ -73.949006054236079, 40.754793541901861 ], [ -73.950112460765396, 40.755306646078211 ], [ -73.950590903491019, 40.75552702266048 ], [ -73.949150218093948, 40.757328945897541 ], [ -73.947831895830305, 40.758989192802069 ], [ -73.945964242198585, 40.76129260661034 ], [ -73.945805548048668, 40.761449567121105 ], [ -73.945705256407351, 40.76148815705664 ], [ -73.94473048972101, 40.762856547009221 ], [ -73.944714608691669, 40.762878840426964 ], [ -73.944676280793729, 40.762930085599571 ], [ -73.943502819666236, 40.764499040743544 ], [ -73.941585232056497, 40.766616087657368 ], [ -73.941311749414396, 40.766918004769657 ], [ -73.940462569516953, 40.767530469300645 ], [ -73.940351037183262, 40.767653375484535 ], [ -73.939835593491225, 40.767988005939337 ], [ -73.939533216637116, 40.768058744354313 ], [ -73.939365872238326, 40.768159701879611 ], [ -73.938955024533072, 40.76795818671966 ], [ -73.938197307547568, 40.768699744356688 ], [ -73.938069432176064, 40.768715400324226 ], [ -73.937887684263885, 40.768557553432181 ], [ -73.93777816678471, 40.768619051822618 ], [ -73.937962009388954, 40.768722323496007 ], [ -73.937958228951345, 40.768784934017908 ], [ -73.937471091168561, 40.768951558589066 ], [ -73.936814606547287, 40.768903947478435 ], [ -73.936685391194075, 40.769133054690933 ], [ -73.9367073798918, 40.769252609074151 ], [ -73.936403818022697, 40.769474884517273 ], [ -73.936169139195528, 40.769516114654579 ], [ -73.935740214326245, 40.769367229866589 ], [ -73.935240168311921, 40.769679325463024 ], [ -73.934895338945566, 40.770041862889542 ], [ -73.934694990670209, 40.770425338022612 ], [ -73.935147154025941, 40.770541956058487 ], [ -73.935008138722296, 40.7711623948666 ], [ -73.934940272004994, 40.771164020932773 ], [ -73.934938929566982, 40.771164053177337 ], [ -73.934904812826446, 40.771270641186696 ], [ -73.934527301094349, 40.771176775103427 ], [ -73.934435257431772, 40.77146236233343 ], [ -73.934826227616881, 40.771576958073297 ], [ -73.934808588971009, 40.771699586898677 ], [ -73.934806813441625, 40.771734138889926 ], [ -73.935150178075219, 40.771833697122283 ], [ -73.935548446695961, 40.771953686824986 ], [ -73.935567971159017, 40.771918777533926 ], [ -73.935656352837668, 40.771756396435109 ], [ -73.93552163065317, 40.771716293558342 ], [ -73.935566217514008, 40.771629115889084 ], [ -73.935851952947488, 40.771716001992679 ], [ -73.935809876425154, 40.771799368621821 ], [ -73.935698338885004, 40.771766903124018 ], [ -73.935608534497661, 40.771931277684558 ], [ -73.935589228193095, 40.771965973676721 ], [ -73.936053350286841, 40.772105801626545 ], [ -73.937466385370669, 40.772531495125214 ], [ -73.93781335903401, 40.77356289464764 ], [ -73.937858118888855, 40.774087568973471 ], [ -73.937654830246871, 40.775085685383374 ], [ -73.937047020876307, 40.77586648653854 ], [ -73.937030127738083, 40.775893204997701 ], [ -73.936380228837052, 40.776921456060442 ], [ -73.936089196991048, 40.777184322077105 ], [ -73.935854526414929, 40.777211684624262 ], [ -73.93508232558257, 40.777944233728171 ], [ -73.934743530773915, 40.778076335377456 ], [ -73.934373228560986, 40.778085922137279 ], [ -73.933811328594587, 40.778100453733451 ], [ -73.932892454043028, 40.777942605990056 ], [ -73.932774778015983, 40.77792238827503 ], [ -73.932741228992285, 40.777993950317253 ], [ -73.932722103878575, 40.778034767117603 ], [ -73.932649311072794, 40.778021974232573 ], [ -73.931846460113917, 40.777880825030223 ], [ -73.931788342390945, 40.777870606601944 ], [ -73.931049642328773, 40.77744189680913 ], [ -73.931073771467538, 40.777260594398165 ], [ -73.930883041970688, 40.776973706176868 ], [ -73.930628565541554, 40.776590902749646 ], [ -73.929880585001285, 40.776221631399302 ], [ -73.929035720773626, 40.776467417058576 ], [ -73.928605150233452, 40.776592675101 ], [ -73.928395611413876, 40.776790529065153 ], [ -73.928277307665994, 40.776898975324031 ], [ -73.926318334038996, 40.778241775185009 ], [ -73.925822011798587, 40.778385906262727 ], [ -73.92574521580525, 40.778405370838058 ], [ -73.925650761782862, 40.778430811833083 ], [ -73.925573042629097, 40.778458851326242 ], [ -73.92487344481799, 40.778625604006471 ], [ -73.924233630075122, 40.77910119376552 ], [ -73.923186943980099, 40.780248393125341 ], [ -73.922956526902013, 40.780441007619679 ], [ -73.922630137647047, 40.780564785727591 ], [ -73.922099654994284, 40.780851874637001 ], [ -73.920975620996828, 40.781767691506531 ], [ -73.919964587930096, 40.782635068536486 ], [ -73.919090347406524, 40.783367646004514 ], [ -73.918473842254926, 40.783754157697906 ], [ -73.918188630053081, 40.783932966114172 ], [ -73.917738073741745, 40.784075951912605 ], [ -73.917245164275101, 40.784142001198411 ], [ -73.917171186464259, 40.78419348437145 ], [ -73.917182006796779, 40.784552063179412 ], [ -73.916832770164135, 40.78519139248742 ], [ -73.915751728945622, 40.786107578578125 ], [ -73.91541718757415, 40.786063929411064 ], [ -73.915343512709015, 40.786116348086843 ], [ -73.915260140021516, 40.78619221714461 ], [ -73.915587101397563, 40.786429631165866 ], [ -73.914239478984342, 40.787856209562968 ], [ -73.912599859776051, 40.789376329634401 ], [ -73.912408110003099, 40.789274302943021 ], [ -73.912667483607919, 40.789003974541735 ], [ -73.912229524264333, 40.789179279463646 ], [ -73.912068535786531, 40.789338654315529 ], [ -73.911951109055735, 40.789401797221032 ], [ -73.912079750905448, 40.789521814990088 ], [ -73.911837777361015, 40.789680884458335 ], [ -73.911693423720848, 40.789572638107323 ], [ -73.911249591053419, 40.789743935800615 ], [ -73.910942975003451, 40.789755043253841 ], [ -73.910904870326803, 40.790040684459846 ], [ -73.910222157841062, 40.790465207279787 ], [ -73.909858629257741, 40.790945493781926 ], [ -73.906779914207675, 40.790375108653201 ], [ -73.906473146100907, 40.790181175208154 ] ] ], [ [ [ -73.896808832237781, 40.795808445159821 ], [ -73.896938729987866, 40.795635872853666 ], [ -73.897236038439345, 40.795720037537166 ], [ -73.897968397837417, 40.79564483916203 ], [ -73.898573326655622, 40.796069140259625 ], [ -73.898952618325325, 40.796227852579676 ], [ -73.899194342499811, 40.796502456018295 ], [ -73.898520520714541, 40.796936194189854 ], [ -73.897882532401013, 40.797116532649653 ], [ -73.897131497956352, 40.796798077728354 ], [ -73.89678526341234, 40.796329166487133 ], [ -73.896808832237781, 40.795808445159821 ] ] ], [ [ [ -73.88885148496334, 40.798706328958794 ], [ -73.888600218699466, 40.798650985416153 ], [ -73.88858562507319, 40.798706072297101 ], [ -73.888213488512733, 40.798665304638632 ], [ -73.8882141528278, 40.798663795715015 ], [ -73.88825230744402, 40.798577180398333 ], [ -73.888372513799979, 40.798587455753783 ], [ -73.888392505197785, 40.79856629676739 ], [ -73.888233533136443, 40.798242884285955 ], [ -73.887944206036934, 40.798343336683757 ], [ -73.887669407056279, 40.798381050154482 ], [ -73.887559675806571, 40.798368732437091 ], [ -73.887454511609334, 40.798353654576587 ], [ -73.887444134389895, 40.79835193334354 ], [ -73.88734380764393, 40.798335329094193 ], [ -73.887285680137282, 40.798324358684546 ], [ -73.887231618466387, 40.798312265785043 ], [ -73.88718674168409, 40.798299650460294 ], [ -73.88713264426238, 40.798281101902553 ], [ -73.887076559611884, 40.798259920727091 ], [ -73.887033529087205, 40.798241481803537 ], [ -73.88699057468439, 40.798220809159879 ], [ -73.886937568586859, 40.798193823177094 ], [ -73.886826284249594, 40.798134208744514 ], [ -73.886779927380616, 40.798106814760054 ], [ -73.886730711390157, 40.798074880364268 ], [ -73.886721236468333, 40.798071890280482 ], [ -73.88670122347439, 40.798064324781308 ], [ -73.886682244260328, 40.798055399991682 ], [ -73.886651085245788, 40.798038196699977 ], [ -73.886604409447884, 40.798010334600789 ], [ -73.886536452187855, 40.797968637254648 ], [ -73.886485710612348, 40.797934827149135 ], [ -73.88646193517566, 40.797916902007913 ], [ -73.886447627996247, 40.797906118232724 ], [ -73.886393444402515, 40.797861255414091 ], [ -73.88631837125503, 40.797796075306039 ], [ -73.886286800562459, 40.797770028532256 ], [ -73.886186056458214, 40.797693152377306 ], [ -73.886091127263157, 40.797618569936759 ], [ -73.885989218893243, 40.797543565554449 ], [ -73.885866754562798, 40.797453971075782 ], [ -73.885708795863906, 40.79733929778957 ], [ -73.885572185657139, 40.79724109744491 ], [ -73.885419628180401, 40.7971354883719 ], [ -73.885360028864383, 40.797092493277418 ], [ -73.885313582061457, 40.797056525680553 ], [ -73.885268973781834, 40.797019155699587 ], [ -73.885223754749404, 40.796978821909711 ], [ -73.885110382670973, 40.796874107822241 ], [ -73.885004867516173, 40.796775352620351 ], [ -73.8848710637576, 40.796646159080005 ], [ -73.884792883205662, 40.796576310458683 ], [ -73.884703668667115, 40.796495032070304 ], [ -73.884658126703542, 40.796457129525457 ], [ -73.884575921460893, 40.796392444540707 ], [ -73.884504509631626, 40.796335570279673 ], [ -73.884462889385773, 40.79630395695952 ], [ -73.884369382494882, 40.796238585873162 ], [ -73.884285766543854, 40.796181769926946 ], [ -73.884244987084273, 40.796151012754393 ], [ -73.884229370279868, 40.796136850749242 ], [ -73.88421619472517, 40.796122879995025 ], [ -73.884156657255204, 40.79605151864881 ], [ -73.884080368377525, 40.795958392820829 ], [ -73.884032207767987, 40.795900316364865 ], [ -73.884009856047243, 40.795875394787501 ], [ -73.883980013090209, 40.795845486149602 ], [ -73.88395093198055, 40.795819883163325 ], [ -73.883917182060415, 40.795795021959471 ], [ -73.883880383167934, 40.795771625529028 ], [ -73.883841602974442, 40.795750019441066 ], [ -73.883757415901556, 40.795708565419872 ], [ -73.883716023646244, 40.795689839259445 ], [ -73.88368606502722, 40.795678309103884 ], [ -73.883659169528045, 40.795670735624647 ], [ -73.883647263247198, 40.795668742454716 ], [ -73.883636020324332, 40.795667848415349 ], [ -73.883634918771477, 40.795667865395991 ], [ -73.883633710180192, 40.795667954806888 ], [ -73.883631137166958, 40.795668375377694 ], [ -73.883628660452999, 40.795669066263571 ], [ -73.88362651450376, 40.795669946786745 ], [ -73.883625660596024, 40.795670414157264 ], [ -73.883624936715009, 40.795670899249195 ], [ -73.883624343503882, 40.795671412449742 ], [ -73.883623891813841, 40.79567192529062 ], [ -73.88362358249438, 40.795672456367946 ], [ -73.883623475110483, 40.795672726310023 ], [ -73.883623416002223, 40.79567299630078 ], [ -73.883623391077066, 40.795673257614794 ], [ -73.883623390604981, 40.795673527664768 ], [ -73.883623438409202, 40.795673797260882 ], [ -73.883623520380425, 40.795674067394103 ], [ -73.883630825480608, 40.795691319970793 ], [ -73.883641183052063, 40.795710673042741 ], [ -73.883661208100236, 40.795744542372454 ], [ -73.883685707150022, 40.795788512448418 ], [ -73.883691778139564, 40.795799405360498 ], [ -73.883721364467746, 40.795854112889408 ], [ -73.883729234944155, 40.795873184682094 ], [ -73.883731364258153, 40.795882336715628 ], [ -73.883732284790014, 40.795891180623798 ], [ -73.883731792887573, 40.79590815410517 ], [ -73.883729086499713, 40.795924225575433 ], [ -73.883725525826648, 40.795934667843326 ], [ -73.883723195496714, 40.795938879753763 ], [ -73.883720416196979, 40.795942551110393 ], [ -73.883714338953055, 40.79594847905333 ], [ -73.883706840043118, 40.795954063642874 ], [ -73.883697991881675, 40.795959241124734 ], [ -73.883687912070101, 40.795963949633091 ], [ -73.883681248972124, 40.795966302332616 ], [ -73.883674480157211, 40.795967844606238 ], [ -73.883667926694343, 40.795968512615872 ], [ -73.883664786782731, 40.79596850944683 ], [ -73.883661752616135, 40.795968291282229 ], [ -73.883655167566488, 40.795967230065152 ], [ -73.883648285867892, 40.795965503808794 ], [ -73.883632949951249, 40.795959859986688 ], [ -73.883625680678833, 40.795956394259619 ], [ -73.883618188165357, 40.795952136750692 ], [ -73.88360044806825, 40.795939989350465 ], [ -73.88357745705342, 40.795920964932044 ], [ -73.883548702550684, 40.795892453771131 ], [ -73.883521323384258, 40.795862303754582 ], [ -73.883490594492486, 40.795824460775947 ], [ -73.883437782294322, 40.795749693030473 ], [ -73.883410303227564, 40.795716860306271 ], [ -73.883386374228934, 40.795692765255573 ], [ -73.883347509846502, 40.795658309237908 ], [ -73.883326226247462, 40.795639431405576 ], [ -73.883266004873562, 40.795587276490998 ], [ -73.883246243602557, 40.795571948032091 ], [ -73.88322052550599, 40.795554848155113 ], [ -73.883203943037458, 40.795544997462272 ], [ -73.883189037256614, 40.79553750906247 ], [ -73.883174733575416, 40.795531856843617 ], [ -73.883164062885157, 40.795528855872256 ], [ -73.883160794531619, 40.795527944070663 ], [ -73.883143582213805, 40.795525044687409 ], [ -73.883098907709979, 40.795520136803368 ], [ -73.882983116462299, 40.795500559760477 ], [ -73.88294565228999, 40.795492362745193 ], [ -73.88289156223459, 40.795478485305651 ], [ -73.882833751977202, 40.7954639376443 ], [ -73.882816853438086, 40.795457994599928 ], [ -73.882802693823621, 40.795451298967308 ], [ -73.882733811519799, 40.795412362413593 ], [ -73.88264736334979, 40.795363837058453 ], [ -73.882565892180537, 40.795321754196273 ], [ -73.882515481784992, 40.795297299442424 ], [ -73.88245647333521, 40.79527009887326 ], [ -73.882411894977423, 40.795250943982239 ], [ -73.882377505278356, 40.795239463912992 ], [ -73.882282461529968, 40.795213981971663 ], [ -73.882185464158638, 40.795187615265093 ], [ -73.882096336874739, 40.795159861043054 ], [ -73.882073073155496, 40.795155307364929 ], [ -73.882024478219535, 40.795149584231126 ], [ -73.882004056214541, 40.795146231252126 ], [ -73.881896402440674, 40.795122789102457 ], [ -73.881797197008424, 40.795098176474383 ], [ -73.88170835287255, 40.795078706359249 ], [ -73.881660544172178, 40.795070831516036 ], [ -73.881593811578654, 40.795062838374726 ], [ -73.881539030878329, 40.795057875108839 ], [ -73.881486200452258, 40.795055343941712 ], [ -73.881381379530566, 40.795057298518742 ], [ -73.881365027124744, 40.79505760551519 ], [ -73.881308700439362, 40.79505603460759 ], [ -73.881289672596481, 40.795054250805229 ], [ -73.881272769431277, 40.795051531382555 ], [ -73.881196761424007, 40.795035892661616 ], [ -73.881103697825367, 40.795017128707535 ], [ -73.88106414287374, 40.795011532598288 ], [ -73.880977054789483, 40.795003797525702 ], [ -73.880876858041063, 40.794991311397361 ], [ -73.880840195607107, 40.794985133035368 ], [ -73.880758929520468, 40.794968515268422 ], [ -73.880722552240385, 40.794962030257899 ], [ -73.880662244900293, 40.794953161038428 ], [ -73.880612820890434, 40.79494722955706 ], [ -73.880500772072494, 40.79493616249448 ], [ -73.880380315463043, 40.794923142803633 ], [ -73.880311884724861, 40.794917723358687 ], [ -73.880235428738487, 40.794914456273858 ], [ -73.880098814383473, 40.794911593634914 ], [ -73.879987001292122, 40.794908020051956 ], [ -73.87991508464377, 40.794904316052204 ], [ -73.879914491552981, 40.794904261658779 ], [ -73.879853964533098, 40.794898849003395 ], [ -73.879804933770174, 40.794892251170381 ], [ -73.879757458211614, 40.794883683670704 ], [ -73.879674782987948, 40.794866496596164 ], [ -73.879562722119402, 40.794842390127577 ], [ -73.879460010961409, 40.794818572592462 ], [ -73.879348937391313, 40.794792621323865 ], [ -73.879204465321791, 40.794758277792155 ], [ -73.879076598067684, 40.794728274486708 ], [ -73.878993527661848, 40.794706529656835 ], [ -73.87887252713152, 40.794673606334023 ], [ -73.878746622347862, 40.794639444237276 ], [ -73.878646637261141, 40.794608839049793 ], [ -73.87852685920592, 40.794574079234557 ], [ -73.878472338738277, 40.794556714573361 ], [ -73.87841281195189, 40.79453577816254 ], [ -73.878374378127603, 40.794520806767274 ], [ -73.878343702759565, 40.794506637449977 ], [ -73.878249606060763, 40.794456857340286 ], [ -73.878207871862486, 40.794432561806424 ], [ -73.878189890440026, 40.794423195906774 ], [ -73.878177458745782, 40.794417986975716 ], [ -73.87816302352924, 40.794413145486011 ], [ -73.878118314759433, 40.79440155322262 ], [ -73.878041848809701, 40.794384372210232 ], [ -73.87801071682776, 40.794374298980628 ], [ -73.877975232167842, 40.794359790094454 ], [ -73.877932435177826, 40.794339716979238 ], [ -73.877894223940288, 40.79431924480307 ], [ -73.877780725250034, 40.794253333193929 ], [ -73.877621953954403, 40.794160476244357 ], [ -73.877539802026462, 40.794111366439409 ], [ -73.877447155998098, 40.794059695517504 ], [ -73.877334990618039, 40.793997297718526 ], [ -73.877265712065977, 40.793963491772736 ], [ -73.877157436889973, 40.793906510010032 ], [ -73.877054745127751, 40.793853144435552 ], [ -73.876959024236982, 40.793805370159426 ], [ -73.876903414170357, 40.79377545846755 ], [ -73.8768533497296, 40.793744959299666 ], [ -73.876832392718171, 40.793730195529697 ], [ -73.876785432519128, 40.793693224801387 ], [ -73.876763258353378, 40.793677253703827 ], [ -73.876671493770928, 40.793617100794037 ], [ -73.87657771056746, 40.793553191409657 ], [ -73.876533829084451, 40.793523985483112 ], [ -73.876493479400807, 40.793500700983522 ], [ -73.876402550553834, 40.793456910601996 ], [ -73.876365418466307, 40.79343652853079 ], [ -73.876331473265736, 40.793416321580175 ], [ -73.876317557623338, 40.793406436567565 ], [ -73.876287519068995, 40.793381632046838 ], [ -73.876279366993387, 40.793375904992146 ], [ -73.876271471607168, 40.793371187049139 ], [ -73.876245097056454, 40.793358479757998 ], [ -73.87620619071437, 40.7933427869377 ], [ -73.876143859249368, 40.793321242408517 ], [ -73.876122026055441, 40.793312782209256 ], [ -73.876096184914019, 40.79329952597466 ], [ -73.87606235014438, 40.793277508115715 ], [ -73.876047867167102, 40.793266686496978 ], [ -73.876015322542571, 40.79323949180813 ], [ -73.875997441748183, 40.793227208556246 ], [ -73.875966025980262, 40.79321042474762 ], [ -73.875917488081527, 40.793188031513402 ], [ -73.875864077157374, 40.793167315968439 ], [ -73.875844838482905, 40.7931585072103 ], [ -73.875830754856452, 40.793150117287318 ], [ -73.875816815614826, 40.793139836493744 ], [ -73.875802727110511, 40.793127448573408 ], [ -73.875787033330454, 40.793111699371252 ], [ -73.87575830870135, 40.793075522506868 ], [ -73.875748364304584, 40.793064535034162 ], [ -73.875725001799466, 40.793043501182652 ], [ -73.875696049801235, 40.793021110207775 ], [ -73.875612794500441, 40.792967801153964 ], [ -73.875578968658431, 40.79294118191433 ], [ -73.875552759172919, 40.792916155676679 ], [ -73.87553042327113, 40.792890782315787 ], [ -73.875512327379084, 40.792867258987613 ], [ -73.875471231449239, 40.792806367767383 ], [ -73.875449698108966, 40.792777150386677 ], [ -73.875432036655312, 40.792755438629776 ], [ -73.875385764064688, 40.79270683377699 ], [ -73.875306595343659, 40.792628989825367 ], [ -73.875223541031417, 40.792550726651925 ], [ -73.875127951256601, 40.7924651839338 ], [ -73.875073958724585, 40.792420775471868 ], [ -73.874983564534062, 40.792351555218652 ], [ -73.874917717530124, 40.792303478423619 ], [ -73.874852679056815, 40.792260723906907 ], [ -73.874810813388521, 40.792237400980667 ], [ -73.87471064054327, 40.792189735745303 ], [ -73.874667591492369, 40.792166654056807 ], [ -73.874632690066136, 40.792144968323477 ], [ -73.874544468806732, 40.792087078140803 ], [ -73.874493185239544, 40.79205745058924 ], [ -73.874409981037161, 40.792015360043443 ], [ -73.874293260066793, 40.791953061844815 ], [ -73.874200033093487, 40.791904378316104 ], [ -73.874175268897034, 40.791892455652999 ], [ -73.874153140548827, 40.791883562205761 ], [ -73.874132133503338, 40.791877118192438 ], [ -73.874111939568024, 40.791873026279966 ], [ -73.874070644346745, 40.791868037331611 ], [ -73.874017559228179, 40.791863783147214 ], [ -73.873927426184821, 40.791858659002678 ], [ -73.873885100829284, 40.791853381220228 ], [ -73.873868519368173, 40.791849914066212 ], [ -73.873619782464701, 40.791772818209772 ], [ -73.873510813878866, 40.791725360734425 ], [ -73.873437835946746, 40.791683038631945 ], [ -73.873371341122677, 40.791646207041751 ], [ -73.873359041069307, 40.791640979639588 ], [ -73.87334448778752, 40.791636479332539 ], [ -73.873295242204364, 40.791625988049169 ], [ -73.873278401105878, 40.791621628955326 ], [ -73.873200176146128, 40.791597418954062 ], [ -73.873146089471192, 40.791578358725822 ], [ -73.873097347786171, 40.791558187299067 ], [ -73.873035374912064, 40.791529627025525 ], [ -73.872972848560607, 40.791499590043664 ], [ -73.872927241917623, 40.791476261133553 ], [ -73.872884574456549, 40.791452108207174 ], [ -73.872842693610693, 40.791425586823294 ], [ -73.872738967984219, 40.791353585584631 ], [ -73.87264706604644, 40.791294140769502 ], [ -73.872569903941198, 40.79124780678876 ], [ -73.872461216038715, 40.791180661728731 ], [ -73.872356025036311, 40.791119887235169 ], [ -73.872262989116805, 40.791065682720131 ], [ -73.872223866717761, 40.791040173170963 ], [ -73.872218789710629, 40.791036861766536 ], [ -73.872163998719628, 40.790995721135822 ], [ -73.872083906424137, 40.790932830573851 ], [ -73.871973672458452, 40.790845017752993 ], [ -73.871845386033399, 40.790736977019122 ], [ -73.871750205060835, 40.790658509529727 ], [ -73.871710947983274, 40.7906240759187 ], [ -73.871682106399007, 40.790594704777206 ], [ -73.87160773568894, 40.790507993800553 ], [ -73.871534224294038, 40.790424633902745 ], [ -73.87143773747367, 40.790323687494073 ], [ -73.871361515179771, 40.790245430797199 ], [ -73.871343663468721, 40.790224888522289 ], [ -73.871325226304293, 40.790201283563832 ], [ -73.871267824555062, 40.790119921456963 ], [ -73.871230921677707, 40.790068732754563 ], [ -73.871211541435031, 40.790036121737224 ], [ -73.871203944394324, 40.790019084973061 ], [ -73.87119724046633, 40.78999989667409 ], [ -73.871183365161315, 40.789945319689927 ], [ -73.871155006293137, 40.789819523743198 ], [ -73.871146074843992, 40.789788157882576 ], [ -73.871134095059332, 40.789746073192703 ], [ -73.871102916376387, 40.789663642521163 ], [ -73.871072159418162, 40.789564940412504 ], [ -73.871051580051471, 40.789503682873814 ], [ -73.87102842677966, 40.789431688937185 ], [ -73.871018395801443, 40.789392578479898 ], [ -73.871015870544142, 40.789375259066254 ], [ -73.871014918494225, 40.789358913730048 ], [ -73.871014114996569, 40.789272148964685 ], [ -73.871013781216689, 40.789230545525136 ], [ -73.871013647002641, 40.789214039106781 ], [ -73.871011279187073, 40.789194414888122 ], [ -73.871003443859252, 40.789165859806879 ], [ -73.870984741465946, 40.789108153376624 ], [ -73.870983339409364, 40.789103828816614 ], [ -73.870972637271933, 40.789057134903956 ], [ -73.870947463924281, 40.788953753822668 ], [ -73.870961397416878, 40.788865288417568 ], [ -73.870956137675876, 40.788732181397513 ], [ -73.87094258315723, 40.788599413451564 ], [ -73.870920764378312, 40.788467283012388 ], [ -73.870890730431228, 40.788336087077667 ], [ -73.870852548873273, 40.78820612054281 ], [ -73.870801322631209, 40.788063241919794 ], [ -73.870790450654042, 40.78803026889122 ], [ -73.87078573991235, 40.787996465288721 ], [ -73.870787282610621, 40.787962492826523 ], [ -73.870795048540913, 40.787929016522924 ], [ -73.870808885674336, 40.787896691683081 ], [ -73.8710731667842, 40.787574840249512 ], [ -73.871225387250348, 40.787445417180756 ], [ -73.871373988252074, 40.787270914828177 ], [ -73.871487521470357, 40.787052565971166 ], [ -73.871630653734584, 40.786797905340535 ], [ -73.871875621449973, 40.786623508954108 ], [ -73.872105722630479, 40.786468817136175 ], [ -73.87224806110342, 40.786428740437039 ], [ -73.872265189314646, 40.786423918274153 ], [ -73.872472986792914, 40.786303007283131 ], [ -73.872684542618188, 40.786153926990181 ], [ -73.872788470695141, 40.78607797635317 ], [ -73.872871958377431, 40.785975027804106 ], [ -73.87282839783694, 40.785954461738363 ], [ -73.872822628644599, 40.785963974666913 ], [ -73.872774059405401, 40.78594192145885 ], [ -73.872809200161157, 40.785903109100033 ], [ -73.872853500093328, 40.785925651113146 ], [ -73.872840479159507, 40.785943122879061 ], [ -73.872884969836477, 40.785962633216016 ], [ -73.872981211823955, 40.785894452464369 ], [ -73.873087616889279, 40.78585495278341 ], [ -73.873202343802959, 40.785824969896098 ], [ -73.873285763466413, 40.78581238366025 ], [ -73.873354610160774, 40.785788688824709 ], [ -73.873427632206827, 40.785761829456106 ], [ -73.873514524587293, 40.785750091196547 ], [ -73.873689426676066, 40.785754652273503 ], [ -73.87386399502293, 40.785764043172634 ], [ -73.87403799885864, 40.785778251479705 ], [ -73.874211208159721, 40.785797258412238 ], [ -73.874356622638231, 40.785806996137701 ], [ -73.874596843657216, 40.785832601397757 ], [ -73.87483801315787, 40.785852397072809 ], [ -73.875079887985464, 40.785866363204114 ], [ -73.875322224272708, 40.78587448571048 ], [ -73.87556477768716, 40.785876756402637 ], [ -73.87580730367732, 40.785873172991032 ], [ -73.876049557718986, 40.785863739088718 ], [ -73.876291295562922, 40.785848464207199 ], [ -73.876532273480009, 40.78582736374721 ], [ -73.876772248509042, 40.785800458982898 ], [ -73.878306800576439, 40.785356620508495 ], [ -73.885221867835227, 40.786630487195481 ], [ -73.885374422111198, 40.786669126295969 ], [ -73.885744221431551, 40.786677291807443 ], [ -73.885962001819024, 40.786752519484907 ], [ -73.886129555383675, 40.786707993754838 ], [ -73.886317261721643, 40.786732870119231 ], [ -73.886592827702685, 40.786738175412729 ], [ -73.886921997863794, 40.786733114254311 ], [ -73.887153164187623, 40.786826182029337 ], [ -73.887277834186449, 40.786806673751379 ], [ -73.887701263725248, 40.786872274573284 ], [ -73.888307257323433, 40.787006344283697 ], [ -73.888565419671139, 40.78716094983573 ], [ -73.889052124432837, 40.787372559755568 ], [ -73.889404608070777, 40.7877912800746 ], [ -73.889522548299112, 40.788058824697821 ], [ -73.889610971090605, 40.788199991008888 ], [ -73.889797240200693, 40.788652392189185 ], [ -73.889870497442033, 40.788895497984974 ], [ -73.889884821970483, 40.7890099659352 ], [ -73.890126849707656, 40.789636279490551 ], [ -73.890301354990058, 40.789876726832148 ], [ -73.890569715750516, 40.790107636212923 ], [ -73.890799999098277, 40.790207576198576 ], [ -73.890919529638978, 40.790225554277839 ], [ -73.891156495642292, 40.790173855705127 ], [ -73.89140452869826, 40.790193919300123 ], [ -73.891605871154411, 40.79016070045062 ], [ -73.891770166034121, 40.790222043772054 ], [ -73.89197448927068, 40.790236274241629 ], [ -73.892104338441825, 40.790323336939586 ], [ -73.892181829849349, 40.79039426960901 ], [ -73.892822836109261, 40.792817081951505 ], [ -73.89261805166494, 40.793840995308834 ], [ -73.891792896865681, 40.796775245758688 ], [ -73.891464125718386, 40.797069709707053 ], [ -73.891385665062927, 40.797135921607897 ], [ -73.89131158868787, 40.797232471180557 ], [ -73.891268610532009, 40.797297593364398 ], [ -73.890731390283221, 40.797660899806601 ], [ -73.890746678607925, 40.797674655538827 ], [ -73.890727632638772, 40.79768290300251 ], [ -73.890809031565638, 40.797786294499026 ], [ -73.890825353369735, 40.797782176949248 ], [ -73.890874216789854, 40.79782974822642 ], [ -73.890803468918449, 40.797862740950215 ], [ -73.890757327203829, 40.797813107141742 ], [ -73.890787259843549, 40.797798670724994 ], [ -73.890714017113751, 40.797695287449073 ], [ -73.890689526454409, 40.797707662251639 ], [ -73.890673229077066, 40.797697315024259 ], [ -73.890621482665367, 40.79774892344858 ], [ -73.890675726791471, 40.797831626395983 ], [ -73.890689326269012, 40.797829573039763 ], [ -73.890830421694659, 40.798007406077105 ], [ -73.8907950512707, 40.798021837353062 ], [ -73.89065123202073, 40.797846066769814 ], [ -73.890659396329355, 40.797841941504672 ], [ -73.890607858242461, 40.797767507137806 ], [ -73.890169163686252, 40.797964658432591 ], [ -73.890118944026653, 40.797887456753308 ], [ -73.890083440663858, 40.797900904982747 ], [ -73.890046477106225, 40.797903116575029 ], [ -73.890003622634651, 40.79789184095759 ], [ -73.889765640415334, 40.797869142979344 ], [ -73.88961192353301, 40.797847650168734 ], [ -73.889365100502161, 40.797808091385917 ], [ -73.889212838980882, 40.797801204104175 ], [ -73.889149252936221, 40.797810130857741 ], [ -73.889063395189339, 40.797833878023617 ], [ -73.888861621939242, 40.797873057398512 ], [ -73.888711053634935, 40.797938248730212 ], [ -73.888562246005435, 40.798022499381581 ], [ -73.888460043852078, 40.798085015521593 ], [ -73.888352480982746, 40.79813935919843 ], [ -73.88831097224373, 40.798184185370225 ], [ -73.888513892711259, 40.798243155786295 ], [ -73.888460640911703, 40.798290858784277 ], [ -73.888562045875744, 40.798353403824485 ], [ -73.888508732500156, 40.798437839994577 ], [ -73.888392825452073, 40.798375280867852 ], [ -73.888512853716051, 40.798590541019735 ], [ -73.88861288997029, 40.798598423957621 ], [ -73.888614059013875, 40.798619494205226 ], [ -73.888996542228298, 40.798680754487862 ], [ -73.888977089801358, 40.798750530357033 ], [ -73.888836916290316, 40.798746722276697 ], [ -73.88885148496334, 40.798706328958794 ] ] ] ] } }
]
}
