policy,K,scenario_id,replication,capacity,mean_response_time,median_response_time,p90_response_time,p95_response_time,coverage_6min,coverage_8min,coverage_10min,mean_utilization,max_utilization,mean_queue_length,max_queue_length,queue_fraction,total_incidents,incidents_queued,random_seed
P0,10,P0_K10,0,2,4.287796105224405,3.7651920161762575,6.742587601649293,7.883052358928336,0.8477508650519031,0.9532871972318339,0.9757785467128027,0.15737856660311728,0.25845142638003576,0.0,0,0.0,578,0,42
P0,10,P0_K10,1,2,4.366085201874413,3.800670075439996,7.420850538805155,8.618727412528228,0.822429906542056,0.9457943925233645,0.9794392523364486,0.14777474462288798,0.2701492795244692,0.0,0,0.0,535,0,43
P0,10,P0_K10,2,2,4.497727632014507,3.8817110044914216,7.487501122035383,8.969536766576269,0.7876106194690266,0.9327433628318584,0.9716814159292035,0.1595352080406429,0.24923198732562132,0.0,0,0.0,565,0,44
P0,10,P0_K10,3,2,4.314693197826294,3.843397513417699,7.418132493833127,9.109027492070844,0.8414023372287145,0.9332220367278798,0.9732888146911519,0.16558868524983855,0.25566905917327026,0.0,0,0.0,599,0,45
P0,10,P0_K10,4,2,4.467749218899051,3.7128070634871513,7.487501122035383,8.969536766576311,0.8353552859618717,0.9393414211438474,0.9722703639514731,0.15844736091193865,0.24762824126558605,0.0,0,0.0,577,0,46
P0,10,P0_K10,5,2,4.3363772597044035,3.8708647108796868,6.690606026089654,7.654313426019722,0.8354661791590493,0.9597806215722121,0.9853747714808044,0.14885452194291293,0.25029914268574904,0.0,0,0.0,547,0,47
P0,10,P0_K10,6,2,4.1591649892442675,3.610745887692133,6.986481416162021,7.860699627262733,0.8487084870848709,0.9575645756457565,0.985239852398524,0.15008848295417826,0.25369468405994366,0.0,0,0.0,542,0,48
P0,10,P0_K10,7,2,4.564020764983312,3.9231696786711012,7.435110391051475,9.028187664317784,0.7979094076655052,0.9285714285714286,0.9668989547038328,0.16471028829435727,0.26373609287387256,0.0,0,0.0,574,0,49
P0,10,P0_K10,8,2,4.321367551939164,3.624439488614968,7.258791579034159,7.86559473889298,0.8383458646616542,0.9511278195488722,0.9736842105263158,0.1482965795863433,0.24319468630375352,0.0,0,0.0,532,0,50
P0,10,P0_K10,9,2,4.4523073642367645,3.8708647108796868,7.420850538804601,8.293528233208365,0.7996323529411765,0.9448529411764706,0.9761029411764706,0.15262561446864548,0.2737582500067923,0.0,0,0.0,544,0,51
P0,10,P0_K10,10,2,4.140578607256148,3.610745887692133,6.6637445188014786,7.7606338244140805,0.8550247116968699,0.9604612850082372,0.9868204283360791,0.1671911766910442,0.2531157065894107,0.0,0,0.0,607,0,52
P0,10,P0_K10,11,2,4.721215687459348,3.843397513417699,7.802861187993242,9.248757750381293,0.8006814310051107,0.9182282793867121,0.9642248722316865,0.1667585458859216,0.2603172859200859,9.910793799634628e-05,1,0.0017035775127768314,587,1,53
P0,10,P0_K10,12,2,4.323951980141188,3.712807063487844,7.487501122035383,9.021459453362581,0.8200371057513914,0.9332096474953617,0.9795918367346939,0.149067260850219,0.22762660964150636,0.0,0,0.0,539,0,54
P0,10,P0_K10,13,2,4.295048641441036,3.8083507771918335,7.069672217261927,7.86675641734314,0.8362369337979094,0.9512195121951219,0.9773519163763066,0.15782487040526835,0.2680283587808142,0.0,0,0.0,574,0,55
P0,10,P0_K10,14,2,4.350288815338909,3.825942793725048,7.241196249056406,8.334795431484261,0.844551282051282,0.9423076923076923,0.9759615384615384,0.17374933546255195,0.2891714796530269,0.0,0,0.0,624,0,56
P0,10,P0_K10,15,2,4.435743475946064,3.825942793725261,7.420850538804729,8.794056545942182,0.8097731239092496,0.9354275741710296,0.9755671902268761,0.1553928265143844,0.24979803650583549,0.0,0,0.0,573,0,57
P0,10,P0_K10,16,2,4.504982655732633,3.8083507771918335,7.487501122035383,8.999802039280976,0.8014311270125224,0.9355992844364938,0.9660107334525939,0.15556982268856562,0.2816926510761062,0.0,0,0.0,559,0,58
P0,10,P0_K10,17,2,4.587619921543343,3.9231696786711012,7.606034914362283,9.503075107045902,0.8062283737024222,0.9204152249134948,0.9636678200692042,0.15987370976529075,0.2794605734764498,0.0,0,0.0,578,0,59
P0,10,P0_K10,18,2,4.302388571376213,3.80835077719194,6.9385239294273955,8.116075946496991,0.8357723577235773,0.9447154471544715,0.9739837398373984,0.17235219838684632,0.3209200986410341,0.0,0,0.0,615,0,60
P0,10,P0_K10,19,2,4.328888198190334,3.800670075439996,7.418132493833127,8.301411097292126,0.8316151202749141,0.9467353951890034,0.9725085910652921,0.15768271706515388,0.2674124082337743,0.0,0,0.0,582,0,61
P0,10,P0_K10,20,2,4.433804223300876,3.8083507771918335,7.467505947066317,9.004938690204954,0.8202054794520548,0.940068493150685,0.9708904109589042,0.1605220873989868,0.27185394001831925,0.0,0,0.0,584,0,62
P0,10,P0_K10,21,2,4.372575441025544,3.800670075439996,7.420035125313547,8.539568672721417,0.8194945848375451,0.944043321299639,0.9783393501805054,0.15446631553921028,0.2540349640128459,0.0,0,0.0,554,0,63
P0,10,P0_K10,22,2,4.444354776219616,3.8171467854589736,7.420578734307377,8.407319487987598,0.7972027972027972,0.9440559440559441,0.9825174825174825,0.16252825689428962,0.2566396899448074,0.0,0,0.0,572,0,64
P0,10,P0_K10,23,2,4.403085087371125,3.8083507771918335,7.032347890653229,8.619050984131645,0.8293103448275863,0.9413793103448276,0.9724137931034482,0.16611843325386816,0.3063269571245397,0.0,0,0.0,580,0,65
P0,10,P0_K10,24,2,4.40110531783385,3.80835077719194,7.487501122035383,8.969536766576056,0.806070826306914,0.9426644182124789,0.9763912310286678,0.16518271682650945,0.3043457586730804,0.0,0,0.0,593,0,66
P0,10,P0_K10,25,2,4.552611612027585,3.8817110044909953,7.589543791485197,9.167544306881712,0.8141891891891891,0.9307432432432432,0.964527027027027,0.16613050674506916,0.29514420439070016,0.0,0,0.0,592,0,67
P0,10,P0_K10,26,2,4.397892798368809,3.8083507771918335,7.459733502594476,8.951986411903958,0.8186714542190305,0.9389587073608617,0.9694793536804309,0.15576039652772672,0.26047132757483926,0.0,0,0.0,557,0,68
P0,10,P0_K10,27,2,4.273029049768137,3.6131480249315473,7.107822331629735,8.256463599165654,0.836036036036036,0.9495495495495495,0.9837837837837838,0.14935465891712738,0.24903922213964175,0.0,0,0.0,555,0,69
P0,10,P0_K10,28,2,4.451749358161613,3.843397513417486,7.420850538805112,8.93569765993075,0.8096085409252669,0.9323843416370107,0.9768683274021353,0.15506401487658975,0.22622610306884583,0.0,0,0.0,562,0,70
P0,10,P0_K10,29,2,4.443142650156616,3.8171467854587604,7.58912564641821,8.744507091646302,0.7972508591065293,0.929553264604811,0.9725085910652921,0.1589544479649659,0.3001078727976463,0.0,0,0.0,582,0,71
P0,15,P0_K15,0,2,3.6582495527322005,3.3457313549021706,5.568962135704254,6.690606026089654,0.9238754325259516,0.9878892733564014,0.9982698961937716,0.10251244448580508,0.1971558314598626,0.0,0,0.0,578,0,42
P0,15,P0_K15,1,2,3.6497823640778693,3.3440058862390742,5.568962135704254,6.382754562845889,0.930841121495327,0.994392523364486,1.0,0.09598195925771134,0.2110508281843012,0.0,0,0.0,535,0,43
P0,15,P0_K15,2,2,3.7141235232002257,3.3457313549023837,5.866744129250918,6.731522745905494,0.9084507042253521,0.9964788732394366,1.0,0.1039195880949601,0.181893982774365,0.0,0,0.0,568,0,44
P0,15,P0_K15,3,2,3.618062390809123,3.1224892486915223,5.568962135703828,6.382754562845889,0.9332220367278798,0.986644407345576,0.994991652754591,0.10763265621547906,0.18806906492094957,0.0,0,0.0,599,0,45
P0,15,P0_K15,4,2,3.735139357960745,3.3457313549021706,5.5689621357044246,6.731522745905579,0.9150779896013865,0.9844020797227037,0.9965337954939342,0.10283583392964298,0.21561949393234672,0.0,0,0.0,577,0,46
P0,15,P0_K15,5,2,3.578027096721011,3.1000302227351995,5.537138020291792,6.382754562845037,0.9305301645338209,0.9945155393053017,1.0,0.09649284571887375,0.16518431549730317,0.0,0,0.0,547,0,47
P0,15,P0_K15,6,2,3.608414899658097,3.1981435769574773,5.353404114943032,6.0518855212972795,0.9446494464944649,0.9944649446494465,0.996309963099631,0.09808473897635896,0.18114342994692653,0.0,0,0.0,542,0,48
P0,15,P0_K15,7,2,3.7336815670498114,3.3822124675457843,5.56896213570468,6.382754562845889,0.9198606271777003,0.9860627177700348,0.9930313588850174,0.10665464524112024,0.19268299994072413,0.0,0,0.0,574,0,49
P0,15,P0_K15,8,2,3.7281588317645817,3.345731354903023,5.849718199919778,6.690606026089654,0.9135338345864662,0.9906015037593985,0.9943609022556391,0.09677717052361452,0.19115739218019878,0.0,0,0.0,532,0,50
P0,15,P0_K15,9,2,3.5972928473434966,3.2226825979086016,5.424417760586593,6.344565624350764,0.9382940108892922,0.9963702359346642,1.0,0.10056295240998528,0.18221184627618509,0.0,0,0.0,551,0,51
P0,15,P0_K15,10,2,3.647518458835383,3.345731354903023,5.549867666456861,6.382754562845037,0.942339373970346,0.9934102141680395,0.9967051070840197,0.10948136971141434,0.2294121112348309,0.0,0,0.0,607,0,52
P0,15,P0_K15,11,2,3.811567302530143,3.424386560212156,5.979524764800087,6.7315227459050675,0.899488926746167,0.9931856899488927,0.9965928449744463,0.10764741097620457,0.2557985857113587,0.0,0,0.0,587,0,53
P0,15,P0_K15,12,2,3.689304788803898,3.3457313549023837,5.568962135704254,6.382754562845889,0.9257884972170687,0.9944341372912802,1.0,0.09711577419028623,0.19289435854197282,0.0,0,0.0,539,0,54
P0,15,P0_K15,13,2,3.6577892469480675,3.3227551886491824,5.568962135703828,6.382754562845889,0.9337979094076655,0.9947735191637631,0.9947735191637631,0.10279735479108523,0.20527875497688797,0.0,0,0.0,574,0,55
P0,15,P0_K15,14,2,3.57782386042704,3.173604556006353,5.446961812528143,6.241338042797543,0.9420035149384886,0.9912126537785588,0.9982425307557118,0.10361910387087024,0.1825204463221095,0.0,0,0.0,569,0,56
P0,15,P0_K15,15,2,3.6608257615460214,3.1036554668426675,5.869095713037503,6.7315227459050675,0.9057591623036649,0.9930191972076788,1.0,0.10065852554430364,0.19272962096794138,0.0,0,0.0,573,0,57
P0,15,P0_K15,16,2,3.699619657132667,3.380239031112211,5.568962135704254,6.694697698071196,0.9302325581395349,0.9892665474060823,0.9946332737030411,0.10073571567982816,0.20941052721631112,0.0,0,0.0,559,0,58
P0,15,P0_K15,17,2,3.7048883965709685,3.390944808686527,5.568962135704254,6.382754562845889,0.9307958477508651,0.9930795847750865,0.9965397923875432,0.10320801007213812,0.1801919068574564,0.0,0,0.0,578,0,59
P0,15,P0_K15,18,2,3.654831446797422,3.345731354903023,5.537138020292218,6.382754562845889,0.9300813008130081,0.9983739837398374,0.9983739837398374,0.11226755268371795,0.21389714581760297,0.0,0,0.0,615,0,60
P0,15,P0_K15,19,2,3.6040699870825494,3.173604556006353,5.568962135704254,6.382754562845889,0.9278350515463918,0.993127147766323,0.9948453608247423,0.10233183651655284,0.21031129972612894,0.0,0,0.0,582,0,61
P0,15,P0_K15,20,2,3.749835645132337,3.3802390311126373,5.56896213570468,6.731522745905494,0.9126712328767124,0.9845890410958904,0.9965753424657534,0.10437294153549898,0.21059636675055837,0.0,0,0.0,584,0,62
P0,15,P0_K15,21,2,3.617833646016574,3.1736045560059267,5.568962135704254,6.382754562845404,0.9332129963898917,0.9927797833935018,0.9945848375451264,0.10021215378252263,0.19285958564608371,0.0,0,0.0,554,0,63
P0,15,P0_K15,22,2,3.7292894946302764,3.3802849723026895,5.568962135704254,6.382754562845479,0.9248251748251748,0.9895104895104895,0.9982517482517482,0.10564703011822281,0.17196900935764645,0.0,0,0.0,572,0,64
P0,15,P0_K15,23,2,3.6951930908096178,3.3448686205706224,5.56896213570468,6.7315227459050675,0.9189655172413793,0.9879310344827587,0.9948275862068966,0.10803016345227666,0.23912589798130832,0.0,0,0.0,580,0,65
P0,15,P0_K15,24,2,3.7606156883607205,3.3802390311126373,5.780411266442589,6.731522745905238,0.9072512647554806,0.9915682967959528,0.9966273187183811,0.1076098380015515,0.22075885010125576,0.0,0,0.0,593,0,66
P0,15,P0_K15,25,2,3.6865360658899617,3.173604556006353,5.568962135704254,6.523050017780856,0.9256756756756757,0.9864864864864865,0.9983108108108109,0.10736268754358129,0.21937694201795502,0.0,0,0.0,592,0,67
P0,15,P0_K15,26,2,3.769885669716629,3.3841859039793576,5.940394840818785,6.7315227459050675,0.9050086355785838,0.9913644214162349,1.0,0.10522219419443897,0.19732398658756706,0.0,0,0.0,579,0,68
P0,15,P0_K15,27,2,3.78255432427808,3.477896293462379,5.892374602399144,6.690606026089505,0.9135135135135135,0.9945945945945946,0.9963963963963964,0.09776941895634554,0.2007438438470308,0.0,0,0.0,555,0,69
P0,15,P0_K15,28,2,3.742058542685269,3.380284972303116,5.572831744674637,6.5762880502553145,0.9270462633451957,0.9875444839857651,0.9928825622775801,0.10073813797131304,0.1970018952340899,0.0,0,0.0,562,0,70
P0,15,P0_K15,29,2,3.661267594460282,3.2226825979086016,5.568962135704254,6.382754562845889,0.9307282415630551,0.9928952042628775,0.9964476021314387,0.09922023509555955,0.18177934282456695,0.0,0,0.0,563,0,71
P0,20,P0_K20,0,2,3.155871364135495,2.665805644236343,5.093761038327216,6.027582753649199,0.9411764705882353,0.9948096885813149,1.0,0.07544398320061926,0.16666593088450243,0.0,0,0.0,578,0,42
P0,20,P0_K20,1,2,3.1799568515571823,2.6494454677668955,5.093761038327216,6.126546994083588,0.9439252336448598,0.9981308411214953,1.0,0.070739660667497,0.17719708252054542,0.0,0,0.0,535,0,43
P0,20,P0_K20,2,2,3.192969738418067,2.6494454677668955,5.7257439034056645,6.622804422078942,0.9380530973451328,0.9982300884955753,1.0,0.07611091647130369,0.15644208171374205,0.0,0,0.0,565,0,44
P0,20,P0_K20,3,2,3.100778935894183,2.626556194418299,5.093761038326704,5.9945478168090185,0.9499165275459098,0.998330550918197,0.998330550918197,0.0791875239597539,0.13573579413095582,0.0,0,0.0,599,0,45
P0,20,P0_K20,4,2,3.240873114856975,2.665805644236343,5.543699123328196,6.706654725447516,0.9306759098786829,0.9948006932409013,0.9982668977469671,0.07571223446374578,0.1518996408966841,0.0,0,0.0,577,0,46
P0,20,P0_K20,5,2,3.0687726697582542,2.6494454677668955,5.00432402632788,5.962829446189826,0.9506398537477148,0.9981718464351006,1.0,0.07098787748583871,0.1410974375782281,0.0,0,0.0,547,0,47
P0,20,P0_K20,6,2,3.035824368148649,2.561767529274448,4.540874724738728,5.892374602399144,0.959409594095941,0.996309963099631,1.0,0.07202414913267541,0.12729910780913029,0.0,0,0.0,542,0,48
P0,20,P0_K20,7,2,3.2106408238992885,2.665805644236343,5.458405857989274,6.113519141345591,0.9425087108013938,0.9965156794425087,1.0,0.0785017707038144,0.15429280557474948,0.0,0,0.0,574,0,49
P0,20,P0_K20,8,2,3.1827064869304724,2.6511981464594214,5.453563148573883,6.113519141346092,0.9398496240601504,0.9962406015037594,0.9962406015037594,0.07114348976050983,0.13709355304625034,0.0,0,0.0,532,0,50
P0,20,P0_K20,9,2,3.033534014845977,2.6265577094218884,4.945668158688932,5.892374602399144,0.9618874773139746,1.0,1.0,0.07388138535557354,0.1417097472733438,0.0,0,0.0,551,0,51
P0,20,P0_K20,10,2,3.119031009889125,2.626557709421675,5.093761038327216,6.027582753649199,0.9456342668863262,0.9967051070840197,1.0,0.08051979771257677,0.1872278996356866,0.0,0,0.0,607,0,52
P0,20,P0_K20,11,2,3.3187831115472175,2.8309611640833054,5.892374602399144,6.77084952287899,0.9114139693356048,0.9965928449744463,0.9982964224872232,0.07930071537448,0.1604908497380617,0.0,0,0.0,587,0,53
P0,20,P0_K20,12,2,3.160793644898161,2.651198146460274,5.093761038327216,6.3452688625192195,0.9424860853432282,0.9981447124304267,1.0,0.07142379737602221,0.13617530815290374,0.0,0,0.0,539,0,54
P0,20,P0_K20,13,2,3.1438254935694276,2.6265561944174465,5.358220455243316,6.113519141346028,0.9407665505226481,0.9965156794425087,0.9965156794425087,0.07563464707327754,0.15946117947520996,0.0,0,0.0,574,0,55
P0,20,P0_K20,14,2,3.057361103022321,2.6265577094218884,5.0214532528379365,5.8923746023995704,0.9560632688927944,0.9947275922671354,0.9982425307557118,0.07624536307694599,0.15333281076517608,0.0,0,0.0,569,0,56
P0,20,P0_K20,15,2,3.1572638957151793,2.62655619441702,5.892374602398718,6.77084952287899,0.9232111692844677,0.9965095986038395,1.0,0.07406263945028593,0.15635135978304518,0.0,0,0.0,573,0,57
P0,20,P0_K20,16,2,3.168738394907047,2.626556194418299,5.132147901681007,6.118749686963128,0.9391771019677997,0.9946332737030411,0.9964221824686941,0.07407974992661656,0.14346794544054933,0.0,0,0.0,559,0,58
P0,20,P0_K20,17,2,3.1619775543495243,2.665805644236343,5.093761038327216,6.0275827536488364,0.9446366782006921,0.9982698961937716,1.0,0.07584944769892507,0.16216824647094072,0.0,0,0.0,578,0,59
P0,20,P0_K20,18,2,3.179826738127407,2.651198146460274,5.093761038327216,6.770849522878841,0.9365853658536586,0.9967479674796748,0.9983739837398374,0.08275161741044694,0.15920731237784458,0.0,0,0.0,615,0,60
P0,20,P0_K20,19,2,3.1453517715411294,2.561767529274448,5.657677316841194,6.766837348039507,0.9347079037800687,0.9982817869415808,0.9982817869415808,0.07542460158659571,0.1544862367394558,0.0,0,0.0,582,0,61
P0,20,P0_K20,20,2,3.2421049082405875,2.665805644236343,5.3068485421198375,6.348618103031478,0.9366438356164384,0.9965753424657534,1.0,0.0768088988582473,0.17407641476997263,0.0,0,0.0,584,0,62
P0,20,P0_K20,21,2,3.1728630631894466,2.626556194417873,5.551216981268506,6.113519141346028,0.9368231046931408,0.9963898916967509,0.9981949458483754,0.07393632911225792,0.16264276043518736,0.0,0,0.0,554,0,63
P0,20,P0_K20,22,2,3.140272902583848,2.665805644236343,5.093761038327216,6.027582753649199,0.9458041958041958,1.0,1.0,0.07756405487710684,0.14427996962274578,0.0,0,0.0,572,0,64
P0,20,P0_K20,23,2,3.2394716884638575,2.651198146460274,5.725743903405345,6.357153891643294,0.9344827586206896,0.993103448275862,0.996551724137931,0.07971151934833184,0.18472388322333433,0.0,0,0.0,580,0,65
P0,20,P0_K20,24,2,3.194081968499155,2.651198146460274,5.344093000378397,6.770849522879416,0.9308600337268128,0.9983136593591906,1.0,0.0790409375493883,0.15352362066144976,0.0,0,0.0,593,0,66
P0,20,P0_K20,25,2,3.144981353574429,2.6265561944174465,5.163189098530976,6.066254128112335,0.9476351351351351,0.9949324324324325,1.0,0.07893173594691817,0.14684930022143372,0.0,0,0.0,592,0,67
P0,20,P0_K20,26,2,3.223433260923664,2.651198146460274,5.892374602399144,6.770849522878798,0.9205526770293609,0.9930915371329879,1.0,0.0773472213170042,0.14321369979796633,0.0,0,0.0,579,0,68
P0,20,P0_K20,27,2,3.247371857492142,2.699027393441611,5.892374602398974,6.624613486973607,0.9243243243243243,1.0,1.0,0.07185371962863717,0.15593251778209474,0.0,0,0.0,555,0,69
P0,20,P0_K20,28,2,3.2098968569553192,2.6511981464599543,5.666232984379094,6.139358866032749,0.9377224199288257,0.9911032028469751,0.994661921708185,0.07407009719187656,0.14185304138638566,0.0,0,0.0,562,0,70
P0,20,P0_K20,29,2,3.12256296391871,2.62655619441702,5.095960613489353,6.113519141345591,0.9413854351687388,0.9982238010657194,0.9982238010657194,0.07291075813221085,0.14947372123603722,0.0,0,0.0,563,0,71
P0,25,P0_K25,0,2,2.753685222876165,2.5214508029379346,3.8580784525103695,4.43591485201829,0.9930795847750865,0.9982698961937716,1.0,0.05943271199840063,0.1433720894689833,0.0,0,0.0,578,0,42
P0,25,P0_K25,1,2,2.7577052935534647,2.5214508029381477,3.8069993510775646,4.382095886401629,0.9906542056074766,0.9981308411214953,1.0,0.05569528177395,0.14101540081533623,0.0,0,0.0,535,0,43
P0,25,P0_K25,2,2,2.8572018912840838,2.6494454677668955,3.971785019012657,4.493880676322077,0.9929203539823008,0.9982300884955753,1.0,0.06013592034517505,0.12850709122515158,0.0,0,0.0,565,0,44
P0,25,P0_K25,3,2,2.7751056386824713,2.5728157699153087,3.743332030166629,4.382095886401672,0.994991652754591,0.998330550918197,0.998330550918197,0.06257589890974827,0.12490018623248328,0.0,0,0.0,599,0,45
P0,25,P0_K25,4,2,2.856146014841905,2.6265561944174465,3.9717850190118043,4.732765666568967,0.9878682842287695,0.9965337954939342,0.9982668977469671,0.05968888464754941,0.15606572725804252,0.0,0,0.0,577,0,46
P0,25,P0_K25,5,2,2.7722463938884254,2.5728157699148824,3.7361715320275835,4.382095886401629,0.9908592321755028,0.9981718464351006,1.0,0.05614665169938205,0.12650855040867068,0.0,0,0.0,547,0,47
P0,25,P0_K25,6,2,2.7592335931149328,2.541256216788099,3.7719740227231853,4.382095886401544,0.9963302752293578,0.998165137614679,1.0,0.05730794689155262,0.1114651876225703,0.0,0,0.0,545,0,48
P0,25,P0_K25,7,2,2.8245790466458236,2.62655619441702,3.984195853342385,4.69396609715432,0.9878048780487805,1.0,1.0,0.06192205362597418,0.13942386752390026,0.0,0,0.0,574,0,49
P0,25,P0_K25,8,2,2.824844198954955,2.6265561944174465,3.8161415097264926,4.5561542917263775,0.9895652173913043,0.9965217391304347,0.9982608695652174,0.06114598076096156,0.12914783859977552,0.0,0,0.0,575,0,50
P0,25,P0_K25,9,2,2.818604863241543,2.62655619441734,3.7964917525714763,4.382095886402055,0.9852941176470589,0.9944852941176471,0.9981617647058824,0.05752352292816696,0.13238621329618053,0.0,0,0.0,544,0,51
P0,25,P0_K25,10,2,2.7624952305202046,2.544882487924909,3.8069993510775646,4.348844300994903,0.993421052631579,0.9983552631578947,1.0,0.06366822302582173,0.14723073458426128,0.0,0,0.0,608,0,52
P0,25,P0_K25,11,2,2.888718402966206,2.648613114909324,3.976749352744505,4.836885589843905,0.9863713798977853,0.9965928449744463,0.9982964224872232,0.06243879458554804,0.15926348190815542,0.0,0,0.0,587,0,53
P0,25,P0_K25,12,2,2.7884285268877442,2.6265561944174465,3.8733629532460725,4.382095886402055,0.9981447124304267,1.0,1.0,0.05634259028729547,0.11292554305340947,0.0,0,0.0,539,0,54
P0,25,P0_K25,13,2,2.767915375196278,2.5214508029377214,3.771974022723249,4.4810350240106125,0.9912891986062717,0.9965156794425087,0.9965156794425087,0.05965147794454984,0.13414513364195693,0.0,0,0.0,574,0,55
P0,25,P0_K25,14,2,2.7584411841912027,2.5214508029377214,3.5937765614888515,4.382095886401885,0.9912126537785588,0.9947275922671354,0.9982425307557118,0.06032134826387857,0.13410597413651232,0.0,0,0.0,569,0,56
P0,25,P0_K25,15,2,2.813558018473488,2.5728157699153087,3.8580784525103695,4.481035024010708,0.9808027923211169,0.9947643979057592,1.0,0.058468589863167254,0.1416909205759773,0.0,0,0.0,573,0,57
P0,25,P0_K25,16,2,2.828694729902447,2.5485087590621447,3.9717850190118043,4.497092089399686,0.9856887298747764,0.9964221824686941,0.9964221824686941,0.05850949673201718,0.12853111716638027,0.0,0,0.0,559,0,58
P0,25,P0_K25,17,2,2.847978606658964,2.6490292913381097,3.9717850190118043,4.49709208940007,0.9913494809688581,1.0,1.0,0.05995935422356404,0.11937298372371281,0.0,0,0.0,578,0,59
P0,25,P0_K25,18,2,2.841574381005445,2.6265561944174465,3.901633956907176,4.382095886402055,0.9886178861788618,0.9983739837398374,0.9983739837398374,0.06537579710442892,0.1363034387105003,0.0,0,0.0,615,0,60
P0,25,P0_K25,19,2,2.7585443800480913,2.5140402282080743,3.7361715320275835,4.382095886402034,0.9914089347079038,0.9982817869415808,0.9982817869415808,0.05944634038892352,0.12764387244701986,0.0,0,0.0,582,0,61
P0,25,P0_K25,20,2,2.803891061850793,2.5161406606304126,3.984195853342385,4.658816332846425,0.9863013698630136,1.0,1.0,0.06043157588702783,0.1416125804663065,0.0,0,0.0,584,0,62
P0,25,P0_K25,21,2,2.7761261965762767,2.5161406606299863,3.9554781542442465,4.554844746557425,0.9927797833935018,0.9963898916967509,0.9981949458483754,0.05827687192431549,0.13646722744997475,0.0,0,0.0,554,0,63
P0,25,P0_K25,22,2,2.789337214011814,2.6375854121660325,3.806999351077991,4.382095886401629,0.9965034965034965,1.0,1.0,0.06125467559270446,0.12688200533802987,0.0,0,0.0,572,0,64
P0,25,P0_K25,23,2,2.81409454194853,2.565806439784808,3.9066871867122486,4.481837877280397,0.9896551724137931,0.9948275862068966,0.996551724137931,0.06279017283986035,0.14912222580499085,0.0,0,0.0,580,0,65
P0,25,P0_K25,24,2,2.80771716746413,2.5728157699153087,3.858078452511222,4.382095886402055,0.9865092748735245,0.9983136593591906,1.0,0.062323566202154394,0.14569090008623262,0.0,0,0.0,593,0,66
P0,25,P0_K25,25,2,2.8283490431406424,2.611370452413624,3.8580784525103695,4.382095886401821,0.9864864864864865,0.9949324324324325,1.0,0.06240155412349962,0.13768907675370118,0.0,0,0.0,592,0,67
P0,25,P0_K25,26,2,2.8763516234480737,2.626556194418299,3.998075808969307,4.7204209938076,0.9827288428324698,0.9930915371329879,1.0,0.06108031567226061,0.13077138032907984,0.0,0,0.0,579,0,68
P0,25,P0_K25,27,2,2.8243780478090006,2.649445467766256,3.943724594169682,4.382095886402055,0.9927927927927928,1.0,1.0,0.05655138219348853,0.12358222296458156,0.0,0,0.0,555,0,69
P0,25,P0_K25,28,2,2.865889814956918,2.6482891493458283,3.9829547699094126,4.693966097154863,0.9875444839857651,0.994661921708185,0.998220640569395,0.05848888744555243,0.12203908656600798,0.0,0,0.0,562,0,70
P0,25,P0_K25,29,2,2.7728390275691424,2.5161406606304126,3.7999942854067403,4.42702461822921,0.9946714031971581,0.9982238010657194,0.9982238010657194,0.057547278822574974,0.13663186333794528,0.0,0,0.0,563,0,71
P0,30,P0_K30,0,2,2.7727747607117434,2.651198146460274,3.670879940810444,4.21381614131775,0.9948096885813149,0.9982698961937716,1.0,0.049563747276672974,0.15012167974912916,0.0,0,0.0,578,0,42
P0,30,P0_K30,1,2,2.743153065814521,2.651198146460274,3.642126530906495,4.092409223285927,0.9981308411214953,0.9981308411214953,1.0,0.04638698930289373,0.14101540081533623,0.0,0,0.0,535,0,43
P0,30,P0_K30,2,2,2.8236168079770327,2.665805644236343,3.9521662549638563,4.453118448959704,0.9964601769911504,0.9982300884955753,1.0,0.05005051704667867,0.12869225081491886,0.0,0,0.0,565,0,44
P0,30,P0_K30,3,2,2.8284014763189265,2.6534527474110092,3.9521662549636005,4.226855811279793,0.994991652754591,0.998330550918197,0.998330550918197,0.05225215189153709,0.1158102102213413,0.0,0,0.0,599,0,45
P0,30,P0_K30,4,2,2.877880497201798,2.725740963525709,3.890841706256649,4.497092089400155,0.9948006932409013,0.9965337954939342,0.9982668977469671,0.049782208093598276,0.1368698237209922,0.0,0,0.0,577,0,46
P0,30,P0_K30,5,2,2.7747726829505237,2.665805644236343,3.6207302894370628,4.494865991214623,0.9963436928702011,0.9981718464351006,1.0,0.04679344612553323,0.12539873865147216,0.0,0,0.0,547,0,47
P0,30,P0_K30,6,2,2.780896680245607,2.611370452413837,3.825942793725261,4.384318284407414,0.998165137614679,0.998165137614679,1.0,0.04779566467975357,0.12323346027082052,0.0,0,0.0,545,0,48
P0,30,P0_K30,7,2,2.881381797580886,2.794085356243272,4.032895065229809,4.508968971649829,0.9930313588850174,1.0,1.0,0.051709531391475605,0.12464280429538897,0.0,0,0.0,574,0,49
P0,30,P0_K30,8,2,2.7506672019692884,2.6189712900264794,3.642126530906495,4.181469049476382,0.9965217391304347,0.9965217391304347,0.9982608695652174,0.05081393974370229,0.12858409969925505,0.0,0,0.0,575,0,50
P0,30,P0_K30,9,2,2.786558679688828,2.651198146460274,3.809752162425013,4.21381614131775,0.9926470588235294,0.9944852941176471,0.9981617647058824,0.047878619887716245,0.12597183290881933,0.0,0,0.0,544,0,51
P0,30,P0_K30,10,2,2.7635659769815373,2.6511981464594214,3.8941731023778345,4.21381614131775,0.9950576606260296,0.9983525535420099,1.0,0.052966349020769084,0.14809673822407515,0.0,0,0.0,607,0,52
P0,30,P0_K30,11,2,2.9035723014486274,2.794085356243272,4.032895065229809,4.68565925445046,0.9880749574105622,0.9982964224872232,1.0,0.052061162281637895,0.13690116076502962,0.0,0,0.0,587,0,53
P0,30,P0_K30,12,2,2.8190709153168103,2.665805644236343,3.952166254964027,4.497092089400496,0.9981447124304267,1.0,1.0,0.04700677579286287,0.11248209482546555,0.0,0,0.0,539,0,54
P0,30,P0_K30,13,2,2.7863253866847706,2.5708762261078277,3.8809087738003734,4.213816141318603,0.9912891986062717,0.9965156794425087,0.9965156794425087,0.04974450988300582,0.12995066733237645,0.0,0,0.0,574,0,55
P0,30,P0_K30,14,2,2.7877555677752257,2.6511981464594214,3.8222362821579168,4.21381614131775,0.9876977152899824,0.9964850615114236,1.0,0.05032294856731716,0.1296875046627869,0.0,0,0.0,569,0,56
P0,30,P0_K30,15,2,2.797739460761126,2.651198146460274,3.9521662549639416,4.21381614131775,0.9930191972076788,0.9965095986038395,1.0,0.04869385122999001,0.13493950430154417,0.0,0,0.0,573,0,57
P0,30,P0_K30,16,2,2.819424097374997,2.5708762261086804,4.025855032237189,4.4970920893996436,0.9892665474060823,0.9964221824686941,0.9964221824686941,0.04874077676218746,0.1415953990264295,0.0,0,0.0,559,0,58
P0,30,P0_K30,17,2,2.8298286930568035,2.6534527474112224,3.9900956759606316,4.49709208940007,0.9948096885813149,1.0,1.0,0.049931437216521476,0.12393150000324316,0.0,0,0.0,578,0,59
P0,30,P0_K30,18,2,2.797697695059322,2.6511981464596346,3.9192841894657997,4.476643326292986,0.9967479674796748,0.9983739837398374,0.9983739837398374,0.05439059758088367,0.13592378033600083,0.0,0,0.0,615,0,60
P0,30,P0_K30,19,2,2.787221438188913,2.6511981464596346,3.822236282158215,4.483039162015249,0.9948453608247423,0.9982817869415808,0.9982817869415808,0.04959380894790573,0.1251855088899898,0.0,0,0.0,582,0,61
P0,30,P0_K30,20,2,2.797719127225959,2.665805644236343,3.849958673785148,4.215700931653203,0.9948630136986302,1.0,1.0,0.05034772722787732,0.14466303558910903,0.0,0,0.0,584,0,62
P0,30,P0_K30,21,2,2.8110098515807516,2.665805644236343,3.642126530906559,4.21381614131775,0.9927797833935018,0.9963898916967509,0.9981949458483754,0.04862796716203701,0.14218787251874795,0.0,0,0.0,554,0,63
P0,30,P0_K30,22,2,2.82234172556691,2.665805644236343,3.9463669397050993,4.497092089399835,0.9965034965034965,1.0,1.0,0.05110799216260268,0.1476197650767245,0.0,0,0.0,572,0,64
P0,30,P0_K30,23,2,2.8359375221912457,2.665805644236343,4.02729060018288,4.49709208940007,0.9896551724137931,0.9948275862068966,0.9982758620689656,0.05236703863817984,0.14967776705971703,0.0,0,0.0,580,0,65
P0,30,P0_K30,24,2,2.7840092377671306,2.6511981464594214,3.7732934071406703,4.497092089399814,0.9932546374367622,0.9983136593591906,1.0,0.051889814420081296,0.15691482819616487,0.0,0,0.0,593,0,66
P0,30,P0_K30,25,2,2.8239874254983532,2.6511981464594214,4.025855032237956,4.531464977472275,0.9881756756756757,0.9949324324324325,1.0,0.05199275648636798,0.15121835663327865,0.0,0,0.0,592,0,67
P0,30,P0_K30,26,2,2.8232765289639605,2.651198146460274,4.025855032237359,4.49709208940007,0.9913644214162349,0.9930915371329879,1.0,0.050798641103516444,0.12909608238695863,0.0,0,0.0,579,0,68
P0,30,P0_K30,27,2,2.8284826687944356,2.653452747410796,4.030404191875618,4.497092089400496,0.990990990990991,1.0,1.0,0.04713368511046972,0.12488109025235423,0.0,0,0.0,555,0,69
P0,30,P0_K30,28,2,2.8691867157316775,2.665805644236343,4.032895065229809,5.091287138168806,0.9875444839857651,0.994661921708185,0.998220640569395,0.04874686671466476,0.11862280530679566,0.0,0,0.0,562,0,70
P0,30,P0_K30,29,2,2.810382199852016,2.6189712900264794,3.9521662549639416,4.213816141318603,0.9911190053285968,0.9982238010657194,0.9982238010657194,0.048025962530701585,0.1312803213253633,0.0,0,0.0,563,0,71
P0,35,P0_K35,0,2,2.5193720587560007,2.3607633676171247,3.384185903978505,3.564623453718651,0.9948096885813149,0.9982698961937716,1.0,0.04206805673110967,0.14354548539909273,0.0,0,0.0,578,0,42
P0,35,P0_K35,1,2,2.5232476110722755,2.3940131415963606,3.394686044370019,3.7736232532445513,0.9981308411214953,0.9981308411214953,1.0,0.039426803137494214,0.14101540081533623,0.0,0,0.0,535,0,43
P0,35,P0_K35,2,2,2.572456516697791,2.3959052466307185,3.4224994592314175,3.828114453184156,1.0,1.0,1.0,0.04249821652591513,0.12177024620519997,0.0,0,0.0,565,0,44
P0,35,P0_K35,3,2,2.553948961435394,2.4383620882127843,3.3946860443704665,3.8091108612892985,0.998330550918197,0.998330550918197,0.998330550918197,0.04432158071311107,0.11926754879936764,0.0,0,0.0,599,0,45
P0,35,P0_K35,4,2,2.601628775182777,2.4418893925577123,3.6319353413103386,3.8733629532460716,0.9948006932409013,0.9965337954939342,0.9982668977469671,0.04221865783418123,0.13813602162168465,0.0,0,0.0,577,0,46
P0,35,P0_K35,5,2,2.5497261753957647,2.4383620882127843,3.394686044370445,3.660615378473719,0.9981718464351006,0.9981718464351006,1.0,0.03975974395898185,0.12539873865147216,0.0,0,0.0,547,0,47
P0,35,P0_K35,6,2,2.5397861752343647,2.3940131415963606,3.3946860443707436,3.7736232532448923,0.998165137614679,0.998165137614679,1.0,0.040595248792308275,0.11383855126553032,0.0,0,0.0,545,0,48
P0,35,P0_K35,7,2,2.58258084033856,2.4383620882126777,3.4224994592321423,3.9360249141905967,0.9947735191637631,1.0,1.0,0.04383631106384676,0.12243358850450398,0.0,0,0.0,574,0,49
P0,35,P0_K35,8,2,2.5668321338061517,2.3940131415963606,3.4224994592321423,3.8484912114467407,0.9965217391304347,0.9965217391304347,0.9982608695652174,0.04325518768226125,0.1393035461062364,0.0,0,0.0,575,0,50
P0,35,P0_K35,9,2,2.553121759060667,2.394013141596041,3.422499459231439,3.7736232532445513,0.9944852941176471,0.9963235294117647,0.9981617647058824,0.04067886896038458,0.12115787408653318,0.0,0,0.0,544,0,51
P0,35,P0_K35,10,2,2.534117842507928,2.3758046156657997,3.3946860443701468,3.755628356099264,0.9967105263157895,0.9983552631578947,1.0,0.04508372661733448,0.14723073458426128,0.0,0,0.0,608,0,52
P0,35,P0_K35,11,2,2.6154923487952995,2.4418893925579255,3.487600488778753,3.9360249141901704,0.9948892674616695,0.9982964224872232,1.0,0.044144536682992584,0.14333234602131625,0.0,0,0.0,587,0,53
P0,35,P0_K35,12,2,2.5543657959658956,2.3959052466300723,3.433761545462346,3.872113832062879,1.0,1.0,1.0,0.039887111509159835,0.11292554305340947,0.0,0,0.0,539,0,54
P0,35,P0_K35,13,2,2.543328735968952,2.3940131415963606,3.407959102733572,3.7736232532449776,0.9965156794425087,0.9965156794425087,0.9965156794425087,0.04224279963466576,0.12468797531372308,0.0,0,0.0,574,0,55
P0,35,P0_K35,14,2,2.517270403113799,2.3940131415961474,3.394686044370019,3.5761977502860987,0.9982425307557118,1.0,1.0,0.0426977142518831,0.13410502858970325,0.0,0,0.0,569,0,56
P0,35,P0_K35,15,2,2.5336267081911625,2.360763367617551,3.394686044370019,3.7869736923780115,1.0,1.0,1.0,0.0413086281313106,0.127535691651289,0.0,0,0.0,573,0,57
P0,35,P0_K35,16,2,2.5912768393010532,2.3940131415961474,3.4861299355931408,3.936024914191023,0.9928443649373881,0.9964221824686941,0.998211091234347,0.04141631682432586,0.12873557477061143,0.0,0,0.0,559,0,58
P0,35,P0_K35,17,2,2.5870042141504905,2.450343849354013,3.433761545462346,3.9022261627151513,0.9965397923875432,1.0,1.0,0.042400550072188896,0.11906258442284216,0.0,0,0.0,578,0,59
P0,35,P0_K35,18,2,2.591586973614596,2.4418893925579255,3.489806318556191,3.8872276490465008,0.9934959349593496,0.9983739837398374,0.9983739837398374,0.046261220563409075,0.13702638854156063,0.0,0,0.0,615,0,60
P0,35,P0_K35,19,2,2.562529184150838,2.3959052466303987,3.413774308106212,3.8281144531842415,0.9982817869415808,0.9982817869415808,0.9982817869415808,0.042138313304978824,0.12657876877859472,0.0,0,0.0,582,0,61
P0,35,P0_K35,20,2,2.5450808082587177,2.368283991641249,3.3946860443708715,3.8943258139934334,0.9982876712328768,1.0,1.0,0.04273699528184025,0.1424458048916257,0.0,0,0.0,584,0,62
P0,35,P0_K35,21,2,2.5379666116183204,2.360763367616485,3.4224994592313536,3.8263531855444524,0.996415770609319,0.996415770609319,1.0,0.041573697888520035,0.12466846256994268,0.0,0,0.0,558,0,63
P0,35,P0_K35,22,2,2.543987950545939,2.4190958332720314,3.394686044370445,3.7736232532445513,0.9982517482517482,1.0,1.0,0.04335555122068894,0.12152006283896628,0.0,0,0.0,572,0,64
P0,35,P0_K35,23,2,2.57113689896099,2.360763367617551,3.4224994592312896,3.9360249141905967,0.9913793103448276,0.996551724137931,0.9982758620689656,0.044450703295669046,0.14967776705971703,0.0,0,0.0,580,0,65
P0,35,P0_K35,24,2,2.543973941724832,2.37580461566516,3.4116533899130146,3.850211040995019,0.9949409780775716,1.0,1.0,0.04407352310113239,0.1563282114043055,0.0,0,0.0,593,0,66
P0,35,P0_K35,25,2,2.57264546345478,2.399829578331918,3.422499459231396,3.9360249141907033,0.9966442953020134,0.9983221476510067,1.0,0.044563835714569934,0.1280646663927353,0.0,0,0.0,596,0,67
P0,35,P0_K35,26,2,2.6195969853046757,2.3940131415963606,3.486865212186032,3.936024914191023,0.9930915371329879,0.998272884283247,1.0,0.04320742237506987,0.12373563080157418,0.0,0,0.0,579,0,68
P0,35,P0_K35,27,2,2.573117170898989,2.3940131415961474,3.4224994592312896,3.8409395304928733,0.9945945945945946,1.0,1.0,0.039998578588645306,0.12443232618027376,0.0,0,0.0,555,0,69
P0,35,P0_K35,28,2,2.6207641814756175,2.419095833272058,3.4808930965801483,3.883355922712852,0.9911032028469751,0.998220640569395,0.998220640569395,0.04138729883861314,0.11622207451495943,0.0,0,0.0,562,0,70
P0,35,P0_K35,29,2,2.5628815263483657,2.395905246630079,3.3925860162918866,3.773623253244935,0.9982238010657194,0.9982238010657194,0.9982238010657194,0.04077014793112696,0.12281011831196291,0.0,0,0.0,563,0,71
P0,40,P0_K40,0,2,2.4101271628771976,2.289312018616272,3.159867561327687,3.4224994592312896,0.9982698961937716,0.9982698961937716,1.0,0.03665294361338677,0.14354548539909273,0.0,0,0.0,578,0,42
P0,40,P0_K40,1,2,2.4046479669898897,2.29033162493522,3.153965807831583,3.4224994592312896,0.9981308411214953,0.9981308411214953,1.0,0.03434108466598182,0.14101540081533623,0.0,0,0.0,535,0,43
P0,40,P0_K40,2,2,2.460712198540111,2.303379143108728,3.1761226640726083,3.6202060007262227,1.0,1.0,1.0,0.037029353300058944,0.11834592351248421,0.0,0,0.0,565,0,44
P0,40,P0_K40,3,2,2.432363260290335,2.3097903854342405,3.1593023515954433,3.499318095512365,0.998330550918197,0.998330550918197,0.998330550918197,0.038600753572915855,0.10857298785932434,0.0,0,0.0,599,0,45
P0,40,P0_K40,4,2,2.4840711710873267,2.3280896267556273,3.3841859039793576,3.6421265309067508,0.9948006932409013,0.9965337954939342,0.9982668977469671,0.0367730946089684,0.12865043539114093,0.0,0,0.0,577,0,46
P0,40,P0_K40,5,2,2.4329635858544334,2.309790385434667,3.1660984129268854,3.4224994592321423,0.9981718464351006,0.9981718464351006,1.0,0.034631370367682754,0.12650855040867068,0.0,0,0.0,547,0,47
P0,40,P0_K40,6,2,2.4312067403634225,2.309790385434667,3.1660984129274397,3.4224994592321423,0.998165137614679,0.998165137614679,1.0,0.03537407733611529,0.11406216725063942,0.0,0,0.0,545,0,48
P0,40,P0_K40,7,2,2.4640450035565666,2.3033791431086215,3.2585735103808133,3.545734131542019,0.9965156794425087,1.0,1.0,0.03818802324655818,0.12221302136005714,0.0,0,0.0,574,0,49
P0,40,P0_K40,8,2,2.4421856480302,2.32581918943481,3.200048923915959,3.499318095512397,0.9965217391304347,0.9965217391304347,0.9982608695652174,0.037670531956797086,0.13990585242878026,0.0,0,0.0,575,0,50
P0,40,P0_K40,9,2,2.465998927689402,2.3189400060948273,3.16609841292696,3.4892548611113625,0.9944852941176471,0.9963235294117647,0.9981617647058824,0.035476463663089534,0.1217790112066332,0.0,0,0.0,544,0,51
P0,40,P0_K40,10,2,2.39433525027118,2.290331624934474,3.147656621383419,3.4224994592319185,0.9983552631578947,0.9983552631578947,1.0,0.039237477516159865,0.14948878245053288,0.0,0,0.0,608,0,52
P0,40,P0_K40,11,2,2.517012745123616,2.360763367617551,3.3883859601359627,3.6421265309067508,0.9948892674616695,0.9982964224872232,1.0,0.03848309775397942,0.12744065376900907,0.0,0,0.0,587,0,53
P0,40,P0_K40,12,2,2.4270352278061136,2.2903316249343675,3.166098412927738,3.642126530905898,1.0,1.0,1.0,0.03473100635960681,0.1106124521506355,0.0,0,0.0,539,0,54
P0,40,P0_K40,13,2,2.4189171246375674,2.290331624934847,3.1660984129268854,3.4993180955124368,0.9965156794425087,0.9965156794425087,0.9965156794425087,0.036785335928089934,0.12586124503327628,0.0,0,0.0,574,0,55
P0,40,P0_K40,14,2,2.3985629512608373,2.29033162493522,3.1497596835327215,3.4224994592318865,0.9982425307557118,1.0,1.0,0.037192978789583366,0.11718417601508566,0.0,0,0.0,569,0,56
P0,40,P0_K40,15,2,2.4356757439473355,2.3280896267549878,3.158171932130273,3.4494222029615558,1.0,1.0,1.0,0.03600584846779429,0.127535691651289,0.0,0,0.0,573,0,57
P0,40,P0_K40,16,2,2.4669380729536527,2.3097903854340274,3.1660984129268854,3.642126530905898,0.9946332737030411,0.9964221824686941,0.998211091234347,0.03606689287012386,0.13087460882999036,0.0,0,0.0,559,0,58
P0,40,P0_K40,17,2,2.456831299763819,2.360763367617551,3.1660984129268854,3.512484395670098,0.9982698961937716,1.0,1.0,0.0369138743079185,0.12071080559743357,0.0,0,0.0,578,0,59
P0,40,P0_K40,18,2,2.4684603747856344,2.3607633676166984,3.24643928236398,3.642126530905898,0.9967479674796748,0.9983739837398374,0.9983739837398374,0.040290763284947684,0.13265531980666947,0.0,0,0.0,615,0,60
P0,40,P0_K40,19,2,2.4081641337640063,2.29033162493522,3.165870974579775,3.4224994592312896,0.9982817869415808,0.9982817869415808,0.9982817869415808,0.03664820554233976,0.12681903867243643,0.0,0,0.0,582,0,61
P0,40,P0_K40,20,2,2.420786185594305,2.2903316249343675,3.1660984129275143,3.4877953000703332,0.9982876712328768,1.0,1.0,0.037214840961798654,0.14388456619984075,0.0,0,0.0,584,0,62
P0,40,P0_K40,21,2,2.429556494140728,2.300606035671713,3.147656621383419,3.504298963187334,0.996415770609319,0.996415770609319,1.0,0.03622695379344586,0.12466846256994268,0.0,0,0.0,558,0,63
P0,40,P0_K40,22,2,2.4475430956613407,2.360763367616272,3.1660984129268854,3.427567398035733,0.9982517482517482,1.0,1.0,0.03779928574817724,0.12144601693975482,0.0,0,0.0,572,0,64
P0,40,P0_K40,23,2,2.448916947146501,2.2978329282346976,3.1660984129268854,3.4224994592321423,0.993103448275862,0.996551724137931,0.9982758620689656,0.038718552953024864,0.14912222580499085,0.0,0,0.0,580,0,65
P0,40,P0_K40,24,2,2.462447447174528,2.3097903854342405,3.1660984129268854,3.5523649938314787,0.9966273187183811,1.0,1.0,0.0384444289157023,0.16116773359724795,0.0,0,0.0,593,0,66
P0,40,P0_K40,25,2,2.453168992897951,2.3269544080949522,3.1649612211913336,3.4993180955123915,0.9983221476510067,0.9983221476510067,1.0,0.038816749165794626,0.1280646663927353,0.0,0,0.0,596,0,67
P0,40,P0_K40,26,2,2.495123831076993,2.3357324751313513,3.306121910190456,3.645204560113201,0.9965457685664939,0.998272884283247,1.0,0.0376277496468919,0.12587084042292315,0.0,0,0.0,579,0,68
P0,40,P0_K40,27,2,2.458196160800277,2.309790385434667,3.2537198191737393,3.4455450501162055,0.9945945945945946,1.0,1.0,0.034840568862770996,0.12443232618027376,0.0,0,0.0,555,0,69
P0,40,P0_K40,28,2,2.4919686079022956,2.3280896267556273,3.23924452490985,3.6421265309067508,0.9928825622775801,0.998220640569395,0.998220640569395,0.03603436487578003,0.11622207451495943,0.0,0,0.0,562,0,70
P0,40,P0_K40,29,2,2.429994708133877,2.325819189435663,3.1660984129268854,3.4224994592321423,0.9982238010657194,0.9982238010657194,0.9982238010657194,0.03548832567323126,0.11961925806987675,0.0,0,0.0,563,0,71
P0,45,P0_K45,0,2,2.3688363873032303,2.2391563272751114,3.159867561327687,3.394686044370461,0.9982698961937716,0.9982698961937716,1.0,0.03252777953402953,0.14354548539909273,0.0,0,0.0,578,0,42
P0,45,P0_K45,1,2,2.355260556334676,2.230895105811612,3.050197672666968,3.394686044370445,0.9981308411214953,0.9981308411214953,1.0,0.03046715844934598,0.14101540081533623,0.0,0,0.0,535,0,43
P0,45,P0_K45,2,2,2.4043707840582953,2.2498579819428244,3.3074253569193104,3.562206460956645,1.0,1.0,1.0,0.032844802361996335,0.11834592351248421,0.0,0,0.0,565,0,44
P0,45,P0_K45,3,2,2.382947870040482,2.2498579819432507,3.0630530353624317,3.472313237290168,0.998330550918197,0.998330550918197,0.998330550918197,0.034246525621340417,0.11113333315049466,0.0,0,0.0,599,0,45
P0,45,P0_K45,4,2,2.4520931014336185,2.2882924122973236,3.374206922992912,3.773623253244562,0.9948006932409013,0.9965337954939342,0.9982668977469671,0.032646517637005885,0.12849494754832647,0.0,0,0.0,577,0,46
P0,45,P0_K45,5,2,2.3776184709898285,2.2498579819428244,3.1476566213825663,3.3946860443707436,0.9981718464351006,0.9981718464351006,1.0,0.03071669919404486,0.1258596325886409,0.0,0,0.0,547,0,47
P0,45,P0_K45,6,2,2.387731397592491,2.239773741643063,3.3662054991403068,3.628448897293135,0.9981549815498155,0.9981549815498155,1.0,0.031236336144413394,0.1179648694420244,0.0,0,0.0,542,0,48
P0,45,P0_K45,7,2,2.4198929565837872,2.2394650344595135,3.3662054991403814,3.6695642814902376,0.9965156794425087,1.0,1.0,0.03388903813503061,0.12221302136005714,0.0,0,0.0,574,0,49
P0,45,P0_K45,8,2,2.397411219104429,2.239156327275964,3.2464392823638093,3.5831251250626477,0.9965217391304347,0.9965217391304347,0.9982608695652174,0.03342815958630572,0.1393035461062364,0.0,0,0.0,575,0,50
P0,45,P0_K45,9,2,2.3977662845435694,2.2397737416434893,3.1785334618235193,3.4892548611113625,0.9944852941176471,0.9963235294117647,0.9981617647058824,0.03145280333131916,0.12134021583459453,0.0,0,0.0,544,0,51
P0,45,P0_K45,10,2,2.350369715871327,2.2391563272751114,3.0501976726671387,3.3946860443707223,0.9983552631578947,0.9983552631578947,1.0,0.03481882691710878,0.1482288821362036,0.0,0,0.0,608,0,52
P0,45,P0_K45,11,2,2.462768450628516,2.2882924122973236,3.3841859039788034,3.7736232532448497,0.9948892674616695,0.9982964224872232,1.0,0.03413700091167522,0.12744065376900907,0.0,0,0.0,587,0,53
P0,45,P0_K45,12,2,2.371508782127274,2.239156327275964,3.2585735103803017,3.739446598968641,1.0,1.0,1.0,0.030806025154260504,0.11292554305340947,0.0,0,0.0,539,0,54
P0,45,P0_K45,13,2,2.3695864897733974,2.229837179720775,3.1221036378640945,3.6181621964578317,0.9965156794425087,0.9965156794425087,0.9965156794425087,0.0326356518117148,0.12586124503327628,0.0,0,0.0,574,0,55
P0,45,P0_K45,14,2,2.3517116641299385,2.239156327275964,3.0501976726664566,3.394686044370445,0.9982425307557118,1.0,1.0,0.03300165490648707,0.11718417601508566,0.0,0,0.0,569,0,56
P0,45,P0_K45,15,2,2.3786459018216752,2.2397737416434893,3.0667988391581686,3.394686044370445,1.0,1.0,1.0,0.03193315697239123,0.127535691651289,0.0,0,0.0,573,0,57
P0,45,P0_K45,16,2,2.401897618745473,2.239156327275964,3.199095721826068,3.5040192208313914,0.9946332737030411,0.9964221824686941,0.998211091234347,0.031979306859196595,0.12873557477061143,0.0,0,0.0,559,0,58
P0,45,P0_K45,17,2,2.406346735249721,2.2903316249343675,3.1872598316920175,3.739446598968641,1.0,1.0,1.0,0.03274800273955818,0.12071080559743357,0.0,0,0.0,578,0,59
P0,45,P0_K45,18,2,2.4197949845439024,2.2498579819432507,3.3662054991404133,3.7394465989682146,0.9967479674796748,0.9983739837398374,0.9983739837398374,0.03574803029429507,0.13265531980666947,0.0,0,0.0,615,0,60
P0,45,P0_K45,19,2,2.368749629881586,2.239156327275964,3.1527318692593953,3.394686044370445,0.9982817869415808,0.9982817869415808,0.9982817869415808,0.032525611184770334,0.12681903867243643,0.0,0,0.0,582,0,61
P0,45,P0_K45,20,2,2.38372516939665,2.2308951058120385,3.3495705551412582,3.562206460956645,0.9982876712328768,1.0,1.0,0.03303214339139725,0.14284633190642634,0.0,0,0.0,584,0,62
P0,45,P0_K45,21,2,2.3765533151482168,2.2391563272751114,3.0741413699288254,3.7445730971096642,0.996415770609319,0.996415770609319,1.0,0.03213653438192142,0.12466846256994268,0.0,0,0.0,558,0,63
P0,45,P0_K45,22,2,2.401443459477344,2.2882924122981763,3.158171932130358,3.407202081058058,0.9982517482517482,1.0,1.0,0.03354123241130472,0.12152006283896628,0.0,0,0.0,572,0,64
P0,45,P0_K45,23,2,2.4068735762867925,2.2397737416434893,3.2464392823636388,3.396076715113891,0.993103448275862,0.996551724137931,0.9982758620689656,0.03436273235352953,0.14927881847064312,0.0,0,0.0,580,0,65
P0,45,P0_K45,24,2,2.3972812931032066,2.239773741643063,3.163824029455782,3.6483239339748357,0.9966273187183811,1.0,1.0,0.03408763273687584,0.15363057661283894,0.0,0,0.0,593,0,66
P0,45,P0_K45,25,2,2.404846126475673,2.2498579819432507,3.16099798079307,3.689541766970592,0.9983221476510067,0.9983221476510067,1.0,0.03444028402835257,0.1280646663927353,0.0,0,0.0,596,0,67
P0,45,P0_K45,26,2,2.4442620104143784,2.2882924122973236,3.3841859039790165,3.776600830644342,0.9965457685664939,0.998272884283247,1.0,0.03338196574837558,0.12373563080157418,0.0,0,0.0,579,0,68
P0,45,P0_K45,27,2,2.4157022824565684,2.230895105812465,3.366205499140733,3.5831251250625837,0.9945945945945946,1.0,1.0,0.030917401373431467,0.12443232618027376,0.0,0,0.0,555,0,69
P0,45,P0_K45,28,2,2.4380502845411,2.2397737416434893,3.394686044370019,3.7736232532445513,0.994661921708185,0.998220640569395,0.998220640569395,0.031963742989826974,0.11622207451495943,0.0,0,0.0,562,0,70
P0,45,P0_K45,29,2,2.3781627814858184,2.239156327275964,3.0512558033001937,3.394686044370445,0.9982238010657194,0.9982238010657194,0.9982238010657194,0.03148084553955905,0.11961925806987675,0.0,0,0.0,563,0,71
P0,48,P0_K48,0,2,2.348972308475618,2.2303661427665133,3.0811815428153513,3.3689025598663984,0.9982698961937716,0.9982698961937716,1.0,0.03047106349014846,0.14354548539909273,0.0,0,0.0,578,0,42
P0,48,P0_K48,1,2,2.3331872460146514,2.230895105811612,3.014305038309488,3.258573510380387,0.9981308411214953,0.9981308411214953,1.0,0.028538553760751744,0.14101540081533623,0.0,0,0.0,535,0,43
P0,48,P0_K48,2,2,2.385046078272557,2.2397737416434893,3.1660984129268854,3.48980631855585,1.0,1.0,1.0,0.030769435955341835,0.11834592351248421,0.0,0,0.0,565,0,44
P0,48,P0_K48,3,2,2.3672545008381665,2.2498579819432507,3.05290242749237,3.4014499500661244,0.998330550918197,0.998330550918197,0.998330550918197,0.03208668918172914,0.10857298785932434,0.0,0,0.0,599,0,45
P0,48,P0_K48,4,2,2.4267712673786233,2.2498579819432507,3.2512929735706275,3.6421265309059407,0.9948006932409013,0.9965337954939342,0.9982668977469671,0.030575912909011533,0.12865043539114093,0.0,0,0.0,577,0,46
P0,48,P0_K48,5,2,2.3582554159484053,2.2397737416434893,3.1476566213825663,3.366205499140733,0.9981718464351006,0.9981718464351006,1.0,0.028775014805123785,0.1258596325886409,0.0,0,0.0,547,0,47
P0,48,P0_K48,6,2,2.354103487250055,2.2391563272751114,3.1660984129268854,3.3841859039792723,0.998165137614679,0.998165137614679,1.0,0.029391548257636624,0.11179452468499214,0.0,0,0.0,545,0,48
P0,48,P0_K48,7,2,2.4000352379609287,2.239156327275964,3.2549332419755186,3.499318095512365,0.9965156794425087,1.0,1.0,0.03174741519419718,0.12221302136005714,0.0,0,0.0,574,0,49
P0,48,P0_K48,8,2,2.374052969165592,2.239156327275964,3.1660984129268854,3.4926598516426846,0.9965217391304347,0.9965217391304347,0.9982608695652174,0.031311140448564485,0.1289949738443042,0.0,0,0.0,575,0,50
P0,48,P0_K48,9,2,2.374842753191569,2.239156327275964,3.0520910010453974,3.4183274470025258,0.9944852941176471,0.9963235294117647,0.9981617647058824,0.029461229311406417,0.11965842239141299,0.0,0,0.0,544,0,51
P0,48,P0_K48,10,2,2.332587549544729,2.235025716543362,3.0268954083885546,3.3778927622858386,0.9983552631578947,0.9983552631578947,1.0,0.03262030491996109,0.14948878245053288,0.0,0,0.0,608,0,52
P0,48,P0_K48,11,2,2.4425714802268113,2.2498579819432507,3.3662054991405412,3.6421265309060473,0.9948892674616695,0.9982964224872232,1.0,0.03197893516846494,0.12744065376900907,0.0,0,0.0,587,0,53
P0,48,P0_K48,12,2,2.355828786411335,2.239156327275964,3.166098412927738,3.6319353413100828,1.0,1.0,1.0,0.028863180994299093,0.1106124521506355,0.0,0,0.0,539,0,54
P0,48,P0_K48,13,2,2.3510727803119433,2.218497713954406,3.0990756203278003,3.499318095512365,0.9965156794425087,0.9965156794425087,0.9965156794425087,0.03057395997140161,0.12586124503327628,0.0,0,0.0,574,0,55
P0,48,P0_K48,14,2,2.334099425270774,2.2391563272753245,3.026895408387702,3.3841859039793576,0.9982425307557118,1.0,1.0,0.030918339330505265,0.11718417601508566,0.0,0,0.0,569,0,56
P0,48,P0_K48,15,2,2.3573186155279457,2.239773741643063,3.0356293589775314,3.366205499140733,1.0,1.0,1.0,0.02991207727271485,0.127535691651289,0.0,0,0.0,573,0,57
P0,48,P0_K48,16,2,2.3823818827233088,2.239156327275964,3.1660984129268854,3.4907574962515397,0.9946332737030411,0.9964221824686941,0.998211091234347,0.02995805285816631,0.12590254233270043,0.0,0,0.0,559,0,58
P0,48,P0_K48,17,2,2.380558893211175,2.2903316249343675,3.150811214606777,3.499318095512365,1.0,1.0,1.0,0.030670446159815873,0.12071080559743357,0.0,0,0.0,578,0,59
P0,48,P0_K48,18,2,2.3994746430824123,2.2397737416434893,3.1828054981694436,3.5391032692521813,0.9967479674796748,0.9983739837398374,0.9983739837398374,0.033487949593860415,0.13265531980666947,0.0,0,0.0,615,0,60
P0,48,P0_K48,19,2,2.350260647143067,2.2391563272751114,3.0529024274919436,3.366205499140733,0.9982817869415808,0.9982817869415808,0.9982817869415808,0.030470520513926107,0.12681903867243643,0.0,0,0.0,582,0,61
P0,48,P0_K48,20,2,2.356029057707709,2.230895105811612,3.1660984129268854,3.3931110233117825,0.9982876712328768,1.0,1.0,0.03093420492954581,0.14388456619984075,0.0,0,0.0,584,0,62
P0,48,P0_K48,21,2,2.357006069883629,2.2303661427665133,3.057829784933817,3.499318095512365,0.996415770609319,0.996415770609319,1.0,0.03010545765703934,0.12475213637247608,0.0,0,0.0,558,0,63
P0,48,P0_K48,22,2,2.3789777600129853,2.2882924122973236,3.1571204010556637,3.3889109671551543,0.9982517482517482,1.0,1.0,0.03141834623361898,0.11885092394736213,0.0,0,0.0,572,0,64
P0,48,P0_K48,23,2,2.38534915294666,2.239156327275964,3.1660984129268854,3.3841859039789526,0.993103448275862,0.996551724137931,0.9982758620689656,0.032189259321312245,0.14927881847064312,0.0,0,0.0,580,0,65
P0,48,P0_K48,24,2,2.377894111043178,2.239156327275964,3.158171932130358,3.499318095512365,0.9966273187183811,1.0,1.0,0.03193339453225299,0.14002680552833663,0.0,0,0.0,593,0,66
P0,48,P0_K48,25,2,2.3837520501580634,2.244815861793157,3.152914276756462,3.499318095512365,0.9983221476510067,0.9983221476510067,1.0,0.032261782336672096,0.1280646663927353,0.0,0,0.0,596,0,67
P0,48,P0_K48,26,2,2.4208964991611466,2.2498579819432507,3.2585735103799607,3.6421265309067508,0.9965457685664939,0.998272884283247,1.0,0.03126763192883502,0.11607913370832507,0.0,0,0.0,579,0,68
P0,48,P0_K48,27,2,2.3931341343302486,2.230895105812465,3.2464392823638093,3.4030300688286546,0.9945945945945946,1.0,1.0,0.028959176464902456,0.12443232618027376,0.0,0,0.0,555,0,69
P0,48,P0_K48,28,2,2.412094859107601,2.239773741643276,3.166098412926992,3.642126530906708,0.994661921708185,0.998220640569395,0.998220640569395,0.029935860762012014,0.11622207451495943,0.0,0,0.0,562,0,70
P0,48,P0_K48,29,2,2.3575801352767765,2.239156327275964,3.0356836699993437,3.366205499140733,0.9982238010657194,0.9982238010657194,0.9982238010657194,0.029489342565576004,0.11961925806987675,0.0,0,0.0,563,0,71
P1,10,P1_K10,0,2,4.179905340104937,2.8814377757515786,8.362491475097897,9.486979457773595,0.8044982698961938,0.8927335640138409,0.9498269896193772,0.1567599072555077,0.24210447702859478,0.0,0,0.0,578,0,42
P1,10,P1_K10,1,2,4.154714677981965,3.051520335958884,7.470128597317952,9.350616318465086,0.8261682242990654,0.9158878504672897,0.9588785046728971,0.14665288717960956,0.21958915689012026,0.0,0,0.0,535,0,43
P1,10,P1_K10,2,2,4.44396428718429,3.1660984129268854,8.82724189723433,10.00442846897467,0.7663716814159292,0.8743362831858407,0.9486725663716814,0.15923385595900524,0.2499490657163492,0.0,0,0.0,565,0,44
P1,10,P1_K10,3,2,4.250776410044168,3.051520335958884,7.607136918902597,9.605381293143646,0.8096828046744574,0.9048414023372288,0.9515859766277128,0.16520886227482368,0.2683571304398045,0.0,0,0.0,599,0,45
P1,10,P1_K10,4,2,4.451418781614343,3.3618244031512745,8.841380129727895,11.103183534340465,0.7972270363951474,0.8856152512998267,0.9376083188908145,0.15835388211914828,0.28895988974361897,0.0,0,0.0,577,0,46
P1,10,P1_K10,5,2,4.2862352696109145,3.1660984129268854,7.606034914362283,9.220566049322539,0.8025594149908593,0.9104204753199269,0.9616087751371115,0.14858242205619523,0.2065787370305688,0.0,0,0.0,547,0,47
P1,10,P1_K10,6,2,4.500650052809245,3.366205499140733,8.939371577148384,10.890392775959803,0.7804878048780488,0.8710801393728222,0.9372822299651568,0.16075477048487713,0.27682157007004343,0.0,0,0.0,574,0,48
P1,10,P1_K10,7,2,4.440923333681977,3.1660984129269387,8.362491475097897,10.835929399679003,0.7663043478260869,0.8913043478260869,0.9420289855072463,0.15785524590838956,0.28043314576155604,0.0,0,0.0,552,0,49
P1,10,P1_K10,8,2,4.458621231495114,3.051520335958884,8.85266943760535,11.204884574556157,0.7988721804511278,0.8834586466165414,0.9379699248120301,0.1490209740062219,0.21038406463632378,0.0,0,0.0,532,0,50
P1,10,P1_K10,9,2,4.459677906437555,3.051520335959097,8.548057225147542,11.746406695419155,0.8014705882352942,0.8823529411764706,0.9356617647058824,0.15266539199798312,0.22377820240530172,0.0,0,0.0,544,0,51
P1,10,P1_K10,10,2,4.1270772303768375,2.8814377757515786,7.731546724367827,9.350616318465086,0.7990115321252059,0.9060955518945635,0.9538714991762768,0.16710987375686015,0.2568003511130617,0.0,0,0.0,607,0,52
P1,10,P1_K10,11,2,4.483694651437791,3.3618244031512745,8.664154316781012,10.515752323687952,0.8006814310051107,0.8858603066439523,0.9420783645655877,0.1653435342173968,0.29296642072930373,0.00042005833647310796,1,0.0017035775127768314,587,1,53
P1,10,P1_K10,12,2,4.573061676056059,3.3662054991404133,9.026928421394814,10.859884879841053,0.7699443413729128,0.8645640074211502,0.9369202226345084,0.15039930575198596,0.25385473479567466,0.0,0,0.0,539,0,54
P1,10,P1_K10,13,2,4.349314153976007,3.068308386989287,8.586461785102564,10.263714999271972,0.7961672473867596,0.8850174216027874,0.945993031358885,0.15813388235164805,0.23639235005681647,0.0,0,0.0,574,0,55
P1,10,P1_K10,14,2,4.336001158671858,3.1660984129268854,7.842608754362645,10.965627996552517,0.7900641025641025,0.9006410256410257,0.9423076923076923,0.17366088806413674,0.2883525667901619,0.0,0,0.0,624,0,56
P1,10,P1_K10,15,2,4.38257379957865,3.051520335958884,8.27525201771245,10.452519523354024,0.8045375218150087,0.8987783595113438,0.9406631762652705,0.15509058222312905,0.2546772814140338,0.0,0,0.0,573,0,57
P1,10,P1_K10,16,2,4.423937300479326,3.0314992220439763,8.852669437605073,10.395588214004025,0.7960644007155635,0.889087656529517,0.9445438282647585,0.1551203747363175,0.22367533138043943,0.0,0,0.0,559,0,58
P1,10,P1_K10,17,2,4.616292632322376,3.366205499140733,8.881148253293887,11.40690461457533,0.7820069204152249,0.8806228373702422,0.9359861591695502,0.16003812272987689,0.22919629473594427,0.0,0,0.0,578,0,59
P1,10,P1_K10,18,2,4.044061607809671,3.026895408387702,7.606034914362283,9.137235359998527,0.824390243902439,0.9138211382113821,0.9691056910569106,0.17077609637699095,0.23882354505920916,0.0,0,0.0,615,0,60
P1,10,P1_K10,19,2,4.37904990291572,3.1660984129268854,8.627585403739033,10.46496035570971,0.781786941580756,0.8865979381443299,0.9432989690721649,0.15797234119362794,0.2867549380496296,0.0,0,0.0,582,0,61
P1,10,P1_K10,20,2,4.294023936023651,3.1660984129268854,7.739721564882558,10.219559462736344,0.809931506849315,0.9058219178082192,0.946917808219178,0.15971224922666621,0.23966591296499967,0.0,0,0.0,584,0,62
P1,10,P1_K10,21,2,4.489714689705766,3.335889014601321,8.664154316781065,11.214849355601316,0.7831541218637993,0.8835125448028673,0.9372759856630825,0.1563122623278042,0.23628203877941528,0.0,0,0.0,558,0,63
P1,10,P1_K10,22,2,4.586094856467287,3.3662054991403068,8.827241897234288,10.919744755156183,0.7832167832167832,0.8758741258741258,0.9440559440559441,0.16333257560363157,0.2341749686599957,0.0,0,0.0,572,0,64
P1,10,P1_K10,23,2,4.39376800901445,3.0515203359586707,8.827903099958519,11.376207506475946,0.8068965517241379,0.8896551724137931,0.9327586206896552,0.16606482308078402,0.271706411460592,0.0,0,0.0,580,0,65
P1,10,P1_K10,24,2,4.1819877692813865,3.1660984129268854,8.362491475097897,9.350616318465086,0.806070826306914,0.893760539629005,0.9612141652613828,0.16389366220060064,0.23633629716183377,0.0,0,0.0,593,0,66
P1,10,P1_K10,25,2,4.20385938392603,2.881437775751472,7.808975880194513,9.13669864686426,0.802013422818792,0.9010067114093959,0.9614093959731543,0.16561830095933655,0.24937882209061363,0.0,0,0.0,596,0,67
P1,10,P1_K10,26,2,4.434486734770213,3.3662054991403068,8.462972814043988,10.91153969304108,0.7863554757630161,0.8922800718132855,0.9425493716337523,0.1559626070691512,0.23837372186125508,0.0,0,0.0,557,0,68
P1,10,P1_K10,27,2,4.356515248781111,3.166098412927738,7.995315982460232,11.269520077827645,0.781981981981982,0.8990990990990991,0.9477477477477477,0.1498143299533593,0.2523728592489816,0.0,0,0.0,555,0,69
P1,10,P1_K10,28,2,4.47955733181093,3.3099536260513673,8.601076010875014,11.348973401201748,0.7740213523131673,0.8896797153024911,0.9341637010676157,0.15521905536459488,0.24653343041448741,0.0,0,0.0,562,0,70
P1,10,P1_K10,29,2,4.337402326174029,3.051520335958884,7.718000719150976,9.502924126424393,0.7955326460481099,0.9037800687285223,0.9536082474226805,0.1583439234753043,0.24384499742047364,0.0,0,0.0,582,0,71
P1,15,P1_K15,0,2,2.879266956114464,2.292614723189672,4.908848432908261,5.813750453527347,0.9567474048442907,0.9930795847750865,0.9982698961937716,0.09953458773418437,0.14354548539909273,0.0,0,0.0,578,0,42
P1,15,P1_K15,1,2,2.856917584989381,2.2969833321641886,4.862604846950036,5.822095421772388,0.9626168224299065,0.994392523364486,1.0,0.09317651840577779,0.1400274344160269,0.0,0,0.0,535,0,43
P1,15,P1_K15,2,2,2.966486250453281,2.36763255582332,5.065276240379605,5.72574390340575,0.9575221238938053,0.9946902654867257,1.0,0.10063490469520307,0.14428119780436663,0.0,0,0.0,565,0,44
P1,15,P1_K15,3,2,2.9318153752737426,2.3607633676166984,5.021453252838086,5.812715915806963,0.9565943238731218,0.994991652754591,0.998330550918197,0.10491399244361597,0.18653042792070335,0.0,0,0.0,599,0,45
P1,15,P1_K15,4,2,2.968469891640397,2.360763367616272,5.0506685778658476,5.835474866516945,0.9566724436741768,0.9930675909878682,0.9982668977469671,0.09991011777840729,0.1455979152681235,0.0,0,0.0,577,0,46
P1,15,P1_K15,5,2,2.927646852578632,2.375804615664947,4.956552680529399,5.831337594773657,0.9597806215722121,0.9963436928702011,1.0,0.09413994893616288,0.14450106615397423,0.0,0,0.0,547,0,47
P1,15,P1_K15,6,2,2.8799781722205617,2.3065847642714843,4.743097083245006,5.6756050436856995,0.9630996309963099,0.992619926199262,0.9981549815498155,0.09547354382906303,0.15128316630489275,0.0,0,0.0,542,0,48
P1,15,P1_K15,7,2,2.975871808516514,2.3607633676166984,5.021453252838214,5.831337594773061,0.9581881533101045,0.9930313588850174,1.0,0.1037777748615031,0.14125011033544496,0.0,0,0.0,574,0,49
P1,15,P1_K15,8,2,2.960660272061102,2.303379143108515,5.094491565407111,5.901212310265818,0.9511278195488722,0.9868421052631579,0.9943609022556391,0.0940767126283616,0.15995841768785599,0.0,0,0.0,532,0,50
P1,15,P1_K15,9,2,2.9139247242643567,2.303379143108941,4.978733626998774,5.831337594773785,0.9558823529411765,0.9871323529411765,0.9981617647058824,0.09621548797813806,0.15429462007121483,0.0,0,0.0,544,0,51
P1,15,P1_K15,10,2,2.8989570819260795,2.303379143108515,5.0214532528383415,5.831337594773061,0.957166392092257,0.9934102141680395,0.9983525535420099,0.10647623243771091,0.1740092090480816,0.0,0,0.0,607,0,52
P1,15,P1_K15,11,2,3.0855604014082334,2.3676325558224676,5.355373201640248,6.027582753649199,0.9437819420783645,0.9948892674616695,0.9982964224872232,0.10482885243811883,0.1491511210305488,0.0,0,0.0,587,0,53
P1,15,P1_K15,12,2,2.8959940755401905,2.303379143108941,4.753505893363126,5.810646840365518,0.961038961038961,0.9925788497217068,1.0,0.09428776840689235,0.1549248260004666,0.0,0,0.0,539,0,54
P1,15,P1_K15,13,2,2.8893068927465215,2.296983332164615,4.777417872452787,5.713962446350649,0.9634146341463414,0.9930313588850174,0.9965156794425087,0.09987996807606085,0.15410207585268895,0.0,0,0.0,574,0,55
P1,15,P1_K15,14,2,2.912121034800833,2.303379143108941,4.7774178724532135,5.863256413964508,0.9560632688927944,0.9876977152899824,0.9947275922671354,0.10111391268184042,0.16329819742627832,0.0,0,0.0,569,0,56
P1,15,P1_K15,15,2,2.9391732654771014,2.303379143108941,5.102205077654049,5.930144775456796,0.9528795811518325,0.9947643979057592,1.0,0.09792369168023299,0.14435914337298503,0.0,0,0.0,573,0,57
P1,15,P1_K15,16,2,2.886503408099666,2.292614723189672,4.8868029657093075,5.728586539943024,0.9660107334525939,0.9910554561717353,0.9946332737030411,0.09772955176971279,0.15999356366988304,0.0,0,0.0,559,0,58
P1,15,P1_K15,17,2,3.0223959907248448,2.4383620882126777,5.218897419625251,6.027582753649199,0.9429065743944637,0.9965397923875432,1.0,0.10059901132492201,0.16301468470123665,0.0,0,0.0,578,0,59
P1,15,P1_K15,18,2,3.0010815903254127,2.3607633676166984,5.0214532528383415,6.053363669957815,0.9447154471544715,0.9902439024390244,0.9967479674796748,0.10960845108497266,0.18558248323899165,0.0,0,0.0,615,0,60
P1,15,P1_K15,19,2,2.862612289790295,2.296983332164695,4.7774178724532135,5.813514961131539,0.9621993127147767,0.9948453608247423,0.9982817869415808,0.09947781284046761,0.16217585961673736,0.0,0,0.0,582,0,61
P1,15,P1_K15,20,2,2.9454287795129255,2.2947990276769303,5.095115985411753,5.8845356267588045,0.9571917808219178,0.9931506849315068,0.9965753424657534,0.10126597321855618,0.1426737570613384,0.0,0,0.0,584,0,62
P1,15,P1_K15,21,2,2.863605011183271,2.292614723189672,4.777417872453469,5.746513662735008,0.9605734767025089,0.992831541218638,1.0,0.09820705583351268,0.1481649689781157,0.0,0,0.0,558,0,63
P1,15,P1_K15,22,2,2.9951688352477124,2.360763367617551,5.085921902117034,5.824075887414648,0.9562937062937062,0.9895104895104895,1.0,0.10286980116870677,0.14824073458304918,0.0,0,0.0,572,0,64
P1,15,P1_K15,23,2,3.0270691716410094,2.3097903854342405,5.3143292843691095,6.1272799775362214,0.9413793103448276,0.9862068965517241,0.996551724137931,0.10546725423853463,0.1653209104194782,0.0,0,0.0,580,0,65
P1,15,P1_K15,24,2,2.9105098375646254,2.292614723189672,4.747527898590732,5.922247473553508,0.9494097807757167,0.9949409780775716,1.0,0.10427575883804562,0.17752587638705114,0.0,0,0.0,593,0,66
P1,15,P1_K15,25,2,2.953745599837369,2.3607633676166984,5.057972409122726,5.990877268270367,0.9530201342281879,0.9916107382550335,1.0,0.10548450344830874,0.16258208572242086,0.0,0,0.0,596,0,67
P1,15,P1_K15,26,2,3.0468942074685184,2.375804615664947,5.109447995644132,6.03617639241884,0.9412780656303973,0.9861830742659758,1.0,0.10245359593622692,0.16419685885713753,0.0,0,0.0,579,0,68
P1,15,P1_K15,27,2,2.9894776458503163,2.3607633676166984,5.184662436200512,5.872189193215433,0.9531531531531532,1.0,1.0,0.09485832400576746,0.1577219323390669,0.0,0,0.0,555,0,69
P1,15,P1_K15,28,2,3.0290646998004944,2.360763367616485,5.248104855005082,6.0275827536491775,0.9466192170818505,0.9839857651245552,0.9928825622775801,0.09808798889921498,0.15709155137238118,0.0,0,0.0,562,0,70
P1,15,P1_K15,29,2,2.8753017413903965,2.3001812376364583,4.8934370278578285,5.8829100430961585,0.9621993127147767,0.9965635738831615,1.0,0.09993468879607544,0.1607419214555182,0.0,0,0.0,582,0,71
P1,20,P1_K20,0,2,2.547645528218503,2.2308951058120385,3.670879940810252,4.777417872452851,0.9878892733564014,0.9982698961937716,1.0,0.07370016111153181,0.14354548539909273,0.0,0,0.0,578,0,42
P1,20,P1_K20,1,2,2.5948372739161565,2.230895105811612,3.9911822135272814,5.101746184809939,0.9813084112149533,0.9981308411214953,1.0,0.06918688797881659,0.14101540081533623,0.0,0,0.0,535,0,43
P1,20,P1_K20,2,2,2.6143728555385004,2.2397737416434893,3.899407070323946,4.863409589995053,0.9823008849557522,0.9982300884955753,1.0,0.07448935278664612,0.1272811897148609,0.0,0,0.0,565,0,44
P1,20,P1_K20,3,2,2.6221208908189553,2.2397737416434893,4.049102789685577,4.885855242545318,0.9833055091819699,0.998330550918197,0.998330550918197,0.07776532074050754,0.12598397287889873,0.0,0,0.0,599,0,45
P1,20,P1_K20,4,2,2.673597916380398,2.2882924122973236,3.991076752741833,4.977486165358869,0.9809358752166378,0.9965337954939342,0.9982668977469671,0.0740886343173123,0.13466673975551954,0.0,0,0.0,577,0,46
P1,20,P1_K20,5,2,2.5802462722146413,2.2397737416434893,3.9359905746631543,4.894384751022756,0.9872029250457038,0.9981718464351006,1.0,0.06966236191313849,0.12865445982392737,0.0,0,0.0,547,0,47
P1,20,P1_K20,6,2,2.5912326912575856,2.2391563272751114,3.825942793725517,4.777417872453896,0.9871559633027523,0.9963302752293578,0.998165137614679,0.0711807645097173,0.12799661604767482,0.0,0,0.0,545,0,48
P1,20,P1_K20,7,2,2.661372167143827,2.239156327275964,4.049102789685577,5.019821900541618,0.980836236933798,0.9982578397212544,1.0,0.07693788077833008,0.13094462988094313,0.0,0,0.0,574,0,49
P1,20,P1_K20,8,2,2.6412060822873946,2.239156327275964,4.049102789685577,5.04929401587675,0.9756521739130435,0.991304347826087,0.9982608695652174,0.07590870652122261,0.15018898532072522,0.0,0,0.0,575,0,50
P1,20,P1_K20,9,2,2.592400839344264,2.239156327275964,3.968834722756056,4.894384751022265,0.9797794117647058,0.9944852941176471,0.9981617647058824,0.07129401184969217,0.12655237345617662,0.0,0,0.0,544,0,51
P1,20,P1_K20,10,2,2.595693287310761,2.2391563272751114,3.998848612368988,5.1061472195723345,0.9802306425041186,0.9967051070840197,1.0,0.07894407351810709,0.14798094339430826,0.0,0,0.0,607,0,52
P1,20,P1_K20,11,2,2.778590854290296,2.2397737416434893,4.678043252603145,5.66699485610553,0.9744463373083475,0.9948892674616695,0.9982964224872232,0.07772783414923282,0.13675422201500279,0.0,0,0.0,587,0,53
P1,20,P1_K20,12,2,2.599333059149007,2.239156327275964,3.9909389523012493,4.884907519380327,0.987012987012987,0.9981447124304267,1.0,0.06992267011551229,0.14087548158542396,0.0,0,0.0,539,0,54
P1,20,P1_K20,13,2,2.5113564655782152,2.1748253211956126,3.7394465989682146,4.465955187151722,0.9878048780487805,0.9965156794425087,0.9965156794425087,0.07383386720191365,0.14484165739542326,0.0,0,0.0,574,0,55
P1,20,P1_K20,14,2,2.5760809679123575,2.2391563272753245,3.899407070323093,4.7774178724532135,0.9789103690685413,0.9929701230228472,0.9982425307557118,0.07488698809243416,0.13167469761754455,0.0,0,0.0,569,0,56
P1,20,P1_K20,15,2,2.6069187028739047,2.239773741643063,3.990865831171874,4.9296668731006985,0.9773123909249564,0.9947643979057592,1.0,0.07249841427420431,0.1305748949123458,0.0,0,0.0,573,0,57
P1,20,P1_K20,16,2,2.577628783458545,2.230895105812465,3.831217098124568,4.885855242545233,0.9767441860465116,0.9946332737030411,0.9964221824686941,0.0724407108750307,0.14022894743694328,0.0,0,0.0,559,0,58
P1,20,P1_K20,17,2,2.6852084770487354,2.29147317406202,4.01392486556402,5.355373116899798,0.9636678200692042,0.9982698961937716,1.0,0.0744825204832511,0.12906400898286124,0.0,0,0.0,578,0,59
P1,20,P1_K20,18,2,2.6328651084098933,2.239773741643063,3.9913931350974963,4.955602948336937,0.9788617886178862,0.9983739837398374,0.9983739837398374,0.0810830588674098,0.137705198126838,0.0,0,0.0,615,0,60
P1,20,P1_K20,19,2,2.5911627386904525,2.230895105811612,3.9911948762539566,4.897787344928588,0.9828178694158075,0.9982817869415808,0.9982817869415808,0.07382471062866366,0.12919748818483465,0.0,0,0.0,582,0,61
P1,20,P1_K20,20,2,2.655054122147664,2.2882924122973236,4.151408306944276,5.1094479956442225,0.976027397260274,0.9965753424657534,1.0,0.07510831523186695,0.144580698810854,0.0,0,0.0,584,0,62
P1,20,P1_K20,21,2,2.5542771532387154,2.182168765424315,3.825148514483544,4.894384751022393,0.9802867383512545,0.996415770609319,1.0,0.07279911655403795,0.12250029874801595,0.0,0,0.0,558,0,63
P1,20,P1_K20,22,2,2.6343822678968363,2.289312018616272,3.998103064641839,5.029233698536159,0.9807692307692307,1.0,1.0,0.07612869057630836,0.12354113568416429,0.0,0,0.0,572,0,64
P1,20,P1_K20,23,2,2.6567538971310363,2.239156327275964,4.28231332350629,5.2535571759987905,0.9810344827586207,0.9948275862068966,0.996551724137931,0.07803504951215604,0.15081655586601178,0.0,0,0.0,580,0,65
P1,20,P1_K20,24,2,2.625552625793523,2.239773741643063,3.9912876743117067,4.891737217360969,0.9747048903878583,0.9983136593591906,1.0,0.07736862653637018,0.16188551158905348,0.0,0,0.0,593,0,66
P1,20,P1_K20,25,2,2.6225971791134883,2.2394650344595135,3.899407070323946,5.30988078154885,0.9798657718120806,0.9949664429530202,1.0,0.07813438721544078,0.13253775099080195,0.0,0,0.0,596,0,67
P1,20,P1_K20,26,2,2.6403090133220912,2.2397737416434893,3.998848612368988,5.094177414741694,0.9827288428324698,0.9913644214162349,1.0,0.07567247459398176,0.13476924761258202,0.0,0,0.0,579,0,68
P1,20,P1_K20,27,2,2.6352765518724737,2.230895105811612,3.998848612368988,5.109447995644132,0.9801801801801802,1.0,1.0,0.07016863582596397,0.13001958608783631,0.0,0,0.0,555,0,69
P1,20,P1_K20,28,2,2.6964227757884984,2.2397737416434893,4.0440773719539305,5.573261701227068,0.9679715302491103,0.9893238434163701,0.998220640569395,0.072638686310846,0.12279848617953604,0.0,0,0.0,562,0,70
P1,20,P1_K20,29,2,2.562750958493679,2.229837179720935,3.899407070323946,4.98797855243955,0.9845360824742269,1.0,1.0,0.07404871225357497,0.13040615894204183,0.0,0,0.0,582,0,71
P1,25,P1_K25,0,2,2.43075795051553,2.218497713954073,3.366205499140733,3.899407070323946,0.9948096885813149,0.9982698961937716,1.0,0.058692029603859115,0.14354548539909273,0.0,0,0.0,578,0,42
P1,25,P1_K25,1,2,2.4169463572879297,2.1774475261418047,3.3662054991405626,3.899407070323946,0.9925233644859813,0.9981308411214953,1.0,0.05497184514338618,0.14101540081533623,0.0,0,0.0,535,0,43
P1,25,P1_K25,2,2,2.5041493061160485,2.2397737416434893,3.642126530905898,3.9913931350974963,0.9911504424778761,0.9982300884955753,1.0,0.05934435403319113,0.122964714138939,0.0,0,0.0,565,0,44
P1,25,P1_K25,3,2,2.459138220826341,2.239156327275964,3.499318095512365,4.197578388559577,0.994991652754591,0.998330550918197,0.998330550918197,0.06182484937286008,0.11538554010983718,0.0,0,0.0,599,0,45
P1,25,P1_K25,4,2,2.5254263964293813,2.239156327275964,3.6421265309067508,3.9928842305511267,0.9878682842287695,0.9965337954939342,0.9982668977469671,0.058931641711739785,0.1283240689015598,0.0,0,0.0,577,0,46
P1,25,P1_K25,5,2,2.4544626628214683,2.2391563272751114,3.366205499140733,4.1975783885594815,0.9926873857404022,0.9981718464351006,1.0,0.05545685923551846,0.12865445982392737,0.0,0,0.0,547,0,47
P1,25,P1_K25,6,2,2.429128228989264,2.2298371797214145,3.384185903978633,3.739446598968641,0.9963302752293578,0.998165137614679,1.0,0.056594028544534825,0.11339595376679824,0.0,0,0.0,545,0,48
P1,25,P1_K25,7,2,2.4750502050350214,2.235025716543788,3.3841859039793576,3.899407070323946,0.9930313588850174,1.0,1.0,0.06112590459786067,0.1267022552917625,0.0,0,0.0,574,0,49
P1,25,P1_K25,8,2,2.4572184349691595,2.1774475261418047,3.4550511116611373,4.151408306944404,0.991304347826087,0.9965217391304347,0.9982608695652174,0.060307152132819425,0.13773896758298293,0.0,0,0.0,575,0,50
P1,25,P1_K25,9,2,2.463090353320277,2.230895105811612,3.366205499140733,4.046773184284746,0.9871323529411765,0.9944852941176471,0.9981617647058824,0.05675606303373373,0.12365318458709419,0.0,0,0.0,544,0,51
P1,25,P1_K25,10,2,2.4384348788920946,2.218497713954406,3.455933492292165,4.095402996797983,0.9950657894736842,0.9983552631578947,1.0,0.06288636312983002,0.14948878245053288,0.0,0,0.0,608,0,52
P1,25,P1_K25,11,2,2.579811713388284,2.239156327275964,3.7394465989685344,4.726931769927259,0.9829642248722317,0.9965928449744463,0.9982964224872232,0.06171923813006293,0.129873653385228,0.0,0,0.0,587,0,53
P1,25,P1_K25,12,2,2.4389631301689847,2.230895105811612,3.507136989426385,3.899407070323946,0.9944341372912802,1.0,1.0,0.055595122633202564,0.1106124521506355,0.0,0,0.0,539,0,54
P1,25,P1_K25,13,2,2.422546655659016,2.1748253211951862,3.38731121631281,3.899407070323946,0.9912891986062717,0.9965156794425087,0.9965156794425087,0.0588648047500483,0.1402945349201394,0.0,0,0.0,574,0,55
P1,25,P1_K25,14,2,2.438621187065812,2.229837179720562,3.366205499140733,3.899407070323093,0.9876977152899824,0.9947275922671354,0.9982425307557118,0.05959921501640098,0.11859017515941984,0.0,0,0.0,569,0,56
P1,25,P1_K25,15,2,2.4937644506616223,2.2391563272751114,3.504857233883343,4.197578388559194,0.9860383944153578,0.9947643979057592,1.0,0.057741440203023596,0.127535691651289,0.0,0,0.0,573,0,57
P1,25,P1_K25,16,2,2.4733531410379586,2.230895105811612,3.3841859039793576,3.9913931350974963,0.9821109123434705,0.9964221824686941,0.9964221824686941,0.05772125884243286,0.12873557477061143,0.0,0,0.0,559,0,58
P1,25,P1_K25,17,2,2.510813421598342,2.239773741643276,3.642126530906303,4.289203563405413,0.9878892733564014,1.0,1.0,0.059186015029258306,0.12487599942193055,0.0,0,0.0,578,0,59
P1,25,P1_K25,18,2,2.47559419268245,2.229837179720988,3.642126530905898,4.197578388559183,0.9902439024390244,0.9983739837398374,0.9983739837398374,0.06448263116864063,0.13381869349947131,0.0,0,0.0,615,0,60
P1,25,P1_K25,19,2,2.4385245672266773,2.2298371797208816,3.366205499140701,3.8994070703232957,0.9896907216494846,0.9982817869415808,0.9982817869415808,0.05870724701169314,0.12681903867243643,0.0,0,0.0,582,0,61
P1,25,P1_K25,20,2,2.469898772013224,2.2298371797214145,3.555068292193625,4.151408306944404,0.9897260273972602,1.0,1.0,0.05965756200899152,0.14388456619984075,0.0,0,0.0,584,0,62
P1,25,P1_K25,21,2,2.4233370233687532,2.1798081457829,3.366205499140733,3.913204980039976,0.9910394265232975,0.996415770609319,1.0,0.05794935438423261,0.12475213637247608,0.0,0,0.0,558,0,63
P1,25,P1_K25,22,2,2.479077101964243,2.2394650344595135,3.499318095512365,3.9913931350974963,0.9947552447552448,1.0,1.0,0.060550434385993335,0.12398770873922892,0.0,0,0.0,572,0,64
P1,25,P1_K25,23,2,2.456091488487899,2.218497713954406,3.366205499140733,3.904006373562582,0.9896551724137931,0.9948275862068966,0.996551724137931,0.06196619755808583,0.14927881847064312,0.0,0,0.0,580,0,65
P1,25,P1_K25,24,2,2.4573531923949172,2.230895105811612,3.499318095512365,3.952166254964027,0.9865092748735245,0.9983136593591906,1.0,0.061499098594154214,0.15686241497104597,0.0,0,0.0,593,0,66
P1,25,P1_K25,25,2,2.453052243103152,2.230895105811612,3.366205499140733,3.909037596503353,0.9899328859060402,0.9966442953020134,1.0,0.06210652254274086,0.13353957028306468,0.0,0,0.0,596,0,67
P1,25,P1_K25,26,2,2.5088345884004912,2.239156327275964,3.6421265309067508,4.197578388559194,0.9879101899827288,0.9930915371329879,1.0,0.060235901532210784,0.1327742364684109,0.0,0,0.0,579,0,68
P1,25,P1_K25,27,2,2.473450176667796,2.229837179720562,3.377533249988233,3.899407070323946,0.990990990990991,1.0,1.0,0.05577850533442754,0.12443232618027376,0.0,0,0.0,555,0,69
P1,25,P1_K25,28,2,2.5189151212349015,2.2298371797214145,3.5598270713689724,4.395387048279662,0.9822064056939501,0.994661921708185,0.998220640569395,0.0577150788032041,0.11975551528988804,0.0,0,0.0,562,0,70
P1,25,P1_K25,29,2,2.4527699912251375,2.229837179720562,3.366205499140733,3.8014603593695977,0.9893428063943162,0.9982238010657194,0.9982238010657194,0.05683220395169534,0.1360402393343812,0.0,0,0.0,563,0,71
P1,30,P1_K30,0,2,2.3625348512808384,2.1774475261418047,3.1660984129268854,3.499318095512365,0.9948096885813149,0.9982698961937716,1.0,0.04877962469846179,0.14354548539909273,0.0,0,0.0,578,0,42
P1,30,P1_K30,1,2,2.336528156300429,2.1748253211956126,3.0268954083881283,3.499318095512365,0.9925233644859813,0.9981308411214953,1.0,0.04566759668850863,0.14101540081533623,0.0,0,0.0,535,0,43
P1,30,P1_K30,2,2,2.393985909007132,2.230895105811612,3.166098412927738,3.642126530906623,0.9946902654867257,0.9982300884955753,1.0,0.04924780058530962,0.12142134446843686,0.0,0,0.0,565,0,44
P1,30,P1_K30,3,2,2.375498089586351,2.230895105811612,3.166098412927738,3.6421265309067508,0.994991652754591,0.998330550918197,0.998330550918197,0.05135503175710312,0.11538554010983718,0.0,0,0.0,599,0,45
P1,30,P1_K30,4,2,2.448591867118776,2.230895105812465,3.3841859039793576,3.7394465989694936,0.9878682842287695,0.9965337954939342,0.9982668977469671,0.04896309585961048,0.1283240689015598,0.0,0,0.0,577,0,46
P1,30,P1_K30,5,2,2.370269567718419,2.230895105811612,3.1660984129268854,3.4647784380524547,0.9926873857404022,0.9981718464351006,1.0,0.046061755636009546,0.1258596325886409,0.0,0,0.0,547,0,47
P1,30,P1_K30,6,2,2.3650897971518043,2.229837179720562,3.166098412927738,3.613564843827206,0.998165137614679,0.998165137614679,1.0,0.047046277274706866,0.11179452468499214,0.0,0,0.0,545,0,48
P1,30,P1_K30,7,2,2.3996376094975633,2.2298371797212013,3.3662054991403068,3.642126530905898,0.9930313588850174,1.0,1.0,0.05079510955298409,0.1267022552917625,0.0,0,0.0,574,0,49
P1,30,P1_K30,8,2,2.366724484188356,2.1750894008141586,3.1660984129268854,3.642126530905898,0.9930434782608696,0.9965217391304347,0.9982608695652174,0.050083889933106925,0.12527703977254326,0.0,0,0.0,575,0,50
P1,30,P1_K30,9,2,2.3991388041333916,2.2298371797212013,3.1660984129268854,3.499318095512365,0.9871323529411765,0.9944852941176471,0.9981617647058824,0.04718167407983873,0.12330224237382759,0.0,0,0.0,544,0,51
P1,30,P1_K30,10,2,2.3443755091925302,2.1774475261418047,3.1660984129268854,3.6058266428665013,0.9967105263157895,0.9983552631578947,1.0,0.05221618853154707,0.14948878245053288,0.0,0,0.0,608,0,52
P1,30,P1_K30,11,2,2.4881802226338285,2.2391563272751114,3.3841859039793576,3.899407070323946,0.9829642248722317,0.9965928449744463,0.9982964224872232,0.051254829112774444,0.129873653385228,0.0,0,0.0,587,0,53
P1,30,P1_K30,12,2,2.3690657163247124,2.2298371797214145,3.2585735103802804,3.739446598968641,0.9944341372912802,1.0,1.0,0.04620468319280748,0.1106124521506355,0.0,0,0.0,539,0,54
P1,30,P1_K30,13,2,2.3674055360760677,2.169482619257792,3.166098412927738,3.6421265309067508,0.9912891986062717,0.9965156794425087,0.9965156794425087,0.048949337944350385,0.1402945349201394,0.0,0,0.0,574,0,55
P1,30,P1_K30,14,2,2.3653875707315852,2.1821687654244215,3.0268954083878725,3.3841859039793576,0.9876977152899824,0.9947275922671354,0.9982425307557118,0.04952821513372642,0.11859017515941984,0.0,0,0.0,569,0,56
P1,30,P1_K30,15,2,2.4092574240801388,2.2298371797214145,3.1660984129268854,3.681054558131334,0.987783595113438,0.9965095986038395,1.0,0.04795773943429483,0.127535691651289,0.0,0,0.0,573,0,57
P1,30,P1_K30,16,2,2.4075273196898714,2.2298371797214145,3.1660984129271412,3.7394465989682146,0.9856887298747764,0.9964221824686941,0.9964221824686941,0.04797936704417824,0.12590254233270043,0.0,0,0.0,559,0,58
P1,30,P1_K30,17,2,2.4197829738058534,2.239156327275964,3.3662054991403387,3.739446598968769,0.9913494809688581,1.0,1.0,0.0491476858086939,0.12487599942193055,0.0,0,0.0,578,0,59
P1,30,P1_K30,18,2,2.3933457467962143,2.1821687654244215,3.3437047499047323,3.7394465989683425,0.991869918699187,0.9983739837398374,0.9983739837398374,0.05356825482895968,0.13381869349947131,0.0,0,0.0,615,0,60
P1,30,P1_K30,19,2,2.3603536089341173,2.1946635068059095,3.1660984129268854,3.4935614859357065,0.9914089347079038,0.9982817869415808,0.9982817869415808,0.04877225776858598,0.12681903867243643,0.0,0,0.0,582,0,61
P1,30,P1_K30,20,2,2.388699739841753,2.229837179720775,3.2585735103805575,3.642126530905898,0.9897260273972602,1.0,1.0,0.04955782206176496,0.14388456619984075,0.0,0,0.0,584,0,62
P1,30,P1_K30,21,2,2.359201231201523,2.1761364236687086,3.1660984129269174,3.642126530905898,0.9910394265232975,0.996415770609319,1.0,0.04817278284655193,0.12475213637247608,0.0,0,0.0,558,0,63
P1,30,P1_K30,22,2,2.380996810101296,2.2391563272751114,3.1660984129268854,3.499318095512365,0.9965034965034965,1.0,1.0,0.05027317307647063,0.12327885421242242,0.0,0,0.0,572,0,64
P1,30,P1_K30,23,2,2.3782328654261122,2.1774475261418047,3.1660984129268854,3.5435982633712038,0.9896551724137931,0.9948275862068966,0.996551724137931,0.0514891659499398,0.14927881847064312,0.0,0,0.0,580,0,65
P1,30,P1_K30,24,2,2.3863042908960512,2.2298371797214145,3.1660984129268854,3.6421265309059834,0.9881956155143339,0.9983136593591906,1.0,0.05110992343630302,0.14002680552833663,0.0,0,0.0,593,0,66
P1,30,P1_K30,25,2,2.3811632226386954,2.229837179720935,3.026895408387702,3.642126530905898,0.9899328859060402,0.9966442953020134,1.0,0.0516137494198872,0.13212008692685503,0.0,0,0.0,596,0,67
P1,30,P1_K30,26,2,2.4457986791394486,2.230895105812465,3.366205499140328,3.742021140690128,0.9879101899827288,0.9930915371329879,1.0,0.05007589085534052,0.12511773937516182,0.0,0,0.0,579,0,68
P1,30,P1_K30,27,2,2.396837101328548,2.1748253211956126,3.321684853494278,3.642126530906154,0.9927927927927928,1.0,1.0,0.04634147846383088,0.12443232618027376,0.0,0,0.0,555,0,69
P1,30,P1_K30,28,2,2.4355362244800203,2.218497713954073,3.366205499140733,3.739446598968641,0.9875444839857651,0.994661921708185,0.998220640569395,0.047940942190579344,0.1182497123406041,0.0,0,0.0,562,0,70
P1,30,P1_K30,29,2,2.397339761019645,2.1821687654244215,3.1660984129268854,3.642126530905898,0.9911190053285968,0.9982238010657194,0.9982238010657194,0.04725697148221406,0.13292267262117252,0.0,0,0.0,563,0,71
P1,35,P1_K35,0,2,2.332253448200609,2.1774475261418047,3.1581719321299317,3.384185903978505,0.9982698961937716,0.9982698961937716,1.0,0.041761496195675936,0.14354548539909273,0.0,0,0.0,578,0,42
P1,35,P1_K35,1,2,2.3022245625347306,2.1748253211951862,2.9801119025911476,3.3644930073077006,0.9981308411214953,0.9981308411214953,1.0,0.03909163496581736,0.14101540081533623,0.0,0,0.0,535,0,43
P1,35,P1_K35,2,2,2.349031647135112,2.2298371797214145,3.1660984129268854,3.49741574012107,1.0,1.0,1.0,0.04214040742358259,0.11834592351248421,0.0,0,0.0,565,0,44
P1,35,P1_K35,3,2,2.3435477544771635,2.230895105811612,3.026895408387702,3.4993180955123755,0.998330550918197,0.998330550918197,0.998330550918197,0.04396435190651241,0.10857298785932434,0.0,0,0.0,599,0,45
P1,35,P1_K35,4,2,2.4025287724190596,2.230895105811612,3.3662054991403068,3.6421265309067508,0.9948006932409013,0.9965337954939342,0.9982668977469671,0.04189303226276778,0.12865043539114093,0.0,0,0.0,577,0,46
P1,35,P1_K35,5,2,2.3236483191970296,2.2298371797214145,2.980111902591318,3.366205499140733,0.9981718464351006,0.9981718464351006,1.0,0.039409220752233805,0.1258596325886409,0.0,0,0.0,547,0,47
P1,35,P1_K35,6,2,2.348454483734961,2.229837179720562,3.166098412927738,3.499318095512365,0.998165137614679,0.998165137614679,1.0,0.040299682545519216,0.11179452468499214,0.0,0,0.0,545,0,48
P1,35,P1_K35,7,2,2.3626501748598616,2.229837179720988,3.2585735103806535,3.499318095512365,0.9965156794425087,1.0,1.0,0.04347848736207582,0.12221302136005714,0.0,0,0.0,574,0,49
P1,35,P1_K35,8,2,2.3429525906424415,2.175089400813892,3.026895408387702,3.5391032692522453,0.9965217391304347,0.9965217391304347,0.9982608695652174,0.042890304639973446,0.12527703977254326,0.0,0,0.0,575,0,50
P1,35,P1_K35,9,2,2.3412368125088516,2.229837179720988,2.996859301085322,3.3841859039792297,0.9944852941176471,0.9963235294117647,0.9981617647058824,0.04035215294302575,0.1209892736213279,0.0,0,0.0,544,0,51
P1,35,P1_K35,10,2,2.3133000371885672,2.1749573610046724,3.026895408387702,3.4187361254856214,0.9983552631578947,0.9983552631578947,1.0,0.04470317892562761,0.14948878245053288,0.0,0,0.0,608,0,52
P1,35,P1_K35,11,2,2.4111405611963783,2.2298371797214145,3.366205499140733,3.710250578549769,0.9914821124361158,0.9982964224872232,1.0,0.0438045295987506,0.12744065376900907,0.0,0,0.0,587,0,53
P1,35,P1_K35,12,2,2.3364691498257764,2.2298371797214145,3.1660984129269067,3.6329544602703545,0.9981447124304267,1.0,1.0,0.03955421385533463,0.1106124521506355,0.0,0,0.0,539,0,54
P1,35,P1_K35,13,2,2.313871097115756,2.169482619257579,3.026895408387702,3.499318095512365,0.9965156794425087,0.9965156794425087,0.9965156794425087,0.04186947569843634,0.12586124503327628,0.0,0,0.0,574,0,55
P1,35,P1_K35,14,2,2.295971628551846,2.1821687654244215,2.9801119025908918,3.366205499140733,0.9982425307557118,1.0,1.0,0.0423408009788509,0.11718417601508566,0.0,0,0.0,569,0,56
P1,35,P1_K35,15,2,2.3134949512658873,2.2298371797208816,2.9801119025908918,3.366205499140733,1.0,1.0,1.0,0.04095110121317516,0.127535691651289,0.0,0,0.0,573,0,57
P1,35,P1_K35,16,2,2.3497812275470937,2.2298371797208816,3.1660984129268854,3.642126530905898,0.9928443649373881,0.998211091234347,0.998211091234347,0.04103367496783358,0.12590254233270043,0.0,0,0.0,559,0,58
P1,35,P1_K35,17,2,2.3659078565572194,2.239156327275964,3.1660984129268854,3.642126530905898,0.9982698961937716,1.0,1.0,0.04203832304642665,0.12071080559743357,0.0,0,0.0,578,0,59
P1,35,P1_K35,18,2,2.3680389532640804,2.1774475261418047,3.166098412927738,3.642126530905898,0.9934959349593496,0.9983739837398374,0.9983739837398374,0.04587153226262796,0.13381869349947131,0.0,0,0.0,615,0,60
P1,35,P1_K35,19,2,2.3105837186014195,2.1749573610046724,2.980111902591233,3.366205499140733,0.9982817869415808,0.9982817869415808,0.9982817869415808,0.04172268898255887,0.12681903867243643,0.0,0,0.0,582,0,61
P1,35,P1_K35,20,2,2.3326077167414363,2.1821687654244215,3.1660984129268854,3.4820482667824164,0.9982876712328768,1.0,1.0,0.04238528245461208,0.14388456619984075,0.0,0,0.0,584,0,62
P1,35,P1_K35,21,2,2.313089920406955,2.169482619257792,2.9801119025910197,3.499318095512365,0.996415770609319,0.996415770609319,1.0,0.0412180255707878,0.12475213637247608,0.0,0,0.0,558,0,63
P1,35,P1_K35,22,2,2.353289043985076,2.2308951058120385,3.1660984129268854,3.4089505451944118,0.9982517482517482,1.0,1.0,0.04304636818624219,0.11901762820260853,0.0,0,0.0,572,0,64
P1,35,P1_K35,23,2,2.3309379652551443,2.1774475261418047,3.0268954083877873,3.366205499140733,0.993103448275862,0.996551724137931,0.9982758620689656,0.044055818427331736,0.14927881847064312,0.0,0,0.0,580,0,65
P1,35,P1_K35,24,2,2.339585086489788,2.2298371797214145,3.026895408387702,3.499318095512365,0.9949409780775716,1.0,1.0,0.04372997834162448,0.14002680552833663,0.0,0,0.0,593,0,66
P1,35,P1_K35,25,2,2.339233437596894,2.229837179720935,2.980111902591318,3.399483648233641,0.9966442953020134,0.9983221476510067,1.0,0.044169522881771464,0.12906648568499804,0.0,0,0.0,596,0,67
P1,35,P1_K35,26,2,2.378298182789565,2.229837179720562,3.1660984129271412,3.6421265309067508,0.9948186528497409,0.998272884283247,1.0,0.04281141328590814,0.12546644839491444,0.0,0,0.0,579,0,68
P1,35,P1_K35,27,2,2.3718775890261896,2.1748253211956126,3.166098412927738,3.499318095512365,0.9945945945945946,1.0,1.0,0.03968200271580117,0.12443232618027376,0.0,0,0.0,555,0,69
P1,35,P1_K35,28,2,2.380240593689481,2.2071582481874907,3.1660984129276635,3.7086635923498883,0.9928825622775801,0.998220640569395,0.998220640569395,0.041004151853534336,0.11622207451495943,0.0,0,0.0,562,0,70
P1,35,P1_K35,29,2,2.311237734980893,2.1774475261418047,2.980111902591318,3.3823878634947273,0.9982238010657194,0.9982238010657194,0.9982238010657194,0.04036857351349691,0.11961925806987675,0.0,0,0.0,563,0,71
P1,40,P1_K40,0,2,2.311332514753217,2.1774475261418047,3.026895408387702,3.366205499140733,0.9982698961937716,0.9982698961937716,1.0,0.036511318348963,0.14354548539909273,0.0,0,0.0,578,0,42
P1,40,P1_K40,1,2,2.2925217245999057,2.1748253211951862,2.9654779253178276,3.290863107008358,0.9981308411214953,0.9981308411214953,1.0,0.0341923060457471,0.14101540081533623,0.0,0,0.0,535,0,43
P1,40,P1_K40,2,2,2.3359902541617013,2.2298371797208816,3.158171932130358,3.3841859039793576,1.0,1.0,1.0,0.036854581726215176,0.11834592351248421,0.0,0,0.0,565,0,44
P1,40,P1_K40,3,2,2.3315121134181056,2.2298371797214145,2.980111902591318,3.4435378913721038,0.998330550918197,0.998330550918197,0.998330550918197,0.03845092758835121,0.10857298785932434,0.0,0,0.0,599,0,45
P1,40,P1_K40,4,2,2.3822969354528656,2.230895105811612,3.166098412927738,3.633973579229859,0.9948006932409013,0.9965337954939342,0.9982668977469671,0.036627450427517305,0.12865043539114093,0.0,0,0.0,577,0,46
P1,40,P1_K40,5,2,2.320467382041217,2.2298371797214145,2.980111902591318,3.366205499140637,0.9981718464351006,0.9981718464351006,1.0,0.03447875274991036,0.1258596325886409,0.0,0,0.0,547,0,47
P1,40,P1_K40,6,2,2.3203070754606143,2.1750894008141586,3.1660984129268854,3.3841859039793576,0.998165137614679,0.998165137614679,1.0,0.0352241757553315,0.11179452468499214,0.0,0,0.0,545,0,48
P1,40,P1_K40,7,2,2.3521388001109362,2.1946635068059095,3.1660984129275143,3.4931354404910735,0.9965156794425087,1.0,1.0,0.03802871233193072,0.12221302136005714,0.0,0,0.0,574,0,49
P1,40,P1_K40,8,2,2.3270015030692894,2.1748253211956126,3.0081820060690214,3.4158720283522492,0.9965217391304347,0.9965217391304347,0.9982608695652174,0.037506268853244214,0.12527703977254326,0.0,0,0.0,575,0,50
P1,40,P1_K40,9,2,2.3214750605001617,2.229837179720562,2.980111902590764,3.366205499140733,0.9944852941176471,0.9963235294117647,0.9981617647058824,0.03528147114386597,0.1209892736213279,0.0,0,0.0,544,0,51
P1,40,P1_K40,10,2,2.299289303852002,2.169482619257792,2.980111902591318,3.3841859039793576,0.9983552631578947,0.9983552631578947,1.0,0.03909415426362299,0.14948878245053288,0.0,0,0.0,608,0,52
P1,40,P1_K40,11,2,2.405053585590768,2.2298371797214145,3.3662054991404133,3.6421265309067508,0.9914821124361158,0.9982964224872232,1.0,0.03832010165614762,0.12744065376900907,0.0,0,0.0,587,0,53
P1,40,P1_K40,12,2,2.3264232853338793,2.229837179720562,3.1660984129268854,3.6319353413100828,0.9981447124304267,1.0,1.0,0.03459650775595468,0.1106124521506355,0.0,0,0.0,539,0,54
P1,40,P1_K40,13,2,2.3058129470743842,2.1694826192573657,3.012860356648789,3.499318095512365,0.9965156794425087,0.9965156794425087,0.9965156794425087,0.0366243195641979,0.12586124503327628,0.0,0,0.0,574,0,55
P1,40,P1_K40,14,2,2.288349811270324,2.1774475261418047,2.9801119025908918,3.366205499140733,0.9982425307557118,1.0,1.0,0.03703744486930906,0.11718417601508566,0.0,0,0.0,569,0,56
P1,40,P1_K40,15,2,2.299931503803156,2.229837179720562,2.9654779253178276,3.366205499140733,1.0,1.0,1.0,0.03581293812651799,0.127535691651289,0.0,0,0.0,573,0,57
P1,40,P1_K40,16,2,2.325264425491034,2.1821687654244215,3.026895408387702,3.4907574962515397,0.9946332737030411,0.998211091234347,0.998211091234347,0.03587047528844829,0.12590254233270043,0.0,0,0.0,559,0,58
P1,40,P1_K40,17,2,2.3398493531998903,2.230895105812465,2.9941469543301724,3.499318095512365,0.9982698961937716,1.0,1.0,0.03674617697380651,0.12071080559743357,0.0,0,0.0,578,0,59
P1,40,P1_K40,18,2,2.348847522779712,2.1748253211956126,3.1660984129268854,3.6349926981887672,0.9934959349593496,0.9983739837398374,0.9983739837398374,0.040108318086575535,0.13265531980666947,0.0,0,0.0,615,0,60
P1,40,P1_K40,19,2,2.3031566902394407,2.1748253211956126,2.9654779253178276,3.366205499140733,0.9982817869415808,0.9982817869415808,0.9982817869415808,0.03649663229796652,0.12681903867243643,0.0,0,0.0,582,0,61
P1,40,P1_K40,20,2,2.305443625848781,2.1750894008141586,3.1660984129268854,3.366205499140733,0.9982876712328768,1.0,1.0,0.03704777733359581,0.1440087160312514,0.0,0,0.0,584,0,62
P1,40,P1_K40,21,2,2.302206958096606,2.169482619257792,2.9801119025904654,3.384185903978633,0.996415770609319,0.996415770609319,1.0,0.036050711131956244,0.12475213637247608,0.0,0,0.0,558,0,63
P1,40,P1_K40,22,2,2.3379683362010306,2.2303661427665133,3.1450442797561746,3.3841859039793576,0.9982517482517482,1.0,1.0,0.03764383742870477,0.11901762820260853,0.0,0,0.0,572,0,64
P1,40,P1_K40,23,2,2.3182458455639177,2.1748253211956126,2.9801119025909344,3.366205499140733,0.993103448275862,0.996551724137931,0.9982758620689656,0.03853058361047054,0.14927881847064312,0.0,0,0.0,580,0,65
P1,40,P1_K40,24,2,2.328315352531147,2.2298371797208816,3.026895408387702,3.3733976610761824,0.9949409780775716,1.0,1.0,0.038247156266586424,0.14002680552833663,0.0,0,0.0,593,0,66
P1,40,P1_K40,25,2,2.3250058578615493,2.1821687654244215,2.980111902591105,3.366205499140733,0.9966442953020134,0.9983221476510067,1.0,0.0386273016745206,0.12906648568499804,0.0,0,0.0,596,0,67
P1,40,P1_K40,26,2,2.3641917436817437,2.20715824818825,3.1660984129268854,3.6421265309059834,0.9948186528497409,0.998272884283247,1.0,0.03743972961067698,0.12546644839491444,0.0,0,0.0,579,0,68
P1,40,P1_K40,27,2,2.3586137522317543,2.1748253211951862,3.1660984129274397,3.3841859039793576,0.9945945945945946,1.0,1.0,0.034703494862881296,0.12443232618027376,0.0,0,0.0,555,0,69
P1,40,P1_K40,28,2,2.372590870979166,2.1946635068059095,3.1660984129268854,3.642126530906708,0.9928825622775801,0.998220640569395,0.998220640569395,0.03586797031191398,0.11622207451495943,0.0,0,0.0,562,0,70
P1,40,P1_K40,29,2,2.2997608627234607,2.1748253211951862,2.9801119025904654,3.366205499140733,0.9982238010657194,0.9982238010657194,0.9982238010657194,0.03530647633055749,0.11961925806987675,0.0,0,0.0,563,0,71
P1,45,P1_K45,0,2,2.311332514753217,2.1774475261418047,3.026895408387702,3.366205499140733,0.9982698961937716,0.9982698961937716,1.0,0.03245450519907822,0.14354548539909273,0.0,0,0.0,578,0,42
P1,45,P1_K45,1,2,2.2868264128743165,2.1748253211951862,2.965477925316975,3.2585735103800886,0.9981308411214953,0.9981308411214953,1.0,0.030386443575555644,0.14101540081533623,0.0,0,0.0,535,0,43
P1,45,P1_K45,2,2,2.3326165500592175,2.2298371797208816,3.158171932130358,3.3841859039792723,1.0,1.0,1.0,0.0327554259461906,0.11834592351248421,0.0,0,0.0,565,0,44
P1,45,P1_K45,3,2,2.3264595832973805,2.2298371797214145,2.9801119025905507,3.3841859039785263,0.998330550918197,0.998330550918197,0.998330550918197,0.034171930198591036,0.10857298785932434,0.0,0,0.0,599,0,45
P1,45,P1_K45,4,2,2.3799599825586455,2.230895105811612,3.1660984129272904,3.633973579229859,0.9948006932409013,0.9965337954939342,0.9982668977469671,0.03255476100210541,0.12865043539114093,0.0,0,0.0,577,0,46
P1,45,P1_K45,5,2,2.320467382041217,2.2298371797214145,2.980111902591318,3.366205499140637,0.9981718464351006,0.9981718464351006,1.0,0.03064778022214254,0.1258596325886409,0.0,0,0.0,547,0,47
P1,45,P1_K45,6,2,2.3151644896857784,2.1750894008141586,3.162927820608104,3.3841859039789313,0.998165137614679,0.998165137614679,1.0,0.031304199636909995,0.11179452468499214,0.0,0,0.0,545,0,48
P1,45,P1_K45,7,2,2.3506859473533877,2.1946635068059095,3.166098412926992,3.4931354404910735,0.9965156794425087,1.0,1.0,0.03380146136409091,0.12221302136005714,0.0,0,0.0,574,0,49
P1,45,P1_K45,8,2,2.32175099379497,2.1748253211956126,2.980111902591318,3.3841859039793576,0.9965217391304347,0.9965217391304347,0.9982608695652174,0.03333224990916079,0.12527703977254326,0.0,0,0.0,575,0,50
P1,45,P1_K45,9,2,2.3191863380149784,2.229837179720562,2.9654779253178276,3.366205499140733,0.9944852941176471,0.9963235294117647,0.9981617647058824,0.03135856283107324,0.11944259337263848,0.0,0,0.0,544,0,51
P1,45,P1_K45,10,2,2.296760847722688,2.169482619257792,2.980111902591318,3.3778927622858386,0.9983552631578947,0.9983552631578947,1.0,0.03474697023317057,0.14948878245053288,0.0,0,0.0,608,0,52
P1,45,P1_K45,11,2,2.4002180971741747,2.2298371797214145,3.3662054991403494,3.6421265309060473,0.9914821124361158,0.9982964224872232,1.0,0.034056055017764944,0.12744065376900907,0.0,0,0.0,587,0,53
P1,45,P1_K45,12,2,2.3240717139666596,2.229837179720562,3.1660984129268854,3.512579820092891,0.9981447124304267,1.0,1.0,0.030749657033143727,0.1106124521506355,0.0,0,0.0,539,0,54
P1,45,P1_K45,13,2,2.3038586599172413,2.1694826192573657,2.98011190259119,3.499318095512365,0.9965156794425087,0.9965156794425087,0.9965156794425087,0.03255247770603262,0.12586124503327628,0.0,0,0.0,574,0,55
P1,45,P1_K45,14,2,2.285301230881291,2.1774475261418047,2.9801119025908918,3.366205499140605,0.9982425307557118,1.0,1.0,0.032918349049964844,0.11718417601508566,0.0,0,0.0,569,0,56
P1,45,P1_K45,15,2,2.297202349854259,2.229837179720562,2.9654779253178276,3.366205499140733,1.0,1.0,1.0,0.03183027523677102,0.127535691651289,0.0,0,0.0,573,0,57
P1,45,P1_K45,16,2,2.3237725874179884,2.1821687654244215,3.026895408387702,3.4907574962515397,0.9946332737030411,0.998211091234347,0.998211091234347,0.03188302843655097,0.12590254233270043,0.0,0,0.0,559,0,58
P1,45,P1_K45,17,2,2.3347879745908813,2.230895105812465,2.9801119025908918,3.4898063185558073,0.9982698961937716,1.0,1.0,0.03265681895723717,0.12071080559743357,0.0,0,0.0,578,0,59
P1,45,P1_K45,18,2,2.348413747190231,2.1748253211956126,3.1660984129268854,3.6349926981887672,0.9934959349593496,0.9983739837398374,0.9983739837398374,0.035651250177512625,0.13265531980666947,0.0,0,0.0,615,0,60
P1,45,P1_K45,19,2,2.3031566902394407,2.1748253211956126,2.9654779253178276,3.366205499140733,0.9982817869415808,0.9982817869415808,0.9982817869415808,0.03244145093152579,0.12681903867243643,0.0,0,0.0,582,0,61
P1,45,P1_K45,20,2,2.297345375341818,2.1750894008141586,3.026895408387702,3.366205499140733,0.9982876712328768,1.0,1.0,0.03292093131086809,0.1440087160312514,0.0,0,0.0,584,0,62
P1,45,P1_K45,21,2,2.2995341651605226,2.169482619257792,2.969868118499619,3.3689025598663984,0.996415770609319,0.996415770609319,1.0,0.03204178860217465,0.12475213637247608,0.0,0,0.0,558,0,63
P1,45,P1_K45,22,2,2.334923454418081,2.2298371797214145,3.0268954083885546,3.3841859039793576,0.9982517482517482,1.0,1.0,0.03345734915977496,0.11885092394736213,0.0,0,0.0,572,0,64
P1,45,P1_K45,23,2,2.3120525066080115,2.1748253211956126,2.9801119025904654,3.3662054991404133,0.993103448275862,0.996551724137931,0.9982758620689656,0.034241488481365295,0.14927881847064312,0.0,0,0.0,580,0,65
P1,45,P1_K45,24,2,2.32716474125635,2.2298371797208816,3.026895408387702,3.3733976610761824,0.9949409780775716,1.0,1.0,0.03399596802072683,0.14002680552833663,0.0,0,0.0,593,0,66
P1,45,P1_K45,25,2,2.3236066338970645,2.1821687654244215,2.9801119025906786,3.366205499140733,0.9966442953020134,0.9983221476510067,1.0,0.034333540779726356,0.12906648568499804,0.0,0,0.0,596,0,67
P1,45,P1_K45,26,2,2.363467714107887,2.20715824818825,3.1660984129268854,3.642126530905898,0.9948186528497409,0.998272884283247,1.0,0.03327883546274625,0.12546644839491444,0.0,0,0.0,579,0,68
P1,45,P1_K45,27,2,2.351414418160228,2.1748253211951862,3.166098412926992,3.384185903979059,0.9945945945945946,1.0,1.0,0.03083874228021173,0.12443232618027376,0.0,0,0.0,555,0,69
P1,45,P1_K45,28,2,2.3653265505074867,2.1946635068059095,3.1660984129268854,3.6349861091362543,0.9928825622775801,0.998220640569395,0.998220640569395,0.031873639950746546,0.11622207451495943,0.0,0,0.0,562,0,70
P1,45,P1_K45,29,2,2.2930496479538416,2.1748253211951862,2.965477925316975,3.3662054991406904,0.9982238010657194,0.9982238010657194,0.9982238010657194,0.03137520467937716,0.11901654666537805,0.0,0,0.0,563,0,71
P1,48,P1_K48,0,2,2.308498794325189,2.1774475261418047,2.9941469543302364,3.366205499140733,0.9982698961937716,0.9982698961937716,1.0,0.03042271343397503,0.14354548539909273,0.0,0,0.0,578,0,42
P1,48,P1_K48,1,2,2.2868264128743165,2.1748253211951862,2.965477925316975,3.2585735103800886,0.9981308411214953,0.9981308411214953,1.0,0.028487290852083416,0.14101540081533623,0.0,0,0.0,535,0,43
P1,48,P1_K48,2,2,2.3326165500592175,2.2298371797208816,3.158171932130358,3.3841859039792723,1.0,1.0,1.0,0.03070821182455369,0.11834592351248421,0.0,0,0.0,565,0,44
P1,48,P1_K48,3,2,2.3253817147021927,2.2298371797214145,2.9801119025905507,3.3841859039785263,0.998330550918197,0.998330550918197,0.998330550918197,0.032034850146313604,0.10857298785932434,0.0,0,0.0,599,0,45
P1,48,P1_K48,4,2,2.3799599825586455,2.230895105811612,3.1660984129272904,3.633973579229859,0.9948006932409013,0.9965337954939342,0.9982668977469671,0.03052008843947382,0.12865043539114093,0.0,0,0.0,577,0,46
P1,48,P1_K48,5,2,2.320467382041217,2.2298371797214145,2.980111902591318,3.366205499140637,0.9981718464351006,0.9981718464351006,1.0,0.02873229395825863,0.1258596325886409,0.0,0,0.0,547,0,47
P1,48,P1_K48,6,2,2.3151644896857784,2.1750894008141586,3.162927820608104,3.3841859039789313,0.998165137614679,0.998165137614679,1.0,0.02934768715960312,0.11179452468499214,0.0,0,0.0,545,0,48
P1,48,P1_K48,7,2,2.3506859473533877,2.1946635068059095,3.166098412926992,3.4931354404910735,0.9965156794425087,1.0,1.0,0.03168887002883522,0.12221302136005714,0.0,0,0.0,574,0,49
P1,48,P1_K48,8,2,2.32175099379497,2.1748253211956126,2.980111902591318,3.3841859039793576,0.9965217391304347,0.9965217391304347,0.9982608695652174,0.031248984289838234,0.12527703977254326,0.0,0,0.0,575,0,50
P1,48,P1_K48,9,2,2.3191863380149784,2.229837179720562,2.9654779253178276,3.366205499140733,0.9944852941176471,0.9963235294117647,0.9981617647058824,0.029398652654131153,0.11944259337263848,0.0,0,0.0,544,0,51
P1,48,P1_K48,10,2,2.296760847722688,2.169482619257792,2.980111902591318,3.3778927622858386,0.9983552631578947,0.9983552631578947,1.0,0.0325752845935974,0.14948878245053288,0.0,0,0.0,608,0,52
P1,48,P1_K48,11,2,2.394706403251876,2.2298371797214145,3.3662054991403068,3.642126530905898,0.9931856899488927,0.9982964224872232,1.0,0.03192086473157612,0.12744065376900907,0.0,0,0.0,587,0,53
P1,48,P1_K48,12,2,2.319296523274531,2.229837179720562,3.1660984129268854,3.5046607744938694,1.0,1.0,1.0,0.028822483884033853,0.1106124521506355,0.0,0,0.0,539,0,54
P1,48,P1_K48,13,2,2.3038586599172413,2.1694826192573657,2.98011190259119,3.499318095512365,0.9965156794425087,0.9965156794425087,0.9965156794425087,0.030517947849405574,0.12586124503327628,0.0,0,0.0,574,0,55
P1,48,P1_K48,14,2,2.285301230881291,2.1774475261418047,2.9801119025908918,3.366205499140605,0.9982425307557118,1.0,1.0,0.03086095223434204,0.11718417601508566,0.0,0,0.0,569,0,56
P1,48,P1_K48,15,2,2.297202349854259,2.229837179720562,2.9654779253178276,3.366205499140733,1.0,1.0,1.0,0.029840883034472826,0.127535691651289,0.0,0,0.0,573,0,57
P1,48,P1_K48,16,2,2.3237725874179884,2.1821687654244215,3.026895408387702,3.4907574962515397,0.9946332737030411,0.998211091234347,0.998211091234347,0.02989033915926653,0.12590254233270043,0.0,0,0.0,559,0,58
P1,48,P1_K48,17,2,2.3347879745908813,2.230895105812465,2.9801119025908918,3.4898063185558073,0.9982698961937716,1.0,1.0,0.030615767772409846,0.12071080559743357,0.0,0,0.0,578,0,59
P1,48,P1_K48,18,2,2.3463140942194447,2.1748253211956126,3.1660984129268854,3.6349926981887672,0.9934959349593496,0.9983739837398374,0.9983739837398374,0.03342037821168711,0.13265531980666947,0.0,0,0.0,615,0,60
P1,48,P1_K48,19,2,2.3031566902394407,2.1748253211956126,2.9654779253178276,3.366205499140733,0.9982817869415808,0.9982817869415808,0.9982817869415808,0.03041386024830543,0.12681903867243643,0.0,0,0.0,582,0,61
P1,48,P1_K48,20,2,2.297345375341818,2.1750894008141586,3.026895408387702,3.366205499140733,0.9982876712328768,1.0,1.0,0.03086337310393884,0.1440087160312514,0.0,0,0.0,584,0,62
P1,48,P1_K48,21,2,2.2995341651605226,2.169482619257792,2.969868118499619,3.3689025598663984,0.996415770609319,0.996415770609319,1.0,0.03003917681453874,0.12475213637247608,0.0,0,0.0,558,0,63
P1,48,P1_K48,22,2,2.327205629212045,2.2298371797214145,3.0268954083884694,3.366205499140733,0.9982517482517482,1.0,1.0,0.031357140754910855,0.11885092394736213,0.0,0,0.0,572,0,64
P1,48,P1_K48,23,2,2.3120525066080115,2.1748253211956126,2.9801119025904654,3.3662054991404133,0.993103448275862,0.996551724137931,0.9982758620689656,0.03210139545127996,0.14927881847064312,0.0,0,0.0,580,0,65
P1,48,P1_K48,24,2,2.32716474125635,2.2298371797208816,3.026895408387702,3.3733976610761824,0.9949409780775716,1.0,1.0,0.031871220019431414,0.14002680552833663,0.0,0,0.0,593,0,66
P1,48,P1_K48,25,2,2.3236066338970645,2.1821687654244215,2.9801119025906786,3.366205499140733,0.9966442953020134,0.9983221476510067,1.0,0.032187694480993456,0.12906648568499804,0.0,0,0.0,596,0,67
P1,48,P1_K48,26,2,2.363467714107887,2.20715824818825,3.1660984129268854,3.642126530905898,0.9948186528497409,0.998272884283247,1.0,0.031198908246324607,0.12546644839491444,0.0,0,0.0,579,0,68
P1,48,P1_K48,27,2,2.348463264273021,2.1748253211951862,3.166098412926992,3.3841859039789313,0.9945945945945946,1.0,1.0,0.028907935697537704,0.12443232618027376,0.0,0,0.0,555,0,69
P1,48,P1_K48,28,2,2.3571847465278677,2.1946635068059095,3.1660984129268854,3.4993180955132175,0.994661921708185,0.998220640569395,0.998220640569395,0.029872080414645518,0.11622207451495943,0.0,0,0.0,562,0,70
P1,48,P1_K48,29,2,2.2930496479538416,2.1748253211951862,2.965477925316975,3.3662054991406904,0.9982238010657194,0.9982238010657194,0.9982238010657194,0.029414254386916094,0.11901654666537805,0.0,0,0.0,563,0,71
P2,10,P2_K10,0,2,3.6577842914616197,3.2049712148003096,6.027582753649199,7.366764467694294,0.884083044982699,0.9688581314878892,0.9826989619377162,0.15376599886150139,0.2874077152394963,0.0,0,0.0,578,0,42
P2,10,P2_K10,1,2,3.610755420928081,3.0501286833950303,6.150454730900094,7.422192985916751,0.8766355140186916,0.9719626168224299,0.9887850467289719,0.14376580183711135,0.21861707769710165,0.0,0,0.0,535,0,43
P2,10,P2_K10,2,2,3.778088858467387,3.1872598316920175,6.689005922283488,7.487501122035383,0.856637168141593,0.9575221238938053,0.984070796460177,0.1555015184865344,0.2705728428690873,0.0,0,0.0,565,0,44
P2,10,P2_K10,3,2,3.6288741185447075,2.9355688315911266,6.302552276965119,7.791725855952267,0.8714524207011686,0.9515859766277128,0.9833055091819699,0.1615132325862505,0.2641690922590873,0.0,0,0.0,599,0,45
P2,10,P2_K10,4,2,3.84112768641511,3.345731354903023,6.624730093549516,7.606034914361473,0.8630849220103987,0.9601386481802426,0.9792027729636048,0.15486044995714476,0.2912539720070377,0.0,0,0.0,577,0,46
P2,10,P2_K10,5,2,3.7217251598769074,3.2226825979086016,6.211232488361593,7.470751025658327,0.8628884826325411,0.9652650822669104,0.9926873857404022,0.145519058663095,0.2233818895023966,0.0,0,0.0,547,0,47
P2,10,P2_K10,6,2,3.566513884186325,3.0515203359586707,6.156945317138742,7.431667467445166,0.8837638376383764,0.9630996309963099,0.9870848708487084,0.1469018073694422,0.279528232541367,0.0,0,0.0,542,0,48
P2,10,P2_K10,7,2,3.844943529033349,3.248668868472464,6.286559477973534,7.487501122035383,0.8571428571428571,0.9581881533101045,0.9790940766550522,0.1606155429229755,0.27261749746741737,0.0,0,0.0,574,0,49
P2,10,P2_K10,8,2,3.7074722587410154,3.0661144890148706,6.1265726683778965,8.085410184642114,0.8778195488721805,0.9473684210526315,0.9774436090225563,0.1450565766500197,0.2303790015678205,0.0,0,0.0,532,0,50
P2,10,P2_K10,9,2,3.725812388600947,2.9355688315911266,6.724430208900961,7.487501122035383,0.8621323529411765,0.9613970588235294,0.9816176470588235,0.14870484793346805,0.2611833723091087,0.0,0,0.0,544,0,51
P2,10,P2_K10,10,2,3.5972394410678734,3.051520335958884,6.140718851542601,7.466690533574702,0.8813838550247117,0.9604612850082372,0.985172981878089,0.16391928310100173,0.27786552197351455,0.0,0,0.0,607,0,52
P2,10,P2_K10,11,2,3.894852495433773,3.1872598316920175,6.487013986319994,7.431667467445209,0.8568994889267462,0.9625212947189097,0.9778534923339012,0.16194629197997895,0.27014665797698934,9.910793799634628e-05,1,0.0017035775127768314,587,1,53
P2,10,P2_K10,12,2,3.7304614638805997,3.173604556006353,6.6233578963579305,8.099347968638922,0.8552875695732839,0.9461966604823747,0.9777365491651205,0.14589373517299217,0.22472596991502916,0.0,0,0.0,539,0,54
P2,10,P2_K10,13,2,3.6455808377665853,3.015137048792269,6.156225638166742,7.422869734597356,0.8797909407665505,0.9686411149825784,0.9843205574912892,0.1541265120787889,0.2724197837058022,0.0,0,0.0,574,0,55
P2,10,P2_K10,14,2,3.721841998131889,2.8309611640833587,6.375769622560709,7.663963808462883,0.8699472759226714,0.9560632688927944,0.9736379613356766,0.15624161533362743,0.23247866890001148,0.0,0,0.0,569,0,56
P2,10,P2_K10,15,2,3.6680260701028558,3.0501286833950303,6.156945317138678,7.6810655196620115,0.8760907504363001,0.9546247818499127,0.9825479930191972,0.15102871864188278,0.2677541267646305,0.0,0,0.0,573,0,57
P2,10,P2_K10,16,2,3.8231036919088104,2.9276813960467507,7.097188071981804,8.174661515927427,0.8407871198568873,0.9463327370304114,0.9713774597495528,0.15178837089513778,0.2737400934602921,0.0,0,0.0,559,0,58
P2,10,P2_K10,17,2,3.9849358171289917,3.278867742907181,7.160801373971146,8.452481894068214,0.8252595155709342,0.9359861591695502,0.9740484429065744,0.15641784257926408,0.2464021646527284,0.0,0,0.0,578,0,59
P2,10,P2_K10,18,2,3.644162274649721,2.931625113819152,6.731034824528379,8.085851248025179,0.8568965517241379,0.9482758620689655,0.9810344827586207,0.15955540835879456,0.2692694464629091,0.0,0,0.0,580,0,60
P2,10,P2_K10,19,2,3.717643962613538,2.9355688315911266,6.156945317139275,7.431667467445209,0.8711340206185567,0.9639175257731959,0.9810996563573883,0.15415350927640697,0.2730597498240246,0.0,0,0.0,582,0,61
P2,10,P2_K10,20,2,3.8960084936358177,3.2367397502314077,7.082509922218777,8.079095431126452,0.8304794520547946,0.9486301369863014,0.9777397260273972,0.15740628674299065,0.27992859695900923,0.0,0,0.0,584,0,62
P2,10,P2_K10,21,2,3.7942062414171027,3.2226825979087614,6.686782892642285,8.086733374791436,0.8405017921146953,0.9480286738351255,0.9802867383512545,0.1524621262747778,0.2759842419167673,0.0,0,0.0,558,0,63
P2,10,P2_K10,22,2,3.863008403395405,3.327398986122887,6.800128026749688,7.487501122035383,0.8321678321678322,0.9597902097902098,0.986013986013986,0.1592293469215173,0.27839047898851926,0.0,0,0.0,572,0,64
P2,10,P2_K10,23,2,3.7135677283689423,3.051520335958884,6.156945317138508,7.493427811651722,0.8758620689655172,0.9551724137931035,0.9793103448275862,0.16215097225960948,0.2860648882486398,0.0,0,0.0,580,0,65
P2,10,P2_K10,24,2,3.704756831743961,3.0661144890148506,6.811599944766272,7.487501122035383,0.8482293423271501,0.9595278246205734,0.9831365935919055,0.1610861428954449,0.2912207197138247,0.0,0,0.0,593,0,66
P2,10,P2_K10,25,2,3.755889173159858,3.123279329507054,6.252451924380296,7.68681068447842,0.8557046979865772,0.9530201342281879,0.9848993288590604,0.16296958820520327,0.2742212809883714,0.0,0,0.0,596,0,67
P2,10,P2_K10,26,2,3.8214654121439433,3.2486688684716114,6.774091778528019,7.734415945501495,0.8473967684021544,0.9587073608617595,0.9802513464991023,0.1525751777367818,0.291693333508655,0.0,0,0.0,557,0,68
P2,10,P2_K10,27,2,3.6161136796240183,3.2226825979086016,6.140718851542601,7.431667467444761,0.8792792792792793,0.9711711711711711,0.9855855855855856,0.14573771417079803,0.23642981936859517,0.0,0,0.0,555,0,69
P2,10,P2_K10,28,2,3.8133280206479956,3.2226825979087614,6.156945317139222,8.2497526467586,0.8594306049822064,0.9448398576512456,0.9697508896797153,0.15150456257815073,0.249594190525896,0.0,0,0.0,562,0,70
P2,10,P2_K10,29,2,3.8254126702495013,3.0501286833950303,6.922764273526382,7.982890930893966,0.8384879725085911,0.9501718213058419,0.9742268041237113,0.15538779272383535,0.2729894807339663,0.0,0,0.0,582,0,71
P2,15,P2_K15,0,2,2.7872289931914733,2.289312018616272,4.178103363629652,5.355373116899734,0.9619377162629758,0.9896193771626297,0.9965397923875432,0.09918274948967727,0.18051807201170555,0.0,0,0.0,578,0,42
P2,15,P2_K15,1,2,2.765264422272157,2.2926147231888194,4.171752456819662,5.378788656025932,0.9626168224299065,0.994392523364486,1.0,0.0928522165403432,0.1687643786996698,0.0,0,0.0,535,0,43
P2,15,P2_K15,2,2,2.860957797760624,2.303379143108941,4.435691374775219,5.481327565302365,0.9575221238938053,0.9893805309734514,1.0,0.10024056887660948,0.1901762970281876,0.0,0,0.0,565,0,44
P2,15,P2_K15,3,2,2.8298708192040607,2.360763367616485,4.444182607149685,5.810004956109936,0.9565943238731218,0.991652754590985,0.998330550918197,0.1045101247909326,0.17630813533289816,0.0,0,0.0,599,0,45
P2,15,P2_K15,4,2,2.826600464563419,2.292614723189672,4.151408306944404,5.441183966909695,0.9618717504332756,0.9913344887348353,0.9982668977469671,0.0993687245282524,0.1778381158457416,0.0,0,0.0,577,0,46
P2,15,P2_K15,5,2,2.795279451086526,2.3607633676166984,4.491966912405417,5.2258780343127995,0.9707495429616088,0.9963436928702011,1.0,0.09366108009610878,0.1710707823084792,0.0,0,0.0,547,0,47
P2,15,P2_K15,6,2,2.807925580754364,2.3607633676163786,4.143585400203878,5.270918836138799,0.9686346863468634,0.9907749077490775,1.0,0.09521526006864849,0.1795761721382548,0.0,0,0.0,542,0,48
P2,15,P2_K15,7,2,2.815518021247809,2.290331624934847,4.481034893309158,5.760124762692515,0.9616724738675958,0.9930313588850174,1.0,0.10316902437279786,0.19679693309376484,0.0,0,0.0,574,0,49
P2,15,P2_K15,8,2,2.7886313601473027,2.2903316249343675,4.1435854002039205,6.001979254073245,0.9473684210526315,0.9849624060150376,0.9962406015037594,0.09347142571607231,0.15397786143136502,0.0,0,0.0,532,0,50
P2,15,P2_K15,9,2,2.8114826267321997,2.292614723189672,4.489671762116245,5.481327565302365,0.9540441176470589,0.9908088235294118,0.9981617647058824,0.09584691323569441,0.17852388191846447,0.0,0,0.0,544,0,51
P2,15,P2_K15,10,2,2.7773927148650706,2.29033162493522,4.317428736980614,5.305504427914343,0.9637561779242174,0.9917627677100495,1.0,0.10598820617576638,0.1851611842014463,0.0,0,0.0,607,0,52
P2,15,P2_K15,11,2,2.945818435241934,2.3869875927304918,4.799696998449346,6.113519141345591,0.9437819420783645,0.989778534923339,0.9982964224872232,0.10428633567793626,0.170106531070255,0.0,0,0.0,587,0,53
P2,15,P2_K15,12,2,2.803194863661704,2.292614723189672,4.088825053023583,5.488548886561259,0.9554730983302412,0.9888682745825603,1.0,0.0939569564015848,0.14536376014799815,0.0,0,0.0,539,0,54
P2,15,P2_K15,13,2,2.751127820032216,2.290331624934847,4.151408306944404,5.334224220996925,0.9651567944250871,0.9947735191637631,0.9965156794425087,0.0993553993740899,0.17560705337257337,0.0,0,0.0,574,0,55
P2,15,P2_K15,14,2,2.8059886521772817,2.303379143108941,4.445983030460837,5.643299349346336,0.9595782073813708,0.9859402460456942,0.9964850615114236,0.10071451237950711,0.1707362275434225,0.0,0,0.0,569,0,56
P2,15,P2_K15,15,2,2.7790696416704406,2.292614723189672,4.308316339323155,5.773584726376893,0.9581151832460733,0.9930191972076788,1.0,0.09731694977255298,0.15967025013846511,0.0,0,0.0,573,0,57
P2,15,P2_K15,16,2,2.8459495971591307,2.2926147231888194,4.551150699351694,6.004539604031522,0.9463327370304114,0.9874776386404294,0.9964221824686941,0.09757962068296837,0.2107226705527759,0.0,0,0.0,559,0,58
P2,15,P2_K15,17,2,2.8911135215790598,2.3869875927302786,4.600048498503555,5.845711205024428,0.9498269896193772,0.9965397923875432,1.0,0.10009715109234092,0.1795534851388238,0.0,0,0.0,578,0,59
P2,15,P2_K15,18,2,2.8504398060235903,2.2882924122981763,4.397905137798688,6.00197925407317,0.9482758620689655,0.9827586206896551,0.9948275862068966,0.10332556964790562,0.1945214120244202,0.0,0,0.0,580,0,60
P2,15,P2_K15,19,2,2.7652075790630084,2.2926147231888194,4.1514083069443615,5.557860950358597,0.9604810996563574,0.993127147766323,0.9982817869415808,0.0991028820094935,0.1907608721052392,0.0,0,0.0,582,0,61
P2,15,P2_K15,20,2,2.820883150533287,2.2926147231888194,4.674690645647769,5.638281967362446,0.9554794520547946,0.9965753424657534,1.0,0.10078492396376713,0.19160622889332152,0.0,0,0.0,584,0,62
P2,15,P2_K15,21,2,2.784155307796728,2.2903316249343675,4.381189025049238,5.939168970832526,0.9516129032258065,0.992831541218638,1.0,0.0979138485948242,0.21537690870055967,0.0,0,0.0,558,0,63
P2,15,P2_K15,22,2,2.861651338721894,2.3185087881606137,4.742172587747674,5.593932135041578,0.965034965034965,0.9947552447552448,0.9982517482517482,0.10236469529560648,0.19959367317766952,0.0,0,0.0,572,0,64
P2,15,P2_K15,23,2,2.8724131154456063,2.2903316249343675,4.946085938114664,6.113519141345591,0.9431034482758621,0.9896551724137931,0.996551724137931,0.10487399688011313,0.20508437587945139,0.0,0,0.0,580,0,65
P2,15,P2_K15,24,2,2.8077160631380877,2.2903316249343675,4.397905137799029,5.7436403892244785,0.9629005059021922,0.9932546374367622,1.0,0.10387260600580399,0.22410314917966956,0.0,0,0.0,593,0,66
P2,15,P2_K15,25,2,2.855137244864625,2.2926147231892458,4.421476492628926,5.950130383813823,0.9530201342281879,0.9865771812080537,0.9983221476510067,0.10509580913902468,0.19296313426714806,0.0,0,0.0,596,0,67
P2,15,P2_K15,26,2,2.969386231568509,2.386987592730918,5.001539419834842,6.149903887150813,0.9343696027633851,0.9861830742659758,1.0,0.10215678959994313,0.19092540476397823,0.0,0,0.0,579,0,68
P2,15,P2_K15,27,2,2.799139380267675,2.292614723189672,4.151408306944234,5.709016283683037,0.9657657657657658,1.0,1.0,0.09415966172138675,0.1682964416914217,0.0,0,0.0,555,0,69
P2,15,P2_K15,28,2,2.90227293999714,2.3185087881606137,4.833828491167486,5.9885629220100185,0.9501779359430605,0.9804270462633452,0.99644128113879,0.09761671264915224,0.16674848309958218,0.0,0,0.0,562,0,70
P2,15,P2_K15,29,2,2.758900453777325,2.29147317406202,4.143585400203916,5.478914052081851,0.9639175257731959,0.993127147766323,1.0,0.09948663622073949,0.18223998445406164,0.0,0,0.0,582,0,71
P2,20,P2_K20,0,2,2.5039036074471404,2.239156327275218,3.642126530905898,4.316973786256995,0.9878892733564014,0.9982698961937716,1.0,0.07357475024741554,0.14354548539909273,0.0,0,0.0,578,0,42
P2,20,P2_K20,1,2,2.5034459048495434,2.230895105811612,3.5670076980009355,4.219311151780996,0.983177570093458,0.9981308411214953,1.0,0.06894435631983527,0.14101540081533623,0.0,0,0.0,535,0,43
P2,20,P2_K20,2,2,2.563743777061885,2.2498579819432507,3.739446598968641,4.394561915249198,0.9787610619469026,0.9982300884955753,1.0,0.07434746077603456,0.12573782004435874,0.0,0,0.0,565,0,44
P2,20,P2_K20,3,2,2.5668869628612434,2.2498579819432507,3.8076808436126734,4.467879570675848,0.9849749582637729,0.998330550918197,0.998330550918197,0.07760120802797446,0.1328284269799398,0.0,0,0.0,599,0,45
P2,20,P2_K20,4,2,2.6155047565449974,2.2882924122973236,3.803399027242449,4.703219745124329,0.9774696707105719,0.9948006932409013,0.9982668977469671,0.07392236570012468,0.1283240689015598,0.0,0,0.0,577,0,46
P2,20,P2_K20,5,2,2.5358763322880384,2.2498579819428244,3.684507814729304,4.531026038685326,0.9872029250457038,0.9981718464351006,1.0,0.06954197323684956,0.12865445982392737,0.0,0,0.0,547,0,47
P2,20,P2_K20,6,2,2.474059513111044,2.2391563272751114,3.5398206839644177,3.8882051589420117,0.9926605504587156,0.998165137614679,1.0,0.07086400170173188,0.13034025205878236,0.0,0,0.0,545,0,48
P2,20,P2_K20,7,2,2.5960184260206116,2.239773741643276,3.7312622821634007,4.7478936809141175,0.9843205574912892,0.9982578397212544,1.0,0.07675180415429872,0.14132363486916977,0.0,0,0.0,574,0,49
P2,20,P2_K20,8,2,2.5110606772420465,2.1821687654244215,3.6421265309061113,4.723628705742683,0.9793233082706767,0.9962406015037594,0.9962406015037594,0.06937109109605427,0.11439242196553388,0.0,0,0.0,532,0,50
P2,20,P2_K20,9,2,2.5341044524704124,2.2394650344595135,3.6181505099211213,4.482848388871166,0.9816176470588235,0.9944852941176471,0.9981617647058824,0.07113670413908024,0.13192242492773903,0.0,0,0.0,544,0,51
P2,20,P2_K20,10,2,2.517822812700924,2.2391563272753245,3.6444402992626057,4.587922052372191,0.9884868421052632,0.9967105263157895,1.0,0.07884737783964751,0.14933846468574613,0.0,0,0.0,608,0,52
P2,20,P2_K20,11,2,2.7261923888113584,2.2882924122973236,4.035641844981,5.5689621357045525,0.969335604770017,0.9948892674616695,0.9982964224872232,0.07757526520460914,0.13199256747444169,0.0,0,0.0,587,0,53
P2,20,P2_K20,12,2,2.538379677998697,2.239156327275964,3.803399027242449,4.5311235806371855,0.9833024118738405,0.9981447124304267,1.0,0.06975970447840904,0.1106124521506355,0.0,0,0.0,539,0,54
P2,20,P2_K20,13,2,2.535092402741945,2.2298371797212013,3.7394465989682146,4.50721361703657,0.9843205574912892,0.9947735191637631,0.9965156794425087,0.0739014486896715,0.14484165739542326,0.0,0,0.0,574,0,55
P2,20,P2_K20,14,2,2.537282076160084,2.239156327275964,3.661293191803025,4.467879570675507,0.9824253075571178,0.9929701230228472,0.9982425307557118,0.07477748129974052,0.13048289147571818,0.0,0,0.0,569,0,56
P2,20,P2_K20,15,2,2.5706493070393845,2.2397737416434893,3.7394465989686196,4.805027485517541,0.9790575916230366,0.9965095986038395,1.0,0.07239532715211514,0.1325397014335931,0.0,0,0.0,573,0,57
P2,20,P2_K20,16,2,2.58503456797,2.2397737416434893,3.8994070703234343,4.747527898590818,0.9803220035778175,0.9964221824686941,0.9964221824686941,0.07246124576363142,0.16013683393129174,0.0,0,0.0,559,0,58
P2,20,P2_K20,17,2,2.601548190824117,2.290331624934847,3.888702303127972,4.747684662444289,0.9826989619377162,1.0,1.0,0.07424266113088093,0.12487599942193055,0.0,0,0.0,578,0,59
P2,20,P2_K20,18,2,2.6350597058069707,2.2498579819432507,3.9908658311716607,4.845877842627286,0.9739837398373984,0.9983739837398374,0.9983739837398374,0.08108975369577888,0.1440837400171308,0.0,0,0.0,615,0,60
P2,20,P2_K20,19,2,2.540706924246181,2.239156327275964,3.649067835974506,4.61855836743382,0.9828178694158075,0.9982817869415808,0.9982817869415808,0.0736790494976787,0.14050223719093108,0.0,0,0.0,582,0,61
P2,20,P2_K20,20,2,2.551562807569956,2.239156327275964,3.6475253237372276,4.740881675570489,0.9828767123287672,1.0,1.0,0.07480851896344741,0.14388456619984075,0.0,0,0.0,584,0,62
P2,20,P2_K20,21,2,2.5445074576067697,2.2391563272755377,3.671322551325191,4.7528997231697465,0.9838709677419355,0.996415770609319,1.0,0.07277207543219957,0.1481649689781157,0.0,0,0.0,558,0,63
P2,20,P2_K20,22,2,2.586142905285069,2.2903316249343675,3.86890783248549,4.676594656454268,0.986013986013986,1.0,1.0,0.0759918209561996,0.14827634827305905,0.0,0,0.0,572,0,64
P2,20,P2_K20,23,2,2.6184792071786323,2.239773741643303,3.8099965103820925,5.243891412839629,0.9758620689655172,0.9948275862068966,0.996551724137931,0.07792493383669771,0.15081655586601178,0.0,0,0.0,580,0,65
P2,20,P2_K20,24,2,2.559335020759864,2.239773741643063,3.7394465989682146,4.531026038684601,0.9797639123102867,0.9983136593591906,1.0,0.07717384955330993,0.17587331310897628,0.0,0,0.0,593,0,66
P2,20,P2_K20,25,2,2.5929604880034396,2.2498579819432507,3.899407070323093,5.007725976203687,0.9781879194630873,0.9949664429530202,1.0,0.07804677080719877,0.13160751355037625,0.0,0,0.0,596,0,67
P2,20,P2_K20,26,2,2.656150838366733,2.2882924122973236,3.899407070323946,5.1401288287477165,0.9689119170984456,0.9930915371329879,1.0,0.07571797269269628,0.13637109460055402,0.0,0,0.0,579,0,68
P2,20,P2_K20,27,2,2.5534294493354524,2.2391563272751114,3.6498390920939983,4.716512191164304,0.9837837837837838,1.0,1.0,0.06994331270142011,0.12668628231996082,0.0,0,0.0,555,0,69
P2,20,P2_K20,28,2,2.626029820007515,2.239773741643276,3.7995783261358738,5.220056532379075,0.9768683274021353,0.9928825622775801,0.998220640569395,0.07244245197975022,0.12279848617953604,0.0,0,0.0,562,0,70
P2,20,P2_K20,29,2,2.518447022849828,2.2308951058120385,3.7394465989686196,4.6989866762404455,0.9896907216494846,1.0,1.0,0.07392081101079363,0.13880766507734052,0.0,0,0.0,582,0,71
P2,25,P2_K25,0,2,2.4339705273115633,2.2391563272751114,3.3662054991403068,3.8275965197421224,0.9913494809688581,0.9982698961937716,1.0,0.058699398133177025,0.14354548539909273,0.0,0,0.0,578,0,42
P2,25,P2_K25,1,2,2.465625376446371,2.2298371797214145,3.363759082236413,3.990865831171959,0.9850467289719627,0.9981308411214953,1.0,0.05507519147374243,0.14101540081533623,0.0,0,0.0,535,0,43
P2,25,P2_K25,2,2,2.4976752175840002,2.2397737416434893,3.4898063185558073,3.899407070323818,0.984070796460177,0.9982300884955753,1.0,0.05932983871564905,0.12266239908840612,0.0,0,0.0,565,0,44
P2,25,P2_K25,3,2,2.4952432504576842,2.2498579819428244,3.469723700164254,3.976269560950137,0.991652754590985,0.998330550918197,0.998330550918197,0.061910670455198075,0.12115257857618217,0.0,0,0.0,599,0,45
P2,25,P2_K25,4,2,2.563943840521511,2.2498579819432507,3.6421265309067508,3.9778913687532613,0.9774696707105719,0.9965337954939342,0.9982668977469671,0.059019834430950734,0.1283240689015598,0.0,0,0.0,577,0,46
P2,25,P2_K25,5,2,2.4703019123529297,2.239773741643063,3.366205499140733,4.10324556421266,0.9890310786106032,0.9981718464351006,1.0,0.05549124046366813,0.12865445982392737,0.0,0,0.0,547,0,47
P2,25,P2_K25,6,2,2.4137956081717338,2.230895105812465,3.3662054991403707,3.698157740543078,0.9944954128440368,0.998165137614679,1.0,0.056560868709830237,0.1182897858423241,0.0,0,0.0,545,0,48
P2,25,P2_K25,7,2,2.518446723206378,2.239156327275964,3.499318095512365,4.302868923714458,0.9878048780487805,1.0,1.0,0.061224752222584305,0.13094462988094313,0.0,0,0.0,574,0,49
P2,25,P2_K25,8,2,2.456218125946242,2.1821687654242083,3.3662054991403068,3.7394465989685823,0.9849624060150376,0.9962406015037594,0.9962406015037594,0.05538109415744116,0.11195901137082542,0.0,0,0.0,532,0,50
P2,25,P2_K25,9,2,2.475499611975901,2.239156327275964,3.366205499140733,3.8951257164072115,0.9816176470588235,0.9944852941176471,0.9981617647058824,0.05678285127464112,0.12467820007571563,0.0,0,0.0,544,0,51
P2,25,P2_K25,10,2,2.425245109210433,2.230895105811612,3.366205499140733,3.887424743251628,0.9967105263157895,0.9983552631578947,1.0,0.06285454019345522,0.14948878245053288,0.0,0,0.0,608,0,52
P2,25,P2_K25,11,2,2.648369869445899,2.2498579819432507,3.749744765852028,5.353404114943032,0.9710391822827938,0.9965928449744463,0.9982964224872232,0.06187893510468921,0.13116860483359122,0.0,0,0.0,587,0,53
P2,25,P2_K25,12,2,2.4618448103821677,2.239156327275964,3.4917086739470165,3.899407070323946,0.987012987012987,1.0,1.0,0.055644064004769664,0.1106124521506355,0.0,0,0.0,539,0,54
P2,25,P2_K25,13,2,2.4590494000550556,2.1821687654244215,3.4740664502631966,3.9314176366207527,0.9895470383275261,0.9965156794425087,0.9965156794425087,0.05894794989006151,0.12874602596965357,0.0,0,0.0,574,0,55
P2,25,P2_K25,14,2,2.4480790620099513,2.230895105812465,3.3662054991404773,3.835422881781657,0.9859402460456942,0.9947275922671354,0.9982425307557118,0.059620570297524836,0.11859017515941984,0.0,0,0.0,569,0,56
P2,25,P2_K25,15,2,2.5129143410764017,2.239773741643063,3.4267092535248516,4.219548705427771,0.9808027923211169,0.9965095986038395,1.0,0.057784983406228646,0.1292409328535569,0.0,0,0.0,573,0,57
P2,25,P2_K25,16,2,2.4991738868272835,2.239156327275964,3.4898063185558925,3.921564840120113,0.9821109123434705,0.9964221824686941,0.9964221824686941,0.057778535814243304,0.1398130921242857,0.0,0,0.0,559,0,58
P2,25,P2_K25,17,2,2.5133721443396277,2.2903316249344208,3.525650695826988,3.9131258844511456,0.9896193771626297,1.0,1.0,0.05919188384570459,0.12071080559743357,0.0,0,0.0,578,0,59
P2,25,P2_K25,18,2,2.563578429593164,2.2397737416434893,3.6421265309067508,4.39790513779889,0.9772357723577236,0.9983739837398374,0.9983739837398374,0.06469735460395847,0.13420922724577158,0.0,0,0.0,615,0,60
P2,25,P2_K25,19,2,2.4754378252072846,2.2308951058120385,3.366205499140733,3.899407070323946,0.9862542955326461,0.9982817869415808,0.9982817869415808,0.05879249905988644,0.12657876877859472,0.0,0,0.0,582,0,61
P2,25,P2_K25,20,2,2.500068733045751,2.239156327275964,3.562206460956645,4.15140830694434,0.988013698630137,1.0,1.0,0.05972747969646374,0.14388456619984075,0.0,0,0.0,584,0,62
P2,25,P2_K25,21,2,2.459387971120618,2.229837179720562,3.3715996205920646,4.0152579673373054,0.9874551971326165,0.996415770609319,1.0,0.05802918148282604,0.12466846256994268,0.0,0,0.0,558,0,63
P2,25,P2_K25,22,2,2.5086842800052924,2.2882924122973236,3.499318095512365,4.344212840937729,0.993006993006993,1.0,1.0,0.06061763798059447,0.12354113568416429,0.0,0,0.0,572,0,64
P2,25,P2_K25,23,2,2.55105989985817,2.239156327275964,3.6421265309059194,4.831938672358047,0.9793103448275862,0.9948275862068966,0.996551724137931,0.062184775647747575,0.14967776705971703,0.0,0,0.0,580,0,65
P2,25,P2_K25,24,2,2.500764923156745,2.239773741643063,3.499318095512365,3.961158854237851,0.9831365935919055,0.9983136593591906,1.0,0.06160125397646281,0.16188551158905348,0.0,0,0.0,593,0,66
P2,25,P2_K25,25,2,2.533309119550429,2.244815861793157,3.4993180955128445,4.843854114784492,0.9848993288590604,0.9966442953020134,1.0,0.06229633642513205,0.1280646663927353,0.0,0,0.0,596,0,67
P2,25,P2_K25,26,2,2.5788424032407864,2.2498579819428244,3.6421265309067508,4.6620996812765725,0.9775474956822107,0.9930915371329879,1.0,0.06039675282107005,0.1327742364684109,0.0,0,0.0,579,0,68
P2,25,P2_K25,27,2,2.4818411424769735,2.2298371797214145,3.366205499140733,3.899407070323946,0.9855855855855856,1.0,1.0,0.05579698543769776,0.12443232618027376,0.0,0,0.0,555,0,69
P2,25,P2_K25,28,2,2.551156095067642,2.2394650344591938,3.6341345239109755,4.943274118000506,0.9822064056939501,0.994661921708185,0.998220640569395,0.05778698129246601,0.11916959046609776,0.0,0,0.0,562,0,70
P2,25,P2_K25,29,2,2.4302705423047644,2.229837179720562,3.3662054991403068,3.89626167716159,0.993127147766323,1.0,1.0,0.05893300312737607,0.12427719288302308,0.0,0,0.0,582,0,71
P2,30,P2_K30,0,2,2.40665572288335,2.2303661427665133,3.272454689996241,3.6421265309061113,0.9930795847750865,0.9982698961937716,1.0,0.04886395625860152,0.14354548539909273,0.0,0,0.0,578,0,42
P2,30,P2_K30,1,2,2.408269006589883,2.229837179720562,3.166098412927738,3.7394465989682146,0.9850467289719627,0.9981308411214953,1.0,0.04579451915843211,0.14101540081533623,0.0,0,0.0,535,0,43
P2,30,P2_K30,2,2,2.4770765751935966,2.2397737416434893,3.4160784161384767,3.898777991690622,0.984070796460177,0.9982300884955753,1.0,0.04940304604296621,0.12266239908840612,0.0,0,0.0,565,0,44
P2,30,P2_K30,3,2,2.446449427762185,2.2397737416434893,3.3841859039785476,3.824921577556779,0.991652754590985,0.998330550918197,0.998330550918197,0.05149557359429668,0.11143912163001378,0.0,0,0.0,599,0,45
P2,30,P2_K30,4,2,2.533950996781286,2.2498579819432507,3.6319353413103386,3.899407070323946,0.9774696707105719,0.9965337954939342,0.9982668977469671,0.04912596695026942,0.1283240689015598,0.0,0,0.0,577,0,46
P2,30,P2_K30,5,2,2.4142557732533088,2.2391563272751114,3.1660984129272265,3.7293997481252728,0.9890310786106032,0.9981718464351006,1.0,0.046141320630809765,0.1258596325886409,0.0,0,0.0,547,0,47
P2,30,P2_K30,6,2,2.392872868889353,2.2298371797214145,3.321684853494278,3.642126530905898,0.9963302752293578,0.998165137614679,1.0,0.04709634927899577,0.11339595376679824,0.0,0,0.0,545,0,48
P2,30,P2_K30,7,2,2.451285584439708,2.239156327275218,3.366205499140637,3.6421265309067508,0.9895470383275261,1.0,1.0,0.05089314506097612,0.12221302136005714,0.0,0,0.0,574,0,49
P2,30,P2_K30,8,2,2.412184809107991,2.1762684634778484,3.166098412927738,3.6421265309067508,0.9887218045112782,0.9962406015037594,0.9962406015037594,0.046073445777504045,0.11195901137082542,0.0,0,0.0,532,0,50
P2,30,P2_K30,9,2,2.4418717803363172,2.235025716543362,3.2816448568351855,3.6421265309060793,0.9816176470588235,0.9944852941176471,0.9981617647058824,0.04725854821692337,0.12009335238236656,0.0,0,0.0,544,0,51
P2,30,P2_K30,10,2,2.3785705089869293,2.2071582481879135,3.2585735103808133,3.6421265309064523,0.9967105263157895,0.9983552631578947,1.0,0.05228494038298555,0.14948878245053288,0.0,0,0.0,608,0,52
P2,30,P2_K30,11,2,2.574970358476277,2.2397737416434893,3.6421265309059834,4.193362560320355,0.979557069846678,0.9965928449744463,0.9982964224872232,0.051423300705828436,0.12746970509920486,0.0,0,0.0,587,0,53
P2,30,P2_K30,12,2,2.413078492942168,2.230895105811612,3.366205499140328,3.8737189468240265,0.9888682745825603,1.0,1.0,0.04628313189187102,0.1106124521506355,0.0,0,0.0,539,0,54
P2,30,P2_K30,13,2,2.4362396320119375,2.1774475261418047,3.384185903978718,3.899407070323946,0.9895470383275261,0.9965156794425087,0.9965156794425087,0.04907999525608052,0.1262649339538485,0.0,0,0.0,574,0,55
P2,30,P2_K30,14,2,2.393397703779201,2.229837179720562,3.2585735103804723,3.642126530906026,0.9912126537785588,0.9947275922671354,0.9982425307557118,0.049580919385393406,0.11859017515941984,0.0,0,0.0,569,0,56
P2,30,P2_K30,15,2,2.4776375661344883,2.239156327275964,3.366205499140733,3.899407070323946,0.9808027923211169,0.9965095986038395,1.0,0.04808730894949704,0.127535691651289,0.0,0,0.0,573,0,57
P2,30,P2_K30,16,2,2.4579403763546934,2.2391563272751114,3.347956525439258,3.8734044075078775,0.9838998211091234,0.9964221824686941,0.9964221824686941,0.048072557846677036,0.12873557477061143,0.0,0,0.0,559,0,58
P2,30,P2_K30,17,2,2.469250384053969,2.289312018616272,3.44483559403662,3.82011125787909,0.9896193771626297,1.0,1.0,0.049242236612673435,0.12071080559743357,0.0,0,0.0,578,0,59
P2,30,P2_K30,18,2,2.4894708046889527,2.239156327275964,3.4993180955132175,3.899407070323946,0.9821138211382113,0.9983739837398374,0.9983739837398374,0.05376374725820583,0.13265531980666947,0.0,0,0.0,615,0,60
P2,30,P2_K30,19,2,2.4210310247273523,2.230895105811612,3.3354626486532464,3.642126530905898,0.9862542955326461,0.9982817869415808,0.9982817869415808,0.048889037715648356,0.12681903867243643,0.0,0,0.0,582,0,61
P2,30,P2_K30,20,2,2.444041798782656,2.2303661427665133,3.366205499140733,3.7873914148309495,0.988013698630137,1.0,1.0,0.04966469958300005,0.14388456619984075,0.0,0,0.0,584,0,62
P2,30,P2_K30,21,2,2.42650780769668,2.207158248187917,3.3662054991403068,3.806610389520116,0.9874551971326165,0.996415770609319,1.0,0.04829697950556087,0.12466846256994268,0.0,0,0.0,558,0,63
P2,30,P2_K30,22,2,2.4368708773892935,2.2394650344595135,3.366205499140733,3.798084922934917,0.9947552447552448,1.0,1.0,0.05037886079634079,0.12398770873922892,0.0,0,0.0,572,0,64
P2,30,P2_K30,23,2,2.475237989807594,2.2391563272751114,3.3662054991403068,3.899407070323136,0.9810344827586207,0.9948275862068966,0.996551724137931,0.051675220751994246,0.14927881847064312,0.0,0,0.0,580,0,65
P2,30,P2_K30,24,2,2.45493823749558,2.239156327275964,3.366205499140733,3.8533895363204973,0.9831365935919055,0.9983136593591906,1.0,0.05124451315301441,0.15363057661283894,0.0,0,0.0,593,0,66
P2,30,P2_K30,25,2,2.448848287535419,2.2391563272751114,3.3166774475006378,3.899407070323946,0.9899328859060402,0.9966442953020134,1.0,0.05174714987847994,0.12906648568499804,0.0,0,0.0,596,0,67
P2,30,P2_K30,26,2,2.5588906070052455,2.2397737416434893,3.6421265309067508,4.316973786256803,0.9775474956822107,0.9930915371329879,1.0,0.050292425995004206,0.1327742364684109,0.0,0,0.0,579,0,68
P2,30,P2_K30,27,2,2.455133805240024,2.229837179720562,3.366205499140733,3.8479820767049695,0.9855855855855856,1.0,1.0,0.046448471422398586,0.12443232618027376,0.0,0,0.0,555,0,69
P2,30,P2_K30,28,2,2.4837347760905346,2.2298371797214145,3.4898063185556794,3.894994455115566,0.9857651245551602,0.994661921708185,0.998220640569395,0.04803051754112533,0.11622207451495943,0.0,0,0.0,562,0,70
P2,30,P2_K30,29,2,2.447106574130809,2.230895105811612,3.3617655765600607,3.7394465989682146,0.9911190053285968,0.9982238010657194,0.9982238010657194,0.04734962596561878,0.12424019702102644,0.0,0,0.0,563,0,71
P2,35,P2_K35,0,2,2.395347962767372,2.2303661427665133,3.166098412927738,3.5192106823827314,0.9930795847750865,0.9982698961937716,1.0,0.04186486532668387,0.14354548539909273,0.0,0,0.0,578,0,42
P2,35,P2_K35,1,2,2.3908204866470313,2.229837179720562,3.1660984129268854,3.634992698189428,0.9850467289719627,0.9981308411214953,1.0,0.0392259853609423,0.14101540081533623,0.0,0,0.0,535,0,43
P2,35,P2_K35,2,2,2.456829212781583,2.2397737416434893,3.366205499140605,3.739446598968641,0.984070796460177,0.9982300884955753,1.0,0.04231304241391779,0.11834592351248421,0.0,0,0.0,565,0,44
P2,35,P2_K35,3,2,2.423991705921512,2.2397737416434893,3.2678276301242613,3.6518585377128994,0.991652754590985,0.998330550918197,0.998330550918197,0.04410093333200893,0.10857298785932434,0.0,0,0.0,599,0,45
P2,35,P2_K35,4,2,2.5134165532475827,2.2498579819432507,3.499318095512365,3.7930715447717422,0.9774696707105719,0.9965337954939342,0.9982668977469671,0.042074387845358635,0.1283240689015598,0.0,0,0.0,577,0,46
P2,35,P2_K35,5,2,2.395859957487785,2.2391563272751114,3.1660984129268854,3.6319353413099336,0.9890310786106032,0.9981718464351006,1.0,0.03952118154062679,0.1258596325886409,0.0,0,0.0,547,0,47
P2,35,P2_K35,6,2,2.384528490573739,2.2298371797214145,3.166098412927738,3.642126530905898,0.9963302752293578,0.998165137614679,1.0,0.04035540911504057,0.11179452468499214,0.0,0,0.0,545,0,48
P2,35,P2_K35,7,2,2.439823630616257,2.239156327275218,3.3662054991403068,3.642126530906335,0.9895470383275261,1.0,1.0,0.04360404734961599,0.12221302136005714,0.0,0,0.0,574,0,49
P2,35,P2_K35,8,2,2.4045083626976913,2.1762684634778484,3.166098412927738,3.6421265309067508,0.9887218045112782,0.9962406015037594,0.9962406015037594,0.03947994935835302,0.11195901137082542,0.0,0,0.0,532,0,50
P2,35,P2_K35,9,2,2.425599746106425,2.230895105811612,3.166098412926992,3.5010551004697277,0.9816176470588235,0.9944852941176471,0.9981617647058824,0.040482236378051484,0.1214280689933666,0.0,0,0.0,544,0,51
P2,35,P2_K35,10,2,2.3601848118607087,2.2071582481879135,3.1660984129268854,3.499318095512365,0.9967105263157895,0.9983552631578947,1.0,0.044783978083792766,0.14948878245053288,0.0,0,0.0,608,0,52
P2,35,P2_K35,11,2,2.548114546306984,2.2397737416434893,3.493611029338865,3.9131787590092117,0.979557069846678,0.9965928449744463,0.9982964224872232,0.044032431325677836,0.12744065376900907,0.0,0,0.0,587,0,53
P2,35,P2_K35,12,2,2.408688765391639,2.230895105811612,3.3479565254384904,3.739446598968641,0.9888682745825603,1.0,1.0,0.039664549379115815,0.1106124521506355,0.0,0,0.0,539,0,54
P2,35,P2_K35,13,2,2.4292647649432126,2.1774475261418047,3.366205499140637,3.89940707032353,0.9895470383275261,0.9965156794425087,0.9965156794425087,0.042057219364346095,0.12586124503327628,0.0,0,0.0,574,0,55
P2,35,P2_K35,14,2,2.3763527058483227,2.229837179720562,3.1660984129268854,3.462325101327224,0.9912126537785588,0.9947275922671354,0.9982425307557118,0.04247044052811875,0.11859017515941984,0.0,0,0.0,569,0,56
P2,35,P2_K35,15,2,2.462885188897627,2.239156327275964,3.3269194110673426,3.792013843733312,0.9808027923211169,0.9965095986038395,1.0,0.04119373331681174,0.127535691651289,0.0,0,0.0,573,0,57
P2,35,P2_K35,16,2,2.4453446384306594,2.2391563272751114,3.344005886239117,3.739446598968726,0.9838998211091234,0.9964221824686941,0.9964221824686941,0.041185092050270974,0.12590254233270043,0.0,0,0.0,559,0,58
P2,35,P2_K35,17,2,2.4487186722554046,2.288292412297377,3.3662054991405093,3.739446598968769,0.9896193771626297,1.0,1.0,0.04217399382724738,0.12071080559743357,0.0,0,0.0,578,0,59
P2,35,P2_K35,18,2,2.460042294618238,2.239156327275964,3.384185903978505,3.7864911224268596,0.9821138211382113,0.9983739837398374,0.9983739837398374,0.0460319122369273,0.13265531980666947,0.0,0,0.0,615,0,60
P2,35,P2_K35,19,2,2.4135543233032117,2.230895105811612,3.1660984129276635,3.642126530905898,0.9862542955326461,0.9982817869415808,0.9982817869415808,0.041892555456301626,0.12681903867243643,0.0,0,0.0,582,0,61
P2,35,P2_K35,20,2,2.4309009571091087,2.2298371797214145,3.365471574069094,3.739446598968577,0.988013698630137,1.0,1.0,0.04254799008605971,0.14388456619984075,0.0,0,0.0,584,0,62
P2,35,P2_K35,21,2,2.4176529897821677,2.207158248187917,3.219470654921141,3.6684974869486755,0.9874551971326165,0.996415770609319,1.0,0.04138340593561594,0.12475213637247608,0.0,0,0.0,558,0,63
P2,35,P2_K35,22,2,2.412667918749973,2.2394650344595135,3.249326000634736,3.642126530906282,0.9947552447552448,1.0,1.0,0.04314264005802655,0.11885092394736213,0.0,0,0.0,572,0,64
P2,35,P2_K35,23,2,2.464284555694842,2.2391563272751114,3.2636228210764435,3.8067723114243077,0.9810344827586207,0.9948275862068966,0.996551724137931,0.04427503901252172,0.14927881847064312,0.0,0,0.0,580,0,65
P2,35,P2_K35,24,2,2.4262076524396106,2.239156327275964,3.1660984129268854,3.7394465989682146,0.9831365935919055,0.9983136593591906,1.0,0.04387557692894946,0.14002680552833663,0.0,0,0.0,593,0,66
P2,35,P2_K35,25,2,2.4216073330908263,2.2391563272751114,3.1660984129268854,3.6664565479222233,0.9899328859060402,0.9966442953020134,1.0,0.044308680596381406,0.12906648568499804,0.0,0,0.0,596,0,67
P2,35,P2_K35,26,2,2.5409257241660628,2.2397737416434893,3.642126530905898,4.078090358282181,0.9775474956822107,0.9930915371329879,1.0,0.043078310526432496,0.12511773937516182,0.0,0,0.0,579,0,68
P2,35,P2_K35,27,2,2.444204471778357,2.229837179720562,3.366205499140605,3.7586323274507056,0.9855855855855856,1.0,1.0,0.03979578225074293,0.12443232618027376,0.0,0,0.0,555,0,69
P2,35,P2_K35,28,2,2.4705974616884703,2.2298371797214145,3.366205499140733,3.7651920161766412,0.9857651245551602,0.994661921708185,0.998220640569395,0.04114808768067557,0.11622207451495943,0.0,0,0.0,562,0,70
P2,35,P2_K35,29,2,2.432895820216685,2.230895105811612,3.240078490889517,3.6421265309066655,0.9911190053285968,0.9982238010657194,0.9982238010657194,0.04056271609282728,0.11961925806987675,0.0,0,0.0,563,0,71
P2,40,P2_K40,0,2,2.384643125588739,2.2298371797214145,3.1660984129269174,3.4993180955124927,0.9930795847750865,0.9982698961937716,1.0,0.03661641143691671,0.14354548539909273,0.0,0,0.0,578,0,42
P2,40,P2_K40,1,2,2.3852974267920533,2.182168765423995,3.1660984129268854,3.634992698189428,0.9850467289719627,0.9981308411214953,1.0,0.03431540872598718,0.14101540081533623,0.0,0,0.0,535,0,43
P2,40,P2_K40,2,2,2.4550460137327,2.2397737416434893,3.366205499140605,3.739446598968641,0.984070796460177,0.9982300884955753,1.0,0.03702141333374895,0.11834592351248421,0.0,0,0.0,565,0,44
P2,40,P2_K40,3,2,2.4145343130184065,2.239773741643063,3.2585735103808133,3.6421265309067508,0.991652754590985,0.998330550918197,0.998330550918197,0.03857426661999948,0.10857298785932434,0.0,0,0.0,599,0,45
P2,40,P2_K40,4,2,2.508743744414266,2.2498579819432507,3.499318095512365,3.7930715447717422,0.9774696707105719,0.9965337954939342,0.9982668977469671,0.036808402334190735,0.1283240689015598,0.0,0,0.0,577,0,46
P2,40,P2_K40,5,2,2.3930014579559162,2.2391563272751114,3.1660984129268854,3.6319353413099336,0.9890310786106032,0.9981718464351006,1.0,0.034577155873733126,0.1258596325886409,0.0,0,0.0,547,0,47
P2,40,P2_K40,6,2,2.3820201855387553,2.2298371797214145,3.166098412927738,3.613564843827206,0.9963302752293578,0.998165137614679,1.0,0.03530759253358692,0.11179452468499214,0.0,0,0.0,545,0,48
P2,40,P2_K40,7,2,2.4323416870775225,2.2391563272751114,3.3662054991403068,3.6421265309059727,0.9895470383275261,1.0,1.0,0.03814289005295954,0.12221302136005714,0.0,0,0.0,574,0,49
P2,40,P2_K40,8,2,2.4032909127562903,2.1762684634778484,3.166098412927738,3.6421265309067508,0.9887218045112782,0.9962406015037594,0.9962406015037594,0.034543349330997314,0.11195901137082542,0.0,0,0.0,532,0,50
P2,40,P2_K40,9,2,2.4188318209580606,2.230895105811612,3.1660984129268854,3.49789132896899,0.9816176470588235,0.9944852941176471,0.9981617647058824,0.035412825503213924,0.11988138874467716,0.0,0,0.0,544,0,51
P2,40,P2_K40,10,2,2.3582910008407527,2.2071582481879135,3.1660984129268854,3.499318095512365,0.9967105263157895,0.9983552631578947,1.0,0.03918312507654254,0.14948878245053288,0.0,0,0.0,608,0,52
P2,40,P2_K40,11,2,2.539096052015601,2.2397737416434893,3.462325101327096,3.899407070323754,0.979557069846678,0.9965928449744463,0.9982964224872232,0.03851524780642385,0.12744065376900907,0.0,0,0.0,587,0,53
P2,40,P2_K40,12,2,2.40036638912466,2.230895105811612,3.2585735103804723,3.6777366066266484,0.9888682745825603,1.0,1.0,0.03469535530789722,0.1106124521506355,0.0,0,0.0,539,0,54
P2,40,P2_K40,13,2,2.4192829823634283,2.1762684634779816,3.3339159025123357,3.739446598968364,0.9895470383275261,0.9965156794425087,0.9965156794425087,0.036785856767213555,0.12586124503327628,0.0,0,0.0,574,0,55
P2,40,P2_K40,14,2,2.3721181313804074,2.229837179720562,3.1597572282893225,3.462325101327224,0.9912126537785588,0.9947275922671354,0.9982425307557118,0.037155659586924725,0.11859017515941984,0.0,0,0.0,569,0,56
P2,40,P2_K40,15,2,2.4574806457023057,2.239156327275964,3.3269194110673426,3.792013843733312,0.9808027923211169,0.9965095986038395,1.0,0.03603683608859192,0.127535691651289,0.0,0,0.0,573,0,57
P2,40,P2_K40,16,2,2.4381736937711724,2.230895105812465,3.316054471121333,3.739446598968641,0.9838998211091234,0.9964221824686941,0.9964221824686941,0.03602701368370771,0.12590254233270043,0.0,0,0.0,559,0,58
P2,40,P2_K40,17,2,2.4443190787683506,2.2882924122973236,3.3662054991405093,3.739446598968505,0.9896193771626297,1.0,1.0,0.03689593764190813,0.12071080559743357,0.0,0,0.0,578,0,59
P2,40,P2_K40,18,2,2.4534225307554256,2.239156327275964,3.3769937420433966,3.7394465989688968,0.9821138211382113,0.9983739837398374,0.9983739837398374,0.04026782609725278,0.13265531980666947,0.0,0,0.0,615,0,60
P2,40,P2_K40,19,2,2.4059932948980323,2.230895105811612,3.1660984129276635,3.642126530905898,0.9862542955326461,0.9982817869415808,0.9982817869415808,0.03664507203981001,0.12681903867243643,0.0,0,0.0,582,0,61
P2,40,P2_K40,20,2,2.4243441402499504,2.2298371797214145,3.365471574069094,3.7248485887589973,0.988013698630137,1.0,1.0,0.037219994348502275,0.14388456619984075,0.0,0,0.0,584,0,62
P2,40,P2_K40,21,2,2.4105597261250735,2.207158248187917,3.166098412927738,3.6442041095831104,0.9874551971326165,0.996415770609319,1.0,0.036200663623424216,0.12475213637247608,0.0,0,0.0,558,0,63
P2,40,P2_K40,22,2,2.4092022421305503,2.2394650344595135,3.166098412927738,3.6051573883330645,0.9947552447552448,1.0,1.0,0.03774489346588654,0.11885092394736213,0.0,0,0.0,572,0,64
P2,40,P2_K40,23,2,2.4585612094506386,2.235025716543362,3.2636228210764435,3.8067723114243077,0.9810344827586207,0.9948275862068966,0.996551724137931,0.0387324261478076,0.14927881847064312,0.0,0,0.0,580,0,65
P2,40,P2_K40,24,2,2.423328177091467,2.2391563272753245,3.1660984129268854,3.7394465989682146,0.9831365935919055,0.9983136593591906,1.0,0.03838689487016845,0.14002680552833663,0.0,0,0.0,593,0,66
P2,40,P2_K40,25,2,2.4154467438534466,2.2391563272751114,3.1660984129268854,3.6664565479222233,0.9899328859060402,0.9966442953020134,1.0,0.03876098909528243,0.12906648568499804,0.0,0,0.0,596,0,67
P2,40,P2_K40,26,2,2.5305358034415733,2.2397737416434893,3.4917086739471874,3.937639048268324,0.9775474956822107,0.9930915371329879,1.0,0.037678601660778535,0.11573042468857249,0.0,0,0.0,579,0,68
P2,40,P2_K40,27,2,2.4430374747174093,2.229837179720562,3.366205499140605,3.7586323274507056,0.9855855855855856,1.0,1.0,0.03481970311183849,0.12443232618027376,0.0,0,0.0,555,0,69
P2,40,P2_K40,28,2,2.4650785530775634,2.2298371797214145,3.366205499140733,3.739446598969451,0.9857651245551602,0.994661921708185,0.998220640569395,0.0359968841942039,0.11622207451495943,0.0,0,0.0,562,0,70
P2,40,P2_K40,29,2,2.4287891890283735,2.230895105811612,3.240078490889517,3.6421265309066655,0.9911190053285968,0.9982238010657194,0.9982238010657194,0.035486642371504076,0.11961925806987675,0.0,0,0.0,563,0,71
P2,45,P2_K45,0,2,2.37727257631035,2.2298371797207217,3.1660984129268854,3.499318095512365,0.9930795847750865,0.9982698961937716,1.0,0.032538529351591516,0.14354548539909273,0.0,0,0.0,578,0,42
P2,45,P2_K45,1,2,2.3810104648903136,2.182168765423995,3.1660984129268854,3.634992698189428,0.9850467289719627,0.9981308411214953,1.0,0.030497529263008374,0.14101540081533623,0.0,0,0.0,535,0,43
P2,45,P2_K45,2,2,2.4524866831132948,2.2397737416434893,3.366205499140605,3.739446598968641,0.984070796460177,0.9982300884955753,1.0,0.032904735084584684,0.11834592351248421,0.0,0,0.0,565,0,44
P2,45,P2_K45,3,2,2.4081737675355392,2.239773741643063,3.2585735103804723,3.6421265309067508,0.991652754590985,0.998330550918197,0.998330550918197,0.034279837597970785,0.10857298785932434,0.0,0,0.0,599,0,45
P2,45,P2_K45,4,2,2.499073083232325,2.2498579819428244,3.499318095512365,3.7736232532449776,0.9774696707105719,0.9965337954939342,0.9982668977469671,0.03270627832813872,0.1283240689015598,0.0,0,0.0,577,0,46
P2,45,P2_K45,5,2,2.391906431006358,2.2391563272751114,3.1660984129268854,3.6319353413099336,0.9890310786106032,0.9981718464351006,1.0,0.030733929163465148,0.1258596325886409,0.0,0,0.0,547,0,47
P2,45,P2_K45,6,2,2.3780090550580657,2.229837179720988,3.166098412927738,3.613564843827206,0.9963302752293578,0.998165137614679,1.0,0.031379707326786306,0.11179452468499214,0.0,0,0.0,545,0,48
P2,45,P2_K45,7,2,2.4290326714787494,2.230895105812465,3.3662054991403068,3.6421265309059727,0.9895470383275261,1.0,1.0,0.03390060382363226,0.12221302136005714,0.0,0,0.0,574,0,49
P2,45,P2_K45,8,2,2.3995002893161055,2.172153970226489,3.166098412927738,3.6421265309067508,0.9887218045112782,0.9962406015037594,0.9962406015037594,0.030700753612407268,0.11195901137082542,0.0,0,0.0,532,0,50
P2,45,P2_K45,9,2,2.4100181152029525,2.2303661427665133,3.1637204686879272,3.49789132896899,0.9816176470588235,0.9944852941176471,0.9981617647058824,0.03146749688484365,0.11988138874467716,0.0,0,0.0,544,0,51
P2,45,P2_K45,10,2,2.3557733593838104,2.1946635068059095,3.1660984129268854,3.499318095512365,0.9967105263157895,0.9983552631578947,1.0,0.034826069896067305,0.14948878245053288,0.0,0,0.0,608,0,52
P2,45,P2_K45,11,2,2.524668064510805,2.239773741643063,3.39468604437036,3.8706046573990425,0.979557069846678,0.9965928449744463,0.9982964224872232,0.03421710468889943,0.12744065376900907,0.0,0,0.0,587,0,53
P2,45,P2_K45,12,2,2.3981438297873385,2.230895105811612,3.2585735103804723,3.6777366066266484,0.9888682745825603,1.0,1.0,0.03083767482509114,0.1106124521506355,0.0,0,0.0,539,0,54
P2,45,P2_K45,13,2,2.415242611769045,2.175089400813812,3.258573510380387,3.739446598968364,0.9895470383275261,0.9965156794425087,0.9965156794425087,0.03269342653399322,0.12586124503327628,0.0,0,0.0,574,0,55
P2,45,P2_K45,14,2,2.367268574702659,2.20715824818825,3.1597572282893225,3.462325101327224,0.9912126537785588,0.9947275922671354,0.9982425307557118,0.03302116963778309,0.11859017515941984,0.0,0,0.0,569,0,56
P2,45,P2_K45,15,2,2.4517950650424303,2.239156327275964,3.2585735103803657,3.739446598968982,0.9808027923211169,0.9965095986038395,1.0,0.03202556100794125,0.127535691651289,0.0,0,0.0,573,0,57
P2,45,P2_K45,16,2,2.4355510921036974,2.230895105811612,3.316054471121333,3.739446598968641,0.9838998211091234,0.9964221824686941,0.9964221824686941,0.03202078016520907,0.12590254233270043,0.0,0,0.0,559,0,58
P2,45,P2_K45,17,2,2.434537202853626,2.2397737416434893,3.3662054991403068,3.716802993809939,0.9896193771626297,1.0,1.0,0.03278392445533211,0.12071080559743357,0.0,0,0.0,578,0,59
P2,45,P2_K45,18,2,2.446410085002353,2.2391563272751114,3.3769937420433966,3.7394465989688968,0.9821138211382113,0.9983739837398374,0.9983739837398374,0.035784115582615045,0.13265531980666947,0.0,0,0.0,615,0,60
P2,45,P2_K45,19,2,2.4027097497120193,2.2298371797214145,3.166098412926992,3.642126530905898,0.9862542955326461,0.9982817869415808,0.9982817869415808,0.03256918435439404,0.12681903867243643,0.0,0,0.0,582,0,61
P2,45,P2_K45,20,2,2.4195744371467094,2.2298371797214145,3.363759082236232,3.7248485887589973,0.988013698630137,1.0,1.0,0.03307829853329767,0.14388456619984075,0.0,0,0.0,584,0,62
P2,45,P2_K45,21,2,2.4085559707177344,2.207158248187917,3.166098412927738,3.6442041095831104,0.9874551971326165,0.996415770609319,1.0,0.03217590272805853,0.12475213637247608,0.0,0,0.0,558,0,63
P2,45,P2_K45,22,2,2.4051925837084682,2.239156327275964,3.166098412927738,3.6051573883330645,0.9947552447552448,1.0,1.0,0.033545960142918926,0.11885092394736213,0.0,0,0.0,572,0,64
P2,45,P2_K45,23,2,2.456008528324565,2.230895105811612,3.2636228210764435,3.8067723114243077,0.9810344827586207,0.9948275862068966,0.996551724137931,0.03442555923223744,0.14927881847064312,0.0,0,0.0,580,0,65
P2,45,P2_K45,24,2,2.417432960258966,2.2391563272751114,3.1660984129268854,3.7394465989682146,0.9831365935919055,0.9983136593591906,1.0,0.03411397739874393,0.14002680552833663,0.0,0,0.0,593,0,66
P2,45,P2_K45,25,2,2.4072153310928757,2.2391563272751114,3.1660984129268854,3.6421265309061113,0.9899328859060402,0.9966442953020134,1.0,0.03444339700443691,0.12906648568499804,0.0,0,0.0,596,0,67
P2,45,P2_K45,26,2,2.5249210901676693,2.2397737416431163,3.4917086739471874,3.937639048268324,0.9775474956822107,0.9930915371329879,1.0,0.0334849234361559,0.11573042468857249,0.0,0,0.0,579,0,68
P2,45,P2_K45,27,2,2.440503979551276,2.229837179720562,3.366205499140605,3.7586323274507056,0.9855855855855856,1.0,1.0,0.03094774736524708,0.12443232618027376,0.0,0,0.0,555,0,69
P2,45,P2_K45,28,2,2.4596351063992956,2.2298371797214145,3.366205499140733,3.739446598969451,0.9857651245551602,0.994661921708185,0.998220640569395,0.031990486089219186,0.11622207451495943,0.0,0,0.0,562,0,70
P2,45,P2_K45,29,2,2.4248204101913613,2.229837179720988,3.240078490889517,3.6421265309066655,0.9911190053285968,0.9982238010657194,0.9982238010657194,0.031538756132507076,0.11961925806987675,0.0,0,0.0,563,0,71
P2,48,P2_K48,0,2,2.3726544541808368,2.218497713954073,3.1660984129268854,3.467874050454994,0.9930795847750865,0.9982698961937716,1.0,0.030499354413217283,0.14354548539909273,0.0,0,0.0,578,0,42
P2,48,P2_K48,1,2,2.377008179453915,2.1774475261418047,3.1660984129268854,3.634992698189428,0.9850467289719627,0.9981308411214953,1.0,0.02858700820724232,0.14101540081533623,0.0,0,0.0,535,0,43
P2,48,P2_K48,2,2,2.4496231537146547,2.2397737416434893,3.3662054991403068,3.7394465989685557,0.984070796460177,0.9982300884955753,1.0,0.03084484527996317,0.11834592351248421,0.0,0,0.0,565,0,44
P2,48,P2_K48,3,2,2.403303224216918,2.239156327275964,3.169439829976114,3.642126530905898,0.991652754590985,0.998330550918197,0.998330550918197,0.03213131795426525,0.10857298785932434,0.0,0,0.0,599,0,45
P2,48,P2_K48,4,2,2.4943714009758953,2.2498579819428244,3.499318095512365,3.7394465989694936,0.9774696707105719,0.9965337954939342,0.9982668977469671,0.030656528974416675,0.1283240689015598,0.0,0,0.0,577,0,46
P2,48,P2_K48,5,2,2.390951246335924,2.2391563272751114,3.1660984129268854,3.6319353413099336,0.9890310786106032,0.9981718464351006,1.0,0.028811978717206227,0.1258596325886409,0.0,0,0.0,547,0,47
P2,48,P2_K48,6,2,2.3720281809465256,2.229837179720988,3.166098412927738,3.499318095512365,0.9963302752293578,0.998165137614679,1.0,0.02941173872982697,0.11179452468499214,0.0,0,0.0,545,0,48
P2,48,P2_K48,7,2,2.4234477354068753,2.230895105812465,3.3662054991403068,3.642126530905898,0.9895470383275261,1.0,1.0,0.03177519043711626,0.12221302136005714,0.0,0,0.0,574,0,49
P2,48,P2_K48,8,2,2.3985181727470684,2.172153970226489,3.166098412927738,3.642126530906399,0.9887218045112782,0.9962406015037594,0.9962406015037594,0.02878087663808947,0.11195901137082542,0.0,0,0.0,532,0,50
P2,48,P2_K48,9,2,2.3973437087076785,2.229837179720988,3.0128603566487864,3.49789132896899,0.9816176470588235,0.9944852941176471,0.9981617647058824,0.029486528004777707,0.11988138874467716,0.0,0,0.0,544,0,51
P2,48,P2_K48,10,2,2.3519431989672643,2.1946635068059095,3.096884505109577,3.499318095512365,0.9967105263157895,0.9983552631578947,1.0,0.03264462749529363,0.14948878245053288,0.0,0,0.0,608,0,52
P2,48,P2_K48,11,2,2.523889231013554,2.239773741643063,3.3841859039793576,3.8706046573990425,0.979557069846678,0.9965928449744463,0.9982964224872232,0.03207759075649366,0.12744065376900907,0.0,0,0.0,587,0,53
P2,48,P2_K48,12,2,2.3968537794866123,2.230895105811612,3.2585735103803017,3.6777366066266484,0.9888682745825603,1.0,1.0,0.02890888302651548,0.1106124521506355,0.0,0,0.0,539,0,54
P2,48,P2_K48,13,2,2.4120000085620927,2.1750894008137323,3.258573510380387,3.6761885547282653,0.9895470383275261,0.9965156794425087,0.9965156794425087,0.030646240537323368,0.12586124503327628,0.0,0,0.0,574,0,55
P2,48,P2_K48,14,2,2.362395898975515,2.2071582481873975,3.1597572282893225,3.462325101327224,0.9912126537785588,0.9947275922671354,0.9982425307557118,0.03095161622687183,0.11859017515941984,0.0,0,0.0,569,0,56
P2,48,P2_K48,15,2,2.4471348788750413,2.2391563272751114,3.240078490889778,3.7394465989682146,0.9808027923211169,0.9965095986038395,1.0,0.03001844449927299,0.127535691651289,0.0,0,0.0,573,0,57
P2,48,P2_K48,16,2,2.428206229333046,2.230895105811612,3.197959100611768,3.7368044687125774,0.9838998211091234,0.9964221824686941,0.9964221824686941,0.030010995586660955,0.12590254233270043,0.0,0,0.0,559,0,58
P2,48,P2_K48,17,2,2.429288251133809,2.2397737416434893,3.3419140492766126,3.6592842878019867,0.9896193771626297,1.0,1.0,0.030728658727770735,0.12071080559743357,0.0,0,0.0,578,0,59
P2,48,P2_K48,18,2,2.437554568608158,2.2298371797214145,3.366205499140733,3.7394465989683425,0.9821138211382113,0.9983739837398374,0.9983739837398374,0.03353635227697535,0.13265531980666947,0.0,0,0.0,615,0,60
P2,48,P2_K48,19,2,2.4000166984104614,2.2298371797212013,3.166098412926992,3.642126530905898,0.9862542955326461,0.9982817869415808,0.9982817869415808,0.0305303709228167,0.12681903867243643,0.0,0,0.0,582,0,61
P2,48,P2_K48,20,2,2.412742834557137,2.2298371797214145,3.293918685253575,3.6421265309067508,0.988013698630137,1.0,1.0,0.03100265905834886,0.14388456619984075,0.0,0,0.0,584,0,62
P2,48,P2_K48,21,2,2.404041638071302,2.2071582481874907,3.166098412927738,3.6421265309067508,0.9874551971326165,0.996415770609319,1.0,0.03015970254594626,0.12475213637247608,0.0,0,0.0,558,0,63
P2,48,P2_K48,22,2,2.397743848059499,2.2391563272756443,3.1660984129269814,3.499318095512365,0.9947552447552448,1.0,1.0,0.03144053167170307,0.11885092394736213,0.0,0,0.0,572,0,64
P2,48,P2_K48,23,2,2.453812911989698,2.2303661427665133,3.2636228210764435,3.8067723114243077,0.9810344827586207,0.9948275862068966,0.996551724137931,0.03227132979966245,0.14927881847064312,0.0,0,0.0,580,0,65
P2,48,P2_K48,24,2,2.4153884323537205,2.2391563272751114,3.1660984129268854,3.642126530906367,0.9831365935919055,0.9983136593591906,1.0,0.03197934801385258,0.14002680552833663,0.0,0,0.0,593,0,66
P2,48,P2_K48,25,2,2.4056129080256365,2.2391563272751114,3.1660984129268854,3.642126530905898,0.9899328859060402,0.9966442953020134,1.0,0.03228871080742498,0.12906648568499804,0.0,0,0.0,596,0,67
P2,48,P2_K48,26,2,2.522842981350623,2.2397737416431163,3.4917086739471874,3.9046829887879553,0.9775474956822107,0.9930915371329879,1.0,0.031389628897228926,0.11573042468857249,0.0,0,0.0,579,0,68
P2,48,P2_K48,27,2,2.4377975919734998,2.229837179720562,3.3662054991403707,3.7586323274507056,0.9855855855855856,1.0,1.0,0.029010408729684217,0.12443232618027376,0.0,0,0.0,555,0,69
P2,48,P2_K48,28,2,2.4580287339336144,2.2298371797214145,3.358738206900699,3.739446598969451,0.9857651245551602,0.994661921708185,0.998220640569395,0.029989214841154337,0.11622207451495943,0.0,0,0.0,562,0,70
P2,48,P2_K48,29,2,2.4215391946936897,2.229837179720988,3.166098412927738,3.6421265309066655,0.9911190053285968,0.9982238010657194,0.9982238010657194,0.029563765826264923,0.11961925806987675,0.0,0,0.0,563,0,71
