experiment_id,scenario_id,replication,policy,K,demand_multiplier,service_time_mean,mean_response_time,p90_response_time,p95_response_time,coverage_6min,coverage_8min,coverage_10min,mean_utilization,max_utilization,mean_queue_length,max_queue_length,queue_fraction,total_incidents,incidents_queued,random_seed
exp2_fleet_sensitivity,P0_K15,0,P0_legacy,15,1.0,25.0,9.232227168823409,20.417980087566782,20.417980087566782,0.5051903114186851,0.5865051903114187,0.6505190311418685,0.1238203747907039,0.4939384687187272,0.0,0,0.0,578,0,42
exp2_fleet_sensitivity,P0_K15,1,P0_legacy,15,1.0,25.0,9.23879014335643,22.145115590781995,22.145115590781995,0.5251299826689775,0.5944540727902946,0.6464471403812825,0.1234232899499383,0.4807265988274106,0.0,0,0.0,577,0,43
exp2_fleet_sensitivity,P0_K15,2,P0_legacy,15,1.0,25.0,9.621207752278607,23.264668726389203,23.264668726389203,0.4974446337308347,0.5706984667802385,0.645655877342419,0.1305751735137235,0.5110141606638723,0.0,0,0.0,587,0,44
exp2_fleet_sensitivity,P0_K15,3,P0_legacy,15,1.0,25.0,9.341549728638306,22.197742963942915,22.197742963942915,0.5217391304347826,0.6020066889632107,0.6521739130434783,0.1300376288009241,0.5211851509379086,0.0,0,0.0,598,0,45
exp2_fleet_sensitivity,P0_K15,4,P0_legacy,15,1.0,25.0,9.893975313890207,22.51118346421464,22.51118346421464,0.4835355285961871,0.5459272097053726,0.6065857885615251,0.1263387991847442,0.5023657481304689,0.0,0,0.0,577,0,46
exp2_fleet_sensitivity,P0_K15,5,P0_legacy,15,1.0,25.0,8.856182295498613,20.191280884065325,20.191280884065325,0.5283363802559415,0.6106032906764168,0.676416819012797,0.1155877590372027,0.4653825654494012,0.0,0,0.0,547,0,47
exp2_fleet_sensitivity,P0_K15,6,P0_legacy,15,1.0,25.0,9.880075148888125,23.068514956333672,23.068514956333672,0.470383275261324,0.5418118466898955,0.6045296167247387,0.1275917385583657,0.5078266382526683,0.0,0,0.0,574,0,48
exp2_fleet_sensitivity,P0_K15,7,P0_legacy,15,1.0,25.0,9.843928033636525,22.154289395445588,22.154289395445588,0.4642233856893543,0.5479930191972077,0.6230366492146597,0.1292730005703958,0.5253240252315644,0.0,0,0.0,573,0,49
exp2_fleet_sensitivity,P0_K15,8,P0_legacy,15,1.0,25.0,9.293113620951404,22.197742963943767,22.197742963943767,0.5178907721280602,0.5951035781544256,0.6572504708097928,0.1161660007774894,0.4483301758880616,0.0,0,0.0,531,0,50
exp2_fleet_sensitivity,P0_K15,9,P0_legacy,15,1.0,25.0,9.280055950542016,21.964285894964007,21.964285894964007,0.5149384885764499,0.6010544815465729,0.6414762741652021,0.1250486312509725,0.4999837866875296,0.0,0,0.0,569,0,51
exp2_fleet_sensitivity,P0_K15,10,P0_legacy,15,1.0,25.0,9.46159559117594,22.39207629477133,22.39207629477133,0.5032894736842105,0.5773026315789473,0.6381578947368421,0.1330469318129206,0.5206806599615323,0.0,0,0.0,608,0,52
exp2_fleet_sensitivity,P0_K15,11,P0_legacy,15,1.0,25.0,9.879221849811632,22.197742963943043,22.197742963943043,0.4616695059625213,0.5519591141396933,0.6013628620102215,0.1312037153363516,0.509251726778792,0.0,0,0.0,587,0,53
exp2_fleet_sensitivity,P0_K15,12,P0_legacy,15,1.0,25.0,9.40784522328515,21.980475121455783,21.980475121455783,0.484629294755877,0.5678119349005425,0.6419529837251357,0.1205459133924169,0.4567866709572094,0.0,0,0.0,553,0,54
exp2_fleet_sensitivity,P0_K15,13,P0_legacy,15,1.0,25.0,9.619808471282552,22.8822351281312,22.8822351281312,0.494773519163763,0.578397212543554,0.6428571428571429,0.1254309462908736,0.5002127804746105,0.0,0,0.0,574,0,55
exp2_fleet_sensitivity,P0_K15,14,P0_legacy,15,1.0,25.0,9.39125221358546,20.522990072616267,20.522990072616267,0.5055292259083728,0.5797788309636651,0.6303317535545023,0.1387979354789745,0.5138553833963404,0.0,0,0.0,633,0,56
exp2_fleet_sensitivity,P0_K15,15,P0_legacy,15,1.0,25.0,9.405388510460062,20.729238249674545,20.729238249674545,0.5106761565836299,0.5818505338078291,0.6334519572953736,0.1202313876901869,0.4932819246331119,0.0,0,0.0,562,0,57
exp2_fleet_sensitivity,P0_K15,16,P0_legacy,15,1.0,25.0,8.859202491274688,19.87661715931398,19.87661715931398,0.5174953959484346,0.6003683241252302,0.6593001841620626,0.1164742448901986,0.4530354539016448,0.0,0,0.0,543,0,58
exp2_fleet_sensitivity,P0_K15,17,P0_legacy,15,1.0,25.0,9.66147633424321,23.26466872638946,23.26466872638946,0.4982698961937716,0.5692041522491349,0.6366782006920415,0.1259785644899592,0.488851407327699,0.0,0,0.0,578,0,59
exp2_fleet_sensitivity,P0_K15,18,P0_legacy,15,1.0,25.0,8.863954057519145,22.110835826948065,22.110835826948065,0.5495934959349593,0.6211382113821138,0.6780487804878049,0.1334554521916138,0.495050136349708,0.0,0,0.0,615,0,60
exp2_fleet_sensitivity,P0_K15,19,P0_legacy,15,1.0,25.0,9.252061114990257,22.39207629477137,22.39207629477137,0.5150442477876106,0.5876106194690266,0.6460176991150443,0.1204504773584055,0.491234150115642,0.0,0,0.0,565,0,61
exp2_fleet_sensitivity,P0_K15,20,P0_legacy,15,1.0,25.0,9.632937909464692,22.79586052965025,22.79586052965025,0.4837133550488599,0.5684039087947883,0.6335504885993485,0.1339647388812506,0.5057088539101444,0.0,0,0.0,614,0,62
exp2_fleet_sensitivity,P0_K15,21,P0_legacy,15,1.0,25.0,9.639901863174371,21.98047512145565,21.98047512145565,0.4783393501805054,0.572202166064982,0.6335740072202166,0.122277139181368,0.4805026138758257,0.0,0,0.0,554,0,63
exp2_fleet_sensitivity,P0_K15,22,P0_legacy,15,1.0,25.0,8.94688568586107,20.952796961432934,20.952796961432934,0.5260416666666666,0.59375,0.6597222222222222,0.1264534308028846,0.4658987049702513,0.0,0,0.0,576,0,64
exp2_fleet_sensitivity,P0_K15,23,P0_legacy,15,1.0,25.0,9.689634812559644,23.0178575452807,23.0178575452807,0.4827586206896552,0.5793103448275863,0.646551724137931,0.1310247150304183,0.5046483923782027,0.0,0,0.0,580,0,65
exp2_fleet_sensitivity,P0_K15,24,P0_legacy,15,1.0,25.0,9.590310368731744,23.264668726388948,23.264668726388948,0.5008431703204047,0.5682967959527825,0.6408094435075885,0.1304736537784034,0.5015524523309658,0.0,0,0.0,593,0,66
exp2_fleet_sensitivity,P0_K15,25,P0_legacy,15,1.0,25.0,9.477963458050729,20.439327353351484,20.439327353351484,0.5,0.5766666666666667,0.64,0.1319595246535565,0.510401585102653,0.0,0,0.0,600,0,67
exp2_fleet_sensitivity,P0_K15,26,P0_legacy,15,1.0,25.0,9.989528010079365,22.920135102572463,22.920135102572463,0.4677966101694915,0.5423728813559322,0.5949152542372881,0.1314563255337729,0.4759407619109254,0.0,0,0.0,590,0,68
exp2_fleet_sensitivity,P0_K15,27,P0_legacy,15,1.0,25.0,9.49985293172117,21.210536697545564,21.210536697545564,0.4824707846410684,0.5459098497495827,0.6227045075125208,0.1282199748432646,0.5104717494735919,0.0,0,0.0,599,0,69
exp2_fleet_sensitivity,P0_K15,28,P0_legacy,15,1.0,25.0,9.792648294731476,22.891218939556484,22.891218939556484,0.4893238434163701,0.5782918149466192,0.6423487544483986,0.1232277639015376,0.4794027716524862,0.0,0,0.0,562,0,70
exp2_fleet_sensitivity,P0_K15,29,P0_legacy,15,1.0,25.0,9.74427987876624,22.56224943270448,22.56224943270448,0.4802631578947368,0.5641447368421053,0.6430921052631579,0.1320335559090547,0.5095804898889873,0.0,0,0.0,608,0,71
exp2_fleet_sensitivity,P1_K15,0,P1,15,1.0,25.0,2.879266956114464,4.908848432908261,4.908848432908261,0.9567474048442908,0.9930795847750864,0.9982698961937716,0.0995345877341843,0.1435454853990927,0.0,0,0.0,578,0,42
exp2_fleet_sensitivity,P1_K15,1,P1,15,1.0,25.0,2.856917584989381,4.862604846950036,4.862604846950036,0.9626168224299064,0.994392523364486,1.0,0.0931765184057777,0.1400274344160269,0.0,0,0.0,535,0,43
exp2_fleet_sensitivity,P1_K15,2,P1,15,1.0,25.0,2.966486250453281,5.065276240379605,5.065276240379605,0.9575221238938052,0.9946902654867256,1.0,0.100634904695203,0.1442811978043666,0.0,0,0.0,565,0,44
exp2_fleet_sensitivity,P1_K15,3,P1,15,1.0,25.0,2.9318153752737426,5.021453252838086,5.021453252838086,0.9565943238731218,0.994991652754591,0.998330550918197,0.1049139924436159,0.1865304279207033,0.0,0,0.0,599,0,45
exp2_fleet_sensitivity,P1_K15,4,P1,15,1.0,25.0,2.968469891640397,5.050668577865848,5.050668577865848,0.9566724436741768,0.9930675909878682,0.9982668977469672,0.0999101177784072,0.1455979152681235,0.0,0,0.0,577,0,46
exp2_fleet_sensitivity,P1_K15,5,P1,15,1.0,25.0,2.927646852578632,4.956552680529399,4.956552680529399,0.959780621572212,0.9963436928702012,1.0,0.0941399489361628,0.1445010661539742,0.0,0,0.0,547,0,47
exp2_fleet_sensitivity,P1_K15,6,P1,15,1.0,25.0,2.8799781722205617,4.743097083245006,4.743097083245006,0.96309963099631,0.992619926199262,0.9981549815498156,0.095473543829063,0.1512831663048927,0.0,0,0.0,542,0,48
exp2_fleet_sensitivity,P1_K15,7,P1,15,1.0,25.0,2.975871808516514,5.021453252838214,5.021453252838214,0.9581881533101044,0.9930313588850174,1.0,0.1037777748615031,0.1412501103354449,0.0,0,0.0,574,0,49
exp2_fleet_sensitivity,P1_K15,8,P1,15,1.0,25.0,2.960660272061102,5.094491565407111,5.094491565407111,0.9511278195488722,0.986842105263158,0.9943609022556392,0.0940767126283616,0.1599584176878559,0.0,0,0.0,532,0,50
exp2_fleet_sensitivity,P1_K15,9,P1,15,1.0,25.0,2.9139247242643567,4.978733626998774,4.978733626998774,0.9558823529411764,0.9871323529411764,0.9981617647058824,0.096215487978138,0.1542946200712148,0.0,0,0.0,544,0,51
exp2_fleet_sensitivity,P1_K15,10,P1,15,1.0,25.0,2.8989570819260795,5.0214532528383415,5.0214532528383415,0.957166392092257,0.9934102141680397,0.99835255354201,0.1064762324377109,0.1740092090480816,0.0,0,0.0,607,0,52
exp2_fleet_sensitivity,P1_K15,11,P1,15,1.0,25.0,3.0855604014082334,5.355373201640248,5.355373201640248,0.9437819420783644,0.9948892674616696,0.9982964224872232,0.1048288524381188,0.1491511210305488,0.0,0,0.0,587,0,53
exp2_fleet_sensitivity,P1_K15,12,P1,15,1.0,25.0,2.8959940755401905,4.753505893363126,4.753505893363126,0.961038961038961,0.9925788497217068,1.0,0.0942877684068923,0.1549248260004666,0.0,0,0.0,539,0,54
exp2_fleet_sensitivity,P1_K15,13,P1,15,1.0,25.0,2.889306892746521,4.777417872452787,4.777417872452787,0.9634146341463414,0.9930313588850174,0.9965156794425089,0.0998799680760608,0.1541020758526889,0.0,0,0.0,574,0,55
exp2_fleet_sensitivity,P1_K15,14,P1,15,1.0,25.0,2.912121034800833,4.7774178724532135,4.7774178724532135,0.9560632688927944,0.9876977152899824,0.9947275922671354,0.1011139126818404,0.1632981974262783,0.0,0,0.0,569,0,56
exp2_fleet_sensitivity,P1_K15,15,P1,15,1.0,25.0,2.939173265477101,5.102205077654049,5.102205077654049,0.9528795811518324,0.9947643979057592,1.0,0.0979236916802329,0.144359143372985,0.0,0,0.0,573,0,57
exp2_fleet_sensitivity,P1_K15,16,P1,15,1.0,25.0,2.886503408099666,4.886802965709308,4.886802965709308,0.966010733452594,0.9910554561717352,0.9946332737030412,0.0977295517697127,0.159993563669883,0.0,0,0.0,559,0,58
exp2_fleet_sensitivity,P1_K15,17,P1,15,1.0,25.0,3.0223959907248448,5.218897419625251,5.218897419625251,0.9429065743944636,0.9965397923875432,1.0,0.100599011324922,0.1630146847012366,0.0,0,0.0,578,0,59
exp2_fleet_sensitivity,P1_K15,18,P1,15,1.0,25.0,3.0010815903254127,5.0214532528383415,5.0214532528383415,0.9447154471544716,0.9902439024390244,0.9967479674796748,0.1096084510849726,0.1855824832389916,0.0,0,0.0,615,0,60
exp2_fleet_sensitivity,P1_K15,19,P1,15,1.0,25.0,2.862612289790295,4.7774178724532135,4.7774178724532135,0.9621993127147768,0.9948453608247424,0.9982817869415808,0.0994778128404676,0.1621758596167373,0.0,0,0.0,582,0,61
exp2_fleet_sensitivity,P1_K15,20,P1,15,1.0,25.0,2.945428779512925,5.095115985411753,5.095115985411753,0.9571917808219178,0.9931506849315068,0.9965753424657534,0.1012659732185561,0.1426737570613384,0.0,0,0.0,584,0,62
exp2_fleet_sensitivity,P1_K15,21,P1,15,1.0,25.0,2.863605011183271,4.777417872453469,4.777417872453469,0.9605734767025088,0.992831541218638,1.0,0.0982070558335126,0.1481649689781157,0.0,0,0.0,558,0,63
exp2_fleet_sensitivity,P1_K15,22,P1,15,1.0,25.0,2.9951688352477124,5.085921902117034,5.085921902117034,0.9562937062937062,0.9895104895104896,1.0,0.1028698011687067,0.1482407345830491,0.0,0,0.0,572,0,64
exp2_fleet_sensitivity,P1_K15,23,P1,15,1.0,25.0,3.0270691716410094,5.3143292843691095,5.3143292843691095,0.9413793103448276,0.986206896551724,0.996551724137931,0.1054672542385346,0.1653209104194782,0.0,0,0.0,580,0,65
exp2_fleet_sensitivity,P1_K15,24,P1,15,1.0,25.0,2.910509837564625,4.747527898590732,4.747527898590732,0.9494097807757168,0.9949409780775716,1.0,0.1042757588380456,0.1775258763870511,0.0,0,0.0,593,0,66
exp2_fleet_sensitivity,P1_K15,25,P1,15,1.0,25.0,2.953745599837369,5.057972409122726,5.057972409122726,0.953020134228188,0.9916107382550337,1.0,0.1054845034483087,0.1625820857224208,0.0,0,0.0,596,0,67
exp2_fleet_sensitivity,P1_K15,26,P1,15,1.0,25.0,3.0468942074685184,5.109447995644132,5.109447995644132,0.9412780656303972,0.9861830742659758,1.0,0.1024535959362269,0.1641968588571375,0.0,0,0.0,579,0,68
exp2_fleet_sensitivity,P1_K15,27,P1,15,1.0,25.0,2.9894776458503163,5.184662436200512,5.184662436200512,0.9531531531531532,1.0,1.0,0.0948583240057674,0.1577219323390669,0.0,0,0.0,555,0,69
exp2_fleet_sensitivity,P1_K15,28,P1,15,1.0,25.0,3.0290646998004944,5.248104855005082,5.248104855005082,0.9466192170818504,0.9839857651245552,0.99288256227758,0.0980879888992149,0.1570915513723811,0.0,0,0.0,562,0,70
exp2_fleet_sensitivity,P1_K15,29,P1,15,1.0,25.0,2.8753017413903965,4.8934370278578285,4.8934370278578285,0.9621993127147768,0.9965635738831616,1.0,0.0999346887960754,0.1607419214555182,0.0,0,0.0,582,0,71
exp2_fleet_sensitivity,P2_K15,0,P2,15,1.0,25.0,2.7872289931914733,4.178103363629652,4.178103363629652,0.9619377162629758,0.9896193771626296,0.9965397923875432,0.0991827494896772,0.1805180720117055,0.0,0,0.0,578,0,42
exp2_fleet_sensitivity,P2_K15,1,P2,15,1.0,25.0,2.765264422272157,4.171752456819662,4.171752456819662,0.9626168224299064,0.994392523364486,1.0,0.0928522165403432,0.1687643786996698,0.0,0,0.0,535,0,43
exp2_fleet_sensitivity,P2_K15,2,P2,15,1.0,25.0,2.860957797760624,4.435691374775219,4.435691374775219,0.9575221238938052,0.9893805309734514,1.0,0.1002405688766094,0.1901762970281876,0.0,0,0.0,565,0,44
exp2_fleet_sensitivity,P2_K15,3,P2,15,1.0,25.0,2.8298708192040607,4.444182607149685,4.444182607149685,0.9565943238731218,0.991652754590985,0.998330550918197,0.1045101247909326,0.1763081353328981,0.0,0,0.0,599,0,45
exp2_fleet_sensitivity,P2_K15,4,P2,15,1.0,25.0,2.826600464563419,4.151408306944404,4.151408306944404,0.9618717504332756,0.9913344887348352,0.9982668977469672,0.0993687245282524,0.1778381158457416,0.0,0,0.0,577,0,46
exp2_fleet_sensitivity,P2_K15,5,P2,15,1.0,25.0,2.795279451086526,4.491966912405417,4.491966912405417,0.9707495429616088,0.9963436928702012,1.0,0.0936610800961087,0.1710707823084792,0.0,0,0.0,547,0,47
exp2_fleet_sensitivity,P2_K15,6,P2,15,1.0,25.0,2.807925580754364,4.143585400203878,4.143585400203878,0.9686346863468634,0.9907749077490776,1.0,0.0952152600686484,0.1795761721382548,0.0,0,0.0,542,0,48
exp2_fleet_sensitivity,P2_K15,7,P2,15,1.0,25.0,2.815518021247809,4.481034893309158,4.481034893309158,0.9616724738675958,0.9930313588850174,1.0,0.1031690243727978,0.1967969330937648,0.0,0,0.0,574,0,49
exp2_fleet_sensitivity,P2_K15,8,P2,15,1.0,25.0,2.7886313601473027,4.1435854002039205,4.1435854002039205,0.9473684210526316,0.9849624060150376,0.9962406015037594,0.0934714257160723,0.153977861431365,0.0,0,0.0,532,0,50
exp2_fleet_sensitivity,P2_K15,9,P2,15,1.0,25.0,2.8114826267322,4.489671762116245,4.489671762116245,0.9540441176470588,0.9908088235294118,0.9981617647058824,0.0958469132356944,0.1785238819184644,0.0,0,0.0,544,0,51
exp2_fleet_sensitivity,P2_K15,10,P2,15,1.0,25.0,2.7773927148650706,4.317428736980614,4.317428736980614,0.9637561779242174,0.9917627677100496,1.0,0.1059882061757663,0.1851611842014463,0.0,0,0.0,607,0,52
exp2_fleet_sensitivity,P2_K15,11,P2,15,1.0,25.0,2.945818435241934,4.799696998449346,4.799696998449346,0.9437819420783644,0.989778534923339,0.9982964224872232,0.1042863356779362,0.170106531070255,0.0,0,0.0,587,0,53
exp2_fleet_sensitivity,P2_K15,12,P2,15,1.0,25.0,2.803194863661704,4.088825053023583,4.088825053023583,0.9554730983302412,0.9888682745825604,1.0,0.0939569564015848,0.1453637601479981,0.0,0,0.0,539,0,54
exp2_fleet_sensitivity,P2_K15,13,P2,15,1.0,25.0,2.751127820032216,4.151408306944404,4.151408306944404,0.9651567944250872,0.9947735191637632,0.9965156794425089,0.0993553993740899,0.1756070533725733,0.0,0,0.0,574,0,55
exp2_fleet_sensitivity,P2_K15,14,P2,15,1.0,25.0,2.8059886521772817,4.445983030460837,4.445983030460837,0.9595782073813708,0.9859402460456942,0.9964850615114236,0.1007145123795071,0.1707362275434225,0.0,0,0.0,569,0,56
exp2_fleet_sensitivity,P2_K15,15,P2,15,1.0,25.0,2.779069641670441,4.308316339323155,4.308316339323155,0.9581151832460733,0.9930191972076788,1.0,0.0973169497725529,0.1596702501384651,0.0,0,0.0,573,0,57
exp2_fleet_sensitivity,P2_K15,16,P2,15,1.0,25.0,2.8459495971591307,4.551150699351694,4.551150699351694,0.9463327370304114,0.9874776386404294,0.996422182468694,0.0975796206829683,0.2107226705527759,0.0,0,0.0,559,0,58
exp2_fleet_sensitivity,P2_K15,17,P2,15,1.0,25.0,2.89111352157906,4.600048498503555,4.600048498503555,0.9498269896193772,0.9965397923875432,1.0,0.1000971510923409,0.1795534851388238,0.0,0,0.0,578,0,59
exp2_fleet_sensitivity,P2_K15,18,P2,15,1.0,25.0,2.8504398060235903,4.397905137798688,4.397905137798688,0.9482758620689656,0.9827586206896552,0.9948275862068966,0.1033255696479056,0.1945214120244202,0.0,0,0.0,580,0,60
exp2_fleet_sensitivity,P2_K15,19,P2,15,1.0,25.0,2.7652075790630084,4.1514083069443615,4.1514083069443615,0.9604810996563574,0.993127147766323,0.9982817869415808,0.0991028820094935,0.1907608721052392,0.0,0,0.0,582,0,61
exp2_fleet_sensitivity,P2_K15,20,P2,15,1.0,25.0,2.820883150533287,4.674690645647769,4.674690645647769,0.9554794520547946,0.9965753424657534,1.0,0.1007849239637671,0.1916062288933215,0.0,0,0.0,584,0,62
exp2_fleet_sensitivity,P2_K15,21,P2,15,1.0,25.0,2.784155307796728,4.381189025049238,4.381189025049238,0.9516129032258064,0.992831541218638,1.0,0.0979138485948242,0.2153769087005596,0.0,0,0.0,558,0,63
exp2_fleet_sensitivity,P2_K15,22,P2,15,1.0,25.0,2.861651338721894,4.742172587747674,4.742172587747674,0.965034965034965,0.9947552447552448,0.9982517482517482,0.1023646952956064,0.1995936731776695,0.0,0,0.0,572,0,64
exp2_fleet_sensitivity,P2_K15,23,P2,15,1.0,25.0,2.8724131154456063,4.946085938114664,4.946085938114664,0.943103448275862,0.9896551724137932,0.996551724137931,0.1048739968801131,0.2050843758794513,0.0,0,0.0,580,0,65
exp2_fleet_sensitivity,P2_K15,24,P2,15,1.0,25.0,2.807716063138088,4.397905137799029,4.397905137799029,0.9629005059021922,0.9932546374367622,1.0,0.1038726060058039,0.2241031491796695,0.0,0,0.0,593,0,66
exp2_fleet_sensitivity,P2_K15,25,P2,15,1.0,25.0,2.855137244864625,4.421476492628926,4.421476492628926,0.953020134228188,0.9865771812080536,0.9983221476510068,0.1050958091390246,0.192963134267148,0.0,0,0.0,596,0,67
exp2_fleet_sensitivity,P2_K15,26,P2,15,1.0,25.0,2.969386231568509,5.001539419834842,5.001539419834842,0.9343696027633852,0.9861830742659758,1.0,0.1021567895999431,0.1909254047639782,0.0,0,0.0,579,0,68
exp2_fleet_sensitivity,P2_K15,27,P2,15,1.0,25.0,2.799139380267675,4.151408306944234,4.151408306944234,0.9657657657657658,1.0,1.0,0.0941596617213867,0.1682964416914217,0.0,0,0.0,555,0,69
exp2_fleet_sensitivity,P2_K15,28,P2,15,1.0,25.0,2.90227293999714,4.833828491167486,4.833828491167486,0.9501779359430604,0.9804270462633452,0.99644128113879,0.0976167126491522,0.1667484830995821,0.0,0,0.0,562,0,70
exp2_fleet_sensitivity,P2_K15,29,P2,15,1.0,25.0,2.758900453777325,4.143585400203916,4.143585400203916,0.963917525773196,0.993127147766323,1.0,0.0994866362207394,0.1822399844540616,0.0,0,0.0,582,0,71
exp2_fleet_sensitivity,P0_K20,0,P0_legacy,20,1.0,25.0,3.155871364135495,5.093761038327216,5.093761038327216,0.9411764705882352,0.9948096885813148,1.0,0.0754439832006192,0.1666659308845024,0.0,0,0.0,578,0,42
exp2_fleet_sensitivity,P0_K20,1,P0_legacy,20,1.0,25.0,3.1799568515571823,5.093761038327216,5.093761038327216,0.9439252336448598,0.9981308411214952,1.0,0.0707396606674969,0.1771970825205454,0.0,0,0.0,535,0,43
exp2_fleet_sensitivity,P0_K20,2,P0_legacy,20,1.0,25.0,3.192969738418067,5.7257439034056645,5.7257439034056645,0.9380530973451328,0.9982300884955752,1.0,0.0761109164713036,0.156442081713742,0.0,0,0.0,565,0,44
exp2_fleet_sensitivity,P0_K20,3,P0_legacy,20,1.0,25.0,3.100778935894183,5.093761038326704,5.093761038326704,0.9499165275459098,0.998330550918197,0.998330550918197,0.0791875239597538,0.1357357941309558,0.0,0,0.0,599,0,45
exp2_fleet_sensitivity,P0_K20,4,P0_legacy,20,1.0,25.0,3.240873114856975,5.543699123328196,5.543699123328196,0.9306759098786828,0.9948006932409011,0.9982668977469672,0.0757122344637457,0.1518996408966841,0.0,0,0.0,577,0,46
exp2_fleet_sensitivity,P0_K20,5,P0_legacy,20,1.0,25.0,3.0687726697582542,5.00432402632788,5.00432402632788,0.9506398537477148,0.9981718464351006,1.0,0.0709878774858387,0.1410974375782281,0.0,0,0.0,547,0,47
exp2_fleet_sensitivity,P0_K20,6,P0_legacy,20,1.0,25.0,3.035824368148649,4.540874724738728,4.540874724738728,0.959409594095941,0.996309963099631,1.0,0.0720241491326754,0.1272991078091302,0.0,0,0.0,542,0,48
exp2_fleet_sensitivity,P0_K20,7,P0_legacy,20,1.0,25.0,3.2106408238992885,5.458405857989274,5.458405857989274,0.9425087108013938,0.9965156794425089,1.0,0.0785017707038144,0.1542928055747494,0.0,0,0.0,574,0,49
exp2_fleet_sensitivity,P0_K20,8,P0_legacy,20,1.0,25.0,3.1827064869304724,5.453563148573883,5.453563148573883,0.9398496240601504,0.9962406015037594,0.9962406015037594,0.0711434897605098,0.1370935530462503,0.0,0,0.0,532,0,50
exp2_fleet_sensitivity,P0_K20,9,P0_legacy,20,1.0,25.0,3.033534014845977,4.945668158688932,4.945668158688932,0.9618874773139746,1.0,1.0,0.0738813853555735,0.1417097472733438,0.0,0,0.0,551,0,51
exp2_fleet_sensitivity,P0_K20,10,P0_legacy,20,1.0,25.0,3.119031009889125,5.093761038327216,5.093761038327216,0.9456342668863262,0.9967051070840196,1.0,0.0805197977125767,0.1872278996356866,0.0,0,0.0,607,0,52
exp2_fleet_sensitivity,P0_K20,11,P0_legacy,20,1.0,25.0,3.318783111547217,5.892374602399144,5.892374602399144,0.9114139693356048,0.9965928449744464,0.9982964224872232,0.07930071537448,0.1604908497380617,0.0,0,0.0,587,0,53
exp2_fleet_sensitivity,P0_K20,12,P0_legacy,20,1.0,25.0,3.160793644898161,5.093761038327216,5.093761038327216,0.9424860853432282,0.9981447124304268,1.0,0.0714237973760222,0.1361753081529037,0.0,0,0.0,539,0,54
exp2_fleet_sensitivity,P0_K20,13,P0_legacy,20,1.0,25.0,3.143825493569428,5.358220455243316,5.358220455243316,0.940766550522648,0.9965156794425089,0.9965156794425089,0.0756346470732775,0.1594611794752099,0.0,0,0.0,574,0,55
exp2_fleet_sensitivity,P0_K20,14,P0_legacy,20,1.0,25.0,3.057361103022321,5.0214532528379365,5.0214532528379365,0.9560632688927944,0.9947275922671354,0.9982425307557118,0.0762453630769459,0.153332810765176,0.0,0,0.0,569,0,56
exp2_fleet_sensitivity,P0_K20,15,P0_legacy,20,1.0,25.0,3.1572638957151797,5.892374602398718,5.892374602398718,0.9232111692844676,0.9965095986038396,1.0,0.0740626394502859,0.1563513597830451,0.0,0,0.0,573,0,57
exp2_fleet_sensitivity,P0_K20,16,P0_legacy,20,1.0,25.0,3.168738394907047,5.132147901681007,5.132147901681007,0.9391771019677996,0.9946332737030412,0.996422182468694,0.0740797499266165,0.1434679454405493,0.0,0,0.0,559,0,58
exp2_fleet_sensitivity,P0_K20,17,P0_legacy,20,1.0,25.0,3.1619775543495243,5.093761038327216,5.093761038327216,0.944636678200692,0.9982698961937716,1.0,0.075849447698925,0.1621682464709407,0.0,0,0.0,578,0,59
exp2_fleet_sensitivity,P0_K20,18,P0_legacy,20,1.0,25.0,3.179826738127407,5.093761038327216,5.093761038327216,0.9365853658536586,0.9967479674796748,0.9983739837398374,0.0827516174104469,0.1592073123778445,0.0,0,0.0,615,0,60
exp2_fleet_sensitivity,P0_K20,19,P0_legacy,20,1.0,25.0,3.145351771541129,5.657677316841194,5.657677316841194,0.9347079037800688,0.9982817869415808,0.9982817869415808,0.0754246015865957,0.1544862367394558,0.0,0,0.0,582,0,61
exp2_fleet_sensitivity,P0_K20,20,P0_legacy,20,1.0,25.0,3.2421049082405875,5.3068485421198375,5.3068485421198375,0.9366438356164384,0.9965753424657534,1.0,0.0768088988582472,0.1740764147699726,0.0,0,0.0,584,0,62
exp2_fleet_sensitivity,P0_K20,21,P0_legacy,20,1.0,25.0,3.1728630631894466,5.551216981268506,5.551216981268506,0.9368231046931408,0.9963898916967509,0.9981949458483754,0.0739363291122579,0.1626427604351873,0.0,0,0.0,554,0,63
exp2_fleet_sensitivity,P0_K20,22,P0_legacy,20,1.0,25.0,3.140272902583848,5.093761038327216,5.093761038327216,0.9458041958041958,1.0,1.0,0.0775640548771068,0.1442799696227457,0.0,0,0.0,572,0,64
exp2_fleet_sensitivity,P0_K20,23,P0_legacy,20,1.0,25.0,3.239471688463857,5.725743903405345,5.725743903405345,0.9344827586206896,0.993103448275862,0.996551724137931,0.0797115193483318,0.1847238832233343,0.0,0,0.0,580,0,65
exp2_fleet_sensitivity,P0_K20,24,P0_legacy,20,1.0,25.0,3.194081968499155,5.344093000378397,5.344093000378397,0.9308600337268128,0.9983136593591906,1.0,0.0790409375493882,0.1535236206614497,0.0,0,0.0,593,0,66
exp2_fleet_sensitivity,P0_K20,25,P0_legacy,20,1.0,25.0,3.144981353574429,5.163189098530976,5.163189098530976,0.9476351351351352,0.9949324324324323,1.0,0.0789317359469181,0.1468493002214337,0.0,0,0.0,592,0,67
exp2_fleet_sensitivity,P0_K20,26,P0_legacy,20,1.0,25.0,3.223433260923664,5.892374602399144,5.892374602399144,0.9205526770293608,0.993091537132988,1.0,0.0773472213170042,0.1432136997979663,0.0,0,0.0,579,0,68
exp2_fleet_sensitivity,P0_K20,27,P0_legacy,20,1.0,25.0,3.247371857492142,5.892374602398974,5.892374602398974,0.9243243243243244,1.0,1.0,0.0718537196286371,0.1559325177820947,0.0,0,0.0,555,0,69
exp2_fleet_sensitivity,P0_K20,28,P0_legacy,20,1.0,25.0,3.2098968569553192,5.666232984379094,5.666232984379094,0.9377224199288255,0.9911032028469752,0.994661921708185,0.0740700971918765,0.1418530413863856,0.0,0,0.0,562,0,70
exp2_fleet_sensitivity,P0_K20,29,P0_legacy,20,1.0,25.0,3.12256296391871,5.095960613489353,5.095960613489353,0.9413854351687388,0.9982238010657194,0.9982238010657194,0.0729107581322108,0.1494737212360372,0.0,0,0.0,563,0,71
exp2_fleet_sensitivity,P1_K20,0,P1,20,1.0,25.0,2.547645528218503,3.670879940810252,3.670879940810252,0.9878892733564014,0.9982698961937716,1.0,0.0737001611115318,0.1435454853990927,0.0,0,0.0,578,0,42
exp2_fleet_sensitivity,P1_K20,1,P1,20,1.0,25.0,2.5948372739161565,3.9911822135272814,3.9911822135272814,0.9813084112149532,0.9981308411214952,1.0,0.0691868879788165,0.1410154008153362,0.0,0,0.0,535,0,43
exp2_fleet_sensitivity,P1_K20,2,P1,20,1.0,25.0,2.6143728555385004,3.899407070323946,3.899407070323946,0.9823008849557522,0.9982300884955752,1.0,0.074489352786646,0.1272811897148609,0.0,0,0.0,565,0,44
exp2_fleet_sensitivity,P1_K20,3,P1,20,1.0,25.0,2.6221208908189557,4.049102789685577,4.049102789685577,0.98330550918197,0.998330550918197,0.998330550918197,0.0777653207405075,0.1259839728788987,0.0,0,0.0,599,0,45
exp2_fleet_sensitivity,P1_K20,4,P1,20,1.0,25.0,2.673597916380398,3.991076752741833,3.991076752741833,0.9809358752166378,0.9965337954939342,0.9982668977469672,0.0740886343173123,0.1346667397555195,0.0,0,0.0,577,0,46
exp2_fleet_sensitivity,P1_K20,5,P1,20,1.0,25.0,2.5802462722146413,3.9359905746631534,3.9359905746631534,0.9872029250457038,0.9981718464351006,1.0,0.0696623619131384,0.1286544598239273,0.0,0,0.0,547,0,47
exp2_fleet_sensitivity,P1_K20,6,P1,20,1.0,25.0,2.5912326912575856,3.825942793725517,3.825942793725517,0.9871559633027523,0.9963302752293578,0.998165137614679,0.0711807645097173,0.1279966160476748,0.0,0,0.0,545,0,48
exp2_fleet_sensitivity,P1_K20,7,P1,20,1.0,25.0,2.661372167143827,4.049102789685577,4.049102789685577,0.980836236933798,0.9982578397212544,1.0,0.0769378807783301,0.1309446298809431,0.0,0,0.0,574,0,49
exp2_fleet_sensitivity,P1_K20,8,P1,20,1.0,25.0,2.6412060822873946,4.049102789685577,4.049102789685577,0.9756521739130436,0.991304347826087,0.9982608695652174,0.0759087065212226,0.1501889853207252,0.0,0,0.0,575,0,50
exp2_fleet_sensitivity,P1_K20,9,P1,20,1.0,25.0,2.592400839344264,3.968834722756056,3.968834722756056,0.9797794117647058,0.9944852941176472,0.9981617647058824,0.0712940118496921,0.1265523734561766,0.0,0,0.0,544,0,51
exp2_fleet_sensitivity,P1_K20,10,P1,20,1.0,25.0,2.595693287310761,3.998848612368988,3.998848612368988,0.9802306425041186,0.9967051070840196,1.0,0.0789440735181071,0.1479809433943082,0.0,0,0.0,607,0,52
exp2_fleet_sensitivity,P1_K20,11,P1,20,1.0,25.0,2.778590854290296,4.678043252603145,4.678043252603145,0.9744463373083476,0.9948892674616696,0.9982964224872232,0.0777278341492328,0.1367542220150027,0.0,0,0.0,587,0,53
exp2_fleet_sensitivity,P1_K20,12,P1,20,1.0,25.0,2.599333059149007,3.990938952301249,3.990938952301249,0.987012987012987,0.9981447124304268,1.0,0.0699226701155122,0.1408754815854239,0.0,0,0.0,539,0,54
exp2_fleet_sensitivity,P1_K20,13,P1,20,1.0,25.0,2.5113564655782152,3.739446598968215,3.739446598968215,0.9878048780487804,0.9965156794425089,0.9965156794425089,0.0738338672019136,0.1448416573954232,0.0,0,0.0,574,0,55
exp2_fleet_sensitivity,P1_K20,14,P1,20,1.0,25.0,2.576080967912357,3.899407070323093,3.899407070323093,0.9789103690685412,0.9929701230228472,0.9982425307557118,0.0748869880924341,0.1316746976175445,0.0,0,0.0,569,0,56
exp2_fleet_sensitivity,P1_K20,15,P1,20,1.0,25.0,2.6069187028739047,3.990865831171874,3.990865831171874,0.9773123909249564,0.9947643979057592,1.0,0.0724984142742043,0.1305748949123458,0.0,0,0.0,573,0,57
exp2_fleet_sensitivity,P1_K20,16,P1,20,1.0,25.0,2.577628783458545,3.831217098124568,3.831217098124568,0.9767441860465116,0.9946332737030412,0.996422182468694,0.0724407108750306,0.1402289474369432,0.0,0,0.0,559,0,58
exp2_fleet_sensitivity,P1_K20,17,P1,20,1.0,25.0,2.6852084770487354,4.01392486556402,4.01392486556402,0.9636678200692042,0.9982698961937716,1.0,0.0744825204832511,0.1290640089828612,0.0,0,0.0,578,0,59
exp2_fleet_sensitivity,P1_K20,18,P1,20,1.0,25.0,2.6328651084098933,3.991393135097496,3.991393135097496,0.9788617886178862,0.9983739837398374,0.9983739837398374,0.0810830588674098,0.137705198126838,0.0,0,0.0,615,0,60
exp2_fleet_sensitivity,P1_K20,19,P1,20,1.0,25.0,2.5911627386904525,3.9911948762539566,3.9911948762539566,0.9828178694158076,0.9982817869415808,0.9982817869415808,0.0738247106286636,0.1291974881848346,0.0,0,0.0,582,0,61
exp2_fleet_sensitivity,P1_K20,20,P1,20,1.0,25.0,2.655054122147664,4.151408306944276,4.151408306944276,0.976027397260274,0.9965753424657534,1.0,0.0751083152318669,0.144580698810854,0.0,0,0.0,584,0,62
exp2_fleet_sensitivity,P1_K20,21,P1,20,1.0,25.0,2.5542771532387154,3.825148514483544,3.825148514483544,0.9802867383512543,0.996415770609319,1.0,0.0727991165540379,0.1225002987480159,0.0,0,0.0,558,0,63
exp2_fleet_sensitivity,P1_K20,22,P1,20,1.0,25.0,2.6343822678968363,3.998103064641839,3.998103064641839,0.9807692307692308,1.0,1.0,0.0761286905763083,0.1235411356841642,0.0,0,0.0,572,0,64
exp2_fleet_sensitivity,P1_K20,23,P1,20,1.0,25.0,2.6567538971310363,4.28231332350629,4.28231332350629,0.9810344827586208,0.9948275862068966,0.996551724137931,0.078035049512156,0.1508165558660117,0.0,0,0.0,580,0,65
exp2_fleet_sensitivity,P1_K20,24,P1,20,1.0,25.0,2.625552625793523,3.9912876743117063,3.9912876743117063,0.9747048903878583,0.9983136593591906,1.0,0.0773686265363702,0.1618855115890534,0.0,0,0.0,593,0,66
exp2_fleet_sensitivity,P1_K20,25,P1,20,1.0,25.0,2.6225971791134883,3.899407070323946,3.899407070323946,0.9798657718120806,0.9949664429530202,1.0,0.0781343872154407,0.1325377509908019,0.0,0,0.0,596,0,67
exp2_fleet_sensitivity,P1_K20,26,P1,20,1.0,25.0,2.6403090133220912,3.998848612368988,3.998848612368988,0.9827288428324698,0.9913644214162348,1.0,0.0756724745939817,0.134769247612582,0.0,0,0.0,579,0,68
exp2_fleet_sensitivity,P1_K20,27,P1,20,1.0,25.0,2.6352765518724737,3.998848612368988,3.998848612368988,0.9801801801801802,1.0,1.0,0.0701686358259639,0.1300195860878363,0.0,0,0.0,555,0,69
exp2_fleet_sensitivity,P1_K20,28,P1,20,1.0,25.0,2.6964227757884984,4.0440773719539305,4.0440773719539305,0.9679715302491104,0.98932384341637,0.998220640569395,0.072638686310846,0.122798486179536,0.0,0,0.0,562,0,70
exp2_fleet_sensitivity,P1_K20,29,P1,20,1.0,25.0,2.562750958493679,3.899407070323946,3.899407070323946,0.9845360824742267,1.0,1.0,0.0740487122535749,0.1304061589420418,0.0,0,0.0,582,0,71
exp2_fleet_sensitivity,P2_K20,0,P2,20,1.0,25.0,2.5039036074471404,3.642126530905898,3.642126530905898,0.9878892733564014,0.9982698961937716,1.0,0.0735747502474155,0.1435454853990927,0.0,0,0.0,578,0,42
exp2_fleet_sensitivity,P2_K20,1,P2,20,1.0,25.0,2.5034459048495434,3.5670076980009355,3.5670076980009355,0.983177570093458,0.9981308411214952,1.0,0.0689443563198352,0.1410154008153362,0.0,0,0.0,535,0,43
exp2_fleet_sensitivity,P2_K20,2,P2,20,1.0,25.0,2.563743777061885,3.739446598968641,3.739446598968641,0.9787610619469026,0.9982300884955752,1.0,0.0743474607760345,0.1257378200443587,0.0,0,0.0,565,0,44
exp2_fleet_sensitivity,P2_K20,3,P2,20,1.0,25.0,2.5668869628612434,3.8076808436126734,3.8076808436126734,0.9849749582637728,0.998330550918197,0.998330550918197,0.0776012080279744,0.1328284269799398,0.0,0,0.0,599,0,45
exp2_fleet_sensitivity,P2_K20,4,P2,20,1.0,25.0,2.6155047565449974,3.803399027242449,3.803399027242449,0.977469670710572,0.9948006932409011,0.9982668977469672,0.0739223657001246,0.1283240689015598,0.0,0,0.0,577,0,46
exp2_fleet_sensitivity,P2_K20,5,P2,20,1.0,25.0,2.5358763322880384,3.684507814729304,3.684507814729304,0.9872029250457038,0.9981718464351006,1.0,0.0695419732368495,0.1286544598239273,0.0,0,0.0,547,0,47
exp2_fleet_sensitivity,P2_K20,6,P2,20,1.0,25.0,2.474059513111044,3.5398206839644177,3.5398206839644177,0.9926605504587156,0.998165137614679,1.0,0.0708640017017318,0.1303402520587823,0.0,0,0.0,545,0,48
exp2_fleet_sensitivity,P2_K20,7,P2,20,1.0,25.0,2.596018426020612,3.7312622821634007,3.7312622821634007,0.9843205574912892,0.9982578397212544,1.0,0.0767518041542987,0.1413236348691697,0.0,0,0.0,574,0,49
exp2_fleet_sensitivity,P2_K20,8,P2,20,1.0,25.0,2.5110606772420465,3.6421265309061113,3.6421265309061113,0.9793233082706768,0.9962406015037594,0.9962406015037594,0.0693710910960542,0.1143924219655338,0.0,0,0.0,532,0,50
exp2_fleet_sensitivity,P2_K20,9,P2,20,1.0,25.0,2.5341044524704124,3.618150509921121,3.618150509921121,0.9816176470588236,0.9944852941176472,0.9981617647058824,0.0711367041390802,0.131922424927739,0.0,0,0.0,544,0,51
exp2_fleet_sensitivity,P2_K20,10,P2,20,1.0,25.0,2.517822812700924,3.6444402992626057,3.6444402992626057,0.9884868421052632,0.9967105263157896,1.0,0.0788473778396475,0.1493384646857461,0.0,0,0.0,608,0,52
exp2_fleet_sensitivity,P2_K20,11,P2,20,1.0,25.0,2.7261923888113584,4.035641844981,4.035641844981,0.969335604770017,0.9948892674616696,0.9982964224872232,0.0775752652046091,0.1319925674744416,0.0,0,0.0,587,0,53
exp2_fleet_sensitivity,P2_K20,12,P2,20,1.0,25.0,2.538379677998697,3.803399027242449,3.803399027242449,0.9833024118738404,0.9981447124304268,1.0,0.069759704478409,0.1106124521506355,0.0,0,0.0,539,0,54
exp2_fleet_sensitivity,P2_K20,13,P2,20,1.0,25.0,2.535092402741945,3.739446598968215,3.739446598968215,0.9843205574912892,0.9947735191637632,0.9965156794425089,0.0739014486896715,0.1448416573954232,0.0,0,0.0,574,0,55
exp2_fleet_sensitivity,P2_K20,14,P2,20,1.0,25.0,2.537282076160084,3.661293191803025,3.661293191803025,0.9824253075571178,0.9929701230228472,0.9982425307557118,0.0747774812997405,0.1304828914757181,0.0,0,0.0,569,0,56
exp2_fleet_sensitivity,P2_K20,15,P2,20,1.0,25.0,2.5706493070393845,3.73944659896862,3.73944659896862,0.9790575916230366,0.9965095986038396,1.0,0.0723953271521151,0.1325397014335931,0.0,0,0.0,573,0,57
exp2_fleet_sensitivity,P2_K20,16,P2,20,1.0,25.0,2.58503456797,3.899407070323434,3.899407070323434,0.9803220035778176,0.996422182468694,0.996422182468694,0.0724612457636314,0.1601368339312917,0.0,0,0.0,559,0,58
exp2_fleet_sensitivity,P2_K20,17,P2,20,1.0,25.0,2.601548190824117,3.888702303127972,3.888702303127972,0.9826989619377162,1.0,1.0,0.0742426611308809,0.1248759994219305,0.0,0,0.0,578,0,59
exp2_fleet_sensitivity,P2_K20,18,P2,20,1.0,25.0,2.6350597058069707,3.9908658311716607,3.9908658311716607,0.9739837398373984,0.9983739837398374,0.9983739837398374,0.0810897536957788,0.1440837400171308,0.0,0,0.0,615,0,60
exp2_fleet_sensitivity,P2_K20,19,P2,20,1.0,25.0,2.540706924246181,3.649067835974506,3.649067835974506,0.9828178694158076,0.9982817869415808,0.9982817869415808,0.0736790494976787,0.140502237190931,0.0,0,0.0,582,0,61
exp2_fleet_sensitivity,P2_K20,20,P2,20,1.0,25.0,2.551562807569956,3.647525323737228,3.647525323737228,0.9828767123287672,1.0,1.0,0.0748085189634474,0.1438845661998407,0.0,0,0.0,584,0,62
exp2_fleet_sensitivity,P2_K20,21,P2,20,1.0,25.0,2.5445074576067697,3.671322551325191,3.671322551325191,0.9838709677419356,0.996415770609319,1.0,0.0727720754321995,0.1481649689781157,0.0,0,0.0,558,0,63
exp2_fleet_sensitivity,P2_K20,22,P2,20,1.0,25.0,2.586142905285069,3.86890783248549,3.86890783248549,0.986013986013986,1.0,1.0,0.0759918209561996,0.148276348273059,0.0,0,0.0,572,0,64
exp2_fleet_sensitivity,P2_K20,23,P2,20,1.0,25.0,2.6184792071786323,3.809996510382093,3.809996510382093,0.9758620689655172,0.9948275862068966,0.996551724137931,0.0779249338366977,0.1508165558660117,0.0,0,0.0,580,0,65
exp2_fleet_sensitivity,P2_K20,24,P2,20,1.0,25.0,2.559335020759864,3.739446598968215,3.739446598968215,0.9797639123102868,0.9983136593591906,1.0,0.0771738495533099,0.1758733131089762,0.0,0,0.0,593,0,66
exp2_fleet_sensitivity,P2_K20,25,P2,20,1.0,25.0,2.59296048800344,3.899407070323093,3.899407070323093,0.9781879194630873,0.9949664429530202,1.0,0.0780467708071987,0.1316075135503762,0.0,0,0.0,596,0,67
exp2_fleet_sensitivity,P2_K20,26,P2,20,1.0,25.0,2.656150838366733,3.899407070323946,3.899407070323946,0.9689119170984456,0.993091537132988,1.0,0.0757179726926962,0.136371094600554,0.0,0,0.0,579,0,68
exp2_fleet_sensitivity,P2_K20,27,P2,20,1.0,25.0,2.5534294493354524,3.6498390920939983,3.6498390920939983,0.9837837837837838,1.0,1.0,0.0699433127014201,0.1266862823199608,0.0,0,0.0,555,0,69
exp2_fleet_sensitivity,P2_K20,28,P2,20,1.0,25.0,2.626029820007515,3.7995783261358738,3.7995783261358738,0.9768683274021353,0.99288256227758,0.998220640569395,0.0724424519797502,0.122798486179536,0.0,0,0.0,562,0,70
exp2_fleet_sensitivity,P2_K20,29,P2,20,1.0,25.0,2.518447022849828,3.73944659896862,3.73944659896862,0.9896907216494846,1.0,1.0,0.0739208110107936,0.1388076650773405,0.0,0,0.0,582,0,71
exp2_fleet_sensitivity,P0_K25,0,P0_legacy,25,1.0,25.0,5.683560762557769,13.181598668269288,13.181598668269288,0.7006920415224913,0.7716262975778547,0.8339100346020761,0.0661528233552892,0.4387616978515966,0.0,0,0.0,578,0,42
exp2_fleet_sensitivity,P0_K25,1,P0_legacy,25,1.0,25.0,6.084820347319118,14.283651265677491,14.283651265677491,0.6759581881533101,0.7682926829268293,0.8240418118466899,0.0668522095189497,0.3948729823794309,0.0,0,0.0,574,0,43
exp2_fleet_sensitivity,P0_K25,2,P0_legacy,25,1.0,25.0,5.830225054839481,13.728418664782549,13.728418664782549,0.6899488926746167,0.7717206132879046,0.8330494037478705,0.0695145213963422,0.4202825943925721,0.0,0,0.0,587,0,44
exp2_fleet_sensitivity,P0_K25,3,P0_legacy,25,1.0,25.0,5.7556220934175615,13.509230056045022,13.509230056045022,0.7011686143572621,0.7679465776293823,0.8363939899833055,0.0696605392128686,0.4226586018942071,0.0,0,0.0,599,0,45
exp2_fleet_sensitivity,P0_K25,4,P0_legacy,25,1.0,25.0,6.021202839764571,13.405223358579718,13.405223358579718,0.6620450606585788,0.7504332755632582,0.8197573656845754,0.0669358599966778,0.4235608402976035,0.0,0,0.0,577,0,46
exp2_fleet_sensitivity,P0_K25,5,P0_legacy,25,1.0,25.0,5.370267016121956,12.428984774550427,12.428984774550427,0.7312614259597806,0.7952468007312614,0.8519195612431444,0.0617860059865318,0.3854934160842287,0.0,0,0.0,547,0,47
exp2_fleet_sensitivity,P0_K25,6,P0_legacy,25,1.0,25.0,5.88693371568873,14.255596455621038,14.255596455621038,0.6777003484320557,0.7421602787456446,0.813588850174216,0.0674595543149541,0.4190395828809522,0.0,0,0.0,574,0,48
exp2_fleet_sensitivity,P0_K25,7,P0_legacy,25,1.0,25.0,5.985724290080833,14.279643435669527,14.279643435669527,0.6869565217391305,0.7739130434782608,0.8260869565217391,0.0691263368449175,0.4292131045658799,0.0,0,0.0,575,0,49
exp2_fleet_sensitivity,P0_K25,8,P0_legacy,25,1.0,25.0,5.629657392338685,14.25559645562108,14.25559645562108,0.7142857142857143,0.7800751879699248,0.8458646616541353,0.0620805770531585,0.3739182577257475,0.0,0,0.0,532,0,50
exp2_fleet_sensitivity,P0_K25,9,P0_legacy,25,1.0,25.0,5.424274811075063,12.89644767686525,12.89644767686525,0.720508166969147,0.7803992740471869,0.8348457350272233,0.064332482009547,0.3834477939442277,0.0,0,0.0,551,0,51
exp2_fleet_sensitivity,P0_K25,10,P0_legacy,25,1.0,25.0,5.703770394919935,13.405223358579974,13.405223358579974,0.7018121911037891,0.7677100494233937,0.828665568369028,0.0706417778792427,0.4473990417008711,0.0,0,0.0,607,0,52
exp2_fleet_sensitivity,P0_K25,11,P0_legacy,25,1.0,25.0,5.895428061232981,12.428984774550171,12.428984774550171,0.65587734241908,0.7614991482112436,0.8398637137989778,0.0694425190673043,0.4300300206662441,0.0,0,0.0,587,0,53
exp2_fleet_sensitivity,P0_K25,12,P0_legacy,25,1.0,25.0,5.91325868172602,14.080815301306302,14.080815301306302,0.6586270871985158,0.7439703153988868,0.8089053803339518,0.063026254785144,0.4106324236651298,0.0,0,0.0,539,0,54
exp2_fleet_sensitivity,P0_K25,13,P0_legacy,25,1.0,25.0,5.851029528054329,13.18159866826963,13.18159866826963,0.6986062717770035,0.7752613240418118,0.837979094076655,0.066674126848282,0.4384410077343717,0.0,0,0.0,574,0,55
exp2_fleet_sensitivity,P0_K25,14,P0_legacy,25,1.0,25.0,5.782997231616422,13.376966804223343,13.376966804223343,0.7117750439367311,0.7680140597539543,0.8330404217926186,0.0671506037836601,0.4257156116447131,0.0,0,0.0,569,0,56
exp2_fleet_sensitivity,P0_K25,15,P0_legacy,25,1.0,25.0,5.758087546235355,13.39294461587446,13.39294461587446,0.68760907504363,0.7696335078534031,0.8411867364746946,0.0651638891465305,0.4024568599433104,0.0,0,0.0,573,0,57
exp2_fleet_sensitivity,P0_K25,16,P0_legacy,25,1.0,25.0,5.424766913028565,11.984012751088358,11.984012751088358,0.7108655616942909,0.7974217311233885,0.852670349907919,0.0624841559857555,0.38536671209472,0.0,0,0.0,543,0,58
exp2_fleet_sensitivity,P0_K25,17,P0_legacy,25,1.0,25.0,5.868466692036766,14.133249647600094,14.133249647600094,0.7024221453287197,0.7664359861591695,0.8217993079584776,0.0668872991178036,0.4190027883086532,0.0,0,0.0,578,0,59
exp2_fleet_sensitivity,P0_K25,18,P0_legacy,25,1.0,25.0,5.51937759526098,13.393920736837458,13.393920736837458,0.71869918699187,0.8032520325203252,0.8422764227642277,0.0719109120916001,0.4364496426181374,0.0,0,0.0,615,0,60
exp2_fleet_sensitivity,P0_K25,19,P0_legacy,25,1.0,25.0,5.952431497216552,13.40522335857976,13.40522335857976,0.6735395189003437,0.7646048109965635,0.8127147766323024,0.0668226987309554,0.4480824395880638,0.0,0,0.0,582,0,61
exp2_fleet_sensitivity,P0_K25,20,P0_legacy,25,1.0,25.0,5.844665315895157,14.295674755701384,14.295674755701384,0.6952054794520548,0.761986301369863,0.8304794520547946,0.0674784495551305,0.4337480087659623,0.0,0,0.0,584,0,62
exp2_fleet_sensitivity,P0_K25,21,P0_legacy,25,1.0,25.0,5.895550162612812,14.08081530130532,14.08081530130532,0.6931407942238267,0.7779783393501805,0.8140794223826715,0.065134653182983,0.4256102001980553,0.0,0,0.0,554,0,63
exp2_fleet_sensitivity,P0_K25,22,P0_legacy,25,1.0,25.0,5.885921778752123,14.295674755701384,14.295674755701384,0.6940559440559441,0.777972027972028,0.8234265734265734,0.0682834310333055,0.3791655450984224,0.0,0,0.0,572,0,64
exp2_fleet_sensitivity,P0_K25,23,P0_legacy,25,1.0,25.0,5.968666779638153,13.981837884384902,13.981837884384902,0.6982758620689655,0.7810344827586206,0.8327586206896552,0.0700506962440665,0.4163232223139239,0.0,0,0.0,580,0,65
exp2_fleet_sensitivity,P0_K25,24,P0_legacy,25,1.0,25.0,5.879701369727167,14.220640224758666,14.220640224758666,0.6897133220910624,0.7672849915682968,0.8195615514333895,0.0695524814082733,0.4273098782016489,0.0,0,0.0,593,0,66
exp2_fleet_sensitivity,P0_K25,25,P0_legacy,25,1.0,25.0,5.673723647155713,13.201135481864076,13.201135481864076,0.7016666666666667,0.79,0.835,0.0701180009566695,0.4375534910970072,0.0,0,0.0,600,0,67
exp2_fleet_sensitivity,P0_K25,26,P0_legacy,25,1.0,25.0,5.812754329105879,13.61323675351004,13.61323675351004,0.6929982046678635,0.77737881508079,0.822262118491921,0.0654314517564103,0.4062341906323707,0.0,0,0.0,557,0,68
exp2_fleet_sensitivity,P0_K25,27,P0_legacy,25,1.0,25.0,5.68627338712066,12.174984356591608,12.174984356591608,0.6846846846846847,0.7693693693693694,0.8396396396396396,0.0628543659764963,0.4261569848134841,0.0,0,0.0,555,0,69
exp2_fleet_sensitivity,P0_K25,28,P0_legacy,25,1.0,25.0,5.93430070308328,14.238118340189436,14.238118340189436,0.697508896797153,0.7651245551601423,0.8096085409252669,0.0653319307754214,0.4349197324241604,0.0,0,0.0,562,0,70
exp2_fleet_sensitivity,P0_K25,29,P0_legacy,25,1.0,25.0,5.923125885338848,14.614781729460391,14.614781729460391,0.7087033747779752,0.7637655417406749,0.8188277087033747,0.0645854196992588,0.4205464078190151,0.0,0,0.0,563,0,71
exp2_fleet_sensitivity,P1_K25,0,P1,25,1.0,25.0,2.43075795051553,3.366205499140733,3.366205499140733,0.9948096885813148,0.9982698961937716,1.0,0.0586920296038591,0.1435454853990927,0.0,0,0.0,578,0,42
exp2_fleet_sensitivity,P1_K25,1,P1,25,1.0,25.0,2.4169463572879297,3.3662054991405626,3.3662054991405626,0.9925233644859812,0.9981308411214952,1.0,0.0549718451433861,0.1410154008153362,0.0,0,0.0,535,0,43
exp2_fleet_sensitivity,P1_K25,2,P1,25,1.0,25.0,2.5041493061160485,3.642126530905898,3.642126530905898,0.991150442477876,0.9982300884955752,1.0,0.0593443540331911,0.122964714138939,0.0,0,0.0,565,0,44
exp2_fleet_sensitivity,P1_K25,3,P1,25,1.0,25.0,2.459138220826341,3.499318095512365,3.499318095512365,0.994991652754591,0.998330550918197,0.998330550918197,0.06182484937286,0.1153855401098371,0.0,0,0.0,599,0,45
exp2_fleet_sensitivity,P1_K25,4,P1,25,1.0,25.0,2.5254263964293813,3.642126530906751,3.642126530906751,0.9878682842287696,0.9965337954939342,0.9982668977469672,0.0589316417117397,0.1283240689015598,0.0,0,0.0,577,0,46
exp2_fleet_sensitivity,P1_K25,5,P1,25,1.0,25.0,2.4544626628214683,3.366205499140733,3.366205499140733,0.9926873857404022,0.9981718464351006,1.0,0.0554568592355184,0.1286544598239273,0.0,0,0.0,547,0,47
exp2_fleet_sensitivity,P1_K25,6,P1,25,1.0,25.0,2.429128228989264,3.384185903978633,3.384185903978633,0.9963302752293578,0.998165137614679,1.0,0.0565940285445348,0.1133959537667982,0.0,0,0.0,545,0,48
exp2_fleet_sensitivity,P1_K25,7,P1,25,1.0,25.0,2.4750502050350214,3.3841859039793576,3.3841859039793576,0.9930313588850174,1.0,1.0,0.0611259045978606,0.1267022552917625,0.0,0,0.0,574,0,49
exp2_fleet_sensitivity,P1_K25,8,P1,25,1.0,25.0,2.4572184349691595,3.4550511116611373,3.4550511116611373,0.991304347826087,0.9965217391304348,0.9982608695652174,0.0603071521328194,0.1377389675829829,0.0,0,0.0,575,0,50
exp2_fleet_sensitivity,P1_K25,9,P1,25,1.0,25.0,2.463090353320277,3.366205499140733,3.366205499140733,0.9871323529411764,0.9944852941176472,0.9981617647058824,0.0567560630337337,0.1236531845870941,0.0,0,0.0,544,0,51
exp2_fleet_sensitivity,P1_K25,10,P1,25,1.0,25.0,2.438434878892094,3.455933492292165,3.455933492292165,0.9950657894736842,0.9983552631578948,1.0,0.06288636312983,0.1494887824505328,0.0,0,0.0,608,0,52
exp2_fleet_sensitivity,P1_K25,11,P1,25,1.0,25.0,2.579811713388284,3.7394465989685344,3.7394465989685344,0.9829642248722316,0.9965928449744464,0.9982964224872232,0.0617192381300629,0.129873653385228,0.0,0,0.0,587,0,53
exp2_fleet_sensitivity,P1_K25,12,P1,25,1.0,25.0,2.4389631301689847,3.507136989426385,3.507136989426385,0.9944341372912802,1.0,1.0,0.0555951226332025,0.1106124521506355,0.0,0,0.0,539,0,54
exp2_fleet_sensitivity,P1_K25,13,P1,25,1.0,25.0,2.422546655659016,3.38731121631281,3.38731121631281,0.9912891986062716,0.9965156794425089,0.9965156794425089,0.0588648047500483,0.1402945349201394,0.0,0,0.0,574,0,55
exp2_fleet_sensitivity,P1_K25,14,P1,25,1.0,25.0,2.438621187065812,3.366205499140733,3.366205499140733,0.9876977152899824,0.9947275922671354,0.9982425307557118,0.0595992150164009,0.1185901751594198,0.0,0,0.0,569,0,56
exp2_fleet_sensitivity,P1_K25,15,P1,25,1.0,25.0,2.4937644506616223,3.504857233883343,3.504857233883343,0.9860383944153578,0.9947643979057592,1.0,0.0577414402030235,0.127535691651289,0.0,0,0.0,573,0,57
exp2_fleet_sensitivity,P1_K25,16,P1,25,1.0,25.0,2.4733531410379586,3.3841859039793576,3.3841859039793576,0.9821109123434704,0.996422182468694,0.996422182468694,0.0577212588424328,0.1287355747706114,0.0,0,0.0,559,0,58
exp2_fleet_sensitivity,P1_K25,17,P1,25,1.0,25.0,2.510813421598342,3.642126530906303,3.642126530906303,0.9878892733564014,1.0,1.0,0.0591860150292583,0.1248759994219305,0.0,0,0.0,578,0,59
exp2_fleet_sensitivity,P1_K25,18,P1,25,1.0,25.0,2.47559419268245,3.642126530905898,3.642126530905898,0.9902439024390244,0.9983739837398374,0.9983739837398374,0.0644826311686406,0.1338186934994713,0.0,0,0.0,615,0,60
exp2_fleet_sensitivity,P1_K25,19,P1,25,1.0,25.0,2.4385245672266773,3.366205499140701,3.366205499140701,0.9896907216494846,0.9982817869415808,0.9982817869415808,0.0587072470116931,0.1268190386724364,0.0,0,0.0,582,0,61
exp2_fleet_sensitivity,P1_K25,20,P1,25,1.0,25.0,2.469898772013224,3.555068292193625,3.555068292193625,0.9897260273972602,1.0,1.0,0.0596575620089915,0.1438845661998407,0.0,0,0.0,584,0,62
exp2_fleet_sensitivity,P1_K25,21,P1,25,1.0,25.0,2.423337023368753,3.366205499140733,3.366205499140733,0.9910394265232976,0.996415770609319,1.0,0.0579493543842326,0.124752136372476,0.0,0,0.0,558,0,63
exp2_fleet_sensitivity,P1_K25,22,P1,25,1.0,25.0,2.479077101964243,3.499318095512365,3.499318095512365,0.9947552447552448,1.0,1.0,0.0605504343859933,0.1239877087392289,0.0,0,0.0,572,0,64
exp2_fleet_sensitivity,P1_K25,23,P1,25,1.0,25.0,2.456091488487899,3.366205499140733,3.366205499140733,0.9896551724137932,0.9948275862068966,0.996551724137931,0.0619661975580858,0.1492788184706431,0.0,0,0.0,580,0,65
exp2_fleet_sensitivity,P1_K25,24,P1,25,1.0,25.0,2.457353192394917,3.499318095512365,3.499318095512365,0.9865092748735244,0.9983136593591906,1.0,0.0614990985941542,0.1568624149710459,0.0,0,0.0,593,0,66
exp2_fleet_sensitivity,P1_K25,25,P1,25,1.0,25.0,2.453052243103152,3.366205499140733,3.366205499140733,0.9899328859060402,0.9966442953020134,1.0,0.0621065225427408,0.1335395702830646,0.0,0,0.0,596,0,67
exp2_fleet_sensitivity,P1_K25,26,P1,25,1.0,25.0,2.5088345884004912,3.642126530906751,3.642126530906751,0.9879101899827288,0.993091537132988,1.0,0.0602359015322107,0.1327742364684109,0.0,0,0.0,579,0,68
exp2_fleet_sensitivity,P1_K25,27,P1,25,1.0,25.0,2.473450176667796,3.377533249988233,3.377533249988233,0.990990990990991,1.0,1.0,0.0557785053344275,0.1244323261802737,0.0,0,0.0,555,0,69
exp2_fleet_sensitivity,P1_K25,28,P1,25,1.0,25.0,2.518915121234901,3.5598270713689724,3.5598270713689724,0.98220640569395,0.994661921708185,0.998220640569395,0.0577150788032041,0.119755515289888,0.0,0,0.0,562,0,70
exp2_fleet_sensitivity,P1_K25,29,P1,25,1.0,25.0,2.452769991225137,3.366205499140733,3.366205499140733,0.9893428063943162,0.9982238010657194,0.9982238010657194,0.0568322039516953,0.1360402393343812,0.0,0,0.0,563,0,71
exp2_fleet_sensitivity,P2_K25,0,P2,25,1.0,25.0,2.4339705273115637,3.3662054991403068,3.3662054991403068,0.991349480968858,0.9982698961937716,1.0,0.058699398133177,0.1435454853990927,0.0,0,0.0,578,0,42
exp2_fleet_sensitivity,P2_K25,1,P2,25,1.0,25.0,2.465625376446371,3.363759082236413,3.363759082236413,0.9850467289719628,0.9981308411214952,1.0,0.0550751914737424,0.1410154008153362,0.0,0,0.0,535,0,43
exp2_fleet_sensitivity,P2_K25,2,P2,25,1.0,25.0,2.497675217584,3.4898063185558077,3.4898063185558077,0.984070796460177,0.9982300884955752,1.0,0.059329838715649,0.1226623990884061,0.0,0,0.0,565,0,44
exp2_fleet_sensitivity,P2_K25,3,P2,25,1.0,25.0,2.495243250457684,3.469723700164254,3.469723700164254,0.991652754590985,0.998330550918197,0.998330550918197,0.061910670455198,0.1211525785761821,0.0,0,0.0,599,0,45
exp2_fleet_sensitivity,P2_K25,4,P2,25,1.0,25.0,2.563943840521511,3.642126530906751,3.642126530906751,0.977469670710572,0.9965337954939342,0.9982668977469672,0.0590198344309507,0.1283240689015598,0.0,0,0.0,577,0,46
exp2_fleet_sensitivity,P2_K25,5,P2,25,1.0,25.0,2.4703019123529297,3.366205499140733,3.366205499140733,0.9890310786106032,0.9981718464351006,1.0,0.0554912404636681,0.1286544598239273,0.0,0,0.0,547,0,47
exp2_fleet_sensitivity,P2_K25,6,P2,25,1.0,25.0,2.4137956081717338,3.3662054991403707,3.3662054991403707,0.9944954128440368,0.998165137614679,1.0,0.0565608687098302,0.1182897858423241,0.0,0,0.0,545,0,48
exp2_fleet_sensitivity,P2_K25,7,P2,25,1.0,25.0,2.518446723206378,3.499318095512365,3.499318095512365,0.9878048780487804,1.0,1.0,0.0612247522225843,0.1309446298809431,0.0,0,0.0,574,0,49
exp2_fleet_sensitivity,P2_K25,8,P2,25,1.0,25.0,2.456218125946242,3.3662054991403068,3.3662054991403068,0.9849624060150376,0.9962406015037594,0.9962406015037594,0.0553810941574411,0.1119590113708254,0.0,0,0.0,532,0,50
exp2_fleet_sensitivity,P2_K25,9,P2,25,1.0,25.0,2.475499611975901,3.366205499140733,3.366205499140733,0.9816176470588236,0.9944852941176472,0.9981617647058824,0.0567828512746411,0.1246782000757156,0.0,0,0.0,544,0,51
exp2_fleet_sensitivity,P2_K25,10,P2,25,1.0,25.0,2.425245109210433,3.366205499140733,3.366205499140733,0.9967105263157896,0.9983552631578948,1.0,0.0628545401934552,0.1494887824505328,0.0,0,0.0,608,0,52
exp2_fleet_sensitivity,P2_K25,11,P2,25,1.0,25.0,2.648369869445899,3.749744765852028,3.749744765852028,0.9710391822827938,0.9965928449744464,0.9982964224872232,0.0618789351046892,0.1311686048335912,0.0,0,0.0,587,0,53
exp2_fleet_sensitivity,P2_K25,12,P2,25,1.0,25.0,2.461844810382168,3.4917086739470165,3.4917086739470165,0.987012987012987,1.0,1.0,0.0556440640047696,0.1106124521506355,0.0,0,0.0,539,0,54
exp2_fleet_sensitivity,P2_K25,13,P2,25,1.0,25.0,2.459049400055056,3.4740664502631966,3.4740664502631966,0.989547038327526,0.9965156794425089,0.9965156794425089,0.0589479498900615,0.1287460259696535,0.0,0,0.0,574,0,55
exp2_fleet_sensitivity,P2_K25,14,P2,25,1.0,25.0,2.4480790620099517,3.3662054991404773,3.3662054991404773,0.9859402460456942,0.9947275922671354,0.9982425307557118,0.0596205702975248,0.1185901751594198,0.0,0,0.0,569,0,56
exp2_fleet_sensitivity,P2_K25,15,P2,25,1.0,25.0,2.5129143410764017,3.426709253524852,3.426709253524852,0.9808027923211168,0.9965095986038396,1.0,0.0577849834062286,0.1292409328535569,0.0,0,0.0,573,0,57
exp2_fleet_sensitivity,P2_K25,16,P2,25,1.0,25.0,2.4991738868272835,3.4898063185558925,3.4898063185558925,0.9821109123434704,0.996422182468694,0.996422182468694,0.0577785358142433,0.1398130921242857,0.0,0,0.0,559,0,58
exp2_fleet_sensitivity,P2_K25,17,P2,25,1.0,25.0,2.513372144339628,3.525650695826988,3.525650695826988,0.9896193771626296,1.0,1.0,0.0591918838457045,0.1207108055974335,0.0,0,0.0,578,0,59
exp2_fleet_sensitivity,P2_K25,18,P2,25,1.0,25.0,2.563578429593164,3.642126530906751,3.642126530906751,0.9772357723577236,0.9983739837398374,0.9983739837398374,0.0646973546039584,0.1342092272457715,0.0,0,0.0,615,0,60
exp2_fleet_sensitivity,P2_K25,19,P2,25,1.0,25.0,2.4754378252072846,3.366205499140733,3.366205499140733,0.986254295532646,0.9982817869415808,0.9982817869415808,0.0587924990598864,0.1265787687785947,0.0,0,0.0,582,0,61
exp2_fleet_sensitivity,P2_K25,20,P2,25,1.0,25.0,2.500068733045751,3.562206460956645,3.562206460956645,0.988013698630137,1.0,1.0,0.0597274796964637,0.1438845661998407,0.0,0,0.0,584,0,62
exp2_fleet_sensitivity,P2_K25,21,P2,25,1.0,25.0,2.459387971120618,3.3715996205920646,3.3715996205920646,0.9874551971326164,0.996415770609319,1.0,0.058029181482826,0.1246684625699426,0.0,0,0.0,558,0,63
exp2_fleet_sensitivity,P2_K25,22,P2,25,1.0,25.0,2.5086842800052924,3.499318095512365,3.499318095512365,0.993006993006993,1.0,1.0,0.0606176379805944,0.1235411356841642,0.0,0,0.0,572,0,64
exp2_fleet_sensitivity,P2_K25,23,P2,25,1.0,25.0,2.55105989985817,3.64212653090592,3.64212653090592,0.9793103448275862,0.9948275862068966,0.996551724137931,0.0621847756477475,0.149677767059717,0.0,0,0.0,580,0,65
exp2_fleet_sensitivity,P2_K25,24,P2,25,1.0,25.0,2.500764923156745,3.499318095512365,3.499318095512365,0.9831365935919056,0.9983136593591906,1.0,0.0616012539764628,0.1618855115890534,0.0,0,0.0,593,0,66
exp2_fleet_sensitivity,P2_K25,25,P2,25,1.0,25.0,2.533309119550429,3.4993180955128445,3.4993180955128445,0.9848993288590604,0.9966442953020134,1.0,0.062296336425132,0.1280646663927353,0.0,0,0.0,596,0,67
exp2_fleet_sensitivity,P2_K25,26,P2,25,1.0,25.0,2.5788424032407864,3.642126530906751,3.642126530906751,0.9775474956822108,0.993091537132988,1.0,0.06039675282107,0.1327742364684109,0.0,0,0.0,579,0,68
exp2_fleet_sensitivity,P2_K25,27,P2,25,1.0,25.0,2.481841142476973,3.366205499140733,3.366205499140733,0.9855855855855856,1.0,1.0,0.0557969854376977,0.1244323261802737,0.0,0,0.0,555,0,69
exp2_fleet_sensitivity,P2_K25,28,P2,25,1.0,25.0,2.551156095067642,3.634134523910976,3.634134523910976,0.98220640569395,0.994661921708185,0.998220640569395,0.057786981292466,0.1191695904660977,0.0,0,0.0,562,0,70
exp2_fleet_sensitivity,P2_K25,29,P2,25,1.0,25.0,2.4302705423047644,3.3662054991403068,3.3662054991403068,0.993127147766323,1.0,1.0,0.058933003127376,0.124277192883023,0.0,0,0.0,582,0,71
exp2_fleet_sensitivity,P0_K30,0,P0_legacy,30,1.0,25.0,2.7727747607117434,3.670879940810444,3.670879940810444,0.9948096885813148,0.9982698961937716,1.0,0.0495637472766729,0.1501216797491291,0.0,0,0.0,578,0,42
exp2_fleet_sensitivity,P0_K30,1,P0_legacy,30,1.0,25.0,2.743153065814521,3.642126530906495,3.642126530906495,0.9981308411214952,0.9981308411214952,1.0,0.0463869893028937,0.1410154008153362,0.0,0,0.0,535,0,43
exp2_fleet_sensitivity,P0_K30,2,P0_legacy,30,1.0,25.0,2.8236168079770327,3.952166254963856,3.952166254963856,0.9964601769911504,0.9982300884955752,1.0,0.0500505170466786,0.1286922508149188,0.0,0,0.0,565,0,44
exp2_fleet_sensitivity,P0_K30,3,P0_legacy,30,1.0,25.0,2.8284014763189265,3.952166254963601,3.952166254963601,0.994991652754591,0.998330550918197,0.998330550918197,0.0522521518915371,0.1158102102213413,0.0,0,0.0,599,0,45
exp2_fleet_sensitivity,P0_K30,4,P0_legacy,30,1.0,25.0,2.877880497201798,3.890841706256649,3.890841706256649,0.9948006932409011,0.9965337954939342,0.9982668977469672,0.0497822080935982,0.1368698237209922,0.0,0,0.0,577,0,46
exp2_fleet_sensitivity,P0_K30,5,P0_legacy,30,1.0,25.0,2.774772682950524,3.620730289437063,3.620730289437063,0.9963436928702012,0.9981718464351006,1.0,0.0467934461255332,0.1253987386514721,0.0,0,0.0,547,0,47
exp2_fleet_sensitivity,P0_K30,6,P0_legacy,30,1.0,25.0,2.780896680245607,3.825942793725261,3.825942793725261,0.998165137614679,0.998165137614679,1.0,0.0477956646797535,0.1232334602708205,0.0,0,0.0,545,0,48
exp2_fleet_sensitivity,P0_K30,7,P0_legacy,30,1.0,25.0,2.881381797580886,4.032895065229809,4.032895065229809,0.9930313588850174,1.0,1.0,0.0517095313914756,0.1246428042953889,0.0,0,0.0,574,0,49
exp2_fleet_sensitivity,P0_K30,8,P0_legacy,30,1.0,25.0,2.7506672019692884,3.642126530906495,3.642126530906495,0.9965217391304348,0.9965217391304348,0.9982608695652174,0.0508139397437022,0.128584099699255,0.0,0,0.0,575,0,50
exp2_fleet_sensitivity,P0_K30,9,P0_legacy,30,1.0,25.0,2.786558679688828,3.809752162425013,3.809752162425013,0.9926470588235294,0.9944852941176472,0.9981617647058824,0.0478786198877162,0.1259718329088193,0.0,0,0.0,544,0,51
exp2_fleet_sensitivity,P0_K30,10,P0_legacy,30,1.0,25.0,2.7635659769815373,3.8941731023778345,3.8941731023778345,0.9950576606260296,0.99835255354201,1.0,0.052966349020769,0.1480967382240751,0.0,0,0.0,607,0,52
exp2_fleet_sensitivity,P0_K30,11,P0_legacy,30,1.0,25.0,2.9035723014486274,4.032895065229809,4.032895065229809,0.9880749574105622,0.9982964224872232,1.0,0.0520611622816378,0.1369011607650296,0.0,0,0.0,587,0,53
exp2_fleet_sensitivity,P0_K30,12,P0_legacy,30,1.0,25.0,2.8190709153168103,3.952166254964027,3.952166254964027,0.9981447124304268,1.0,1.0,0.0470067757928628,0.1124820948254655,0.0,0,0.0,539,0,54
exp2_fleet_sensitivity,P0_K30,13,P0_legacy,30,1.0,25.0,2.7863253866847706,3.880908773800373,3.880908773800373,0.9912891986062716,0.9965156794425089,0.9965156794425089,0.0497445098830058,0.1299506673323764,0.0,0,0.0,574,0,55
exp2_fleet_sensitivity,P0_K30,14,P0_legacy,30,1.0,25.0,2.7877555677752257,3.8222362821579168,3.8222362821579168,0.9876977152899824,0.9964850615114236,1.0,0.0503229485673171,0.1296875046627869,0.0,0,0.0,569,0,56
exp2_fleet_sensitivity,P0_K30,15,P0_legacy,30,1.0,25.0,2.797739460761126,3.9521662549639416,3.9521662549639416,0.9930191972076788,0.9965095986038396,1.0,0.04869385122999,0.1349395043015441,0.0,0,0.0,573,0,57
exp2_fleet_sensitivity,P0_K30,16,P0_legacy,30,1.0,25.0,2.819424097374997,4.025855032237189,4.025855032237189,0.9892665474060824,0.996422182468694,0.996422182468694,0.0487407767621874,0.1415953990264295,0.0,0,0.0,559,0,58
exp2_fleet_sensitivity,P0_K30,17,P0_legacy,30,1.0,25.0,2.8298286930568035,3.990095675960632,3.990095675960632,0.9948096885813148,1.0,1.0,0.0499314372165214,0.1239315000032431,0.0,0,0.0,578,0,59
exp2_fleet_sensitivity,P0_K30,18,P0_legacy,30,1.0,25.0,2.797697695059322,3.9192841894658,3.9192841894658,0.9967479674796748,0.9983739837398374,0.9983739837398374,0.0543905975808836,0.1359237803360008,0.0,0,0.0,615,0,60
exp2_fleet_sensitivity,P0_K30,19,P0_legacy,30,1.0,25.0,2.787221438188913,3.822236282158215,3.822236282158215,0.9948453608247424,0.9982817869415808,0.9982817869415808,0.0495938089479057,0.1251855088899898,0.0,0,0.0,582,0,61
exp2_fleet_sensitivity,P0_K30,20,P0_legacy,30,1.0,25.0,2.797719127225959,3.849958673785148,3.849958673785148,0.9948630136986302,1.0,1.0,0.0503477272278773,0.144663035589109,0.0,0,0.0,584,0,62
exp2_fleet_sensitivity,P0_K30,21,P0_legacy,30,1.0,25.0,2.811009851580752,3.642126530906559,3.642126530906559,0.9927797833935018,0.9963898916967509,0.9981949458483754,0.048627967162037,0.1421878725187479,0.0,0,0.0,554,0,63
exp2_fleet_sensitivity,P0_K30,22,P0_legacy,30,1.0,25.0,2.82234172556691,3.9463669397050993,3.9463669397050993,0.9965034965034965,1.0,1.0,0.0511079921626026,0.1476197650767245,0.0,0,0.0,572,0,64
exp2_fleet_sensitivity,P0_K30,23,P0_legacy,30,1.0,25.0,2.8359375221912457,4.02729060018288,4.02729060018288,0.9896551724137932,0.9948275862068966,0.9982758620689656,0.0523670386381798,0.149677767059717,0.0,0,0.0,580,0,65
exp2_fleet_sensitivity,P0_K30,24,P0_legacy,30,1.0,25.0,2.7840092377671306,3.7732934071406703,3.7732934071406703,0.9932546374367622,0.9983136593591906,1.0,0.0518898144200812,0.1569148281961648,0.0,0,0.0,593,0,66
exp2_fleet_sensitivity,P0_K30,25,P0_legacy,30,1.0,25.0,2.823987425498353,4.025855032237956,4.025855032237956,0.9881756756756755,0.9949324324324323,1.0,0.0519927564863679,0.1512183566332786,0.0,0,0.0,592,0,67
exp2_fleet_sensitivity,P0_K30,26,P0_legacy,30,1.0,25.0,2.8232765289639605,4.025855032237359,4.025855032237359,0.9913644214162348,0.993091537132988,1.0,0.0507986411035164,0.1290960823869586,0.0,0,0.0,579,0,68
exp2_fleet_sensitivity,P0_K30,27,P0_legacy,30,1.0,25.0,2.828482668794436,4.030404191875618,4.030404191875618,0.990990990990991,1.0,1.0,0.0471336851104697,0.1248810902523542,0.0,0,0.0,555,0,69
exp2_fleet_sensitivity,P0_K30,28,P0_legacy,30,1.0,25.0,2.869186715731677,4.032895065229809,4.032895065229809,0.9875444839857652,0.994661921708185,0.998220640569395,0.0487468667146647,0.1186228053067956,0.0,0,0.0,562,0,70
exp2_fleet_sensitivity,P0_K30,29,P0_legacy,30,1.0,25.0,2.810382199852016,3.9521662549639416,3.9521662549639416,0.9911190053285968,0.9982238010657194,0.9982238010657194,0.0480259625307015,0.1312803213253633,0.0,0,0.0,563,0,71
exp2_fleet_sensitivity,P1_K30,0,P1,30,1.0,25.0,2.3756806730191964,3.166098412926992,3.166098412926992,0.9948096885813148,0.9982698961937716,1.0,0.0488047513021812,0.1435454853990927,0.0,0,0.0,578,0,42
exp2_fleet_sensitivity,P1_K30,1,P1,30,1.0,25.0,2.334359795732459,3.0268954083881283,3.0268954083881283,0.9925233644859812,0.9981308411214952,1.0,0.0456637604685884,0.1410154008153362,0.0,0,0.0,535,0,43
exp2_fleet_sensitivity,P1_K30,2,P1,30,1.0,25.0,2.4164567068083,3.3662054991403068,3.3662054991403068,0.9929203539823008,0.9982300884955752,1.0,0.0492897847147992,0.1214213444684368,0.0,0,0.0,565,0,44
exp2_fleet_sensitivity,P1_K30,3,P1,30,1.0,25.0,2.3988351289003176,3.2585735103808133,3.2585735103808133,0.994991652754591,0.998330550918197,0.998330550918197,0.0514012582337865,0.1153855401098371,0.0,0,0.0,599,0,45
exp2_fleet_sensitivity,P1_K30,4,P1,30,1.0,25.0,2.4547385984310632,3.499318095512365,3.499318095512365,0.9878682842287696,0.9965337954939342,0.9982668977469672,0.0489748242457453,0.1283240689015598,0.0,0,0.0,577,0,46
exp2_fleet_sensitivity,P1_K30,5,P1,30,1.0,25.0,2.377062566301853,3.166098412926885,3.166098412926885,0.9926873857404022,0.9981718464351006,1.0,0.0460740432359604,0.1258596325886409,0.0,0,0.0,547,0,47
exp2_fleet_sensitivity,P1_K30,6,P1,30,1.0,25.0,2.3747345497470382,3.201325744365308,3.201325744365308,0.998165137614679,0.998165137614679,1.0,0.047063659517314,0.1117945246849921,0.0,0,0.0,545,0,48
exp2_fleet_sensitivity,P1_K30,7,P1,30,1.0,25.0,2.4107294477907564,3.3662054991403068,3.3662054991403068,0.9930313588850174,1.0,1.0,0.0508161635052998,0.1267022552917625,0.0,0,0.0,574,0,49
exp2_fleet_sensitivity,P1_K30,8,P1,30,1.0,25.0,2.374350406362107,3.166098412926885,3.166098412926885,0.9930434782608696,0.9965217391304348,0.9982608695652174,0.0500983902811555,0.1237124612492897,0.0,0,0.0,575,0,50
exp2_fleet_sensitivity,P1_K30,9,P1,30,1.0,25.0,2.4038319939310258,3.166098412926885,3.166098412926885,0.9871323529411764,0.9944852941176472,0.9981617647058824,0.047190116855136,0.1217555621251381,0.0,0,0.0,544,0,51
exp2_fleet_sensitivity,P1_K30,10,P1,30,1.0,25.0,2.352423996698246,3.166098412927216,3.166098412927216,0.9967105263157896,0.9983552631578948,1.0,0.0522323706757384,0.1494887824505328,0.0,0,0.0,608,0,52
exp2_fleet_sensitivity,P1_K30,11,P1,30,1.0,25.0,2.484936248389221,3.430238780592558,3.430238780592558,0.9863713798977852,0.9965928449744464,0.9982964224872232,0.0512485321125046,0.129873653385228,0.0,0,0.0,587,0,53
exp2_fleet_sensitivity,P1_K30,12,P1,30,1.0,25.0,2.3821657528348625,3.279610624751881,3.279610624751881,0.9944341372912802,1.0,1.0,0.0462280327949204,0.1106124521506355,0.0,0,0.0,539,0,54
exp2_fleet_sensitivity,P1_K30,13,P1,30,1.0,25.0,2.371734705372423,3.166098412927738,3.166098412927738,0.9912891986062716,0.9965156794425089,0.9965156794425089,0.0489575553490332,0.1402945349201394,0.0,0,0.0,574,0,55
exp2_fleet_sensitivity,P1_K30,14,P1,30,1.0,25.0,2.3780724889046323,3.166098412926885,3.166098412926885,0.9894551845342706,0.9947275922671354,0.9982425307557118,0.0495520832502623,0.1185901751594198,0.0,0,0.0,569,0,56
exp2_fleet_sensitivity,P1_K30,15,P1,30,1.0,25.0,2.417157541389968,3.166098412926885,3.166098412926885,0.987783595113438,0.9965095986038396,1.0,0.04797270890261,0.127535691651289,0.0,0,0.0,573,0,57
exp2_fleet_sensitivity,P1_K30,16,P1,30,1.0,25.0,2.4147960031881914,3.166098412927141,3.166098412927141,0.9856887298747764,0.996422182468694,0.996422182468694,0.0479928035325233,0.1259025423327004,0.0,0,0.0,559,0,58
exp2_fleet_sensitivity,P1_K30,17,P1,30,1.0,25.0,2.4348970678175403,3.366205499140733,3.366205499140733,0.991349480968858,1.0,1.0,0.0491765745201315,0.1248759994219305,0.0,0,0.0,578,0,59
exp2_fleet_sensitivity,P1_K30,18,P1,30,1.0,25.0,2.3859617338422385,3.3437047499047323,3.3437047499047323,0.9951219512195122,0.9983739837398374,0.9983739837398374,0.0535532377391227,0.1338186934994713,0.0,0,0.0,615,0,60
exp2_fleet_sensitivity,P1_K30,19,P1,30,1.0,25.0,2.3608028111541333,3.166098412926885,3.166098412926885,0.9914089347079038,0.9982817869415808,0.9982817869415808,0.0487731223046046,0.1268190386724364,0.0,0,0.0,582,0,61
exp2_fleet_sensitivity,P1_K30,20,P1,30,1.0,25.0,2.388334295703121,3.293918685253575,3.293918685253575,0.9897260273972602,1.0,1.0,0.049557116309857,0.1438845661998407,0.0,0,0.0,584,0,62
exp2_fleet_sensitivity,P1_K30,21,P1,30,1.0,25.0,2.3622804022925608,3.1660984129269174,3.1660984129269174,0.9910394265232976,0.996415770609319,1.0,0.0481784646503508,0.124752136372476,0.0,0,0.0,558,0,63
exp2_fleet_sensitivity,P1_K30,22,P1,30,1.0,25.0,2.385009443628142,3.166098412926992,3.166098412926992,0.9965034965034965,1.0,1.0,0.0502807631107872,0.1232788542124224,0.0,0,0.0,572,0,64
exp2_fleet_sensitivity,P1_K30,23,P1,30,1.0,25.0,2.391744204417621,3.166098412926896,3.166098412926896,0.9896551724137932,0.9948275862068966,0.996551724137931,0.0515150805551483,0.1492788184706431,0.0,0,0.0,580,0,65
exp2_fleet_sensitivity,P1_K30,24,P1,30,1.0,25.0,2.388479483631862,3.166098412926992,3.166098412926992,0.9898819561551432,0.9983136593591906,1.0,0.0511141889432221,0.1400268055283366,0.0,0,0.0,593,0,66
exp2_fleet_sensitivity,P1_K30,25,P1,30,1.0,25.0,2.3836257518808184,3.026895408387702,3.026895408387702,0.9916107382550337,0.9966442953020134,1.0,0.0516186028174675,0.131138526155014,0.0,0,0.0,596,0,67
exp2_fleet_sensitivity,P1_K30,26,P1,30,1.0,25.0,2.421249196196746,3.2756599855517874,3.2756599855517874,0.9896373056994818,0.993091537132988,1.0,0.0500288863889918,0.1157304246885724,0.0,0,0.0,579,0,68
exp2_fleet_sensitivity,P1_K30,27,P1,30,1.0,25.0,2.3941991713670228,3.2585735103804723,3.2585735103804723,0.9927927927927928,1.0,1.0,0.0463366370249134,0.1244323261802737,0.0,0,0.0,555,0,69
exp2_fleet_sensitivity,P1_K30,28,P1,30,1.0,25.0,2.4566025743321087,3.366205499140733,3.366205499140733,0.9839857651245552,0.994661921708185,0.998220640569395,0.0479800932772753,0.1182497123406041,0.0,0,0.0,562,0,70
exp2_fleet_sensitivity,P1_K30,29,P1,30,1.0,25.0,2.4075707077125843,3.166098412927589,3.166098412927589,0.9911190053285968,0.9982238010657194,0.9982238010657194,0.0472760191772806,0.1329226726211725,0.0,0,0.0,563,0,71
exp2_fleet_sensitivity,P2_K30,0,P2,30,1.0,25.0,2.4588592137420022,3.384185903978505,3.384185903978505,0.9930795847750864,0.9982698961937716,1.0,0.0489637367404676,0.1435454853990927,0.0,0,0.0,578,0,42
exp2_fleet_sensitivity,P2_K30,1,P2,30,1.0,25.0,2.4604685088119216,3.4460730569637152,3.4460730569637152,0.9906542056074766,0.9981308411214952,1.0,0.0458868694682495,0.1410154008153362,0.0,0,0.0,535,0,43
exp2_fleet_sensitivity,P2_K30,2,P2,30,1.0,25.0,2.5161905076847866,3.5666086627397817,3.5666086627397817,0.9858407079646018,1.0,1.0,0.0494761259763575,0.1226623990884061,0.0,0,0.0,565,0,44
exp2_fleet_sensitivity,P2_K30,3,P2,30,1.0,25.0,2.5279150594412245,3.6609355311309217,3.6609355311309217,0.991652754590985,0.998330550918197,0.998330550918197,0.0516569423554598,0.1328284269799398,0.0,0,0.0,599,0,45
exp2_fleet_sensitivity,P2_K30,4,P2,30,1.0,25.0,2.5564203538182904,3.642126530906751,3.642126530906751,0.9844020797227035,0.9965337954939342,0.9982668977469672,0.0491688400290073,0.1286504353911409,0.0,0,0.0,577,0,46
exp2_fleet_sensitivity,P2_K30,5,P2,30,1.0,25.0,2.4860653380717648,3.4898063185560204,3.4898063185560204,0.9926873857404022,0.9981718464351006,1.0,0.0462712142550018,0.1286544598239273,0.0,0,0.0,547,0,47
exp2_fleet_sensitivity,P2_K30,6,P2,30,1.0,25.0,2.426329146456714,3.3769937420433966,3.3769937420433966,0.9926605504587156,0.998165137614679,1.0,0.0471566458109872,0.1299246185665581,0.0,0,0.0,545,0,48
exp2_fleet_sensitivity,P2_K30,7,P2,30,1.0,25.0,2.54262173319016,3.642126530905898,3.642126530905898,0.9912891986062716,1.0,1.0,0.0510665146025857,0.1413236348691697,0.0,0,0.0,574,0,49
exp2_fleet_sensitivity,P2_K30,8,P2,30,1.0,25.0,2.4644213569472875,3.3841859039792936,3.3841859039792936,0.9849624060150376,0.9962406015037594,0.9962406015037594,0.046165343407962,0.1143924219655338,0.0,0,0.0,532,0,50
exp2_fleet_sensitivity,P2_K30,9,P2,30,1.0,25.0,2.4794398502449924,3.418888853017449,3.418888853017449,0.9889705882352942,0.9963235294117648,0.9981617647058824,0.0473261309881876,0.131922424927739,0.0,0,0.0,544,0,51
exp2_fleet_sensitivity,P2_K30,10,P2,30,1.0,25.0,2.451301824211788,3.4373400909116256,3.4373400909116256,0.9950657894736842,0.9983552631578948,1.0,0.0524311726569826,0.1494887824505328,0.0,0,0.0,608,0,52
exp2_fleet_sensitivity,P2_K30,11,P2,30,1.0,25.0,2.6416815429436222,3.8149337099525273,3.8149337099525273,0.979557069846678,0.9965928449744464,1.0,0.0515527962920795,0.1311686048335912,0.0,0,0.0,587,0,53
exp2_fleet_sensitivity,P2_K30,12,P2,30,1.0,25.0,2.4841757233612936,3.586314994698966,3.586314994698966,0.987012987012987,0.9981447124304268,1.0,0.0464098561220162,0.1106124521506355,0.0,0,0.0,539,0,54
exp2_fleet_sensitivity,P2_K30,13,P2,30,1.0,25.0,2.4808635272596016,3.4993180955124554,3.4993180955124554,0.9912891986062716,0.9965156794425089,0.9965156794425089,0.049164698020208,0.1287460259696535,0.0,0,0.0,574,0,55
exp2_fleet_sensitivity,P2_K30,14,P2,30,1.0,25.0,2.464721572494577,3.3841859039793576,3.3841859039793576,0.9929701230228472,0.9982425307557118,1.0,0.0497151233579431,0.1275947487181165,0.0,0,0.0,569,0,56
exp2_fleet_sensitivity,P2_K30,15,P2,30,1.0,25.0,2.488358452982356,3.426709253524852,3.426709253524852,0.9912739965095986,1.0,1.0,0.0481076233283456,0.1319052467018474,0.0,0,0.0,573,0,57
exp2_fleet_sensitivity,P2_K30,16,P2,30,1.0,25.0,2.517356993894104,3.6421265309059407,3.6421265309059407,0.9892665474060824,0.996422182468694,0.998211091234347,0.0481823921363745,0.1601368339312917,0.0,0,0.0,559,0,58
exp2_fleet_sensitivity,P2_K30,17,P2,30,1.0,25.0,2.5405027962818845,3.6444402992625418,3.6444402992625418,0.991349480968858,1.0,1.0,0.0493784267392201,0.1207108055974335,0.0,0,0.0,578,0,59
exp2_fleet_sensitivity,P2_K30,18,P2,30,1.0,25.0,2.6029462650821817,3.899407070323221,3.899407070323221,0.975609756097561,0.9983739837398374,0.9983739837398374,0.0539945257242833,0.1440837400171308,0.0,0,0.0,615,0,60
exp2_fleet_sensitivity,P2_K30,19,P2,30,1.0,25.0,2.489851563906018,3.499318095512365,3.499318095512365,0.9914089347079038,0.9982817869415808,0.9982817869415808,0.0490214899438295,0.140502237190931,0.0,0,0.0,582,0,61
exp2_fleet_sensitivity,P2_K30,20,P2,30,1.0,25.0,2.485020598124616,3.571098873919312,3.571098873919312,0.9931506849315068,1.0,1.0,0.0497438385341101,0.1438845661998407,0.0,0,0.0,584,0,62
exp2_fleet_sensitivity,P2_K30,21,P2,30,1.0,25.0,2.491634853964986,3.566608662740123,3.566608662740123,0.989247311827957,0.996415770609319,1.0,0.0484171544123654,0.1464727060604817,0.0,0,0.0,558,0,63
exp2_fleet_sensitivity,P2_K30,22,P2,30,1.0,25.0,2.549173885478212,3.705161641747237,3.705161641747237,0.9895104895104896,1.0,1.0,0.0505912857984137,0.148276348273059,0.0,0,0.0,572,0,64
exp2_fleet_sensitivity,P2_K30,23,P2,30,1.0,25.0,2.538775615234331,3.642126530906751,3.642126530906751,0.9844827586206896,0.9982758620689656,0.9982758620689656,0.0517970852452068,0.149677767059717,0.0,0,0.0,580,0,65
exp2_fleet_sensitivity,P2_K30,24,P2,30,1.0,25.0,2.5045879174907792,3.49931809551245,3.49931809551245,0.9865092748735244,1.0,1.0,0.0513418751246981,0.1758733131089762,0.0,0,0.0,593,0,66
exp2_fleet_sensitivity,P2_K30,25,P2,30,1.0,25.0,2.5596499491385027,3.80835077719226,3.80835077719226,0.988255033557047,0.9966442953020134,1.0,0.0519655288147082,0.1290462271645762,0.0,0,0.0,596,0,67
exp2_fleet_sensitivity,P2_K30,26,P2,30,1.0,25.0,2.587218563321687,3.7394465989694936,3.7394465989694936,0.9810017271157168,0.998272884283247,1.0,0.0503466650383481,0.1347247924761355,0.0,0,0.0,579,0,68
exp2_fleet_sensitivity,P2_K30,27,P2,30,1.0,25.0,2.5112222408224123,3.499318095512365,3.499318095512365,0.9873873873873874,1.0,1.0,0.0465514115075448,0.1266862823199608,0.0,0,0.0,555,0,69
exp2_fleet_sensitivity,P2_K30,28,P2,30,1.0,25.0,2.56966802655672,3.739446598968476,3.739446598968476,0.98220640569395,0.99644128113879,0.998220640569395,0.0481902215317403,0.1191695904660977,0.0,0,0.0,562,0,70
exp2_fleet_sensitivity,P2_K30,29,P2,30,1.0,25.0,2.4516018537527047,3.384185903979315,3.384185903979315,0.993127147766323,1.0,1.0,0.0491518902492112,0.1355683166685465,0.0,0,0.0,582,0,71
exp2_fleet_sensitivity,P0_K35,0,P0_legacy,35,1.0,25.0,3.213788797985856,4.68735590521986,4.68735590521986,0.92560553633218,0.944636678200692,0.9584775086505192,0.0432057349490089,0.2040330115057529,0.0,0,0.0,578,0,42
exp2_fleet_sensitivity,P0_K35,1,P0_legacy,35,1.0,25.0,3.0744678825743885,4.460882199425953,4.460882199425953,0.9327102803738316,0.955140186915888,0.9700934579439252,0.0402626955560135,0.1690531694801535,0.0,0,0.0,535,0,43
exp2_fleet_sensitivity,P0_K35,2,P0_legacy,35,1.0,25.0,3.317230887159063,5.324827086264122,5.324827086264122,0.9185840707964602,0.936283185840708,0.9575221238938052,0.0436909532586549,0.2096172373382422,0.0,0,0.0,565,0,44
exp2_fleet_sensitivity,P0_K35,3,P0_legacy,35,1.0,25.0,3.28200976541944,4.716504238735303,4.716504238735303,0.9248747913188649,0.9365609348914858,0.9549248747913188,0.045557715694932,0.2065443562083587,0.0,0,0.0,599,0,45
exp2_fleet_sensitivity,P0_K35,4,P0_legacy,35,1.0,25.0,3.2792047078032707,4.687355905219306,4.687355905219306,0.925476603119584,0.9358752166377816,0.9618717504332756,0.0433268248214885,0.1810332216124896,0.0,0,0.0,577,0,46
exp2_fleet_sensitivity,P0_K35,5,P0_legacy,35,1.0,25.0,3.119799649610944,3.899407070323946,3.899407070323946,0.9341864716636198,0.9488117001828154,0.9652650822669104,0.0406436163807383,0.1802208578685344,0.0,0,0.0,547,0,47
exp2_fleet_sensitivity,P0_K35,6,P0_legacy,35,1.0,25.0,3.2441203361921995,4.801712751029162,4.801712751029162,0.9302752293577982,0.943119266055046,0.9614678899082568,0.0416832933436745,0.2164453996324151,0.0,0,0.0,545,0,48
exp2_fleet_sensitivity,P0_K35,7,P0_legacy,35,1.0,25.0,3.274726345038673,4.858891173933919,4.858891173933919,0.9166666666666666,0.9420289855072465,0.9528985507246376,0.0432768368759483,0.1883628341613814,0.0,0,0.0,552,0,49
exp2_fleet_sensitivity,P0_K35,8,P0_legacy,35,1.0,25.0,3.29268017533057,4.521890779533446,4.521890779533446,0.9234782608695652,0.9339130434782608,0.951304347826087,0.0444381883168319,0.2012512443985997,0.0,0,0.0,575,0,50
exp2_fleet_sensitivity,P0_K35,9,P0_legacy,35,1.0,25.0,3.4478945249608595,5.826651254195571,5.826651254195571,0.9025735294117648,0.9154411764705882,0.9448529411764706,0.0420585639282124,0.1904891946621311,0.0,0,0.0,544,0,51
exp2_fleet_sensitivity,P0_K35,10,P0_legacy,35,1.0,25.0,3.2148266375004706,3.914054207870776,3.914054207870776,0.9308072487644152,0.942339373970346,0.9505766062602964,0.0461761314195451,0.2052841721885142,0.0,0,0.0,607,0,52
exp2_fleet_sensitivity,P0_K35,11,P0_legacy,35,1.0,25.0,3.239993550694784,4.058647679232989,4.058647679232989,0.9284497444633732,0.9454855195911414,0.9574105621805792,0.0451836018913684,0.1596351962480495,0.0,0,0.0,587,0,53
exp2_fleet_sensitivity,P0_K35,12,P0_legacy,35,1.0,25.0,3.1947835902869723,4.952475418939112,4.952475418939112,0.9257884972170688,0.948051948051948,0.9758812615955472,0.040865527583817,0.2058769448386871,0.0,0,0.0,539,0,54
exp2_fleet_sensitivity,P0_K35,13,P0_legacy,35,1.0,25.0,3.337105991208801,4.513500128571463,4.513500128571463,0.9128919860627178,0.9285714285714286,0.9477351916376306,0.043534262629302,0.2025816842688366,0.0,0,0.0,574,0,55
exp2_fleet_sensitivity,P0_K35,14,P0_legacy,35,1.0,25.0,3.3593276387149764,4.725474853823128,4.725474853823128,0.9121265377855888,0.9261862917398944,0.945518453427065,0.0440557940904801,0.2120816116475551,0.0,0,0.0,569,0,56
exp2_fleet_sensitivity,P0_K35,15,P0_legacy,35,1.0,25.0,3.247380498294777,4.642061164061162,4.642061164061162,0.9179755671902268,0.9389179755671904,0.9546247818499128,0.0424678711067339,0.1786065943782802,0.0,0,0.0,573,0,57
exp2_fleet_sensitivity,P0_K35,16,P0_legacy,35,1.0,25.0,3.257044145107346,4.877950648235867,4.877950648235867,0.9222222222222224,0.9388888888888888,0.9611111111111112,0.0410518880993975,0.2087543650054027,0.0,0,0.0,540,0,58
exp2_fleet_sensitivity,P0_K35,17,P0_legacy,35,1.0,25.0,3.2790639496199656,4.687355905219732,4.687355905219732,0.916955017301038,0.9359861591695502,0.9619377162629758,0.0435343667589841,0.1766608479284252,0.0,0,0.0,578,0,59
exp2_fleet_sensitivity,P0_K35,18,P0_legacy,35,1.0,25.0,3.250613724815033,4.0496259622294986,4.0496259622294986,0.926829268292683,0.943089430894309,0.9577235772357724,0.0474100342028315,0.1947338193441275,0.0,0,0.0,615,0,60
exp2_fleet_sensitivity,P0_K35,19,P0_legacy,35,1.0,25.0,3.2768175274460805,4.687355905219732,4.687355905219732,0.915807560137457,0.9381443298969072,0.9570446735395188,0.0433166461161971,0.1991999396910123,0.0,0,0.0,582,0,61
exp2_fleet_sensitivity,P0_K35,20,P0_legacy,35,1.0,25.0,3.29518687415727,5.3068485421198375,5.3068485421198375,0.9092465753424658,0.9315068493150684,0.9571917808219178,0.043978667454416,0.204401293976714,0.0,0,0.0,584,0,62
exp2_fleet_sensitivity,P0_K35,21,P0_legacy,35,1.0,25.0,3.349614149297256,5.516068440577666,5.516068440577666,0.9115523465703972,0.9368231046931408,0.9566787003610108,0.0425268822299742,0.1841943085461256,0.0,0,0.0,554,0,63
exp2_fleet_sensitivity,P0_K35,22,P0_legacy,35,1.0,25.0,3.3538039732680724,5.016488365902091,5.016488365902091,0.9178321678321678,0.9335664335664337,0.9527972027972028,0.0446685182416556,0.1822118789659387,0.0,0,0.0,572,0,64
exp2_fleet_sensitivity,P0_K35,23,P0_legacy,35,1.0,25.0,3.379376374343332,4.460882199425953,4.460882199425953,0.9172413793103448,0.9327586206896552,0.9413793103448276,0.0457794416622272,0.1785919166740351,0.0,0,0.0,580,0,65
exp2_fleet_sensitivity,P0_K35,24,P0_legacy,35,1.0,25.0,3.358641624875871,5.598029020996762,5.598029020996762,0.9139966273187184,0.927487352445194,0.9527824620573356,0.0454428483168596,0.2331936140101316,0.0,0,0.0,593,0,66
exp2_fleet_sensitivity,P0_K35,25,P0_legacy,35,1.0,25.0,3.2497823997873683,4.524011654758551,4.524011654758551,0.9172297297297296,0.9476351351351352,0.9594594594594594,0.0452797057433581,0.1777141090571606,0.0,0,0.0,592,0,67
exp2_fleet_sensitivity,P0_K35,26,P0_legacy,35,1.0,25.0,3.292384948436284,4.877950648235867,4.877950648235867,0.9156193895870736,0.940754039497307,0.9569120287253142,0.0427575966484763,0.1889669319000953,0.0,0,0.0,557,0,68
exp2_fleet_sensitivity,P0_K35,27,P0_legacy,35,1.0,25.0,3.0634064728748918,3.899407070323946,3.899407070323946,0.945945945945946,0.9585585585585584,0.9711711711711712,0.0407698670313794,0.1730033647269819,0.0,0,0.0,555,0,69
exp2_fleet_sensitivity,P0_K35,28,P0_legacy,35,1.0,25.0,3.316919305671331,5.261079968159244,5.261079968159244,0.9181494661921707,0.9341637010676156,0.9555160142348754,0.0424962534298772,0.1959839759272282,0.0,0,0.0,562,0,70
exp2_fleet_sensitivity,P0_K35,29,P0_legacy,35,1.0,25.0,3.349635478468836,5.324827086264293,5.324827086264293,0.9040852575488456,0.9253996447602132,0.9573712255772646,0.0420256538127704,0.1949226691638787,0.0,0,0.0,563,0,71
exp2_fleet_sensitivity,P1_K35,0,P1,35,1.0,25.0,2.332253448200609,3.158171932129932,3.158171932129932,0.9982698961937716,0.9982698961937716,1.0,0.0417614961956759,0.1435454853990927,0.0,0,0.0,578,0,42
exp2_fleet_sensitivity,P1_K35,1,P1,35,1.0,25.0,2.30222456253473,2.980111902591148,2.980111902591148,0.9981308411214952,0.9981308411214952,1.0,0.0390916349658173,0.1410154008153362,0.0,0,0.0,535,0,43
exp2_fleet_sensitivity,P1_K35,2,P1,35,1.0,25.0,2.349031647135112,3.166098412926885,3.166098412926885,1.0,1.0,1.0,0.0421404074235825,0.1183459235124842,0.0,0,0.0,565,0,44
exp2_fleet_sensitivity,P1_K35,3,P1,35,1.0,25.0,2.3435477544771635,3.026895408387702,3.026895408387702,0.998330550918197,0.998330550918197,0.998330550918197,0.0439643519065124,0.1085729878593243,0.0,0,0.0,599,0,45
exp2_fleet_sensitivity,P1_K35,4,P1,35,1.0,25.0,2.40252877241906,3.3662054991403068,3.3662054991403068,0.9948006932409011,0.9965337954939342,0.9982668977469672,0.0418930322627677,0.1286504353911409,0.0,0,0.0,577,0,46
exp2_fleet_sensitivity,P1_K35,5,P1,35,1.0,25.0,2.3236483191970296,2.980111902591318,2.980111902591318,0.9981718464351006,0.9981718464351006,1.0,0.0394092207522338,0.1258596325886409,0.0,0,0.0,547,0,47
exp2_fleet_sensitivity,P1_K35,6,P1,35,1.0,25.0,2.348454483734961,3.166098412927738,3.166098412927738,0.998165137614679,0.998165137614679,1.0,0.0402996825455192,0.1117945246849921,0.0,0,0.0,545,0,48
exp2_fleet_sensitivity,P1_K35,7,P1,35,1.0,25.0,2.3626501748598616,3.258573510380653,3.258573510380653,0.9965156794425089,1.0,1.0,0.0434784873620758,0.1222130213600571,0.0,0,0.0,574,0,49
exp2_fleet_sensitivity,P1_K35,8,P1,35,1.0,25.0,2.342952590642441,3.026895408387702,3.026895408387702,0.9965217391304348,0.9965217391304348,0.9982608695652174,0.0428903046399734,0.1252770397725432,0.0,0,0.0,575,0,50
exp2_fleet_sensitivity,P1_K35,9,P1,35,1.0,25.0,2.341236812508852,2.996859301085322,2.996859301085322,0.9944852941176472,0.9963235294117648,0.9981617647058824,0.0403521529430257,0.1209892736213279,0.0,0,0.0,544,0,51
exp2_fleet_sensitivity,P1_K35,10,P1,35,1.0,25.0,2.3133000371885672,3.026895408387702,3.026895408387702,0.9983552631578948,0.9983552631578948,1.0,0.0447031789256276,0.1494887824505328,0.0,0,0.0,608,0,52
exp2_fleet_sensitivity,P1_K35,11,P1,35,1.0,25.0,2.4111405611963783,3.366205499140733,3.366205499140733,0.9914821124361158,0.9982964224872232,1.0,0.0438045295987506,0.127440653769009,0.0,0,0.0,587,0,53
exp2_fleet_sensitivity,P1_K35,12,P1,35,1.0,25.0,2.3364691498257764,3.1660984129269067,3.1660984129269067,0.9981447124304268,1.0,1.0,0.0395542138553346,0.1106124521506355,0.0,0,0.0,539,0,54
exp2_fleet_sensitivity,P1_K35,13,P1,35,1.0,25.0,2.313871097115756,3.026895408387702,3.026895408387702,0.9965156794425089,0.9965156794425089,0.9965156794425089,0.0418694756984363,0.1258612450332762,0.0,0,0.0,574,0,55
exp2_fleet_sensitivity,P1_K35,14,P1,35,1.0,25.0,2.295971628551846,2.980111902590892,2.980111902590892,0.9982425307557118,1.0,1.0,0.0423408009788509,0.1171841760150856,0.0,0,0.0,569,0,56
exp2_fleet_sensitivity,P1_K35,15,P1,35,1.0,25.0,2.3134949512658878,2.980111902590892,2.980111902590892,1.0,1.0,1.0,0.0409511012131751,0.127535691651289,0.0,0,0.0,573,0,57
exp2_fleet_sensitivity,P1_K35,16,P1,35,1.0,25.0,2.3497812275470937,3.166098412926885,3.166098412926885,0.992844364937388,0.998211091234347,0.998211091234347,0.0410336749678335,0.1259025423327004,0.0,0,0.0,559,0,58
exp2_fleet_sensitivity,P1_K35,17,P1,35,1.0,25.0,2.36590785655722,3.166098412926885,3.166098412926885,0.9982698961937716,1.0,1.0,0.0420383230464266,0.1207108055974335,0.0,0,0.0,578,0,59
exp2_fleet_sensitivity,P1_K35,18,P1,35,1.0,25.0,2.3680389532640804,3.166098412927738,3.166098412927738,0.9934959349593496,0.9983739837398374,0.9983739837398374,0.0458715322626279,0.1338186934994713,0.0,0,0.0,615,0,60
exp2_fleet_sensitivity,P1_K35,19,P1,35,1.0,25.0,2.3105837186014195,2.980111902591233,2.980111902591233,0.9982817869415808,0.9982817869415808,0.9982817869415808,0.0417226889825588,0.1268190386724364,0.0,0,0.0,582,0,61
exp2_fleet_sensitivity,P1_K35,20,P1,35,1.0,25.0,2.3326077167414363,3.166098412926885,3.166098412926885,0.9982876712328768,1.0,1.0,0.042385282454612,0.1438845661998407,0.0,0,0.0,584,0,62
exp2_fleet_sensitivity,P1_K35,21,P1,35,1.0,25.0,2.313089920406955,2.98011190259102,2.98011190259102,0.996415770609319,0.996415770609319,1.0,0.0412180255707878,0.124752136372476,0.0,0,0.0,558,0,63
exp2_fleet_sensitivity,P1_K35,22,P1,35,1.0,25.0,2.353289043985076,3.166098412926885,3.166098412926885,0.9982517482517482,1.0,1.0,0.0430463681862421,0.1190176282026085,0.0,0,0.0,572,0,64
exp2_fleet_sensitivity,P1_K35,23,P1,35,1.0,25.0,2.3309379652551443,3.0268954083877877,3.0268954083877877,0.993103448275862,0.996551724137931,0.9982758620689656,0.0440558184273317,0.1492788184706431,0.0,0,0.0,580,0,65
exp2_fleet_sensitivity,P1_K35,24,P1,35,1.0,25.0,2.339585086489788,3.026895408387702,3.026895408387702,0.9949409780775716,1.0,1.0,0.0437299783416244,0.1400268055283366,0.0,0,0.0,593,0,66
exp2_fleet_sensitivity,P1_K35,25,P1,35,1.0,25.0,2.339233437596894,2.980111902591318,2.980111902591318,0.9966442953020134,0.9983221476510068,1.0,0.0441695228817714,0.129066485684998,0.0,0,0.0,596,0,67
exp2_fleet_sensitivity,P1_K35,26,P1,35,1.0,25.0,2.378298182789565,3.166098412927141,3.166098412927141,0.9948186528497408,0.998272884283247,1.0,0.0428114132859081,0.1254664483949144,0.0,0,0.0,579,0,68
exp2_fleet_sensitivity,P1_K35,27,P1,35,1.0,25.0,2.3718775890261896,3.166098412927738,3.166098412927738,0.9945945945945946,1.0,1.0,0.0396820027158011,0.1244323261802737,0.0,0,0.0,555,0,69
exp2_fleet_sensitivity,P1_K35,28,P1,35,1.0,25.0,2.380240593689481,3.1660984129276635,3.1660984129276635,0.99288256227758,0.998220640569395,0.998220640569395,0.0410041518535343,0.1162220745149594,0.0,0,0.0,562,0,70
exp2_fleet_sensitivity,P1_K35,29,P1,35,1.0,25.0,2.311237734980893,2.980111902591318,2.980111902591318,0.9982238010657194,0.9982238010657194,0.9982238010657194,0.0403685735134969,0.1196192580698767,0.0,0,0.0,563,0,71
exp2_fleet_sensitivity,P2_K35,0,P2,35,1.0,25.0,2.395347962767372,3.166098412927738,3.166098412927738,0.9930795847750864,0.9982698961937716,1.0,0.0418648653266838,0.1435454853990927,0.0,0,0.0,578,0,42
exp2_fleet_sensitivity,P2_K35,1,P2,35,1.0,25.0,2.3908204866470317,3.166098412926885,3.166098412926885,0.9850467289719628,0.9981308411214952,1.0,0.0392259853609423,0.1410154008153362,0.0,0,0.0,535,0,43
exp2_fleet_sensitivity,P2_K35,2,P2,35,1.0,25.0,2.456829212781583,3.366205499140605,3.366205499140605,0.984070796460177,0.9982300884955752,1.0,0.0423130424139177,0.1183459235124842,0.0,0,0.0,565,0,44
exp2_fleet_sensitivity,P2_K35,3,P2,35,1.0,25.0,2.423991705921512,3.2678276301242613,3.2678276301242613,0.991652754590985,0.998330550918197,0.998330550918197,0.0441009333320089,0.1085729878593243,0.0,0,0.0,599,0,45
exp2_fleet_sensitivity,P2_K35,4,P2,35,1.0,25.0,2.5134165532475827,3.499318095512365,3.499318095512365,0.977469670710572,0.9965337954939342,0.9982668977469672,0.0420743878453586,0.1283240689015598,0.0,0,0.0,577,0,46
exp2_fleet_sensitivity,P2_K35,5,P2,35,1.0,25.0,2.395859957487785,3.166098412926885,3.166098412926885,0.9890310786106032,0.9981718464351006,1.0,0.0395211815406267,0.1258596325886409,0.0,0,0.0,547,0,47
exp2_fleet_sensitivity,P2_K35,6,P2,35,1.0,25.0,2.384528490573739,3.166098412927738,3.166098412927738,0.9963302752293578,0.998165137614679,1.0,0.0403554091150405,0.1117945246849921,0.0,0,0.0,545,0,48
exp2_fleet_sensitivity,P2_K35,7,P2,35,1.0,25.0,2.439823630616257,3.3662054991403068,3.3662054991403068,0.989547038327526,1.0,1.0,0.0436040473496159,0.1222130213600571,0.0,0,0.0,574,0,49
exp2_fleet_sensitivity,P2_K35,8,P2,35,1.0,25.0,2.4045083626976917,3.166098412927738,3.166098412927738,0.9887218045112782,0.9962406015037594,0.9962406015037594,0.039479949358353,0.1119590113708254,0.0,0,0.0,532,0,50
exp2_fleet_sensitivity,P2_K35,9,P2,35,1.0,25.0,2.425599746106425,3.166098412926992,3.166098412926992,0.9816176470588236,0.9944852941176472,0.9981617647058824,0.0404822363780514,0.1214280689933666,0.0,0,0.0,544,0,51
exp2_fleet_sensitivity,P2_K35,10,P2,35,1.0,25.0,2.3601848118607087,3.166098412926885,3.166098412926885,0.9967105263157896,0.9983552631578948,1.0,0.0447839780837927,0.1494887824505328,0.0,0,0.0,608,0,52
exp2_fleet_sensitivity,P2_K35,11,P2,35,1.0,25.0,2.548114546306984,3.493611029338865,3.493611029338865,0.979557069846678,0.9965928449744464,0.9982964224872232,0.0440324313256778,0.127440653769009,0.0,0,0.0,587,0,53
exp2_fleet_sensitivity,P2_K35,12,P2,35,1.0,25.0,2.408688765391639,3.3479565254384904,3.3479565254384904,0.9888682745825604,1.0,1.0,0.0396645493791158,0.1106124521506355,0.0,0,0.0,539,0,54
exp2_fleet_sensitivity,P2_K35,13,P2,35,1.0,25.0,2.4292647649432126,3.366205499140637,3.366205499140637,0.989547038327526,0.9965156794425089,0.9965156794425089,0.042057219364346,0.1258612450332762,0.0,0,0.0,574,0,55
exp2_fleet_sensitivity,P2_K35,14,P2,35,1.0,25.0,2.3763527058483227,3.166098412926885,3.166098412926885,0.9912126537785588,0.9947275922671354,0.9982425307557118,0.0424704405281187,0.1185901751594198,0.0,0,0.0,569,0,56
exp2_fleet_sensitivity,P2_K35,15,P2,35,1.0,25.0,2.462885188897627,3.3269194110673426,3.3269194110673426,0.9808027923211168,0.9965095986038396,1.0,0.0411937333168117,0.127535691651289,0.0,0,0.0,573,0,57
exp2_fleet_sensitivity,P2_K35,16,P2,35,1.0,25.0,2.4453446384306594,3.344005886239117,3.344005886239117,0.9838998211091234,0.996422182468694,0.996422182468694,0.0411850920502709,0.1259025423327004,0.0,0,0.0,559,0,58
exp2_fleet_sensitivity,P2_K35,17,P2,35,1.0,25.0,2.4487186722554046,3.3662054991405093,3.3662054991405093,0.9896193771626296,1.0,1.0,0.0421739938272473,0.1207108055974335,0.0,0,0.0,578,0,59
exp2_fleet_sensitivity,P2_K35,18,P2,35,1.0,25.0,2.460042294618238,3.384185903978505,3.384185903978505,0.9821138211382112,0.9983739837398374,0.9983739837398374,0.0460319122369273,0.1326553198066694,0.0,0,0.0,615,0,60
exp2_fleet_sensitivity,P2_K35,19,P2,35,1.0,25.0,2.413554323303212,3.1660984129276635,3.1660984129276635,0.986254295532646,0.9982817869415808,0.9982817869415808,0.0418925554563016,0.1268190386724364,0.0,0,0.0,582,0,61
exp2_fleet_sensitivity,P2_K35,20,P2,35,1.0,25.0,2.4309009571091087,3.365471574069094,3.365471574069094,0.988013698630137,1.0,1.0,0.0425479900860597,0.1438845661998407,0.0,0,0.0,584,0,62
exp2_fleet_sensitivity,P2_K35,21,P2,35,1.0,25.0,2.417652989782168,3.219470654921141,3.219470654921141,0.9874551971326164,0.996415770609319,1.0,0.0413834059356159,0.124752136372476,0.0,0,0.0,558,0,63
exp2_fleet_sensitivity,P2_K35,22,P2,35,1.0,25.0,2.412667918749973,3.249326000634736,3.249326000634736,0.9947552447552448,1.0,1.0,0.0431426400580265,0.1188509239473621,0.0,0,0.0,572,0,64
exp2_fleet_sensitivity,P2_K35,23,P2,35,1.0,25.0,2.464284555694842,3.2636228210764435,3.2636228210764435,0.9810344827586208,0.9948275862068966,0.996551724137931,0.0442750390125217,0.1492788184706431,0.0,0,0.0,580,0,65
exp2_fleet_sensitivity,P2_K35,24,P2,35,1.0,25.0,2.4262076524396106,3.166098412926885,3.166098412926885,0.9831365935919056,0.9983136593591906,1.0,0.0438755769289494,0.1400268055283366,0.0,0,0.0,593,0,66
exp2_fleet_sensitivity,P2_K35,25,P2,35,1.0,25.0,2.4216073330908263,3.166098412926885,3.166098412926885,0.9899328859060402,0.9966442953020134,1.0,0.0443086805963814,0.129066485684998,0.0,0,0.0,596,0,67
exp2_fleet_sensitivity,P2_K35,26,P2,35,1.0,25.0,2.5409257241660628,3.642126530905898,3.642126530905898,0.9775474956822108,0.993091537132988,1.0,0.0430783105264324,0.1251177393751618,0.0,0,0.0,579,0,68
exp2_fleet_sensitivity,P2_K35,27,P2,35,1.0,25.0,2.444204471778357,3.366205499140605,3.366205499140605,0.9855855855855856,1.0,1.0,0.0397957822507429,0.1244323261802737,0.0,0,0.0,555,0,69
exp2_fleet_sensitivity,P2_K35,28,P2,35,1.0,25.0,2.4705974616884703,3.366205499140733,3.366205499140733,0.9857651245551602,0.994661921708185,0.998220640569395,0.0411480876806755,0.1162220745149594,0.0,0,0.0,562,0,70
exp2_fleet_sensitivity,P2_K35,29,P2,35,1.0,25.0,2.432895820216685,3.240078490889517,3.240078490889517,0.9911190053285968,0.9982238010657194,0.9982238010657194,0.0405627160928272,0.1196192580698767,0.0,0,0.0,563,0,71
exp2_fleet_sensitivity,P0_K40,0,P0_legacy,40,1.0,25.0,2.4101271628771976,3.159867561327687,3.159867561327687,0.9982698961937716,0.9982698961937716,1.0,0.0366529436133867,0.1435454853990927,0.0,0,0.0,578,0,42
exp2_fleet_sensitivity,P0_K40,1,P0_legacy,40,1.0,25.0,2.4046479669898897,3.153965807831583,3.153965807831583,0.9981308411214952,0.9981308411214952,1.0,0.0343410846659818,0.1410154008153362,0.0,0,0.0,535,0,43
exp2_fleet_sensitivity,P0_K40,2,P0_legacy,40,1.0,25.0,2.460712198540111,3.1761226640726083,3.1761226640726083,1.0,1.0,1.0,0.0370293533000589,0.1183459235124842,0.0,0,0.0,565,0,44
exp2_fleet_sensitivity,P0_K40,3,P0_legacy,40,1.0,25.0,2.432363260290335,3.1593023515954437,3.1593023515954437,0.998330550918197,0.998330550918197,0.998330550918197,0.0386007535729158,0.1085729878593243,0.0,0,0.0,599,0,45
exp2_fleet_sensitivity,P0_K40,4,P0_legacy,40,1.0,25.0,2.4840711710873267,3.3841859039793576,3.3841859039793576,0.9948006932409011,0.9965337954939342,0.9982668977469672,0.0367730946089684,0.1286504353911409,0.0,0,0.0,577,0,46
exp2_fleet_sensitivity,P0_K40,5,P0_legacy,40,1.0,25.0,2.4329635858544334,3.166098412926885,3.166098412926885,0.9981718464351006,0.9981718464351006,1.0,0.0346313703676827,0.1265085504086706,0.0,0,0.0,547,0,47
exp2_fleet_sensitivity,P0_K40,6,P0_legacy,40,1.0,25.0,2.4312067403634225,3.16609841292744,3.16609841292744,0.998165137614679,0.998165137614679,1.0,0.0353740773361152,0.1140621672506394,0.0,0,0.0,545,0,48
exp2_fleet_sensitivity,P0_K40,7,P0_legacy,40,1.0,25.0,2.464045003556566,3.2585735103808133,3.2585735103808133,0.9965156794425089,1.0,1.0,0.0381880232465581,0.1222130213600571,0.0,0,0.0,574,0,49
exp2_fleet_sensitivity,P0_K40,8,P0_legacy,40,1.0,25.0,2.4421856480302,3.200048923915959,3.200048923915959,0.9965217391304348,0.9965217391304348,0.9982608695652174,0.037670531956797,0.1399058524287802,0.0,0,0.0,575,0,50
exp2_fleet_sensitivity,P0_K40,9,P0_legacy,40,1.0,25.0,2.465998927689402,3.16609841292696,3.16609841292696,0.9944852941176472,0.9963235294117648,0.9981617647058824,0.0354764636630895,0.1217790112066332,0.0,0,0.0,544,0,51
exp2_fleet_sensitivity,P0_K40,10,P0_legacy,40,1.0,25.0,2.39433525027118,3.147656621383419,3.147656621383419,0.9983552631578948,0.9983552631578948,1.0,0.0392374775161598,0.1494887824505328,0.0,0,0.0,608,0,52
exp2_fleet_sensitivity,P0_K40,11,P0_legacy,40,1.0,25.0,2.517012745123616,3.3883859601359627,3.3883859601359627,0.9948892674616696,0.9982964224872232,1.0,0.0384830977539794,0.127440653769009,0.0,0,0.0,587,0,53
exp2_fleet_sensitivity,P0_K40,12,P0_legacy,40,1.0,25.0,2.4270352278061136,3.166098412927738,3.166098412927738,1.0,1.0,1.0,0.0347310063596068,0.1106124521506355,0.0,0,0.0,539,0,54
exp2_fleet_sensitivity,P0_K40,13,P0_legacy,40,1.0,25.0,2.418917124637568,3.166098412926885,3.166098412926885,0.9965156794425089,0.9965156794425089,0.9965156794425089,0.0367853359280899,0.1258612450332762,0.0,0,0.0,574,0,55
exp2_fleet_sensitivity,P0_K40,14,P0_legacy,40,1.0,25.0,2.3985629512608373,3.149759683532721,3.149759683532721,0.9982425307557118,1.0,1.0,0.0371929787895833,0.1171841760150856,0.0,0,0.0,569,0,56
exp2_fleet_sensitivity,P0_K40,15,P0_legacy,40,1.0,25.0,2.4356757439473355,3.158171932130273,3.158171932130273,1.0,1.0,1.0,0.0360058484677942,0.127535691651289,0.0,0,0.0,573,0,57
exp2_fleet_sensitivity,P0_K40,16,P0_legacy,40,1.0,25.0,2.4669380729536527,3.166098412926885,3.166098412926885,0.9946332737030412,0.996422182468694,0.998211091234347,0.0360668928701238,0.1308746088299903,0.0,0,0.0,559,0,58
exp2_fleet_sensitivity,P0_K40,17,P0_legacy,40,1.0,25.0,2.456831299763819,3.166098412926885,3.166098412926885,0.9982698961937716,1.0,1.0,0.0369138743079185,0.1207108055974335,0.0,0,0.0,578,0,59
exp2_fleet_sensitivity,P0_K40,18,P0_legacy,40,1.0,25.0,2.4684603747856344,3.24643928236398,3.24643928236398,0.9967479674796748,0.9983739837398374,0.9983739837398374,0.0402907632849476,0.1326553198066694,0.0,0,0.0,615,0,60
exp2_fleet_sensitivity,P0_K40,19,P0_legacy,40,1.0,25.0,2.4081641337640063,3.165870974579775,3.165870974579775,0.9982817869415808,0.9982817869415808,0.9982817869415808,0.0366482055423397,0.1268190386724364,0.0,0,0.0,582,0,61
exp2_fleet_sensitivity,P0_K40,20,P0_legacy,40,1.0,25.0,2.420786185594305,3.1660984129275143,3.1660984129275143,0.9982876712328768,1.0,1.0,0.0372148409617986,0.1438845661998407,0.0,0,0.0,584,0,62
exp2_fleet_sensitivity,P0_K40,21,P0_legacy,40,1.0,25.0,2.429556494140728,3.147656621383419,3.147656621383419,0.996415770609319,0.996415770609319,1.0,0.0362269537934458,0.1246684625699426,0.0,0,0.0,558,0,63
exp2_fleet_sensitivity,P0_K40,22,P0_legacy,40,1.0,25.0,2.4475430956613407,3.166098412926885,3.166098412926885,0.9982517482517482,1.0,1.0,0.0377992857481772,0.1214460169397548,0.0,0,0.0,572,0,64
exp2_fleet_sensitivity,P0_K40,23,P0_legacy,40,1.0,25.0,2.448916947146501,3.166098412926885,3.166098412926885,0.993103448275862,0.996551724137931,0.9982758620689656,0.0387185529530248,0.1491222258049908,0.0,0,0.0,580,0,65
exp2_fleet_sensitivity,P0_K40,24,P0_legacy,40,1.0,25.0,2.462447447174528,3.166098412926885,3.166098412926885,0.9966273187183812,1.0,1.0,0.0384444289157023,0.1611677335972479,0.0,0,0.0,593,0,66
exp2_fleet_sensitivity,P0_K40,25,P0_legacy,40,1.0,25.0,2.453168992897951,3.1649612211913336,3.1649612211913336,0.9983221476510068,0.9983221476510068,1.0,0.0388167491657946,0.1280646663927353,0.0,0,0.0,596,0,67
exp2_fleet_sensitivity,P0_K40,26,P0_legacy,40,1.0,25.0,2.495123831076993,3.306121910190456,3.306121910190456,0.996545768566494,0.998272884283247,1.0,0.0376277496468919,0.1258708404229231,0.0,0,0.0,579,0,68
exp2_fleet_sensitivity,P0_K40,27,P0_legacy,40,1.0,25.0,2.458196160800277,3.2537198191737398,3.2537198191737398,0.9945945945945946,1.0,1.0,0.0348405688627709,0.1244323261802737,0.0,0,0.0,555,0,69
exp2_fleet_sensitivity,P0_K40,28,P0_legacy,40,1.0,25.0,2.491968607902296,3.23924452490985,3.23924452490985,0.99288256227758,0.998220640569395,0.998220640569395,0.03603436487578,0.1162220745149594,0.0,0,0.0,562,0,70
exp2_fleet_sensitivity,P0_K40,29,P0_legacy,40,1.0,25.0,2.429994708133877,3.166098412926885,3.166098412926885,0.9982238010657194,0.9982238010657194,0.9982238010657194,0.0354883256732312,0.1196192580698767,0.0,0,0.0,563,0,71
exp2_fleet_sensitivity,P1_K40,0,P1,40,1.0,25.0,2.329434070133196,3.026895408388554,3.026895408388554,0.9982698961937716,0.9982698961937716,1.0,0.0365372675032527,0.1435454853990927,0.0,0,0.0,578,0,42
exp2_fleet_sensitivity,P1_K40,1,P1,40,1.0,25.0,2.3277760178897378,2.994466815585668,2.994466815585668,0.9925233644859812,0.9981308411214952,1.0,0.034239084435901,0.1410154008153362,0.0,0,0.0,535,0,43
exp2_fleet_sensitivity,P1_K40,2,P1,40,1.0,25.0,2.374226958753086,3.16609841292744,3.16609841292744,0.9982300884955752,1.0,1.0,0.0369081624258533,0.1183459235124842,0.0,0,0.0,565,0,44
exp2_fleet_sensitivity,P1_K40,3,P1,40,1.0,25.0,2.3369268489460664,3.026895408387702,3.026895408387702,0.998330550918197,0.998330550918197,0.998330550918197,0.0384589718011023,0.1085729878593243,0.0,0,0.0,599,0,45
exp2_fleet_sensitivity,P1_K40,4,P1,40,1.0,25.0,2.448591867118776,3.3841859039793576,3.3841859039793576,0.9878682842287696,0.9965337954939342,0.9982668977469672,0.0367223218947078,0.1283240689015598,0.0,0,0.0,577,0,46
exp2_fleet_sensitivity,P1_K40,5,P1,40,1.0,25.0,2.350867880182817,2.980111902591318,2.980111902591318,0.9945155393053016,0.9981718464351006,1.0,0.0345199954892046,0.1258596325886409,0.0,0,0.0,547,0,47
exp2_fleet_sensitivity,P1_K40,6,P1,40,1.0,25.0,2.350452777536538,3.166098412927738,3.166098412927738,0.998165137614679,0.998165137614679,1.0,0.0352649232940998,0.1117945246849921,0.0,0,0.0,545,0,48
exp2_fleet_sensitivity,P1_K40,7,P1,40,1.0,25.0,2.375828972363742,3.307799864868805,3.307799864868805,0.9947735191637632,1.0,1.0,0.0380624379243739,0.1222130213600571,0.0,0,0.0,574,0,49
exp2_fleet_sensitivity,P1_K40,8,P1,40,1.0,25.0,2.353674257025182,3.0268954083882136,3.0268954083882136,0.9930434782608696,0.9965217391304348,0.9982608695652174,0.0375443066348033,0.1252770397725432,0.0,0,0.0,575,0,50
exp2_fleet_sensitivity,P1_K40,9,P1,40,1.0,25.0,2.3706078929640944,3.020037813146217,3.020037813146217,0.9889705882352942,0.9963235294117648,0.9981617647058824,0.0353477614733807,0.1198813887446771,0.0,0,0.0,544,0,51
exp2_fleet_sensitivity,P1_K40,10,P1,40,1.0,25.0,2.316166929067567,3.026895408387958,3.026895408387958,0.9983552631578948,0.9983552631578948,1.0,0.0391196046508528,0.1494887824505328,0.0,0,0.0,608,0,52
exp2_fleet_sensitivity,P1_K40,11,P1,40,1.0,25.0,2.3833142870447275,3.3662054991403494,3.3662054991403494,0.9948892674616696,0.9982964224872232,1.0,0.0382884524293457,0.129873653385228,0.0,0,0.0,587,0,53
exp2_fleet_sensitivity,P1_K40,12,P1,40,1.0,25.0,2.343168300216428,3.1778408567401746,3.1778408567401746,0.9962894248608536,1.0,1.0,0.0346188925848775,0.1106124521506355,0.0,0,0.0,539,0,54
exp2_fleet_sensitivity,P1_K40,13,P1,40,1.0,25.0,2.316492084624552,3.026895408387702,3.026895408387702,0.9965156794425089,0.9965156794425089,0.9965156794425089,0.0366395225030714,0.1258612450332762,0.0,0,0.0,574,0,55
exp2_fleet_sensitivity,P1_K40,14,P1,40,1.0,25.0,2.301855577458404,2.980111902590892,2.980111902590892,0.9964850615114236,1.0,1.0,0.0370565043458988,0.1171841760150856,0.0,0,0.0,569,0,56
exp2_fleet_sensitivity,P1_K40,15,P1,40,1.0,25.0,2.3617173582117164,3.026895408388384,3.026895408388384,0.9947643979057592,1.0,1.0,0.0359007439166372,0.127535691651289,0.0,0,0.0,573,0,57
exp2_fleet_sensitivity,P1_K40,16,P1,40,1.0,25.0,2.371652717074938,3.166098412926885,3.166098412926885,0.9892665474060824,0.998211091234347,0.998211091234347,0.0359347884208773,0.1259025423327004,0.0,0,0.0,559,0,58
exp2_fleet_sensitivity,P1_K40,17,P1,40,1.0,25.0,2.390388656870258,3.268461230289534,3.268461230289534,0.9948096885813148,1.0,1.0,0.0368186266700403,0.1207108055974335,0.0,0,0.0,578,0,59
exp2_fleet_sensitivity,P1_K40,18,P1,40,1.0,25.0,2.3693747171550568,3.221583471399074,3.221583471399074,0.9951219512195122,0.9983739837398374,0.9983739837398374,0.0401396281672819,0.1338186934994713,0.0,0,0.0,615,0,60
exp2_fleet_sensitivity,P1_K40,19,P1,40,1.0,25.0,2.317741075193316,2.980111902591318,2.980111902591318,0.9965635738831616,0.9982817869415808,0.9982817869415808,0.0365176841631529,0.1268190386724364,0.0,0,0.0,582,0,61
exp2_fleet_sensitivity,P1_K40,20,P1,40,1.0,25.0,2.344496503867952,3.166098412926885,3.166098412926885,0.9948630136986302,1.0,1.0,0.0371043420180283,0.1438845661998407,0.0,0,0.0,584,0,62
exp2_fleet_sensitivity,P1_K40,21,P1,40,1.0,25.0,2.333644163641057,3.026895408387702,3.026895408387702,0.992831541218638,0.996415770609319,1.0,0.036094217978915,0.124752136372476,0.0,0,0.0,558,0,63
exp2_fleet_sensitivity,P1_K40,22,P1,40,1.0,25.0,2.343552099903242,3.166098412926885,3.166098412926885,0.9982517482517482,1.0,1.0,0.0376517588395124,0.1188509239473621,0.0,0,0.0,572,0,64
exp2_fleet_sensitivity,P1_K40,23,P1,40,1.0,25.0,2.344668596056569,3.166098412926885,3.166098412926885,0.993103448275862,0.996551724137931,0.9982758620689656,0.0385685925273498,0.1492788184706431,0.0,0,0.0,580,0,65
exp2_fleet_sensitivity,P1_K40,24,P1,40,1.0,25.0,2.3588078070543785,3.1382578120192286,3.1382578120192286,0.9932546374367622,1.0,1.0,0.0382920025600692,0.1400268055283366,0.0,0,0.0,593,0,66
exp2_fleet_sensitivity,P1_K40,25,P1,40,1.0,25.0,2.3369935695507995,2.980111902591318,2.980111902591318,0.9949664429530202,0.9983221476510068,1.0,0.0386450216054898,0.129066485684998,0.0,0,0.0,596,0,67
exp2_fleet_sensitivity,P1_K40,26,P1,40,1.0,25.0,2.361047494179522,3.166098412926885,3.166098412926885,0.9948186528497408,0.998272884283247,1.0,0.0374352144309602,0.116079133708325,0.0,0,0.0,579,0,68
exp2_fleet_sensitivity,P1_K40,27,P1,40,1.0,25.0,2.362114099593472,3.166098412927738,3.166098412927738,0.9945945945945946,1.0,1.0,0.0347083130493539,0.1244323261802737,0.0,0,0.0,555,0,69
exp2_fleet_sensitivity,P1_K40,28,P1,40,1.0,25.0,2.3724019346025336,3.166098412927738,3.166098412927738,0.994661921708185,0.998220640569395,0.998220640569395,0.0358677069630953,0.1162220745149594,0.0,0,0.0,562,0,70
exp2_fleet_sensitivity,P1_K40,29,P1,40,1.0,25.0,2.3332291001653984,3.0223236782267127,3.0223236782267127,0.9964476021314388,0.9982238010657194,0.9982238010657194,0.0353532090132951,0.1196192580698767,0.0,0,0.0,563,0,71
exp2_fleet_sensitivity,P2_K40,0,P2,40,1.0,25.0,2.438203504462792,3.366205499140733,3.366205499140733,0.9930795847750864,0.9982698961937716,1.0,0.0366931919403621,0.1435454853990927,0.0,0,0.0,578,0,42
exp2_fleet_sensitivity,P2_K40,1,P2,40,1.0,25.0,2.458088214467581,3.4460730569637152,3.4460730569637152,0.9906542056074766,0.9981308411214952,1.0,0.0344119937245149,0.1410154008153362,0.0,0,0.0,535,0,43
exp2_fleet_sensitivity,P2_K40,2,P2,40,1.0,25.0,2.5059768765613133,3.56484778202622,3.56484778202622,0.9876106194690264,1.0,1.0,0.0370927822263535,0.1226623990884061,0.0,0,0.0,565,0,44
exp2_fleet_sensitivity,P2_K40,3,P2,40,1.0,25.0,2.517861347078894,3.642126530906751,3.642126530906751,0.991652754590985,0.998330550918197,0.998330550918197,0.0387277708199058,0.1328284269799398,0.0,0,0.0,599,0,45
exp2_fleet_sensitivity,P2_K40,4,P2,40,1.0,25.0,2.548496698730733,3.642126530906751,3.642126530906751,0.9844020797227035,0.9965337954939342,0.9982668977469672,0.0368652908625652,0.1286504353911409,0.0,0,0.0,577,0,46
exp2_fleet_sensitivity,P2_K40,5,P2,40,1.0,25.0,2.483942107097782,3.429112908952849,3.429112908952849,0.9926873857404022,0.9981718464351006,1.0,0.0347005302166909,0.1258596325886409,0.0,0,0.0,547,0,47
exp2_fleet_sensitivity,P2_K40,6,P2,40,1.0,25.0,2.4203461107081656,3.366205499140733,3.366205499140733,0.9926605504587156,0.998165137614679,1.0,0.0353593971695425,0.1299246185665581,0.0,0,0.0,545,0,48
exp2_fleet_sensitivity,P2_K40,7,P2,40,1.0,25.0,2.538385730069568,3.642126530905898,3.642126530905898,0.9912891986062716,1.0,1.0,0.0382938555308301,0.1413236348691697,0.0,0,0.0,574,0,49
exp2_fleet_sensitivity,P2_K40,8,P2,40,1.0,25.0,2.463142103454455,3.3841859039792936,3.3841859039792936,0.986842105263158,0.9962406015037594,0.9962406015037594,0.0346223196520573,0.1143924219655338,0.0,0,0.0,532,0,50
exp2_fleet_sensitivity,P2_K40,9,P2,40,1.0,25.0,2.466884176851758,3.3787917825271734,3.3787917825271734,0.9889705882352942,0.9963235294117648,0.9981617647058824,0.03547765804688,0.131922424927739,0.0,0,0.0,544,0,51
exp2_fleet_sensitivity,P2_K40,10,P2,40,1.0,25.0,2.437652106434918,3.3841859039793576,3.3841859039793576,0.9967105263157896,0.9983552631578948,1.0,0.0393027965849781,0.1494887824505328,0.0,0,0.0,608,0,52
exp2_fleet_sensitivity,P2_K40,11,P2,40,1.0,25.0,2.6356330530210497,3.8083507771918335,3.8083507771918335,0.979557069846678,0.9982964224872232,1.0,0.0386557915058043,0.1311686048335912,0.0,0,0.0,587,0,53
exp2_fleet_sensitivity,P2_K40,12,P2,40,1.0,25.0,2.4807011713376803,3.586314994698966,3.586314994698966,0.987012987012987,1.0,1.0,0.0348027472910639,0.1106124521506355,0.0,0,0.0,539,0,54
exp2_fleet_sensitivity,P2_K40,13,P2,40,1.0,25.0,2.476343669198938,3.4993180955124554,3.4993180955124554,0.9912891986062716,0.9965156794425089,0.9965156794425089,0.0368670889950002,0.1287460259696535,0.0,0,0.0,574,0,55
exp2_fleet_sensitivity,P2_K40,14,P2,40,1.0,25.0,2.453023318999576,3.3841859039793576,3.3841859039793576,0.9929701230228472,1.0,1.0,0.0372698338224289,0.1275947487181165,0.0,0,0.0,569,0,56
exp2_fleet_sensitivity,P2_K40,15,P2,40,1.0,25.0,2.4842442511310368,3.3841859039792297,3.3841859039792297,0.9912739965095986,1.0,1.0,0.036074870676664,0.1319052467018474,0.0,0,0.0,573,0,57
exp2_fleet_sensitivity,P2_K40,16,P2,40,1.0,25.0,2.5099355919832,3.642126530905898,3.642126530905898,0.9892665474060824,0.996422182468694,0.998211091234347,0.0361265050058816,0.1601368339312917,0.0,0,0.0,559,0,58
exp2_fleet_sensitivity,P2_K40,17,P2,40,1.0,25.0,2.518657844318273,3.642126530906154,3.642126530906154,0.9948096885813148,1.0,1.0,0.0370025046222847,0.1207108055974335,0.0,0,0.0,578,0,59
exp2_fleet_sensitivity,P2_K40,18,P2,40,1.0,25.0,2.581109803193152,3.833264784937342,3.833264784937342,0.9788617886178862,0.9983739837398374,0.9983739837398374,0.0404625871898847,0.1440837400171308,0.0,0,0.0,615,0,60
exp2_fleet_sensitivity,P2_K40,19,P2,40,1.0,25.0,2.487663492644468,3.499318095512365,3.499318095512365,0.9914089347079038,0.9982817869415808,0.9982817869415808,0.0367629590811999,0.140502237190931,0.0,0,0.0,582,0,61
exp2_fleet_sensitivity,P2_K40,20,P2,40,1.0,25.0,2.4805007999351347,3.562206460956645,3.562206460956645,0.9931506849315068,1.0,1.0,0.0373013323674907,0.1438845661998407,0.0,0,0.0,584,0,62
exp2_fleet_sensitivity,P2_K40,21,P2,40,1.0,25.0,2.488700620153416,3.566608662740123,3.566608662740123,0.989247311827957,0.996415770609319,1.0,0.036308805039267,0.1464727060604817,0.0,0,0.0,558,0,63
exp2_fleet_sensitivity,P2_K40,22,P2,40,1.0,25.0,2.522061348713523,3.4993180955124608,3.4993180955124608,0.9947552447552448,1.0,1.0,0.0379050011270111,0.148276348273059,0.0,0,0.0,572,0,64
exp2_fleet_sensitivity,P2_K40,23,P2,40,1.0,25.0,2.536579998899464,3.642126530906751,3.642126530906751,0.9844827586206896,0.9982758620689656,0.9982758620689656,0.038844655557233,0.149677767059717,0.0,0,0.0,580,0,65
exp2_fleet_sensitivity,P2_K40,24,P2,40,1.0,25.0,2.5045879174907792,3.49931809551245,3.49931809551245,0.9865092748735244,1.0,1.0,0.0385064063435235,0.1758733131089762,0.0,0,0.0,593,0,66
exp2_fleet_sensitivity,P2_K40,25,P2,40,1.0,25.0,2.555434660789588,3.80835077719226,3.80835077719226,0.988255033557047,0.9983221476510068,1.0,0.0389679156788487,0.1290462271645762,0.0,0,0.0,596,0,67
exp2_fleet_sensitivity,P2_K40,26,P2,40,1.0,25.0,2.587218563321687,3.7394465989694936,3.7394465989694936,0.9810017271157168,0.998272884283247,1.0,0.0377599987787611,0.1347247924761355,0.0,0,0.0,579,0,68
exp2_fleet_sensitivity,P2_K40,27,P2,40,1.0,25.0,2.507924436082015,3.499318095512365,3.499318095512365,0.9873873873873874,1.0,1.0,0.034909019241693,0.1266862823199608,0.0,0,0.0,555,0,69
exp2_fleet_sensitivity,P2_K40,28,P2,40,1.0,25.0,2.5612023413849485,3.739446598968476,3.739446598968476,0.9857651245551602,0.998220640569395,0.998220640569395,0.0361308662602474,0.1191695904660977,0.0,0,0.0,562,0,70
exp2_fleet_sensitivity,P2_K40,29,P2,40,1.0,25.0,2.4486232943925503,3.384185903979315,3.384185903979315,0.993127147766323,1.0,1.0,0.0368596182783081,0.1355683166685465,0.0,0,0.0,582,0,71
exp2_fleet_sensitivity,P0_K15,0,P0,15,1.0,25.0,3.6485336230772667,5.537138020292218,,0.9446366782006921,0.9930795847750865,,,,0.0,0,0.0,578,0,42
exp2_fleet_sensitivity,P0_K15,1,P0,15,1.0,25.0,3.599991927252221,5.568962135704254,,0.9327102803738317,0.9925233644859813,,,,0.0,0,0.0,535,0,43
exp2_fleet_sensitivity,P0_K15,2,P0,15,1.0,25.0,3.6826219503195103,5.568962135703828,,0.9256637168141593,0.9893805309734514,,,,0.0,0,0.0,565,0,44
exp2_fleet_sensitivity,P0_K15,3,P0,15,1.0,25.0,3.7739662244172414,5.869842092959801,,0.9065108514190318,0.988313856427379,,,,0.0,0,0.0,599,0,45
exp2_fleet_sensitivity,P0_K15,4,P0,15,1.0,25.0,3.760516305681742,5.568962135704254,,0.9237435008665511,0.9861351819757366,,,,0.0,0,0.0,577,0,46
exp2_fleet_sensitivity,P0_K15,5,P0,15,1.0,25.0,3.6383752844454302,5.568962135703828,,0.9360146252285192,0.9981718464351006,,,,0.0,0,0.0,547,0,47
exp2_fleet_sensitivity,P0_K15,6,P0,15,1.0,25.0,3.5735541007867146,5.551900502123552,,0.9372693726937269,0.9981549815498155,,,,0.0,0,0.0,542,0,48
exp2_fleet_sensitivity,P0_K15,7,P0,15,1.0,25.0,3.7476963972322967,5.859519919255264,,0.9041811846689896,0.9860627177700348,,,,0.0,0,0.0,574,0,49
exp2_fleet_sensitivity,P0_K15,8,P0,15,1.0,25.0,3.7255870972606275,5.5689621357040835,,0.9252173913043479,0.9773913043478261,,,,0.0,0,0.0,575,0,50
exp2_fleet_sensitivity,P0_K15,9,P0,15,1.0,25.0,3.63066707531151,5.568962135704254,,0.9382940108892922,0.9963702359346642,,,,0.0,0,0.0,551,0,51
exp2_fleet_sensitivity,P0_K15,10,P0,15,1.0,25.0,3.6360374379535183,5.568962135704254,,0.9324546952224053,0.9967051070840197,,,,0.0,0,0.0,607,0,52
exp2_fleet_sensitivity,P0_K15,11,P0,15,1.0,25.0,3.7754164765184086,5.570681961913635,,0.909710391822828,0.9914821124361158,,,,0.0,0,0.0,587,0,53
exp2_fleet_sensitivity,P0_K15,12,P0,15,1.0,25.0,3.7459489179103347,5.610365739682263,,0.9146567717996289,0.9888682745825603,,,,0.0,0,0.0,539,0,54
exp2_fleet_sensitivity,P0_K15,13,P0,15,1.0,25.0,3.6791022774061073,5.5689621357045525,,0.9163763066202091,0.9912891986062717,,,,0.0,0,0.0,574,0,55
exp2_fleet_sensitivity,P0_K15,14,P0,15,1.0,25.0,3.678261561681067,5.7829134925466406,,0.9156414762741653,0.9929701230228472,,,,0.0,0,0.0,569,0,56
exp2_fleet_sensitivity,P0_K15,15,P0,15,1.0,25.0,3.6098936956569,5.436037131818722,,0.9493891797556719,0.9965095986038395,,,,0.0,0,0.0,573,0,57
exp2_fleet_sensitivity,P0_K15,16,P0,15,1.0,25.0,3.6453907057029196,5.568962135704254,,0.9177101967799642,0.9874776386404294,,,,0.0,0,0.0,559,0,58
exp2_fleet_sensitivity,P0_K15,17,P0,15,1.0,25.0,3.7139940194032017,5.568962135704254,,0.9134948096885813,0.9878892733564014,,,,0.0,0,0.0,578,0,59
exp2_fleet_sensitivity,P0_K15,18,P0,15,1.0,25.0,3.890639634299231,6.177728987439115,,0.8931034482758621,0.9775862068965517,,,,0.0,0,0.0,580,0,60
exp2_fleet_sensitivity,P0_K15,19,P0,15,1.0,25.0,3.7825651805518494,5.568962135704638,,0.9123711340206185,0.9828178694158075,,,,0.0,0,0.0,582,0,61
exp2_fleet_sensitivity,P0_K15,20,P0,15,1.0,25.0,3.657889044740008,5.568962135703828,,0.9452054794520548,0.9931506849315068,,,,0.0,0,0.0,584,0,62
exp2_fleet_sensitivity,P0_K15,21,P0,15,1.0,25.0,3.727963763021713,5.56896213570468,,0.9223826714801444,0.9909747292418772,,,,0.0,0,0.0,554,0,63
exp2_fleet_sensitivity,P0_K15,22,P0,15,1.0,25.0,3.7341414395220003,5.892374602398718,,0.9178321678321678,0.993006993006993,,,,0.0,0,0.0,572,0,64
exp2_fleet_sensitivity,P0_K15,23,P0,15,1.0,25.0,3.737712619488329,5.779446824069113,,0.9155172413793103,0.9862068965517241,,,,0.0,0,0.0,580,0,65
exp2_fleet_sensitivity,P0_K15,24,P0,15,1.0,25.0,3.675665121999011,5.537138020292218,,0.93929173693086,0.9932546374367622,,,,0.0,0,0.0,593,0,66
exp2_fleet_sensitivity,P0_K15,25,P0,15,1.0,25.0,3.7287515378766307,5.568962135704254,,0.9256756756756757,0.9864864864864865,,,,0.0,0,0.0,592,0,67
exp2_fleet_sensitivity,P0_K15,26,P0,15,1.0,25.0,3.8037570566426213,5.892374602399229,,0.9050086355785838,0.9792746113989638,,,,0.0,0,0.0,579,0,68
exp2_fleet_sensitivity,P0_K15,27,P0,15,1.0,25.0,3.6081144765006177,5.353404114942947,,0.9423423423423424,0.9945945945945946,,,,0.0,0,0.0,555,0,69
exp2_fleet_sensitivity,P0_K15,28,P0,15,1.0,25.0,3.669471318267958,5.839836148423456,,0.9074733096085409,0.994661921708185,,,,0.0,0,0.0,562,0,70
exp2_fleet_sensitivity,P0_K15,29,P0,15,1.0,25.0,3.6507802298895626,5.381254926303342,,0.936426116838488,0.9879725085910653,,,,0.0,0,0.0,582,0,71
exp2_fleet_sensitivity,P0_K20,0,P0,20,1.0,25.0,3.153203594430988,5.093761038327216,,0.9515570934256056,0.9965397923875432,,,,0.0,0,0.0,578,0,42
exp2_fleet_sensitivity,P0_K20,1,P0,20,1.0,25.0,3.11437015823783,5.093761038326363,,0.9457943925233645,0.9962616822429906,,,,0.0,0,0.0,535,0,43
exp2_fleet_sensitivity,P0_K20,2,P0,20,1.0,25.0,3.120082951411499,5.093761038326576,,0.9415929203539823,0.9964601769911504,,,,0.0,0,0.0,565,0,44
exp2_fleet_sensitivity,P0_K20,3,P0,20,1.0,25.0,3.2353303988546203,5.307524431045977,,0.9365609348914858,0.998330550918197,,,,0.0,0,0.0,599,0,45
exp2_fleet_sensitivity,P0_K20,4,P0,20,1.0,25.0,3.244530209393287,5.6487712099612954,,0.9376083188908145,0.9930675909878682,,,,0.0,0,0.0,577,0,46
exp2_fleet_sensitivity,P0_K20,5,P0,20,1.0,25.0,3.17561030495158,5.274697479283361,,0.9488117001828154,0.9981718464351006,,,,0.0,0,0.0,547,0,47
exp2_fleet_sensitivity,P0_K20,6,P0,20,1.0,25.0,3.031981311557367,5.0214532528383415,,0.9559633027522936,0.9963302752293578,,,,0.0,0,0.0,545,0,48
exp2_fleet_sensitivity,P0_K20,7,P0,20,1.0,25.0,3.15684610761923,5.220416546996526,,0.9372822299651568,0.9947735191637631,,,,0.0,0,0.0,574,0,49
exp2_fleet_sensitivity,P0_K20,8,P0,20,1.0,25.0,3.1301347979928513,5.0214532528383415,,0.9356521739130435,0.9947826086956522,,,,0.0,0,0.0,575,0,50
exp2_fleet_sensitivity,P0_K20,9,P0,20,1.0,25.0,3.2405415232718195,5.469489277665147,,0.9351081530782029,0.9983361064891847,,,,0.0,0,0.0,601,0,51
exp2_fleet_sensitivity,P0_K20,10,P0,20,1.0,25.0,3.148314199898848,5.662084424320034,,0.9407894736842105,0.9983552631578947,,,,0.0,0,0.0,608,0,52
exp2_fleet_sensitivity,P0_K20,11,P0,20,1.0,25.0,3.238074808304553,5.182183708180101,,0.9335604770017035,0.9948892674616695,,,,0.0,0,0.0,587,0,53
exp2_fleet_sensitivity,P0_K20,12,P0,20,1.0,25.0,3.2427333046599416,5.892374602399144,,0.922077922077922,0.9962894248608535,,,,0.0,0,0.0,539,0,54
exp2_fleet_sensitivity,P0_K20,13,P0,20,1.0,25.0,3.1691931075899182,5.093761038327024,,0.9303135888501742,0.9947735191637631,,,,0.0,0,0.0,574,0,55
exp2_fleet_sensitivity,P0_K20,14,P0,20,1.0,25.0,3.2160992691799506,5.892374602398803,,0.929701230228471,0.9964850615114236,,,,0.0,0,0.0,569,0,56
exp2_fleet_sensitivity,P0_K20,15,P0,20,1.0,25.0,3.12025322357809,5.021453252838022,,0.9633507853403142,1.0,,,,0.0,0,0.0,573,0,57
exp2_fleet_sensitivity,P0_K20,16,P0,20,1.0,25.0,3.1445972423675346,5.093761038326704,,0.9427549194991055,0.9946332737030411,,,,0.0,0,0.0,559,0,58
exp2_fleet_sensitivity,P0_K20,17,P0,20,1.0,25.0,3.1790399165642205,5.274697479282764,,0.9359861591695502,0.9948096885813149,,,,0.0,0,0.0,578,0,59
exp2_fleet_sensitivity,P0_K20,18,P0,20,1.0,25.0,3.298884381726095,5.892374602399144,,0.9235772357723577,0.9886178861788618,,,,0.0,0,0.0,615,0,60
exp2_fleet_sensitivity,P0_K20,19,P0,20,1.0,25.0,3.2503261226643496,5.353404114943032,,0.936426116838488,0.993127147766323,,,,0.0,0,0.0,582,0,61
exp2_fleet_sensitivity,P0_K20,20,P0,20,1.0,25.0,3.1380551541175796,5.093761038327024,,0.9503424657534246,0.9982876712328768,,,,0.0,0,0.0,584,0,62
exp2_fleet_sensitivity,P0_K20,21,P0,20,1.0,25.0,3.1941684937946473,5.243544279747598,,0.9404332129963899,0.9963898916967509,,,,0.0,0,0.0,554,0,63
exp2_fleet_sensitivity,P0_K20,22,P0,20,1.0,25.0,3.195699750001596,5.725743903405345,,0.9370629370629371,0.9982517482517482,,,,0.0,0,0.0,572,0,64
exp2_fleet_sensitivity,P0_K20,23,P0,20,1.0,25.0,3.2141556074875575,5.675327195677057,,0.9413793103448276,0.996551724137931,,,,0.0,0,0.0,580,0,65
exp2_fleet_sensitivity,P0_K20,24,P0,20,1.0,25.0,3.143327983122776,5.093761038327216,,0.9426644182124789,0.9966273187183811,,,,0.0,0,0.0,593,0,66
exp2_fleet_sensitivity,P0_K20,25,P0,20,1.0,25.0,3.205758221159003,5.093761038327216,,0.9527027027027027,0.9983108108108109,,,,0.0,0,0.0,592,0,67
exp2_fleet_sensitivity,P0_K20,26,P0,20,1.0,25.0,3.198221150635092,5.758757067587659,,0.9291882556131261,0.9930915371329879,,,,0.0,0,0.0,579,0,68
exp2_fleet_sensitivity,P0_K20,27,P0,20,1.0,25.0,3.060891105754186,4.82922184159791,,0.9459459459459459,0.9963963963963964,,,,0.0,0,0.0,555,0,69
exp2_fleet_sensitivity,P0_K20,28,P0,20,1.0,25.0,3.1482133611095526,5.892374602399144,,0.9234875444839857,0.998220640569395,,,,0.0,0,0.0,562,0,70
exp2_fleet_sensitivity,P0_K20,29,P0,20,1.0,25.0,3.0957273855792877,5.019461869537788,,0.9587628865979382,0.9982817869415808,,,,0.0,0,0.0,582,0,71
exp2_fleet_sensitivity,P0_K25,0,P0,25,1.0,25.0,2.8063648740217846,3.858078452511222,,0.9896193771626297,0.9965397923875432,,,,0.0,0,0.0,578,0,42
exp2_fleet_sensitivity,P0_K25,1,P0,25,1.0,25.0,2.7886955588597577,3.8437415843695257,,0.9925233644859813,0.9981308411214953,,,,0.0,0,0.0,535,0,43
exp2_fleet_sensitivity,P0_K25,2,P0,25,1.0,25.0,2.828731052545974,3.8069993510785025,,0.984070796460177,0.9964601769911504,,,,0.0,0,0.0,565,0,44
exp2_fleet_sensitivity,P0_K25,3,P0,25,1.0,25.0,2.780020942939731,3.8069993510779057,,0.991652754590985,0.998330550918197,,,,0.0,0,0.0,599,0,45
exp2_fleet_sensitivity,P0_K25,4,P0,25,1.0,25.0,2.8183257259284775,3.901633956907091,,0.9861351819757366,0.9948006932409013,,,,0.0,0,0.0,577,0,46
exp2_fleet_sensitivity,P0_K25,5,P0,25,1.0,25.0,2.79540615385618,3.806999351078332,,0.9945155393053017,0.9981718464351006,,,,0.0,0,0.0,547,0,47
exp2_fleet_sensitivity,P0_K25,6,P0,25,1.0,25.0,2.785072891603954,3.8580784525103695,,0.9963302752293578,0.998165137614679,,,,0.0,0,0.0,545,0,48
exp2_fleet_sensitivity,P0_K25,7,P0,25,1.0,25.0,2.826435822385723,3.842754722080914,,0.9843205574912892,0.9965156794425087,,,,0.0,0,0.0,574,0,49
exp2_fleet_sensitivity,P0_K25,8,P0,25,1.0,25.0,2.797885186354653,3.8580784525103695,,0.991304347826087,0.9947826086956522,,,,0.0,0,0.0,575,0,50
exp2_fleet_sensitivity,P0_K25,9,P0,25,1.0,25.0,2.8511368865804134,3.9415089265721677,,0.9908088235294118,0.9963235294117647,,,,0.0,0,0.0,544,0,51
exp2_fleet_sensitivity,P0_K25,10,P0,25,1.0,25.0,2.7793235735885213,3.8957135734918302,,0.9934102141680395,0.9983525535420099,,,,0.0,0,0.0,607,0,52
exp2_fleet_sensitivity,P0_K25,11,P0,25,1.0,25.0,2.869398087025932,3.9717850190121453,,0.9846678023850085,0.9982964224872232,,,,0.0,0,0.0,587,0,53
exp2_fleet_sensitivity,P0_K25,12,P0,25,1.0,25.0,2.798702912474941,3.810046737294641,,0.9907235621521335,0.9981447124304267,,,,0.0,0,0.0,539,0,54
exp2_fleet_sensitivity,P0_K25,13,P0,25,1.0,25.0,2.8548097344379384,3.971785019012401,,0.9878048780487805,0.9965156794425087,,,,0.0,0,0.0,574,0,55
exp2_fleet_sensitivity,P0_K25,14,P0,25,1.0,25.0,2.770849030159457,3.8580784525103695,,0.9929701230228472,1.0,,,,0.0,0,0.0,569,0,56
exp2_fleet_sensitivity,P0_K25,15,P0,25,1.0,25.0,2.8568046630612125,3.9841958533423636,,0.9930191972076788,1.0,,,,0.0,0,0.0,573,0,57
exp2_fleet_sensitivity,P0_K25,16,P0,25,1.0,25.0,2.810876508184033,3.956090007773241,,0.9910554561717353,0.998211091234347,,,,0.0,0,0.0,559,0,58
exp2_fleet_sensitivity,P0_K25,17,P0,25,1.0,25.0,2.79885697564697,3.806999351077991,,0.9948096885813149,0.9982698961937716,,,,0.0,0,0.0,578,0,59
exp2_fleet_sensitivity,P0_K25,18,P0,25,1.0,25.0,2.7999553165244033,3.806999351077991,,0.9853658536585366,0.991869918699187,,,,0.0,0,0.0,615,0,60
exp2_fleet_sensitivity,P0_K25,19,P0,25,1.0,25.0,2.8687099385883528,3.984195853342385,,0.9828178694158075,0.993127147766323,,,,0.0,0,0.0,582,0,61
exp2_fleet_sensitivity,P0_K25,20,P0,25,1.0,25.0,2.772589780697209,3.8580784525103695,,0.9948630136986302,1.0,,,,0.0,0,0.0,584,0,62
exp2_fleet_sensitivity,P0_K25,21,P0,25,1.0,25.0,2.818997730712541,3.870331743009445,,0.992831541218638,0.996415770609319,,,,0.0,0,0.0,558,0,63
exp2_fleet_sensitivity,P0_K25,22,P0,25,1.0,25.0,2.8335737261862235,3.8580784525103695,,0.9912587412587412,0.9982517482517482,,,,0.0,0,0.0,572,0,64
exp2_fleet_sensitivity,P0_K25,23,P0,25,1.0,25.0,2.814971491658682,3.8580784525103695,,0.9844827586206897,0.996551724137931,,,,0.0,0,0.0,580,0,65
exp2_fleet_sensitivity,P0_K25,24,P0,25,1.0,25.0,2.7719813310100947,3.764813524584272,,0.9915682967959528,0.9983136593591906,,,,0.0,0,0.0,593,0,66
exp2_fleet_sensitivity,P0_K25,25,P0,25,1.0,25.0,2.815930797859935,3.8580784525103695,,0.9899328859060402,0.9983221476510067,,,,0.0,0,0.0,596,0,67
exp2_fleet_sensitivity,P0_K25,26,P0,25,1.0,25.0,2.8678731849749535,3.974267185878603,,0.9740932642487047,0.9948186528497409,,,,0.0,0,0.0,579,0,68
exp2_fleet_sensitivity,P0_K25,27,P0,25,1.0,25.0,2.8140454944566313,3.8580784525103695,,0.9855855855855856,0.9963963963963964,,,,0.0,0,0.0,555,0,69
exp2_fleet_sensitivity,P0_K25,28,P0,25,1.0,25.0,2.850277186763272,3.971785019012657,,0.9928825622775801,0.998220640569395,,,,0.0,0,0.0,562,0,70
exp2_fleet_sensitivity,P0_K25,29,P0,25,1.0,25.0,2.844841022070842,3.8580784525110516,,0.9946714031971581,0.9964476021314387,,,,0.0,0,0.0,563,0,71
exp2_fleet_sensitivity,P0_K30,0,P0,30,1.0,25.0,2.7912133980423683,3.8562304849136537,,0.9965397923875432,0.9965397923875432,,,,0.0,0,0.0,578,0,42
exp2_fleet_sensitivity,P0_K30,1,P0,30,1.0,25.0,2.8270619102411088,3.825942793725517,,0.9962616822429906,0.9981308411214953,,,,0.0,0,0.0,535,0,43
exp2_fleet_sensitivity,P0_K30,2,P0,30,1.0,25.0,2.806635267291177,3.8259427937248347,,0.9911504424778761,0.9964601769911504,,,,0.0,0,0.0,565,0,44
exp2_fleet_sensitivity,P0_K30,3,P0,30,1.0,25.0,2.7789866451676963,3.8366645047228634,,0.994991652754591,0.998330550918197,,,,0.0,0,0.0,599,0,45
exp2_fleet_sensitivity,P0_K30,4,P0,30,1.0,25.0,2.795832802308939,4.026667881844332,,0.9913344887348353,0.9948006932409013,,,,0.0,0,0.0,577,0,46
exp2_fleet_sensitivity,P0_K30,5,P0,30,1.0,25.0,2.766386180769707,3.8237188867857412,,0.9981718464351006,0.9981718464351006,,,,0.0,0,0.0,547,0,47
exp2_fleet_sensitivity,P0_K30,6,P0,30,1.0,25.0,2.749795130983363,3.7719740227228016,,0.9981684981684982,0.9981684981684982,,,,0.0,0,0.0,546,0,48
exp2_fleet_sensitivity,P0_K30,7,P0,30,1.0,25.0,2.773825376162513,3.642126530905898,,0.9895470383275261,0.9982578397212544,,,,0.0,0,0.0,574,0,49
exp2_fleet_sensitivity,P0_K30,8,P0,30,1.0,25.0,2.841302538633994,3.952166254964027,,0.9947826086956522,0.9947826086956522,,,,0.0,0,0.0,575,0,50
exp2_fleet_sensitivity,P0_K30,9,P0,30,1.0,25.0,2.857486031047128,4.0258550322380415,,0.9944852941176471,0.9963235294117647,,,,0.0,0,0.0,544,0,51
exp2_fleet_sensitivity,P0_K30,10,P0,30,1.0,25.0,2.7877645121188124,3.952166254964027,,0.9950657894736842,0.9983552631578947,,,,0.0,0,0.0,608,0,52
exp2_fleet_sensitivity,P0_K30,11,P0,30,1.0,25.0,2.8770265343456183,4.025855032237189,,0.989778534923339,0.9982964224872232,,,,0.0,0,0.0,587,0,53
exp2_fleet_sensitivity,P0_K30,12,P0,30,1.0,25.0,2.7817779644469507,3.771974022722759,,0.9962894248608535,0.9981447124304267,,,,0.0,0,0.0,539,0,54
exp2_fleet_sensitivity,P0_K30,13,P0,30,1.0,25.0,2.8975499977657417,4.065185466833881,,0.9878048780487805,0.9965156794425087,,,,0.0,0,0.0,574,0,55
exp2_fleet_sensitivity,P0_K30,14,P0,30,1.0,25.0,2.7845595572324413,3.89417310237792,,0.9929701230228472,1.0,,,,0.0,0,0.0,569,0,56
exp2_fleet_sensitivity,P0_K30,15,P0,30,1.0,25.0,2.8034642630475846,3.9489379868090007,,0.9982547993019197,1.0,,,,0.0,0,0.0,573,0,57
exp2_fleet_sensitivity,P0_K30,16,P0,30,1.0,25.0,2.821035623564778,3.825942793725261,,0.9892665474060823,0.998211091234347,,,,0.0,0,0.0,559,0,58
exp2_fleet_sensitivity,P0_K30,17,P0,30,1.0,25.0,2.8320914138540543,3.952166254964027,,0.9948096885813149,0.9982698961937716,,,,0.0,0,0.0,578,0,59
exp2_fleet_sensitivity,P0_K30,18,P0,30,1.0,25.0,2.834497899507841,3.9457097186543995,,0.983739837398374,0.991869918699187,,,,0.0,0,0.0,615,0,60
exp2_fleet_sensitivity,P0_K30,19,P0,30,1.0,25.0,2.871631146746115,4.032895065229809,,0.9914089347079038,0.9948453608247423,,,,0.0,0,0.0,582,0,61
exp2_fleet_sensitivity,P0_K30,20,P0,30,1.0,25.0,2.856147343270807,4.032895065229809,,0.9948630136986302,1.0,,,,0.0,0,0.0,584,0,62
exp2_fleet_sensitivity,P0_K30,21,P0,30,1.0,25.0,2.8174284546414574,3.952166254964027,,0.996415770609319,0.996415770609319,,,,0.0,0,0.0,558,0,63
exp2_fleet_sensitivity,P0_K30,22,P0,30,1.0,25.0,2.7932482582468543,3.7719740227225884,,0.9965034965034965,1.0,,,,0.0,0,0.0,572,0,64
exp2_fleet_sensitivity,P0_K30,23,P0,30,1.0,25.0,2.8403225493263635,3.952166254964027,,0.9913793103448276,0.996551724137931,,,,0.0,0,0.0,580,0,65
exp2_fleet_sensitivity,P0_K30,24,P0,30,1.0,25.0,2.8125297635028264,3.889511424077968,,0.9915682967959528,0.9983136593591906,,,,0.0,0,0.0,593,0,66
exp2_fleet_sensitivity,P0_K30,25,P0,30,1.0,25.0,2.8421781651547002,3.93602491419081,,0.9966442953020134,0.9983221476510067,,,,0.0,0,0.0,596,0,67
exp2_fleet_sensitivity,P0_K30,26,P0,30,1.0,25.0,2.8899629093486108,4.213816141317537,,0.9844559585492227,0.9948186528497409,,,,0.0,0,0.0,579,0,68
exp2_fleet_sensitivity,P0_K30,27,P0,30,1.0,25.0,2.803995896160272,3.8668809789174374,,0.990990990990991,0.9963963963963964,,,,0.0,0,0.0,555,0,69
exp2_fleet_sensitivity,P0_K30,28,P0,30,1.0,25.0,2.812217326023233,3.7709931577524576,,0.994661921708185,0.998220640569395,,,,0.0,0,0.0,562,0,70
exp2_fleet_sensitivity,P0_K30,29,P0,30,1.0,25.0,2.902397421216826,4.032895065229809,,0.9928952042628775,0.9964476021314387,,,,0.0,0,0.0,563,0,71
exp2_fleet_sensitivity,P0_K35,0,P0,35,1.0,25.0,2.573034740994803,3.4224994592313536,,0.9982698961937716,0.9982698961937716,,,,0.0,0,0.0,578,0,42
exp2_fleet_sensitivity,P0_K35,1,P0,35,1.0,25.0,2.552533007151918,3.4224994592314175,,0.9962616822429906,0.9981308411214953,,,,0.0,0,0.0,535,0,43
exp2_fleet_sensitivity,P0_K35,2,P0,35,1.0,25.0,2.5408082053344887,3.394686044370445,,1.0,1.0,,,,0.0,0,0.0,565,0,44
exp2_fleet_sensitivity,P0_K35,3,P0,35,1.0,25.0,2.574387251913151,3.4140970903145558,,0.996661101836394,0.998330550918197,,,,0.0,0,0.0,599,0,45
exp2_fleet_sensitivity,P0_K35,4,P0,35,1.0,25.0,2.5618973887929863,3.4224994592312896,,0.9948006932409013,0.9965337954939342,,,,0.0,0,0.0,577,0,46
exp2_fleet_sensitivity,P0_K35,5,P0,35,1.0,25.0,2.5038711124711472,3.394686044370019,,0.9945155393053017,0.9981718464351006,,,,0.0,0,0.0,547,0,47
exp2_fleet_sensitivity,P0_K35,6,P0,35,1.0,25.0,2.534635711412991,3.4085927518010806,,0.9981684981684982,0.9981684981684982,,,,0.0,0,0.0,546,0,48
exp2_fleet_sensitivity,P0_K35,7,P0,35,1.0,25.0,2.561676180581961,3.407959102733572,,0.9947735191637631,1.0,,,,0.0,0,0.0,574,0,49
exp2_fleet_sensitivity,P0_K35,8,P0,35,1.0,25.0,2.5571485548640718,3.394686044370445,,0.9965217391304347,0.9965217391304347,,,,0.0,0,0.0,575,0,50
exp2_fleet_sensitivity,P0_K35,9,P0,35,1.0,25.0,2.5735811623728795,3.4224994592321423,,0.9944852941176471,0.9963235294117647,,,,0.0,0,0.0,544,0,51
exp2_fleet_sensitivity,P0_K35,10,P0,35,1.0,25.0,2.517002918910059,3.4224994592312896,,0.9983525535420099,0.9983525535420099,,,,0.0,0,0.0,607,0,52
exp2_fleet_sensitivity,P0_K35,11,P0,35,1.0,25.0,2.6336702382901773,3.5678029766882555,,0.9948892674616695,0.9982964224872232,,,,0.0,0,0.0,587,0,53
exp2_fleet_sensitivity,P0_K35,12,P0,35,1.0,25.0,2.56479151846796,3.3946860443706157,,0.9962894248608535,1.0,,,,0.0,0,0.0,539,0,54
exp2_fleet_sensitivity,P0_K35,13,P0,35,1.0,25.0,2.6126563898349966,3.4704194185539046,,0.9912891986062717,0.9965156794425087,,,,0.0,0,0.0,574,0,55
exp2_fleet_sensitivity,P0_K35,14,P0,35,1.0,25.0,2.512597082322019,3.4224994592312896,,0.9982425307557118,1.0,,,,0.0,0,0.0,569,0,56
exp2_fleet_sensitivity,P0_K35,15,P0,35,1.0,25.0,2.5623577989352966,3.431509128216306,,1.0,1.0,,,,0.0,0,0.0,573,0,57
exp2_fleet_sensitivity,P0_K35,16,P0,35,1.0,25.0,2.5638665158358296,3.4224994592313323,,0.9928443649373881,0.998211091234347,,,,0.0,0,0.0,559,0,58
exp2_fleet_sensitivity,P0_K35,17,P0,35,1.0,25.0,2.565604777522706,3.4224994592312896,,0.9965397923875432,1.0,,,,0.0,0,0.0,578,0,59
exp2_fleet_sensitivity,P0_K35,18,P0,35,1.0,25.0,2.560992561517398,3.4224994592314175,,0.9934959349593496,0.9951219512195122,,,,0.0,0,0.0,615,0,60
exp2_fleet_sensitivity,P0_K35,19,P0,35,1.0,25.0,2.5882116960580355,3.4808930965801452,,0.9948453608247423,0.9965635738831615,,,,0.0,0,0.0,582,0,61
exp2_fleet_sensitivity,P0_K35,20,P0,35,1.0,25.0,2.5359979155568535,3.3946860443707436,,0.9982876712328768,1.0,,,,0.0,0,0.0,584,0,62
exp2_fleet_sensitivity,P0_K35,21,P0,35,1.0,25.0,2.5388460459114044,3.413647556317585,,0.996415770609319,0.996415770609319,,,,0.0,0,0.0,558,0,63
exp2_fleet_sensitivity,P0_K35,22,P0,35,1.0,25.0,2.57100496246955,3.4224994592312896,,0.9982517482517482,1.0,,,,0.0,0,0.0,572,0,64
exp2_fleet_sensitivity,P0_K35,23,P0,35,1.0,25.0,2.605776692267555,3.4861299355931834,,0.9948275862068966,0.9982758620689656,,,,0.0,0,0.0,580,0,65
exp2_fleet_sensitivity,P0_K35,24,P0,35,1.0,25.0,2.5514978158730837,3.3946860443708715,,0.9949409780775716,1.0,,,,0.0,0,0.0,593,0,66
exp2_fleet_sensitivity,P0_K35,25,P0,35,1.0,25.0,2.5599212258604958,3.419197342765159,,0.9966442953020134,0.9983221476510067,,,,0.0,0,0.0,596,0,67
exp2_fleet_sensitivity,P0_K35,26,P0,35,1.0,25.0,2.599509515226112,3.444235223488507,,0.9930915371329879,0.9965457685664939,,,,0.0,0,0.0,579,0,68
exp2_fleet_sensitivity,P0_K35,27,P0,35,1.0,25.0,2.569336740735496,3.4224994592318865,,0.9927927927927928,0.9981981981981982,,,,0.0,0,0.0,555,0,69
exp2_fleet_sensitivity,P0_K35,28,P0,35,1.0,25.0,2.5805202043978133,3.4224994592312896,,0.9928825622775801,0.998220640569395,,,,0.0,0,0.0,562,0,70
exp2_fleet_sensitivity,P0_K35,29,P0,35,1.0,25.0,2.578986215142466,3.3946860443708715,,0.9982238010657194,0.9982238010657194,,,,0.0,0,0.0,563,0,71
exp2_fleet_sensitivity,P0_K40,0,P0,40,1.0,25.0,2.428033854977654,3.166098412927738,,0.9982698961937716,0.9982698961937716,,,,0.0,0,0.0,578,0,42
exp2_fleet_sensitivity,P0_K40,1,P0,40,1.0,25.0,2.454988689031305,3.1660984129268854,,0.9981308411214953,0.9981308411214953,,,,0.0,0,0.0,535,0,43
exp2_fleet_sensitivity,P0_K40,2,P0,40,1.0,25.0,2.4317556748555402,3.1660984129268854,,1.0,1.0,,,,0.0,0,0.0,565,0,44
exp2_fleet_sensitivity,P0_K40,3,P0,40,1.0,25.0,2.438526872179023,3.166098412926992,,0.998330550918197,0.998330550918197,,,,0.0,0,0.0,599,0,45
exp2_fleet_sensitivity,P0_K40,4,P0,40,1.0,25.0,2.426329575054889,3.1660984129268854,,0.9948006932409013,0.9965337954939342,,,,0.0,0,0.0,577,0,46
exp2_fleet_sensitivity,P0_K40,5,P0,40,1.0,25.0,2.4029496639568624,3.1476566213825663,,0.9981718464351006,0.9981718464351006,,,,0.0,0,0.0,547,0,47
exp2_fleet_sensitivity,P0_K40,6,P0,40,1.0,25.0,2.412343144531437,3.1660984129269494,,0.998165137614679,0.998165137614679,,,,0.0,0,0.0,545,0,48
exp2_fleet_sensitivity,P0_K40,7,P0,40,1.0,25.0,2.4157671405383656,3.1660984129268854,,0.9965156794425087,1.0,,,,0.0,0,0.0,574,0,49
exp2_fleet_sensitivity,P0_K40,8,P0,40,1.0,25.0,2.434848950216124,3.153965807831327,,0.9965217391304347,0.9965217391304347,,,,0.0,0,0.0,575,0,50
exp2_fleet_sensitivity,P0_K40,9,P0,40,1.0,25.0,2.460448819971841,3.166098412927738,,0.9966722129783694,0.9983361064891847,,,,0.0,0,0.0,601,0,51
exp2_fleet_sensitivity,P0_K40,10,P0,40,1.0,25.0,2.407319409765048,3.158171932130358,,0.9983552631578947,0.9983552631578947,,,,0.0,0,0.0,608,0,52
exp2_fleet_sensitivity,P0_K40,11,P0,40,1.0,25.0,2.5044772012209724,3.2546999320437062,,0.9965928449744463,0.9982964224872232,,,,0.0,0,0.0,587,0,53
exp2_fleet_sensitivity,P0_K40,12,P0,40,1.0,25.0,2.405817377488877,3.1660984129268854,,1.0,1.0,,,,0.0,0,0.0,539,0,54
exp2_fleet_sensitivity,P0_K40,13,P0,40,1.0,25.0,2.5042130384898154,3.3915360022529915,,0.9930313588850174,0.9965156794425087,,,,0.0,0,0.0,574,0,55
exp2_fleet_sensitivity,P0_K40,14,P0,40,1.0,25.0,2.3920717273350176,3.1660984129268854,,1.0,1.0,,,,0.0,0,0.0,569,0,56
exp2_fleet_sensitivity,P0_K40,15,P0,40,1.0,25.0,2.4654425544573484,3.265387427326289,,1.0,1.0,,,,0.0,0,0.0,573,0,57
exp2_fleet_sensitivity,P0_K40,16,P0,40,1.0,25.0,2.4547273564724907,3.1660984129268854,,0.9946332737030411,0.998211091234347,,,,0.0,0,0.0,559,0,58
exp2_fleet_sensitivity,P0_K40,17,P0,40,1.0,25.0,2.442895902014254,3.1660984129271412,,1.0,1.0,,,,0.0,0,0.0,578,0,59
exp2_fleet_sensitivity,P0_K40,18,P0,40,1.0,25.0,2.4327497438255703,3.158171932130358,,0.9951219512195122,0.9967479674796748,,,,0.0,0,0.0,615,0,60
exp2_fleet_sensitivity,P0_K40,19,P0,40,1.0,25.0,2.470456313119648,3.384185903978718,,0.9982817869415808,0.9982817869415808,,,,0.0,0,0.0,582,0,61
exp2_fleet_sensitivity,P0_K40,20,P0,40,1.0,25.0,2.4304173652191996,3.1654160978855543,,0.9982876712328768,1.0,,,,0.0,0,0.0,584,0,62
exp2_fleet_sensitivity,P0_K40,21,P0,40,1.0,25.0,2.4418851758434337,3.171110538500301,,0.996415770609319,0.996415770609319,,,,0.0,0,0.0,558,0,63
exp2_fleet_sensitivity,P0_K40,22,P0,40,1.0,25.0,2.427197325034227,3.1660984129276635,,0.9982517482517482,1.0,,,,0.0,0,0.0,572,0,64
exp2_fleet_sensitivity,P0_K40,23,P0,40,1.0,25.0,2.485887416707758,3.1679518284875603,,0.9948275862068966,0.9982758620689656,,,,0.0,0,0.0,580,0,65
exp2_fleet_sensitivity,P0_K40,24,P0,40,1.0,25.0,2.433764300034696,3.1581719321299317,,0.9966273187183811,1.0,,,,0.0,0,0.0,593,0,66
exp2_fleet_sensitivity,P0_K40,25,P0,40,1.0,25.0,2.4359854556228466,3.242841903636915,,0.9983221476510067,0.9983221476510067,,,,0.0,0,0.0,596,0,67
exp2_fleet_sensitivity,P0_K40,26,P0,40,1.0,25.0,2.4839147642132344,3.3841859039793576,,0.9948186528497409,0.998272884283247,,,,0.0,0,0.0,579,0,68
exp2_fleet_sensitivity,P0_K40,27,P0,40,1.0,25.0,2.421147112757681,3.1660984129268854,,0.9945945945945946,0.9981981981981982,,,,0.0,0,0.0,555,0,69
exp2_fleet_sensitivity,P0_K40,28,P0,40,1.0,25.0,2.451583705752329,3.1846325685336296,,0.994661921708185,0.998220640569395,,,,0.0,0,0.0,562,0,70
exp2_fleet_sensitivity,P0_K40,29,P0,40,1.0,25.0,2.469635964191196,3.2279567195618033,,0.9982238010657194,0.9982238010657194,,,,0.0,0,0.0,563,0,71
