policy,K,scenario_id,replication,capacity,mean_response_time,median_response_time,p90_response_time,p95_response_time,coverage_8min,coverage_10min,mean_utilization,max_utilization,mean_queue_length,max_queue_length,queue_fraction,total_incidents,incidents_queued,random_seed
P0-spatial,10,P0-spatial_K10,0,2,4.2520238695662895,3.6408695197849994,6.690673757508421,8.3039769858787,0.9463667820069204,0.9757785467128027,0.15717344406134756,0.28616037302395086,0.0,0,0.0,578,0,42
P0-spatial,10,P0-spatial_K10,1,2,4.217099571866509,3.610837171329422,6.729146733795062,8.712309871588117,0.9420560747663551,0.9757009345794393,0.14698399747949284,0.2476605167924181,0.0,0,0.0,535,0,43
P0-spatial,10,P0-spatial_K10,2,2,4.4371423631852585,3.8433343181029045,7.420931413262792,8.919871912619207,0.9330985915492958,0.9683098591549296,0.15995353592330805,0.24819774262719796,0.0,0,0.0,568,0,44
P0-spatial,10,P0-spatial_K10,3,2,4.433540155323828,3.8259662874003197,7.3219985248574115,8.973730982611103,0.9398998330550918,0.9699499165275459,0.16629492857861836,0.2573730364959534,0.0,0,0.0,599,0,45
P0-spatial,10,P0-spatial_K10,4,2,4.185013753110671,3.5524548128694278,7.101275010036271,7.964514068027368,0.9532062391681109,0.9722703639514731,0.156828924763527,0.2607431036898582,0.0,0,0.0,577,0,46
P0-spatial,10,P0-spatial_K10,5,2,4.323149823919768,3.610837171329422,7.420931413262792,8.605584391338336,0.9396709323583181,0.979890310786106,0.14878274210785142,0.21240830369620944,0.0,0,0.0,547,0,47
P0-spatial,10,P0-spatial_K10,6,2,4.145977537513133,3.8083808364595484,6.533049850658301,7.735921161850952,0.9652014652014652,0.9926739926739927,0.15095440466693363,0.2676701486077233,0.0,0,0.0,546,0,48
P0-spatial,10,P0-spatial_K10,7,2,4.478093057225257,3.8007024755501106,7.487424963940597,9.051985129510916,0.9320557491289199,0.9651567944250871,0.16422097773629035,0.26708101285246666,0.0,0,0.0,574,0,49
P0-spatial,10,P0-spatial_K10,8,2,4.623941462724242,3.857994663224247,7.487424963940725,9.396465690742083,0.9182608695652174,0.9634782608695652,0.16312765950823063,0.2632748826733274,0.0,0,0.0,575,0,50
P0-spatial,10,P0-spatial_K10,9,2,4.592499945964343,3.8433343181029045,7.480789734568191,9.000552712627561,0.9356617647058824,0.96875,0.15338220935415942,0.2502719139400661,0.0,0,0.0,544,0,51
P0-spatial,10,P0-spatial_K10,10,2,4.253143743362105,3.765194216474015,6.817089903711682,7.8655161142895444,0.9523026315789473,0.9819078947368421,0.16816177081661648,0.2538801651424422,0.0,0,0.0,608,0,52
P0-spatial,10,P0-spatial_K10,11,2,4.510952849928956,3.8817350990758825,7.487424963940725,9.419647845604311,0.9267461669505963,0.9659284497444633,0.16549504327470033,0.2584285718690227,0.0004929299900022168,1,0.0017035775127768314,587,1,53
P0-spatial,10,P0-spatial_K10,12,2,4.499947419206094,3.8083808364595484,7.549105146854749,9.029948140023006,0.9332096474953617,0.9703153988868275,0.15000834757299655,0.23799167372606603,0.0,0,0.0,539,0,54
P0-spatial,10,P0-spatial_K10,13,2,4.458685468618701,3.8171735619303604,7.420931413262792,8.955228110193826,0.9407665505226481,0.9703832752613241,0.15875669122669675,0.2540110757758119,0.0,0,0.0,574,0,55
P0-spatial,10,P0-spatial_K10,14,2,4.28237723366235,3.7829483460120628,6.690673757507717,7.946459961775615,0.9519230769230769,0.9791666666666666,0.17332893043312553,0.2850766345582674,0.0,0,0.0,624,0,56
P0-spatial,10,P0-spatial_K10,15,2,4.34720507704312,3.9523136845489404,6.690673757508421,7.7508298474660355,0.9650959860383944,0.987783595113438,0.15488952787776344,0.26917354007323574,0.0,0,0.0,573,0,57
P0-spatial,10,P0-spatial_K10,16,2,4.467760066752088,3.8708911504568277,7.420931413262792,9.109281302179348,0.9338103756708408,0.9677996422182469,0.15536339979927855,0.2710942131177624,0.0,0,0.0,559,0,58
P0-spatial,10,P0-spatial_K10,17,2,4.465582754205064,3.8083808364596017,7.420931413262792,8.947430610773417,0.9342560553633218,0.9705882352941176,0.15917393315098988,0.27226972420896894,0.0,0,0.0,578,0,59
P0-spatial,10,P0-spatial_K10,18,2,4.504042247651342,3.712831740425031,7.678042597696106,9.143862871720836,0.9203252032520325,0.9691056910569106,0.17358252587602477,0.29666619617286805,0.0,0,0.0,615,0,60
P0-spatial,10,P0-spatial_K10,19,2,4.499413711198232,3.808380836460028,7.439126677329425,8.96970918054674,0.9381443298969072,0.9673539518900344,0.15866729889621137,0.24986459692405272,0.0,0,0.0,582,0,61
P0-spatial,10,P0-spatial_K10,20,2,4.3451606842929005,3.8259662874011724,6.690673757508421,7.761183099729416,0.964041095890411,0.9828767123287672,0.1600085176888611,0.2730331971798923,0.0,0,0.0,584,0,62
P0-spatial,10,P0-spatial_K10,21,2,4.2655217234524585,3.8083808364595484,7.026202652378842,7.9601473842427595,0.9512635379061372,0.9783393501805054,0.15387794490889767,0.24647630653823815,0.0,0,0.0,554,0,63
P0-spatial,10,P0-spatial_K10,22,2,4.545376674486276,3.8083808364595484,7.712052514978609,9.370412494941842,0.916083916083916,0.9667832167832168,0.16310151607889795,0.2572024303873927,0.0,0,0.0,572,0,64
P0-spatial,10,P0-spatial_K10,23,2,4.672215258710519,3.963516103566107,7.5502136069309245,9.503259836299662,0.9224137931034483,0.9586206896551724,0.16766699971593987,0.29591165892952126,0.0,0,0.0,580,0,65
P0-spatial,10,P0-spatial_K10,24,2,4.375490803202913,3.8259662874011724,7.420931413262792,8.22641359213182,0.9477234401349073,0.9831365935919055,0.16503202826325383,0.285207704422395,0.0,0,0.0,593,0,66
P0-spatial,10,P0-spatial_K10,25,2,4.556671141348828,3.9747185225828474,7.485213220816163,9.134601950530733,0.9324324324324325,0.9712837837837838,0.16615434842520962,0.2985963352693044,0.0,0,0.0,592,0,67
P0-spatial,10,P0-spatial_K10,26,2,4.517699539636402,3.843334318102052,7.697382893370447,9.11016427463386,0.9205526770293609,0.9689119170984456,0.16212876977066176,0.27391261847825205,0.0,0,0.0,579,0,68
P0-spatial,10,P0-spatial_K10,27,2,4.124401205452144,3.5750346561573565,6.572406369188173,7.622057548534724,0.9621621621621622,0.9855855855855856,0.14853632108383974,0.22937962455548094,0.0,0,0.0,555,0,69
P0-spatial,10,P0-spatial_K10,28,2,4.4212129077350095,3.8007024755501106,7.440272001908966,8.92536657644107,0.9341637010676157,0.9768683274021353,0.1548937620478221,0.2444132064104204,0.0,0,0.0,562,0,70
P0-spatial,10,P0-spatial_K10,29,2,4.484085800007664,3.834650302751612,7.420671262106026,7.955415820745139,0.9518900343642611,0.9742268041237113,0.15919084591351032,0.2827312959764696,0.0,0,0.0,582,0,71
P0-spatial,15,P0-spatial_K15,0,2,3.6485305661364635,3.38416520991359,5.537190700284214,6.092804504706804,0.9930795847750865,1.0,0.10247529121694038,0.18525279295016642,0.0,0,0.0,578,0,42
P0-spatial,15,P0-spatial_K15,1,2,3.599993369010275,3.1735930426697223,5.5691182086572155,6.38294185038859,0.9925233644859813,1.0,0.09580578787966126,0.16196236126473873,0.0,0,0.0,535,0,43
P0-spatial,15,P0-spatial_K15,2,2,3.6826233802287427,3.344026450354818,5.569118208657109,6.4661604812216025,0.9893805309734514,0.9964601769911504,0.10331094621850417,0.19971424467195004,0.0,0,0.0,565,0,44
P0-spatial,15,P0-spatial_K15,3,2,3.773972031714934,3.345784464661108,5.869864792165068,6.73172341113073,0.988313856427379,0.996661101836394,0.10825031411827385,0.23669666664353772,0.0,0,0.0,599,0,45
P0-spatial,15,P0-spatial_K15,4,2,3.7605153158072273,3.415624492011773,5.569118208657642,6.7317234111305595,0.9861351819757366,0.9965337954939342,0.10293267207565758,0.21362553428371434,0.0,0,0.0,577,0,46
P0-spatial,15,P0-spatial_K15,5,2,3.6383701126254535,3.291550810635613,5.5691182086572155,6.38294185038859,0.9981718464351006,1.0,0.09671115014810464,0.17729044849379005,0.0,0,0.0,547,0,47
P0-spatial,15,P0-spatial_K15,6,2,3.5735526630450734,3.119371116051859,5.551871430254011,6.381193681455625,0.9981549815498155,1.0,0.0979597698477593,0.18680177849081778,0.0,0,0.0,542,0,48
P0-spatial,15,P0-spatial_K15,7,2,3.7476979458688504,3.3802393629078153,5.85956934164068,6.731723411130879,0.9860627177700348,0.9930313588850174,0.10670785556811843,0.19823800963339178,0.0,0,0.0,574,0,49
P0-spatial,15,P0-spatial_K15,8,2,3.725585066669283,3.258554195920169,5.5691182086572155,6.731723411131156,0.9773913043478261,0.9895652173913043,0.10533540443583368,0.17299121284908378,0.0,0,0.0,575,0,50
P0-spatial,15,P0-spatial_K15,9,2,3.6306571358861293,3.291550810636039,5.5691182086572155,6.141842547905014,0.9963702359346642,0.9981851179673321,0.10068453787947582,0.1932975789782719,0.0,0,0.0,551,0,51
P0-spatial,15,P0-spatial_K15,10,2,3.636047151075772,3.222732167016673,5.569118208657642,6.38294185038859,0.9967051070840197,1.0,0.10943531756981321,0.2101992298973507,0.0,0,0.0,607,0,52
P0-spatial,15,P0-spatial_K15,11,2,3.7754214306737928,3.41562449201092,5.570800539433321,6.731723411131156,0.9914821124361158,0.9982964224872232,0.10750708275676221,0.20537610573622272,0.0,0,0.0,587,0,53
P0-spatial,15,P0-spatial_K15,12,2,3.745949965380577,3.38416520991359,5.610585726041333,6.4587792312955905,0.9888682745825603,0.9981447124304267,0.09731770375493443,0.22031406744558274,0.0,0,0.0,539,0,54
P0-spatial,15,P0-spatial_K15,13,2,3.6790992858456106,3.3457844646608947,5.569118208657642,6.70504113627574,0.9912891986062717,0.9965156794425087,0.10287825401282587,0.1959896791363287,0.0,0,0.0,574,0,55
P0-spatial,15,P0-spatial_K15,14,2,3.6782580912199174,3.3457844646602553,5.783298597516762,6.567580994660325,0.9929701230228472,0.9982425307557118,0.10399706073145978,0.2216724449107385,0.0,0,0.0,569,0,56
P0-spatial,15,P0-spatial_K15,15,2,3.609897860958383,3.345784464661108,5.436030720442034,5.985708465172916,0.9965095986038395,1.0,0.10046552496866394,0.17799056872587116,0.0,0,0.0,573,0,57
P0-spatial,15,P0-spatial_K15,16,2,3.6453942019477674,3.222732167016673,5.569118208657642,6.731723411130773,0.9874776386404294,0.9964221824686941,0.10053523929458762,0.21293392497923955,0.0,0,0.0,559,0,58
P0-spatial,15,P0-spatial_K15,17,2,3.7139947641038504,3.3483105640769395,5.569118208657642,6.690673757508421,0.9878892733564014,0.9965397923875432,0.10324282145066982,0.21110254338873918,0.0,0,0.0,578,0,59
P0-spatial,15,P0-spatial_K15,18,2,3.890642763600932,3.41562449201092,6.177743896350852,6.731723411131156,0.9775862068965517,0.9896551724137931,0.10731576617829483,0.22706930931278618,0.0,0,0.0,580,0,60
P0-spatial,15,P0-spatial_K15,19,2,3.7825614206649023,3.380359771162702,5.569118208657642,6.731723411131135,0.9828178694158075,0.9914089347079038,0.10301888687597692,0.19470627415205627,0.0,0,0.0,582,0,61
P0-spatial,15,P0-spatial_K15,20,2,3.6578921428058577,3.3440264503546047,5.569118208657109,6.263967111782013,0.9931506849315068,0.9965753424657534,0.10401781583868216,0.18728829054201548,0.0,0,0.0,584,0,62
P0-spatial,15,P0-spatial_K15,21,2,3.727969825200878,3.3449054575075365,5.569118208657642,6.731723411130517,0.9909747292418772,0.9945848375451264,0.1006156950739783,0.21618243123147524,0.0,0,0.0,554,0,63
P0-spatial,15,P0-spatial_K15,22,2,3.734141426532731,3.3483105640767263,5.892220951128024,6.53841034996215,0.993006993006993,0.9965034965034965,0.10566538531034042,0.21093082627034884,0.0,0,0.0,572,0,64
P0-spatial,15,P0-spatial_K15,23,2,3.73772206597355,3.2227321670168863,5.779877196546438,6.731723411131156,0.9862068965517241,0.9948275862068966,0.10819330370092126,0.21843974779233574,0.0,0,0.0,580,0,65
P0-spatial,15,P0-spatial_K15,24,2,3.675670580861067,3.3440264503543915,5.537190700284214,6.38294185038859,0.9932546374367622,0.9983136593591906,0.10727668688549788,0.2171660919120928,0.0,0,0.0,593,0,66
P0-spatial,15,P0-spatial_K15,25,2,3.728754036882569,3.345784464661108,5.569118208657642,6.690673757508421,0.9864864864864865,0.9915540540540541,0.1075279854194253,0.2279480337129613,0.0,0,0.0,592,0,67
P0-spatial,15,P0-spatial_K15,26,2,3.803754640803521,3.3457844646606816,5.892220951127683,6.992527816306083,0.9792746113989638,0.9913644214162349,0.10535189084959304,0.20549002796442378,0.0,0,0.0,579,0,68
P0-spatial,15,P0-spatial_K15,27,2,3.6081078313816985,3.291550810636039,5.353635790005654,6.38294185038859,0.9945945945945946,0.9963963963963964,0.0971290895677377,0.16199123452955802,0.0,0,0.0,555,0,69
P0-spatial,15,P0-spatial_K15,28,2,3.6694692781113183,3.1505231853535065,5.8398016521981235,6.690673757508421,0.994661921708185,0.998220640569395,0.10046832866780407,0.1724016932911381,0.0,0,0.0,562,0,70
P0-spatial,15,P0-spatial_K15,29,2,3.6507801434938374,3.2406431814685277,5.381245833336791,6.3478109901599,0.9879725085910653,0.9965635738831615,0.1029196651851244,0.19366263230666353,0.0,0,0.0,582,0,71
P0-spatial,20,P0-spatial_K20,0,2,3.1532236168291283,2.6661616709299096,5.093635323649721,5.939625494582314,0.9965397923875432,1.0,0.07543639194098098,0.162002363485221,0.0,0,0.0,578,0,42
P0-spatial,20,P0-spatial_K20,1,2,3.1144014857198257,2.649480522965746,5.093635323649721,6.053288528137156,0.9962616822429906,1.0,0.07056569181470439,0.12896034136518697,0.0,0,0.0,535,0,43
P0-spatial,20,P0-spatial_K20,2,2,3.1201047251078613,2.6265566979822097,5.093635323649721,6.135374100035647,0.9964601769911504,1.0,0.07590670648856415,0.1457043526400499,0.0,0,0.0,565,0,44
P0-spatial,20,P0-spatial_K20,3,2,3.2353373063610062,2.6661616709299096,5.307378077193334,6.770665141353049,0.998330550918197,0.998330550918197,0.0795873278481945,0.20521853702857443,0.0,0,0.0,599,0,45
P0-spatial,20,P0-spatial_K20,4,2,3.2445504441707596,2.6661616709299096,5.6486500793923815,6.346000099232298,0.9930675909878682,0.9982668977469671,0.07572275935964881,0.15388218407950827,0.0,0,0.0,577,0,46
P0-spatial,20,P0-spatial_K20,5,2,3.1756423217950336,2.6661616709299096,5.274653373446085,5.998263970334755,0.9981718464351006,1.0,0.07127784623417256,0.14262218705043686,0.0,0,0.0,547,0,47
P0-spatial,20,P0-spatial_K20,6,2,3.0320022112791944,2.515993251143982,5.021387730970133,5.892220951128024,0.9963302752293578,1.0,0.072372328936363,0.14189491689183456,0.0,0,0.0,545,0,48
P0-spatial,20,P0-spatial_K20,7,2,3.1568670860599823,2.6512845197402157,5.22034795850744,6.770665141352911,0.9947735191637631,0.9982578397212544,0.07834866492246632,0.14696938792942046,0.0,0,0.0,574,0,49
P0-spatial,20,P0-spatial_K20,8,2,3.130161634998233,2.6512845197397894,5.0213877309705595,6.453241721611149,0.9947826086956522,0.9982608695652174,0.07730329701134533,0.15794646218713465,0.0,0,0.0,575,0,50
P0-spatial,20,P0-spatial_K20,9,2,3.2405634017505243,2.704144375946953,5.469396928471255,6.113465234211901,0.9983361064891847,0.9983361064891847,0.08105485670211314,0.16370693243329346,0.0,0,0.0,601,0,51
P0-spatial,20,P0-spatial_K20,10,2,3.1483390629386245,2.6265566979822097,5.661998943621163,6.113465234211475,0.9983552631578947,1.0,0.08074893478480893,0.1700535140470323,0.0,0,0.0,608,0,52
P0-spatial,20,P0-spatial_K20,11,2,3.2380944966032805,2.7041443759461004,5.1821573431976695,6.770665141353049,0.9948892674616695,0.9982964224872232,0.07906577382203908,0.1387675419966802,0.0,0,0.0,587,0,53
P0-spatial,20,P0-spatial_K20,12,2,3.242753694524595,2.6512845197397894,5.8922209511274914,6.770665141353049,0.9962894248608535,1.0,0.07164292667537066,0.16553653089404946,0.0,0,0.0,539,0,54
P0-spatial,20,P0-spatial_K20,13,2,3.1692096881202607,2.6380186104735515,5.093635323649721,6.6545895674162345,0.9947735191637631,0.9965156794425087,0.07570692151609594,0.13991951174042486,0.0,0,0.0,574,0,55
P0-spatial,20,P0-spatial_K20,14,2,3.2161139909170564,2.651284519740109,5.892220951127598,6.700848264527309,0.9964850615114236,1.0,0.07669343050359327,0.1870557417470048,0.0,0,0.0,569,0,56
P0-spatial,20,P0-spatial_K20,15,2,3.1202775001541054,2.6512845197397894,5.021387730970304,5.892220951128024,1.0,1.0,0.07395751442718822,0.15173183265989948,0.0,0,0.0,573,0,57
P0-spatial,20,P0-spatial_K20,16,2,3.144622208989096,2.6265566979817834,5.093635323649721,6.113465234211475,0.9946332737030411,0.998211091234347,0.07401288014522707,0.15226151051046224,0.0,0,0.0,559,0,58
P0-spatial,20,P0-spatial_K20,17,2,3.1790591258114187,2.6587230953350627,5.274653373446085,6.168266680569555,0.9948096885813149,1.0,0.07589842164885047,0.1562972622243556,0.0,0,0.0,578,0,59
P0-spatial,20,P0-spatial_K20,18,2,3.298903447343709,2.6661616709299096,5.892220951127598,6.770665141353049,0.9886178861788618,0.9934959349593496,0.08311487225255017,0.1919464719019717,0.0,0,0.0,615,0,60
P0-spatial,20,P0-spatial_K20,19,2,3.2503502764700554,2.699014224491094,5.353635790005697,6.15688608306499,0.993127147766323,0.9982817869415808,0.07572772227046778,0.14047968525087184,0.0,0,0.0,582,0,61
P0-spatial,20,P0-spatial_K20,20,2,3.1380750345528834,2.6512845197402157,5.093635323649721,5.892220951128024,0.9982876712328768,1.0,0.07650754247812021,0.15289066810618573,0.0,0,0.0,584,0,62
P0-spatial,20,P0-spatial_K20,21,2,3.194190396514189,2.6512845197402157,5.24350899264834,6.113465234211198,0.9963898916967509,0.9981949458483754,0.07399493696276337,0.15902756676775215,0.0,0,0.0,554,0,63
P0-spatial,20,P0-spatial_K20,22,2,3.195722073327796,2.6512845197397894,5.725665277164456,6.278172304107505,0.9982517482517482,0.9982517482517482,0.0777213808972731,0.16250625573661018,0.0,0,0.0,572,0,64
P0-spatial,20,P0-spatial_K20,23,2,3.214166978251775,2.6512845197399493,5.67516615401138,6.166616035651634,0.996551724137931,0.9982758620689656,0.07963871809871367,0.16867300709366223,0.0,0,0.0,580,0,65
P0-spatial,20,P0-spatial_K20,24,2,3.1433497864351256,2.6265566979822097,5.093635323650574,6.124419667124072,0.9966273187183811,1.0,0.0788917104463924,0.1575423206503277,0.0,0,0.0,593,0,66
P0-spatial,20,P0-spatial_K20,25,2,3.2057742574975805,2.6512845197402157,5.0936353236504885,5.892220951128024,0.9983108108108109,1.0,0.07911025479177188,0.17681431753396776,0.0,0,0.0,592,0,67
P0-spatial,20,P0-spatial_K20,26,2,3.1982445866692437,2.6512845197397894,5.758678726447236,6.375948916247898,0.9930915371329879,0.998272884283247,0.07727487884481513,0.15729038460913453,0.0,0,0.0,579,0,68
P0-spatial,20,P0-spatial_K20,27,2,3.060922531511128,2.515993251143982,4.829139978894585,6.0274985112476855,0.9963963963963964,0.9981981981981982,0.07134042907348116,0.12512734114466484,0.0,0,0.0,555,0,69
P0-spatial,20,P0-spatial_K20,28,2,3.1482375184111344,2.6380186104735515,5.892220951127587,6.525932130531524,0.998220640569395,0.998220640569395,0.07389820955168885,0.14754924232122596,0.0,0,0.0,562,0,70
P0-spatial,20,P0-spatial_K20,29,2,3.095749217255967,2.6512845197397894,5.019412239302539,5.892220951128024,0.9982817869415808,0.9982817869415808,0.07558742746488285,0.13487732999403254,0.0,0,0.0,582,0,71
P0-spatial,25,P0-spatial_K25,0,2,2.8063726284317623,2.6114796577250843,3.8579946632250994,4.694050683922342,0.9965397923875432,1.0,0.05955355850796851,0.13787504883232587,0.0,0,0.0,578,0,42
P0-spatial,25,P0-spatial_K25,1,2,2.7887141567501517,2.5484627728022247,3.843687536805448,4.381993477274477,0.9981308411214953,1.0,0.05576111408272071,0.12511841448241331,0.0,0,0.0,535,0,43
P0-spatial,25,P0-spatial_K25,2,2,2.828733574928705,2.62655669798189,3.807113315893048,4.381993477274477,0.9964601769911504,1.0,0.06007209257239408,0.14535947245641687,0.0,0,0.0,565,0,44
P0-spatial,25,P0-spatial_K25,3,2,2.780014155080081,2.5484627728022247,3.807113315892451,4.381993477273838,0.998330550918197,0.998330550918197,0.0625875663753124,0.17930749089950845,0.0,0,0.0,599,0,45
P0-spatial,25,P0-spatial_K25,4,2,2.8183289635187103,2.5214437783407107,3.901653487280356,4.481113971660022,0.9948006932409013,0.9982668977469671,0.05960229560543233,0.13412960174610664,0.0,0,0.0,577,0,46
P0-spatial,25,P0-spatial_K25,5,2,2.7954268638790154,2.6265566979822097,3.8071133158928774,4.381993477274477,0.9981718464351006,1.0,0.05619696803702033,0.1336246340206282,0.0,0,0.0,547,0,47
P0-spatial,25,P0-spatial_K25,6,2,2.7850730686521055,2.5484627728022247,3.857994663224247,4.381993477274477,0.998165137614679,1.0,0.0573638298842818,0.1412067567487391,0.0,0,0.0,545,0,48
P0-spatial,25,P0-spatial_K25,7,2,2.8264372669270887,2.6264852352795742,3.8427302590248424,4.7865702050044865,0.9965156794425087,0.9982578397212544,0.06192628623883693,0.1226596798905913,0.0,0,0.0,574,0,49
P0-spatial,25,P0-spatial_K25,8,2,2.797898139286852,2.5484627728020115,3.857994663224247,4.48596146449666,0.9947826086956522,0.9982608695652174,0.0610844966962427,0.15535752323816454,0.0,0,0.0,575,0,50
P0-spatial,25,P0-spatial_K25,9,2,2.851144525992392,2.6265566979822097,3.9416023320560485,4.477653781910065,0.9963235294117647,0.9981617647058824,0.05759376727950204,0.13480935214158288,0.0,0,0.0,544,0,51
P0-spatial,25,P0-spatial_K25,10,2,2.7793324491180336,2.5484627728022247,3.8957222717539515,4.464755282483508,0.9983525535420099,1.0,0.06359759600185479,0.1373064500642465,0.0,0,0.0,607,0,52
P0-spatial,25,P0-spatial_K25,11,2,2.8694011351510915,2.649480522965746,3.971907124170343,4.497272281116125,0.9982964224872232,1.0,0.06239379761647075,0.14040785016123525,0.0,0,0.0,587,0,53
P0-spatial,25,P0-spatial_K25,12,2,2.798709828034386,2.5412660080076677,3.810136022150246,4.481113971660875,0.9981447124304267,1.0,0.05636458084808131,0.14218131529081215,0.0,0,0.0,539,0,54
P0-spatial,25,P0-spatial_K25,13,2,2.8548130271187975,2.618982446502116,3.971907124170599,4.786570205003932,0.9965156794425087,0.9965156794425087,0.05984941148504006,0.1417131163244833,0.0,0,0.0,574,0,55
P0-spatial,25,P0-spatial_K25,14,2,2.7708496544242354,2.5484627728020115,3.8579946632238205,4.694050683922001,1.0,1.0,0.06034936580182535,0.1545676931201061,0.0,0,0.0,569,0,56
P0-spatial,25,P0-spatial_K25,15,2,2.856812304825451,2.6264852352795742,3.984261643050658,4.958392172728452,1.0,1.0,0.05856694187141995,0.12072429847883523,0.0,0,0.0,573,0,57
P0-spatial,25,P0-spatial_K25,16,2,2.8108866085296054,2.5484627728030773,3.9562323724729818,4.482729802606336,0.998211091234347,0.998211091234347,0.05846999379611471,0.12020679301014776,0.0,0,0.0,559,0,58
P0-spatial,25,P0-spatial_K25,17,2,2.798858589758291,2.618982446502116,3.8071133158925363,4.483537718079035,0.9982698961937716,1.0,0.059846690057815656,0.1343420881090898,0.0,0,0.0,578,0,59
P0-spatial,25,P0-spatial_K25,18,2,2.799962296888027,2.515993251143982,3.8071133158925363,4.544994985339049,0.991869918699187,0.9951219512195122,0.06527424380390422,0.15453316601636566,0.0,0,0.0,615,0,60
P0-spatial,25,P0-spatial_K25,19,2,2.8687205788123897,2.626520966630679,3.984261643050786,4.9583921727293045,0.993127147766323,0.9982817869415808,0.059700794943212475,0.14447573829633928,0.0,0,0.0,582,0,61
P0-spatial,25,P0-spatial_K25,20,2,2.7725956393729754,2.544864390405266,3.857994663224247,4.381993477274477,1.0,1.0,0.06035904998731728,0.1413427200926996,0.0,0,0.0,584,0,62
P0-spatial,25,P0-spatial_K25,21,2,2.819007758192622,2.62655669798205,3.8702583820785894,4.483537718079035,0.996415770609319,1.0,0.05882548243991395,0.1188480882838094,0.0,0,0.0,558,0,63
P0-spatial,25,P0-spatial_K25,22,2,2.833580745133032,2.6371820307409166,3.857994663224247,4.481113971660118,0.9982517482517482,0.9982517482517482,0.06135510138556684,0.14217184723071136,0.0,0,0.0,572,0,64
P0-spatial,25,P0-spatial_K25,23,2,2.814969835248945,2.5484627728020115,3.8579946632238418,4.497272281115517,0.996551724137931,0.9982758620689656,0.06279218740380571,0.14320346474696866,0.0,0,0.0,580,0,65
P0-spatial,25,P0-spatial_K25,24,2,2.77198943786188,2.5484627728022247,3.764752224642509,4.38199347727371,0.9983136593591906,1.0,0.06223949261622523,0.13294842409792795,0.0,0,0.0,593,0,66
P0-spatial,25,P0-spatial_K25,25,2,2.8159424610232264,2.626485235279148,3.857994663224247,4.4319567763081125,0.9983221476510067,1.0,0.0629647867089327,0.1359568802214956,0.0,0,0.0,596,0,67
P0-spatial,25,P0-spatial_K25,26,2,2.8678828774919793,2.6114796577255106,3.974378027946671,4.9583921727293045,0.9948186528497409,0.998272884283247,0.06106085772024243,0.136965554929303,0.0,0,0.0,579,0,68
P0-spatial,25,P0-spatial_K25,27,2,2.814057636161655,2.5484627728022247,3.8579946632241615,4.481113971660427,0.9963963963963964,0.9981981981981982,0.05652865271545572,0.12078506523939903,0.0,0,0.0,555,0,69
P0-spatial,25,P0-spatial_K25,28,2,2.8502840779031775,2.6265566979818367,3.971907124170855,4.694050683922342,0.998220640569395,0.998220640569395,0.058454084174821376,0.13969255168196437,0.0,0,0.0,562,0,70
P0-spatial,25,P0-spatial_K25,29,2,2.844845344034819,2.6265566979817834,3.857994663224929,4.497272281116125,0.9964476021314387,0.9964476021314387,0.057708150077218454,0.1463842562810304,0.0,0,0.0,563,0,71
P0-spatial,30,P0-spatial_K30,0,2,2.791270218436235,2.6535257312424676,3.856263590281914,4.401341954043315,0.9965397923875432,1.0,0.04959909904441355,0.12814726511709526,0.0,0,0.0,578,0,42
P0-spatial,30,P0-spatial_K30,1,2,2.8271226159875664,2.653525731242894,3.825966287401002,4.297342206580422,0.9981308411214953,1.0,0.04653554654278318,0.1237266277861388,0.0,0,0.0,535,0,43
P0-spatial,30,P0-spatial_K30,2,2,2.8066808374670433,2.6512845197402157,3.8259662874003197,4.213933505994703,0.9964601769911504,1.0,0.05001887411235934,0.12979619566498674,0.0,0,0.0,565,0,44
P0-spatial,30,P0-spatial_K30,3,2,2.779026866505948,2.6189455410994356,3.83649620895787,4.389781103208038,0.998330550918197,0.998330550918197,0.052154349671702405,0.17863934984022284,0.0,0,0.0,599,0,45
P0-spatial,30,P0-spatial_K30,4,2,2.795875812518374,2.618945541098583,4.026746538824568,4.497272281115315,0.9948006932409013,0.9982668977469671,0.04962573751468836,0.13412960174610664,0.0,0,0.0,577,0,46
P0-spatial,30,P0-spatial_K30,5,2,2.766447552343388,2.653525731241615,3.823722623267713,4.213933505994021,0.9981718464351006,1.0,0.04677838710952091,0.1277804483775721,0.0,0,0.0,547,0,47
P0-spatial,30,P0-spatial_K30,6,2,2.7498407118451147,2.5588543569662647,3.7718676808808027,4.21393350599466,0.9981684981684982,1.0,0.04779733228707726,0.1309823751952264,0.0,0,0.0,546,0,48
P0-spatial,30,P0-spatial_K30,7,2,2.7738733696308766,2.6535257312424676,3.6422620723065293,4.101174800208734,0.9982578397212544,1.0,0.05150546446805189,0.12302650960170809,0.0,0,0.0,574,0,49
P0-spatial,30,P0-spatial_K30,8,2,2.8413586393915096,2.723313366628153,3.9523136845491535,4.2139335059948735,0.9947826086956522,0.9982608695652174,0.05098638543324512,0.14824957873383873,0.0,0,0.0,575,0,50
P0-spatial,30,P0-spatial_K30,9,2,2.857534390229118,2.6661616709299096,4.025897574656483,4.526006368316829,0.9963235294117647,0.9981617647058824,0.04800630106011672,0.11686470359376576,0.0,0,0.0,544,0,51
P0-spatial,30,P0-spatial_K30,10,2,2.7878131809839677,2.6512845197401624,3.9523136845491535,4.298597486363261,0.9983552631578947,1.0,0.053107756337265305,0.1386942599905052,0.0,0,0.0,608,0,52
P0-spatial,30,P0-spatial_K30,11,2,2.877073061479096,2.683057379931597,4.025897574656057,4.610761043509797,0.9982964224872232,1.0,0.05200972361145887,0.11523479250727248,0.0,0,0.0,587,0,53
P0-spatial,30,P0-spatial_K30,12,2,2.7818234188061144,2.6535257312417215,3.7718676808809732,4.213933505994021,0.9981447124304267,1.0,0.04694038557917477,0.14218131529081215,0.0,0,0.0,539,0,54
P0-spatial,30,P0-spatial_K30,13,2,2.897603138711424,2.699014224490668,4.065412122180746,4.497272281116125,0.9965156794425087,0.9965156794425087,0.049955731541945256,0.13436930568292346,0.0,0,0.0,574,0,55
P0-spatial,30,P0-spatial_K30,14,2,2.784607942593826,2.6512845197402157,3.894384647368213,4.213933505994021,1.0,1.0,0.050317025952475135,0.15278448971565914,0.0,0,0.0,569,0,56
P0-spatial,30,P0-spatial_K30,15,2,2.8035211774078834,2.6661616709299096,3.9490564321372985,4.497272281115613,1.0,1.0,0.04870480666530276,0.11955588183663736,0.0,0,0.0,573,0,57
P0-spatial,30,P0-spatial_K30,16,2,2.821086049874342,2.651284519740109,3.8259662874005755,4.395698993627323,0.998211091234347,0.998211091234347,0.048743848956126316,0.11883365561248482,0.0,0,0.0,559,0,58
P0-spatial,30,P0-spatial_K30,17,2,2.832136793408892,2.6535257312420413,3.9523136845491535,4.497272281115485,0.9982698961937716,1.0,0.0499358488633584,0.133785961517072,0.0,0,0.0,578,0,59
P0-spatial,30,P0-spatial_K30,18,2,2.8345470893023315,2.6512845197402157,3.9457991797259955,4.497272281116125,0.991869918699187,0.9967479674796748,0.054465539305286546,0.15465879545664385,0.0,0,0.0,615,0,60
P0-spatial,30,P0-spatial_K30,19,2,2.8716831733348913,2.683057379931597,4.033004605594428,4.497272281115485,0.9948453608247423,0.9982817869415808,0.04975636427150012,0.14277626758906883,0.0,0,0.0,582,0,61
P0-spatial,30,P0-spatial_K30,20,2,2.8561988310782063,2.7524433855234065,4.033004605594215,4.497272281116029,1.0,1.0,0.05046066422208932,0.1319278376633562,0.0,0,0.0,584,0,62
P0-spatial,30,P0-spatial_K30,21,2,2.817478810935493,2.6661616709299096,3.9523136845491535,4.497272281116125,0.996415770609319,1.0,0.0490184140948705,0.1259950941698207,0.0,0,0.0,558,0,63
P0-spatial,30,P0-spatial_K30,22,2,2.7932941427940285,2.6661616709299096,3.77186768088157,4.2772663879071615,1.0,1.0,0.051053047660796734,0.13927964108694987,0.0,0,0.0,572,0,64
P0-spatial,30,P0-spatial_K30,23,2,2.8403621679731206,2.653525731241615,3.9523136845491535,4.497272281115517,0.996551724137931,0.9982758620689656,0.05237552506196774,0.14135552984213895,0.0,0,0.0,580,0,65
P0-spatial,30,P0-spatial_K30,24,2,2.8125817327947797,2.6512845197402157,3.8896859479856136,4.497272281115272,0.9983136593591906,1.0,0.051945844478121575,0.13351702832638712,0.0,0,0.0,593,0,66
P0-spatial,30,P0-spatial_K30,25,2,2.8422365039083908,2.6990142244902415,3.9360274224920033,4.33226786120855,0.9983221476510067,1.0,0.052522478505987395,0.12629839374726495,0.0,0,0.0,596,0,67
P0-spatial,30,P0-spatial_K30,26,2,2.890015487622714,2.6661616709299096,4.213933505994021,4.747691748523138,0.9948186528497409,1.0,0.05092642502237691,0.1354495802033025,0.0,0,0.0,579,0,68
P0-spatial,30,P0-spatial_K30,27,2,2.8040539680603946,2.6189455410994356,3.867017303381603,4.497272281115336,0.9963963963963964,0.9981981981981982,0.04708885068947959,0.12007439854342997,0.0,0,0.0,555,0,69
P0-spatial,30,P0-spatial_K30,28,2,2.8122708378823895,2.6661616709299096,3.7708942827751746,4.213933505994021,0.998220640569395,0.998220640569395,0.04864109051310616,0.12702755930292234,0.0,0,0.0,562,0,70
P0-spatial,30,P0-spatial_K30,29,2,2.9024461477830323,2.7941553251801565,4.03300460559494,4.497272281116061,0.9964476021314387,0.9982238010657194,0.04819736465598309,0.13282407511358904,0.0,0,0.0,563,0,71
P0-spatial,35,P0-spatial_K35,0,2,2.573019067902997,2.3959536866632902,3.4225944299101734,3.936027422491705,0.9982698961937716,1.0,0.042155947806186,0.13114140935973267,0.0,0,0.0,578,0,42
P0-spatial,35,P0-spatial_K35,1,2,2.5525272821342955,2.3940404067505483,3.4225944299102693,3.8082992254100247,0.9981308411214953,1.0,0.03947120399922371,0.12220200615007708,0.0,0,0.0,535,0,43
P0-spatial,35,P0-spatial_K35,2,2,2.540797596915265,2.395953686663077,3.3946879952717097,3.7438225940046204,1.0,1.0,0.04244751559145606,0.12165397906294202,0.0,0,0.0,565,0,44
P0-spatial,35,P0-spatial_K35,3,2,2.5743665147877652,2.438474655710934,3.4140818154511976,3.8071133158926216,0.998330550918197,0.998330550918197,0.04435624657041842,0.17863934984022284,0.0,0,0.0,599,0,45
P0-spatial,35,P0-spatial_K35,4,2,2.5618776845098377,2.375909678662822,3.4225944299100775,3.807113315892707,0.9965337954939342,0.9982668977469671,0.04215364542114742,0.13211874682478358,0.0,0,0.0,577,0,46
P0-spatial,35,P0-spatial_K35,5,2,2.5038491224322263,2.3608289916523972,3.3946879952717097,3.665851307903692,0.9981718464351006,1.0,0.03968861372096858,0.12224484141034882,0.0,0,0.0,547,0,47
P0-spatial,35,P0-spatial_K35,6,2,2.534636372746338,2.395953686663157,3.4086412125910215,3.8071133158925097,0.9981684981684982,1.0,0.040636087626032394,0.12454003399798046,0.0,0,0.0,546,0,48
P0-spatial,35,P0-spatial_K35,7,2,2.561657284497863,2.3979448911245527,3.407993700999328,3.77362559432612,1.0,1.0,0.043802268770613786,0.12204892282976235,0.0,0,0.0,574,0,49
P0-spatial,35,P0-spatial_K35,8,2,2.5571354854020796,2.395953686663237,3.3946879952719655,3.813348563199873,0.9965217391304347,0.9982608695652174,0.043239383904391714,0.150220838337454,0.0,0,0.0,575,0,50
P0-spatial,35,P0-spatial_K35,9,2,2.573575925595955,2.3940404067509746,3.42259442991093,3.936027422491577,0.9963235294117647,0.9981617647058824,0.04071040826479266,0.11723847166527847,0.0,0,0.0,544,0,51
P0-spatial,35,P0-spatial_K35,10,2,2.5169935764050884,2.3608289916523972,3.4225944299100775,3.807113315893101,0.9983525535420099,1.0,0.04497549460524557,0.1386942599905052,0.0,0,0.0,607,0,52
P0-spatial,35,P0-spatial_K35,11,2,2.633661682875803,2.45062883020978,3.5678125711998514,3.9360274224924297,0.9982964224872232,1.0,0.04417476740607999,0.1391830840797637,0.0,0,0.0,587,0,53
P0-spatial,35,P0-spatial_K35,12,2,2.5647781610448988,2.3959536866632902,3.3946879952719655,3.8278974735835334,1.0,1.0,0.03990301928914159,0.14218131529081215,0.0,0,0.0,539,0,54
P0-spatial,35,P0-spatial_K35,13,2,2.6126519681102085,2.42229678151876,3.4704136448839358,3.936027422491577,0.9965156794425087,0.9965156794425087,0.0423555874329908,0.13112525865646446,0.0,0,0.0,574,0,55
P0-spatial,35,P0-spatial_K35,14,2,2.5125734715494303,2.3759096786631417,3.4225944299100775,3.8278974735839597,1.0,1.0,0.04269013898527271,0.15144189999815252,0.0,0,0.0,569,0,56
P0-spatial,35,P0-spatial_K35,15,2,2.5623537198305333,2.4384746557102943,3.4315426693078743,3.936027422491918,1.0,1.0,0.041355285097493574,0.11303523950390885,0.0,0,0.0,573,0,57
P0-spatial,35,P0-spatial_K35,16,2,2.563861468448486,2.394040406751401,3.4225944299101414,3.8278974735843008,0.998211091234347,0.998211091234347,0.041372878070622315,0.11906307583993858,0.0,0,0.0,559,0,58
P0-spatial,35,P0-spatial_K35,17,2,2.5655917250717883,2.3999360955866678,3.4225944299100775,3.807113315892174,1.0,1.0,0.04236546952035354,0.13218447333415803,0.0,0,0.0,578,0,59
P0-spatial,35,P0-spatial_K35,18,2,2.5609669534993835,2.394040406750122,3.4225944299102693,3.870891150455975,0.9951219512195122,0.9983739837398374,0.046207843827663936,0.15369502918763706,0.0,0,0.0,615,0,60
P0-spatial,35,P0-spatial_K35,19,2,2.588200632835659,2.3940404067509746,3.4808804779488427,3.936027422492387,0.9965635738831615,0.9982817869415808,0.04218066246352345,0.13370985235467117,0.0,0,0.0,582,0,61
P0-spatial,35,P0-spatial_K35,20,2,2.5359911799257433,2.3959536866632902,3.3946879952719655,3.7736255943256616,1.0,1.0,0.0427219489582958,0.1262887077852079,0.0,0,0.0,584,0,62
P0-spatial,35,P0-spatial_K35,21,2,2.538836544462477,2.387253574862598,3.413696146311054,3.807113315892158,0.996415770609319,1.0,0.04157507380271227,0.1058356457040068,0.0,0,0.0,558,0,63
P0-spatial,35,P0-spatial_K35,22,2,2.570989541065224,2.3979448911245527,3.4225944299100775,3.8765559505925675,1.0,1.0,0.043399329309626,0.13958753859867923,0.0,0,0.0,572,0,64
P0-spatial,35,P0-spatial_K35,23,2,2.6057662780830295,2.438474655710934,3.4861138944812353,3.971907124170002,0.9982758620689656,0.9982758620689656,0.04450763368084692,0.1419865193752909,0.0,0,0.0,580,0,65
P0-spatial,35,P0-spatial_K35,24,2,2.551483796255127,2.438474655710934,3.3946879952719655,3.8071133158921953,1.0,1.0,0.04408614595752819,0.13388118715978797,0.0,0,0.0,593,0,66
P0-spatial,35,P0-spatial_K35,25,2,2.5599019091402893,2.3979448911247125,3.419109460960925,3.80711331589211,0.9983221476510067,1.0,0.044542307487893416,0.12242361554579659,0.0,0,0.0,596,0,67
P0-spatial,35,P0-spatial_K35,26,2,2.59949295195344,2.3959536866632902,3.4442465622221072,3.971907124170471,0.9965457685664939,1.0,0.043174428510811394,0.13296559439732347,0.0,0,0.0,579,0,68
P0-spatial,35,P0-spatial_K35,27,2,2.5693246474215927,2.3940404067505483,3.422594429910717,3.9360274224924297,0.9981981981981982,0.9981981981981982,0.039992612459025204,0.11564422937316786,0.0,0,0.0,555,0,69
P0-spatial,35,P0-spatial_K35,28,2,2.5805129427691758,2.3906469908065198,3.4225944299100775,3.8278974735843008,0.998220640569395,0.998220640569395,0.04132317980189814,0.12139710199594969,0.0,0,0.0,562,0,70
P0-spatial,35,P0-spatial_K35,29,2,2.5789795311163712,2.4419600616054993,3.3946879952719655,3.77362559432612,0.9982238010657194,0.9982238010657194,0.040795837207443175,0.1258287989584231,0.0,0,0.0,563,0,71
P0-spatial,40,P0-spatial_K40,0,2,2.4280150851809315,2.303440392208813,3.166203834016386,3.5107831091199966,0.9982698961937716,1.0,0.036678586517879676,0.1265074592055647,0.0,0,0.0,578,0,42
P0-spatial,40,P0-spatial_K40,1,2,2.454970983587367,2.309756537477483,3.166203834016642,3.4994446008191016,0.9981308411214953,1.0,0.03440785751786589,0.11175764750899807,0.0,0,0.0,535,0,43
P0-spatial,40,P0-spatial_K40,2,2,2.4317394982065963,2.328030898600275,3.166203834015704,3.42259442991093,1.0,1.0,0.036988754154006265,0.12165397906294202,0.0,0,0.0,565,0,44
P0-spatial,40,P0-spatial_K40,3,2,2.438499513246466,2.303440392208813,3.166203834016301,3.435627968860388,0.998330550918197,0.998330550918197,0.03860986968283827,0.17863934984022284,0.0,0,0.0,599,0,45
P0-spatial,40,P0-spatial_K40,4,2,2.426308001024365,2.288306404684306,3.1662038340158105,3.499444600819288,0.9965337954939342,0.9982668977469671,0.03669043253276219,0.13376004994867038,0.0,0,0.0,577,0,46
P0-spatial,40,P0-spatial_K40,5,2,2.4029213534853984,2.309756537477483,3.147584357260669,3.3726509863378427,0.9981718464351006,1.0,0.03459061366851143,0.12224484141034882,0.0,0,0.0,547,0,47
P0-spatial,40,P0-spatial_K40,6,2,2.412329202176055,2.2902169731122513,3.1662038340160024,3.4783821565510182,0.998165137614679,1.0,0.03534856082244438,0.1239325831094398,0.0,0,0.0,545,0,48
P0-spatial,40,P0-spatial_K40,7,2,2.4157478887299164,2.290216973111825,3.166203834015704,3.4994446008189364,1.0,1.0,0.0381192669372563,0.12566232725129864,0.0,0,0.0,574,0,49
P0-spatial,40,P0-spatial_K40,8,2,2.434826182829585,2.2902169731119315,3.153800124604317,3.422594429910557,0.9965217391304347,0.9982608695652174,0.03766003668772376,0.15205178555097398,0.0,0,0.0,575,0,50
P0-spatial,40,P0-spatial_K40,9,2,2.460431053612371,2.3357267277339133,3.166203834016983,3.4895327634004047,0.9983361064891847,0.9983361064891847,0.0393645822666542,0.14837365433177008,0.0,0,0.0,601,0,51
P0-spatial,40,P0-spatial_K40,10,2,2.4073054806952783,2.2902169731120914,3.157943969500252,3.4994446008189657,0.9983552631578947,1.0,0.03925703580013269,0.1386942599905052,0.0,0,0.0,608,0,52
P0-spatial,40,P0-spatial_K40,11,2,2.5044641732737407,2.3357267277339133,3.2547698129225178,3.642262072306721,0.9982964224872232,1.0,0.03846482887581504,0.11523479250727248,0.0,0,0.0,587,0,53
P0-spatial,40,P0-spatial_K40,12,2,2.405798392068144,2.288306404684306,3.1662038340157252,3.4905239471414826,1.0,1.0,0.034702616839609846,0.14218131529081215,0.0,0,0.0,539,0,54
P0-spatial,40,P0-spatial_K40,13,2,2.504199502470608,2.3357267277330607,3.3915311596638564,3.642262072306721,0.9965156794425087,0.9965156794425087,0.03690674486875504,0.13225543464053488,0.0,0,0.0,574,0,55
P0-spatial,40,P0-spatial_K40,14,2,2.392046182161867,2.288306404684306,3.1662038340161303,3.499444600819288,1.0,1.0,0.037183782257794375,0.15128373679279394,0.0,0,0.0,569,0,56
P0-spatial,40,P0-spatial_K40,15,2,2.4654274136668555,2.367596290153813,3.2653173961768975,3.642262072306721,1.0,1.0,0.03604812948651772,0.11403534125360906,0.0,0,0.0,573,0,57
P0-spatial,40,P0-spatial_K40,16,2,2.454707078969374,2.309756537477057,3.166203834016983,3.554712797198221,0.998211091234347,0.998211091234347,0.036049935713285554,0.12043621323760152,0.0,0,0.0,559,0,58
P0-spatial,40,P0-spatial_K40,17,2,2.442877147083181,2.3608289916523972,3.1662038340161303,3.4994446008188618,1.0,1.0,0.03689387058706183,0.13218447333415803,0.0,0,0.0,578,0,59
P0-spatial,40,P0-spatial_K40,18,2,2.4327216641819542,2.2902169731119315,3.157943969500252,3.4994446008189257,0.9967479674796748,0.9983739837398374,0.04023625111475603,0.15369502918763706,0.0,0,0.0,615,0,60
P0-spatial,40,P0-spatial_K40,19,2,2.4704424785401655,2.2940126492683532,3.38416520991359,3.7330209731162958,0.9982817869415808,0.9982817869415808,0.036738101367388656,0.13370985235467117,0.0,0,0.0,582,0,61
P0-spatial,40,P0-spatial_K40,20,2,2.4304023814886984,2.3482778596923026,3.165516880666459,3.432101934270364,1.0,1.0,0.0372287691820425,0.12721206243617728,0.0,0,0.0,584,0,62
P0-spatial,40,P0-spatial_K40,21,2,2.441865159792495,2.303440392208813,3.1711803607512365,3.499444600819288,0.996415770609319,1.0,0.036243988107517486,0.1058356457040068,0.0,0,0.0,558,0,63
P0-spatial,40,P0-spatial_K40,22,2,2.427184804682832,2.2968286826602657,3.166203834016983,3.499444600819288,1.0,1.0,0.037770404442523144,0.13958753859867923,0.0,0,0.0,572,0,64
P0-spatial,40,P0-spatial_K40,23,2,2.4858682056352186,2.3608289916515446,3.168030551683245,3.6422620723061137,0.9982758620689656,0.9982758620689656,0.038771707045096894,0.1430773896485688,0.0,0,0.0,580,0,65
P0-spatial,40,P0-spatial_K40,24,2,2.4337438909753466,2.3357267277330607,3.157943969499911,3.4270685496094866,1.0,1.0,0.03840221361603434,0.13388118715978797,0.0,0,0.0,593,0,66
P0-spatial,40,P0-spatial_K40,25,2,2.435969093625194,2.2902169731122513,3.2429739341231922,3.4994446008191282,0.9983221476510067,1.0,0.03879132471151241,0.12319532289122982,0.0,0,0.0,596,0,67
P0-spatial,40,P0-spatial_K40,26,2,2.4838909767377575,2.309756537477483,3.38416520991359,3.8102981799642928,0.998272884283247,1.0,0.03761161913433627,0.13296559439732347,0.0,0,0.0,579,0,68
P0-spatial,40,P0-spatial_K40,27,2,2.4211300424530653,2.2902169731119315,3.166203834015704,3.499444600819139,0.9981981981981982,0.9981981981981982,0.034789547792129366,0.11539548012593025,0.0,0,0.0,555,0,69
P0-spatial,40,P0-spatial_K40,28,2,2.4515702286772343,2.2902169731122513,3.1844710106796015,3.4994446008190137,0.998220640569395,0.998220640569395,0.03597805562695935,0.12073016619078214,0.0,0,0.0,562,0,70
P0-spatial,40,P0-spatial_K40,29,2,2.4696227246265123,2.3608289916523972,3.2280280333216074,3.4994446008190536,0.9982238010657194,0.9982238010657194,0.035543659436339727,0.1258287989584231,0.0,0,0.0,563,0,71
P0-spatial,45,P0-spatial_K45,0,2,2.3937977067852376,2.2448707825290626,3.250193882273231,3.7736255943255124,0.9982698961937716,1.0,0.0325595865063853,0.13114140935973267,0.0,0,0.0,578,0,42
P0-spatial,45,P0-spatial_K45,1,2,2.3997740146900366,2.23937797905279,3.2783521647493084,3.59539709744413,0.9981308411214953,1.0,0.030519659993041116,0.11279072698810005,0.0,0,0.0,535,0,43
P0-spatial,45,P0-spatial_K45,2,2,2.3801933814643363,2.2499467463217115,3.1579439694998896,3.4747807539974316,1.0,1.0,0.032814687211058055,0.12165397906294202,0.0,0,0.0,565,0,44
P0-spatial,45,P0-spatial_K45,3,2,2.3991803028889365,2.239377979052044,3.2489995517523487,3.490059881428266,0.998330550918197,0.998330550918197,0.034267961307575444,0.17863934984022284,0.0,0,0.0,599,0,45
P0-spatial,45,P0-spatial_K45,4,2,2.3890487634990785,2.182203716682949,3.3664208828490416,3.7397050594183554,0.9965337954939342,0.9982668977469671,0.032566322348231064,0.13376004994867038,0.0,0,0.0,577,0,46
P0-spatial,45,P0-spatial_K45,5,2,2.34728983854767,2.239377979052044,3.050199268858478,3.3946879952719655,0.9981718464351006,1.0,0.030680125644781453,0.12224484141034882,0.0,0,0.0,547,0,47
P0-spatial,45,P0-spatial_K45,6,2,2.3651204834998576,2.229924732219146,3.2585541959195297,3.6142980437462313,0.9981684981684982,1.0,0.03140179902763592,0.12396886769142139,0.0,0,0.0,546,0,48
P0-spatial,45,P0-spatial_K45,7,2,2.3748594582502753,2.2309325535889712,3.157943969500252,3.5865473193410846,1.0,1.0,0.03383205130071963,0.12302650960170809,0.0,0,0.0,574,0,49
P0-spatial,45,P0-spatial_K45,8,2,2.3880076751640407,2.2393779790519375,3.103704047682754,3.3946879952719655,0.9965217391304347,0.9982608695652174,0.033416239309044374,0.15205178555097398,0.0,0,0.0,575,0,50
P0-spatial,45,P0-spatial_K45,9,2,2.412900255702318,2.2883064046834534,3.25855419591921,3.5622654354860117,0.9983361064891847,0.9983361064891847,0.03492776358106487,0.14837365433177008,0.0,0,0.0,601,0,51
P0-spatial,45,P0-spatial_K45,10,2,2.3676580124921935,2.2397948187354544,3.157943969500252,3.6824549347913624,0.9983552631578947,1.0,0.03484199994256178,0.1386942599905052,0.0,0,0.0,608,0,52
P0-spatial,45,P0-spatial_K45,11,2,2.463205016525941,2.2902169731119315,3.3664208828490416,3.811615909806843,0.9982964224872232,1.0,0.034137565867984235,0.11523479250727248,0.0,0,0.0,587,0,53
P0-spatial,45,P0-spatial_K45,12,2,2.3589543286916053,2.2299247322197857,3.2466108907107127,3.496770007475985,1.0,1.0,0.030791107053727347,0.14218131529081215,0.0,0,0.0,539,0,54
P0-spatial,45,P0-spatial_K45,13,2,2.4405682738169645,2.290216973111825,3.36642088284934,3.7397050594186965,0.9965156794425087,0.9965156794425087,0.03272547443967116,0.13225543464053488,0.0,0,0.0,574,0,55
P0-spatial,45,P0-spatial_K45,14,2,2.3574355007900496,2.2309325535891844,3.2466108907107127,3.603891522094104,1.0,1.0,0.033008834939687225,0.1496790853793113,0.0,0,0.0,569,0,56
P0-spatial,45,P0-spatial_K45,15,2,2.4155823825318685,2.2798743936550636,3.380616344500767,3.7736255943256936,1.0,1.0,0.031979816151066126,0.11253253610519598,0.0,0,0.0,573,0,57
P0-spatial,45,P0-spatial_K45,16,2,2.4017884093188133,2.23937797905279,3.2466108907107127,3.580009397879668,0.998211091234347,0.998211091234347,0.03197917227350546,0.11906307583993858,0.0,0,0.0,559,0,58
P0-spatial,45,P0-spatial_K45,17,2,2.3907243679255017,2.2840903991692585,3.2968110345058803,3.4451179439589805,1.0,1.0,0.03272809593110708,0.13218447333415803,0.0,0,0.0,578,0,59
P0-spatial,45,P0-spatial_K45,18,2,2.381812044177135,2.2299247322197857,3.0529863902168017,3.4221157650347425,0.9967479674796748,0.9983739837398374,0.03569653226006759,0.15369502918763706,0.0,0,0.0,615,0,60
P0-spatial,45,P0-spatial_K45,19,2,2.412489382253304,2.2312100795561918,3.3664208828490416,3.7736255943256722,0.9982817869415808,0.9982817869415808,0.032581732295617595,0.13370985235467117,0.0,0,0.0,582,0,61
P0-spatial,45,P0-spatial_K45,20,2,2.3874637122173765,2.2883064046834534,3.1639139895173685,3.3946879952719655,1.0,1.0,0.033036956682859525,0.12721206243617728,0.0,0,0.0,584,0,62
P0-spatial,45,P0-spatial_K45,21,2,2.387434291524065,2.2393779790519908,3.3664208828486153,3.4672533486236423,0.996415770609319,1.0,0.03214991971000278,0.1058356457040068,0.0,0,0.0,558,0,63
P0-spatial,45,P0-spatial_K45,22,2,2.386555011887505,2.2397948187354544,3.257359865398072,3.7397050594186965,1.0,1.0,0.033522457737536156,0.13958753859867923,0.0,0,0.0,572,0,64
P0-spatial,45,P0-spatial_K45,23,2,2.441856786815385,2.2892616888977457,3.1847547179695823,3.739705059418718,0.9982758620689656,0.9982758620689656,0.03440746397193023,0.1430773896485688,0.0,0,0.0,580,0,65
P0-spatial,45,P0-spatial_K45,24,2,2.374410663958099,2.2499467463217115,3.144101518740802,3.40585056912721,1.0,1.0,0.034057733523729754,0.13388118715978797,0.0,0,0.0,593,0,66
P0-spatial,45,P0-spatial_K45,25,2,2.39330989151349,2.2397948187364136,3.2466108907107127,3.631642246499709,0.9983221476510067,1.0,0.03442512618876372,0.12319532289122982,0.0,0,0.0,596,0,67
P0-spatial,45,P0-spatial_K45,26,2,2.423669657859173,2.239794818735348,3.3664208828490416,3.773625594325736,0.998272884283247,1.0,0.03335568053644991,0.13296559439732347,0.0,0,0.0,579,0,68
P0-spatial,45,P0-spatial_K45,27,2,2.3750546217820703,2.2299247322197857,3.140618680221508,3.4225944299103332,0.9981981981981982,0.9981981981981982,0.03086766713252679,0.11564422937316786,0.0,0,0.0,555,0,69
P0-spatial,45,P0-spatial_K45,28,2,2.4105950488106673,2.2393779790519375,3.258554195919274,3.6288667979138256,0.998220640569395,0.998220640569395,0.03192972658224203,0.12047536661176463,0.0,0,0.0,562,0,70
P0-spatial,45,P0-spatial_K45,29,2,2.4228980168428014,2.290216973111825,3.3664208828486153,3.5479741267378384,0.9982238010657194,0.9982238010657194,0.0315363700931436,0.1258287989584231,0.0,0,0.0,563,0,71
P0-spatial,48,P0-spatial_K48,0,2,2.362430786792621,2.2397948187359873,3.166203834015704,3.4994446008188618,0.9982698961937716,1.0,0.03048714112008233,0.12553712242647347,0.0,0,0.0,578,0,42
P0-spatial,48,P0-spatial_K48,1,2,2.3808813841631684,2.2393779790519375,3.1662038340161303,3.4426759299571406,0.9981308411214953,1.0,0.028591290954678356,0.11175764750899807,0.0,0,0.0,535,0,43
P0-spatial,48,P0-spatial_K48,2,2,2.3588507310383298,2.2499467463217115,3.114846089243289,3.3841652099135047,1.0,1.0,0.030738846563833588,0.12165397906294202,0.0,0,0.0,565,0,44
P0-spatial,48,P0-spatial_K48,3,2,2.3773559691780095,2.2393779790519375,3.1662038340157252,3.3852174884493427,0.998330550918197,0.998330550918197,0.03209919492647028,0.17863934984022284,0.0,0,0.0,599,0,45
P0-spatial,48,P0-spatial_K48,4,2,2.3694850567220063,2.182203716682949,3.1662038340158105,3.499444600819288,0.9965337954939342,0.9982668977469671,0.030507596640102597,0.13376004994867038,0.0,0,0.0,577,0,46
P0-spatial,48,P0-spatial_K48,5,2,2.3298594825991876,2.2393779790519375,2.999350719767051,3.2585541959193165,0.9981718464351006,1.0,0.028742912094430067,0.12224484141034882,0.0,0,0.0,547,0,47
P0-spatial,48,P0-spatial_K48,6,2,2.342458414350137,2.2185390586118103,3.1662038340158105,3.475594504838888,0.9981684981684982,1.0,0.02941361307287514,0.12396886769142139,0.0,0,0.0,546,0,48
P0-spatial,48,P0-spatial_K48,7,2,2.3524173744429593,2.2299247322195725,3.157943969500156,3.4225944299100775,1.0,1.0,0.03169092409453749,0.12302650960170809,0.0,0,0.0,574,0,49
P0-spatial,48,P0-spatial_K48,8,2,2.3678241640414064,2.2393779790519375,3.033475892634556,3.366420882849468,0.9965217391304347,0.9982608695652174,0.03130373807805681,0.15205178555097398,0.0,0,0.0,575,0,50
P0-spatial,48,P0-spatial_K48,9,2,2.390219893530067,2.2499467463217115,3.166203834015704,3.483040353100364,0.9983361064891847,0.9983361064891847,0.032716606032377436,0.14837365433177008,0.0,0,0.0,601,0,51
P0-spatial,48,P0-spatial_K48,10,2,2.3469052757971607,2.2397948187351346,3.157943969500028,3.4994446008188618,0.9983552631578947,1.0,0.032638296771733306,0.1386942599905052,0.0,0,0.0,608,0,52
P0-spatial,48,P0-spatial_K48,11,2,2.434131482385212,2.288306404684306,3.1728392029959873,3.642262072306721,0.9982964224872232,1.0,0.031968695670422126,0.11523479250727248,0.0,0,0.0,587,0,53
P0-spatial,48,P0-spatial_K48,12,2,2.3393921805644444,2.2299247322197857,3.1643719584170356,3.397478638735776,1.0,1.0,0.02884487053929023,0.14218131529081215,0.0,0,0.0,539,0,54
P0-spatial,48,P0-spatial_K48,13,2,2.4194531870734237,2.288306404684306,3.2585541959193165,3.6422620723058685,0.9965156794425087,0.9965156794425087,0.030655082560441554,0.13225543464053488,0.0,0,0.0,574,0,55
P0-spatial,48,P0-spatial_K48,14,2,2.333992859393477,2.229924732219253,3.166203834015704,3.489532763400234,1.0,1.0,0.030918214008117294,0.1496790853793113,0.0,0,0.0,569,0,56
P0-spatial,48,P0-spatial_K48,15,2,2.3862363925891574,2.2499467463217115,3.2400841235387707,3.6422620723062096,1.0,1.0,0.029946323896094623,0.10639277625932433,0.0,0,0.0,573,0,57
P0-spatial,48,P0-spatial_K48,16,2,2.381359073318595,2.239377979052044,3.166203834015704,3.4864557813734933,0.998211091234347,0.998211091234347,0.029956871164926315,0.11906307583993858,0.0,0,0.0,559,0,58
P0-spatial,48,P0-spatial_K48,17,2,2.3679358175363734,2.2397948187359873,3.166203834015704,3.385743627717346,1.0,1.0,0.030655366510055505,0.13218447333415803,0.0,0,0.0,578,0,59
P0-spatial,48,P0-spatial_K48,18,2,2.3680158498940918,2.2299247322197857,3.0529863902168017,3.3873220455208464,0.9967479674796748,0.9983739837398374,0.03344796290857017,0.15369502918763706,0.0,0,0.0,615,0,60
P0-spatial,48,P0-spatial_K48,19,2,2.3892007113525535,2.230428642904272,3.166203834016983,3.499444600819288,0.9982817869415808,0.9982817869415808,0.030517360620924073,0.13370985235467117,0.0,0,0.0,582,0,61
P0-spatial,48,P0-spatial_K48,20,2,2.366489666261548,2.2883064046834534,3.162122983512234,3.381503560853972,1.0,1.0,0.030946830994764543,0.12721206243617728,0.0,0,0.0,584,0,62
P0-spatial,48,P0-spatial_K48,21,2,2.3670440650241447,2.2393779790519375,3.1662038340161303,3.4225944299101254,0.996415770609319,1.0,0.030117034213934978,0.1058356457040068,0.0,0,0.0,558,0,63
P0-spatial,48,P0-spatial_K48,22,2,2.365530828743977,2.2395863988939624,3.1662038340161303,3.499444600819288,1.0,1.0,0.03140244915052145,0.13958753859867923,0.0,0,0.0,572,0,64
P0-spatial,48,P0-spatial_K48,23,2,2.418438957095502,2.2883064046834534,3.1585409715019637,3.499444600819288,0.9982758620689656,0.9982758620689656,0.03222892550518771,0.1430773896485688,0.0,0,0.0,580,0,65
P0-spatial,48,P0-spatial_K48,24,2,2.355645678033244,2.239794818735561,3.1137732569736785,3.38416520991359,1.0,1.0,0.031906126590836595,0.13388118715978797,0.0,0,0.0,593,0,66
P0-spatial,48,P0-spatial_K48,25,2,2.371384145116953,2.2397948187351346,3.166203834015704,3.492010722755019,0.9983221476510067,1.0,0.03224654740073347,0.12319532289122982,0.0,0,0.0,596,0,67
P0-spatial,48,P0-spatial_K48,26,2,2.401573828730266,2.239377979052044,3.166203834016983,3.642262072306721,0.998272884283247,1.0,0.031244508941526212,0.13296559439732347,0.0,0,0.0,579,0,68
P0-spatial,48,P0-spatial_K48,27,2,2.3545713876045853,2.2071533850055403,3.140618680221508,3.4225944299103332,0.9981981981981982,0.9981981981981982,0.028914942163412793,0.11539548012593025,0.0,0,0.0,555,0,69
P0-spatial,48,P0-spatial_K48,28,2,2.3883022259968176,2.2393779790519375,3.1662038340161303,3.4994446008190137,0.998220640569395,0.998220640569395,0.029908224643029935,0.12047536661176463,0.0,0,0.0,562,0,70
P0-spatial,48,P0-spatial_K48,29,2,2.3991774268452426,2.290216973111825,3.166203834015789,3.38416520991359,0.9982238010657194,0.9982238010657194,0.029537745498679963,0.1258287989584231,0.0,0,0.0,563,0,71
P1,10,P1_K10,0,2,4.132467645126926,3.0515141784174205,7.607748735762641,9.350696771216874,0.9117647058823529,0.9602076124567474,0.15648789348866926,0.2513921422524739,0.0,0,0.0,578,0,42
P1,10,P1_K10,1,2,4.059146072684934,2.980222953951852,7.578290203691383,9.3506967712176,0.9158878504672897,0.9532710280373832,0.14614565301459048,0.2358210516698148,0.0,0,0.0,535,0,43
P1,10,P1_K10,2,2,4.421788251831157,3.3099364076718985,8.041837211783136,9.632597975138928,0.8991150442477877,0.9504424778761061,0.15910955576084523,0.26072651441866934,0.0,0,0.0,565,0,44
P1,10,P1_K10,3,2,4.235436212799609,3.3099364076718985,8.008812578907998,9.350696771216363,0.8998330550918197,0.9582637729549248,0.1651177037614358,0.26310111205674697,0.0,0,0.0,599,0,45
P1,10,P1_K10,4,2,4.196424233826502,3.0314846526455153,7.89038356872322,11.399149401282216,0.901213171577123,0.9376083188908145,0.15689424070968785,0.24691307632358106,0.0,0,0.0,577,0,46
P1,10,P1_K10,5,2,4.104604313320167,2.8815414236885317,7.846781892750073,9.350696771216619,0.9049360146252285,0.9561243144424132,0.14759678581521257,0.22454463521811321,0.0,0,0.0,547,0,47
P1,10,P1_K10,6,2,4.37611480175471,3.36181701410041,8.362488850208301,9.62059948787399,0.8867595818815331,0.9529616724738676,0.1600456114163721,0.27811638172634356,0.0,0,0.0,574,0,48
P1,10,P1_K10,7,2,4.443343524893831,3.3099364076718985,8.827316986469214,10.842385655072112,0.8876811594202898,0.9438405797101449,0.15786849933645425,0.2296622729632316,0.0,0,0.0,552,0,49
P1,10,P1_K10,8,2,4.573582441393806,3.0314846526465544,9.137731086596773,12.491344209892645,0.8730434782608696,0.928695652173913,0.16284039326552222,0.23467220405152064,0.0,0,0.0,575,0,50
P1,10,P1_K10,9,2,4.3166089132507635,3.0683130861342534,7.606097488723847,10.219503398873762,0.9080882352941176,0.9430147058823529,0.1518932736220542,0.22353469644596377,0.0,0,0.0,544,0,51
P1,10,P1_K10,10,2,4.247358027737545,2.980222953951852,7.905607554380976,9.551840166010443,0.899671052631579,0.9523026315789473,0.16811944098753034,0.2754801934809291,0.0,0,0.0,608,0,52
P1,10,P1_K10,11,2,4.489881634853035,3.437359103595554,8.852666625223833,10.42318453063623,0.8858603066439523,0.9437819420783645,0.16537539149100847,0.23869054085337232,0.0004621283591351093,1,0.0017035775127768314,587,1,53
P1,10,P1_K10,12,2,4.3953479618385,3.2486983209155085,8.521102816413473,10.383359829457637,0.8942486085343229,0.9406307977736549,0.14944903103012805,0.2619613839584852,0.0,0,0.0,539,0,54
P1,10,P1_K10,13,2,4.392347249644909,3.166203834015704,8.827316986468649,10.274530042009648,0.8797909407665505,0.9425087108013938,0.15837893192420704,0.25235753757273377,0.0,0,0.0,574,0,55
P1,10,P1_K10,14,2,4.1834879271688505,3.068313086133827,7.606097488724274,9.350696771216747,0.9150641025641025,0.9567307692307693,0.17271675853578466,0.2489010953517067,0.0,0,0.0,624,0,56
P1,10,P1_K10,15,2,4.250553681450766,3.166203834016983,7.606097488723805,9.350696771216747,0.9144851657940664,0.9581151832460733,0.15434011071829487,0.2332017797372072,0.0,0,0.0,573,0,57
P1,10,P1_K10,16,2,4.146207472800834,3.041499415531135,7.696695651432979,9.147359465946172,0.9037037037037037,0.9592592592592593,0.14844498331767786,0.2364631159059198,0.0,0,0.0,540,0,58
P1,10,P1_K10,17,2,4.289436097784164,3.264769989112324,8.362488850208365,9.378657862693697,0.8910034602076125,0.9515570934256056,0.1581638858552429,0.2573266462767875,0.0,0,0.0,578,0,59
P1,10,P1_K10,18,2,4.38160095650297,2.980222953951852,8.124623732288685,11.256481876156663,0.8959349593495934,0.9398373983739837,0.17283548823657785,0.26808980279294786,0.0,0,0.0,615,0,60
P1,10,P1_K10,19,2,4.64685698315308,3.4373591035947015,8.852666625223833,11.192836707891416,0.8676975945017182,0.9381443298969072,0.1595186082640459,0.26162956859417313,0.0,0,0.0,582,0,61
P1,10,P1_K10,20,2,4.323166093699739,3.051514178417847,7.609950398480294,9.350696771216747,0.9092465753424658,0.9537671232876712,0.15988108871161483,0.24387488268553378,0.0,0,0.0,584,0,62
P1,10,P1_K10,21,2,4.326113566507395,3.029278142034064,8.831940478176165,11.669861734362897,0.8844765342960289,0.9350180505415162,0.1542109596018782,0.2564528349336889,0.0,0,0.0,554,0,63
P1,10,P1_K10,22,2,4.6037963538842845,3.3618170140999837,9.13826787863993,11.823252913070865,0.8636363636363636,0.9195804195804196,0.163433024577069,0.24414696246366746,0.0,0,0.0,572,0,64
P1,10,P1_K10,23,2,4.452213038646976,3.003647292686793,8.827316986468361,10.854783316292906,0.8827586206896552,0.9362068965517242,0.16640111392589166,0.2528516488670816,0.0,0,0.0,580,0,65
P1,10,P1_K10,24,2,4.519012932531005,3.3099364076718985,8.353257277811267,10.98711049503486,0.8954468802698144,0.93929173693086,0.16587635983757484,0.2541141366527994,0.0,0,0.0,593,0,66
P1,10,P1_K10,25,2,4.15462254040997,2.980222953951852,8.357655189296622,9.3506967712176,0.8942953020134228,0.9530201342281879,0.16532717835283262,0.25814537568866586,0.0,0,0.0,596,0,67
P1,10,P1_K10,26,2,4.569081304257275,3.166203834015704,9.055299956683015,12.349327352430294,0.874326750448833,0.926391382405745,0.15670634888665397,0.2557982040745933,0.0,0,0.0,557,0,68
P1,10,P1_K10,27,2,4.345385764891424,3.1662038340161303,7.891310644008458,10.266669092990234,0.9009009009009009,0.9477477477477477,0.14975305154503818,0.22454746894690422,0.0,0,0.0,555,0,69
P1,10,P1_K10,28,2,4.316534305263825,3.1662038340161303,7.951649220989001,9.65710594321062,0.900355871886121,0.9519572953736655,0.15431013729991733,0.24373194804017045,0.0,0,0.0,562,0,70
P1,10,P1_K10,29,2,4.372242919921449,3.125657913933182,8.09419458873947,9.357419705587574,0.8951890034364262,0.9553264604810997,0.15854508642729834,0.24178961055127712,0.0,0,0.0,582,0,71
P1,15,P1_K15,0,2,2.8979037169911126,2.3608289916523972,4.887702374980422,5.509611888263841,0.9913494809688581,0.9982698961937716,0.09960583143647724,0.15110266520323687,0.0,0,0.0,578,0,42
P1,15,P1_K15,1,2,2.9060172424176094,2.297043129051417,4.777429979779981,5.686388181378265,0.9906542056074766,0.9981308411214953,0.09335025065924407,0.13469907955409882,0.0,0,0.0,535,0,43
P1,15,P1_K15,2,2,2.909869218494762,2.3608289916515446,5.003865106022773,5.7942516405130355,0.9929203539823008,1.0,0.10042333972789767,0.14843534242241532,0.0,0,0.0,565,0,44
P1,15,P1_K15,3,2,2.990069884011238,2.3608289916523972,5.021387730970389,5.8314612287256296,0.993322203672788,0.998330550918197,0.10514477584793971,0.18974676150213035,0.0,0,0.0,599,0,45
P1,15,P1_K15,4,2,2.8486573840688783,2.2902169731122513,4.777429979780834,5.621823823340033,0.9930675909878682,0.9982668977469671,0.09945289676737021,0.16622765599394387,0.0,0,0.0,577,0,46
P1,15,P1_K15,5,2,2.921801972471206,2.309756537477483,5.1095510239380175,5.888890414188538,0.9945155393053017,0.9981718464351006,0.09411880376804921,0.1418328034998792,0.0,0,0.0,547,0,47
P1,15,P1_K15,6,2,2.931447849295194,2.3034403922083335,5.021387730970517,5.725665277164467,0.9945054945054945,1.0,0.09625046812605759,0.16385976289867912,0.0,0,0.0,546,0,48
P1,15,P1_K15,7,2,3.0309227745907545,2.303440392208813,5.1095510239380815,6.027498511247984,0.9878048780487805,0.9982578397212544,0.10398676464011816,0.16536440748434655,0.0,0,0.0,574,0,49
P1,15,P1_K15,8,2,2.9715860337929394,2.303440392208813,5.022147310701939,6.0274985112476855,0.991304347826087,0.9947826086956522,0.10246801393382367,0.16131131972433246,0.0,0,0.0,575,0,50
P1,15,P1_K15,9,2,2.965635060224561,2.3608289916523972,5.021387730970304,5.725665277164467,0.9933444259567388,0.9983361064891847,0.10698033847810108,0.15272238119486362,0.0,0,0.0,601,0,51
P1,15,P1_K15,10,2,2.955308151079073,2.303440392208813,5.1095510239380815,5.774132966970082,0.9934102141680395,1.0,0.1067024566372868,0.18127795096079474,0.0,0,0.0,607,0,52
P1,15,P1_K15,11,2,3.060900035880732,2.4384746557102943,5.290793164495111,5.860565003926353,0.9914821124361158,1.0,0.10473311411427849,0.18145500587413282,0.0,0,0.0,587,0,53
P1,15,P1_K15,12,2,2.984363355409335,2.3608289916515446,5.190882024795144,5.853143506928859,0.9888682745825603,1.0,0.09460278852494435,0.14713607087522904,0.0,0,0.0,539,0,54
P1,15,P1_K15,13,2,2.9638123469741493,2.3608289916523972,5.021387730970602,5.856235797343928,0.9930313588850174,0.9965156794425087,0.10016281285599905,0.15596915032392575,0.0,0,0.0,574,0,55
P1,15,P1_K15,14,2,2.9494652253665854,2.309756537477483,5.09452401344663,5.880149815116625,0.9964850615114236,1.0,0.10125444736723657,0.1671781312807473,0.0,0,0.0,569,0,56
P1,15,P1_K15,15,2,2.9253368947445963,2.3608289916523972,4.894436696330331,5.7596670884107635,0.9982547993019197,1.0,0.09787125622765533,0.15445078197625423,0.0,0,0.0,573,0,57
P1,15,P1_K15,16,2,2.9478899825893032,2.30975653747695,5.080906198992011,5.834742681095492,0.9874776386404294,0.9946332737030411,0.09795650345714466,0.13770553675918146,0.0,0,0.0,559,0,58
P1,15,P1_K15,17,2,2.9402336959112376,2.297043129051417,4.909784030456837,5.996329432877302,0.9913494809688581,0.9982698961937716,0.10028492530374297,0.15313310309959505,0.0,0,0.0,578,0,59
P1,15,P1_K15,18,2,2.9206068130902976,2.2902169731122513,5.094524013446971,6.027498511247131,0.9853658536585366,0.991869918699187,0.10928112312201223,0.16998641580818777,0.0,0,0.0,615,0,60
P1,15,P1_K15,19,2,3.041014924335419,2.3608289916515446,5.184641243944839,6.140167999264334,0.9862542955326461,0.9965635738831615,0.10016452139407364,0.15120971550722587,0.0,0,0.0,582,0,61
P1,15,P1_K15,20,2,2.9494012366190128,2.3608289916523972,4.997761636505164,5.7082991347037035,0.9931506849315068,0.9948630136986302,0.10128131657139965,0.1519913022843546,0.0,0,0.0,584,0,62
P1,15,P1_K15,21,2,2.9208626530593635,2.309756537477483,4.802992411669693,5.578809079370493,0.989247311827957,1.0,0.09841836379757905,0.1531918187997748,0.0,0,0.0,558,0,63
P1,15,P1_K15,22,2,3.0518056545629224,2.3608289916515446,5.351275728693281,6.140851316491862,0.9895104895104895,0.9965034965034965,0.10308406215183025,0.16840748144412163,0.0,0,0.0,572,0,64
P1,15,P1_K15,23,2,3.016859557787533,2.3608289916523972,5.1095510239380815,5.884592158945331,0.9913793103448276,0.996551724137931,0.10542809037586895,0.16213965444370468,0.0,0,0.0,580,0,65
P1,15,P1_K15,24,2,2.9610621964485913,2.3759096786631417,5.098921644849213,5.7646297783960545,0.9915682967959528,0.9983136593591906,0.10447402304980606,0.16746875964946836,0.0,0,0.0,593,0,66
P1,15,P1_K15,25,2,2.980482078934334,2.3608289916515446,5.1042363343937325,5.916685238301795,0.9932885906040269,1.0,0.1055898932733204,0.1518328697437768,0.0,0,0.0,596,0,67
P1,15,P1_K15,26,2,2.9787768801097934,2.3608289916515446,5.101047520667124,6.004639250525671,0.9913644214162349,0.998272884283247,0.10219274982153956,0.15496533862956086,0.0,0,0.0,579,0,68
P1,15,P1_K15,27,2,2.9228911859376505,2.292637305788503,5.094524013446971,5.83146122872548,0.990990990990991,0.9963963963963964,0.0946139094207705,0.16204710794043176,0.0,0,0.0,555,0,69
P1,15,P1_K15,28,2,2.9535683964539743,2.292637305788503,5.02138773097073,6.027498511247131,0.994661921708185,0.998220640569395,0.09780737433254312,0.14570238421278814,0.0,0,0.0,562,0,70
P1,15,P1_K15,29,2,2.8743500437400895,2.303440392208813,4.616382084134584,5.685324296890591,0.9948453608247423,0.9982817869415808,0.09993102551543731,0.1544537143638371,0.0,0,0.0,582,0,71
P1,20,P1_K20,0,2,2.5702551700188883,2.239794818735561,3.899683992234202,4.777429979780109,0.9965397923875432,1.0,0.07376498439010622,0.13339685105575128,0.0,0,0.0,578,0,42
P1,20,P1_K20,1,2,2.5800943217542347,2.229924732219253,3.8996839922350546,4.576830360718238,0.9962616822429906,1.0,0.06914776357699802,0.1285284649704123,0.0,0,0.0,535,0,43
P1,20,P1_K20,2,2,2.6510022126516026,2.290216973111825,4.049112206496375,4.971183830232091,0.9964601769911504,1.0,0.07459200946704733,0.1283814557648497,0.0,0,0.0,565,0,44
P1,20,P1_K20,3,2,2.623824950949695,2.2393779790519375,3.9989199396492836,5.098921644848808,0.998330550918197,0.998330550918197,0.07777038389536017,0.17863934984022284,0.0,0,0.0,599,0,45
P1,20,P1_K20,4,2,2.594902223786793,2.174797114564342,3.8996839922350546,4.935333686034042,0.9948006932409013,0.9982668977469671,0.0738633991257124,0.13412960174610664,0.0,0,0.0,577,0,46
P1,20,P1_K20,5,2,2.5719664699837947,2.2309325535891844,3.9909607630051482,4.910231311983295,0.9981718464351006,1.0,0.0696398963783156,0.12224484141034882,0.0,0,0.0,547,0,47
P1,20,P1_K20,6,2,2.5605744088962927,2.2185390586118103,3.8996839922350546,4.894436696330331,0.9981684981684982,1.0,0.07118340219346284,0.14254070842244126,0.0,0,0.0,546,0,48
P1,20,P1_K20,7,2,2.7018544553018606,2.239377979052364,4.421181954049229,5.415078537562231,0.9930313588850174,0.9982578397212544,0.07705314284877993,0.13188937865692066,0.0,0,0.0,574,0,49
P1,20,P1_K20,8,2,2.642868147402826,2.2393779790519375,3.9989199396492836,5.1095510239380815,0.9930434782608696,0.9965217391304347,0.0759134470343245,0.15423003648230876,0.0,0,0.0,575,0,50
P1,20,P1_K20,9,2,2.615780997404854,2.2883064046834534,3.8996839922350546,4.894436696330331,0.9983361064891847,0.9983361064891847,0.07919228614153888,0.14837365433177008,0.0,0,0.0,601,0,51
P1,20,P1_K20,10,2,2.5819376680826926,2.23937797905279,3.9796229138392767,5.109551023938044,0.9967105263157895,1.0,0.07904074010190996,0.1386942599905052,0.0,0,0.0,608,0,52
P1,20,P1_K20,11,2,2.7095780972555206,2.2902169731122513,4.050095804546743,5.225979823502485,0.9982964224872232,1.0,0.07752688926639835,0.12455643071477777,0.0,0,0.0,587,0,53
P1,20,P1_K20,12,2,2.5694651915005546,2.182203716683375,3.861775172045952,4.7891306514357375,0.9944341372912802,1.0,0.06984281505270211,0.1431443228964786,0.0,0,0.0,539,0,54
P1,20,P1_K20,13,2,2.6621672210482674,2.2892616888980655,3.9906586909659154,5.010891120851145,0.9947735191637631,0.9965156794425087,0.07426325893623811,0.14899497272668416,0.0,0,0.0,574,0,55
P1,20,P1_K20,14,2,2.6146142642353922,2.229924732218933,4.0089583930186,4.945594476752007,1.0,1.0,0.07499574526310775,0.15924061368415657,0.0,0,0.0,569,0,56
P1,20,P1_K20,15,2,2.6449366134086514,2.288306404684306,3.9910312499602583,5.103173396484351,1.0,1.0,0.07260647113301583,0.12118797732003303,0.0,0,0.0,573,0,57
P1,20,P1_K20,16,2,2.637468979557701,2.2393779790519375,3.991165422498341,5.1095510239380815,0.9928443649373881,0.998211091234347,0.07260663681560323,0.11883365561248482,0.0,0,0.0,559,0,58
P1,20,P1_K20,17,2,2.6568545658353377,2.239794818735561,4.049112206496375,4.99286700566379,0.9948096885813149,1.0,0.07440122801955389,0.13789385633938325,0.0,0,0.0,578,0,59
P1,20,P1_K20,18,2,2.625193748335042,2.182203716683375,3.9544077625239447,5.098921644848936,0.9886178861788618,0.9934959349593496,0.08105965665289565,0.15718083806479563,0.0,0,0.0,615,0,60
P1,20,P1_K20,19,2,2.706906008550725,2.2346513556358616,4.339407559808647,5.7249121867909585,0.993127147766323,0.9982817869415808,0.07415885042558155,0.14330885909363963,0.0,0,0.0,582,0,61
P1,20,P1_K20,20,2,2.604138025824167,2.2883064046834534,3.8996839922350546,4.766235449404407,0.9982876712328768,1.0,0.07496082019092976,0.13260008698939527,0.0,0,0.0,584,0,62
P1,20,P1_K20,21,2,2.6483934578161814,2.2640506117099335,4.013977619703468,5.100516051712145,0.9946236559139785,1.0,0.07305961703992186,0.12629624984820495,0.0,0,0.0,558,0,63
P1,20,P1_K20,22,2,2.661263161093198,2.2393779790519375,4.264688162250391,5.132047940963414,0.9965034965034965,0.9982517482517482,0.07620495977724231,0.13958753859867923,0.0,0,0.0,572,0,64
P1,20,P1_K20,23,2,2.701884342202165,2.290216973111878,4.224408604437885,5.312854525956756,0.993103448275862,0.9982758620689656,0.07816488908626922,0.1448480219751551,0.0,0,0.0,580,0,65
P1,20,P1_K20,24,2,2.6385914752162374,2.2883064046834534,3.9910312499594056,5.10317339648482,0.9949409780775716,1.0,0.07740697989801534,0.133598005614849,0.0,0,0.0,593,0,66
P1,20,P1_K20,25,2,2.6680220502853795,2.2397948187364136,4.273661695829105,5.109551023938295,0.9966442953020134,1.0,0.0782686789972781,0.12784455069197997,0.0,0,0.0,596,0,67
P1,20,P1_K20,26,2,2.678697025030508,2.239794818735348,4.193763102081623,5.250471455030663,0.9930915371329879,0.998272884283247,0.07578272587760852,0.1359850190242077,0.0,0,0.0,579,0,68
P1,20,P1_K20,27,2,2.558512105172617,2.229924732218933,3.8083808364595484,4.845939845226693,0.9963963963963964,0.9981981981981982,0.06995730513192414,0.1217936810642451,0.0,0,0.0,555,0,69
P1,20,P1_K20,28,2,2.6327021489128573,2.2393779790519375,4.049112206496311,4.992102713810628,0.998220640569395,0.998220640569395,0.0724610524204485,0.13853070423997502,0.0,0,0.0,562,0,70
P1,20,P1_K20,29,2,2.706920075213241,2.2902169731122513,4.049112206496375,5.097882622110686,0.9946714031971581,0.9964476021314387,0.07175000939043895,0.13916241353910355,0.0,0,0.0,563,0,71
P1,25,P1_K25,0,2,2.446893362175684,2.2309325535891844,3.499444600819288,3.907578446082168,0.9965397923875432,1.0,0.058729038603619214,0.1265074592055647,0.0,0,0.0,578,0,42
P1,25,P1_K25,1,2,2.429183041428636,2.1747971145651945,3.366420882849468,3.899683992234266,0.9981308411214953,1.0,0.05499782381805002,0.11175764750899807,0.0,0,0.0,535,0,43
P1,25,P1_K25,2,2,2.48600682994512,2.239794818735561,3.4731786521542474,4.0375030638840075,0.9964601769911504,1.0,0.05930367744971261,0.12472939017186183,0.0,0,0.0,565,0,44
P1,25,P1_K25,3,2,2.483704996786219,2.2299247322197857,3.499444600819288,3.9910664934376427,0.998330550918197,0.998330550918197,0.06188324420936782,0.17934149176608588,0.0,0,0.0,599,0,45
P1,25,P1_K25,4,2,2.430269333808039,2.1747971145639156,3.374236358593549,3.8996839922350546,0.9948006932409013,0.9982668977469671,0.05871376224692812,0.13412960174610664,0.0,0,0.0,577,0,46
P1,25,P1_K25,5,2,2.3735260716468427,2.1775238837466304,3.166203834016983,3.8206906521189397,0.9981718464351006,1.0,0.055281175444357566,0.12224484141034882,0.0,0,0.0,547,0,47
P1,25,P1_K25,6,2,2.4341297340167243,2.177523883746204,3.3758911671470315,3.8996839922350546,0.9981684981684982,1.0,0.05667275829253121,0.13301167937483424,0.0,0,0.0,546,0,48
P1,25,P1_K25,7,2,2.478134395260331,2.1946785508444577,3.499444600819224,4.197669179661148,0.9965156794425087,0.9982578397212544,0.06113292969781822,0.12204892282976235,0.0,0,0.0,574,0,49
P1,25,P1_K25,8,2,2.452848039654695,2.2071533850055403,3.367617124380569,3.991066493436886,0.9947826086956522,0.9982608695652174,0.06029718000065337,0.15205178555097398,0.0,0,0.0,575,0,50
P1,25,P1_K25,9,2,2.490432396870233,2.2299247322197857,3.5622654354860117,4.197669179661148,0.9983361064891847,0.9983361064891847,0.06305488244925767,0.14837365433177008,0.0,0,0.0,601,0,51
P1,25,P1_K25,10,2,2.4393502716245905,2.2309325535883318,3.4994446008189097,4.181504412748288,0.9983552631578947,1.0,0.06288857169642269,0.1386942599905052,0.0,0,0.0,608,0,52
P1,25,P1_K25,11,2,2.558646219756376,2.2883064046834534,3.737764133396297,4.197669179661148,0.9982964224872232,1.0,0.06166993596830916,0.11763455115020911,0.0,0,0.0,587,0,53
P1,25,P1_K25,12,2,2.418464559394407,2.1747971145651945,3.3676171243805073,3.8734238407012347,0.9981447124304267,1.0,0.05555127846793466,0.1461611596911971,0.0,0,0.0,539,0,54
P1,25,P1_K25,13,2,2.5257407797007825,2.2883064046836665,3.642262072306721,4.2922563431865575,0.9965156794425087,0.9965156794425087,0.05909985803258788,0.14881618944748848,0.0,0,0.0,574,0,55
P1,25,P1_K25,14,2,2.4645922698406753,2.1747971145641287,3.5712169881341267,4.1976691796609344,1.0,1.0,0.059657856072348914,0.1551384953252152,0.0,0,0.0,569,0,56
P1,25,P1_K25,15,2,2.4838531918783286,2.2393779790519375,3.6422620723058685,4.1045137515013135,1.0,1.0,0.057718903888409195,0.11460168290412814,0.0,0,0.0,573,0,57
P1,25,P1_K25,16,2,2.4916998660834184,2.2309325535883318,3.642262072305911,4.063967903812813,0.9964221824686941,0.998211091234347,0.05776195653806938,0.11883365561248482,0.0,0,0.0,559,0,58
P1,25,P1_K25,17,2,2.4510965561641616,2.235155266320561,3.38416520991359,3.9133913674153606,0.9982698961937716,1.0,0.05904904539346081,0.13374417136037578,0.0,0,0.0,578,0,59
P1,25,P1_K25,18,2,2.462932117238883,2.1747971145641287,3.3770674790879416,4.001515817803165,0.9902439024390244,0.9934959349593496,0.06445172967499851,0.15453316601636566,0.0,0,0.0,615,0,60
P1,25,P1_K25,19,2,2.5156343563697043,2.1822037166828423,3.642262072306636,4.197669179661126,0.9948453608247423,0.9982817869415808,0.058885333905666214,0.13594929648688092,0.0,0,0.0,582,0,61
P1,25,P1_K25,20,2,2.467253273975623,2.2393779790519375,3.3792007842537837,3.8996839922350546,0.9982876712328768,1.0,0.05965143117226941,0.1310725635026866,0.0,0,0.0,584,0,62
P1,25,P1_K25,21,2,2.507768025269463,2.23937797905279,3.5862644265319696,4.4001455456988054,0.996415770609319,1.0,0.05813630874558406,0.10710461012216113,0.0,0,0.0,558,0,63
P1,25,P1_K25,22,2,2.4356622012772235,2.182203716683162,3.499444600819288,3.9623958616646022,0.9982517482517482,0.9982517482517482,0.06045188945268775,0.13958753859867923,0.0,0,0.0,572,0,64
P1,25,P1_K25,23,2,2.539787921033055,2.2640506117099335,3.7367936703850546,4.349991609798054,0.996551724137931,0.9982758620689656,0.06215883220441982,0.14568473201582144,0.0,0,0.0,580,0,65
P1,25,P1_K25,24,2,2.4304279128230855,2.2299247322197857,3.367377876074613,3.8996839922350546,0.9983136593591906,1.0,0.061435738710082344,0.13388118715978797,0.0,0,0.0,593,0,66
P1,25,P1_K25,25,2,2.492400020245697,2.2393779790519375,3.642262072306721,4.324862700845031,0.9983221476510067,1.0,0.06219958315852228,0.12410779481089189,0.0,0,0.0,596,0,67
P1,25,P1_K25,26,2,2.5249792915375244,2.2299247322197857,3.578264762850498,4.70624010110791,0.9948186528497409,0.998272884283247,0.06027299590965649,0.1359850190242077,0.0,0,0.0,579,0,68
P1,25,P1_K25,27,2,2.448847208220741,2.182203716683375,3.3770674790879416,4.039191784808189,0.9963963963963964,0.9981981981981982,0.055724320225347686,0.11893390492775868,0.0,0,0.0,555,0,69
P1,25,P1_K25,28,2,2.499380554208739,2.2299247322197857,3.499444600819288,4.141828927635185,0.998220640569395,0.998220640569395,0.05767151361801073,0.13116140582131464,0.0,0,0.0,562,0,70
P1,25,P1_K25,29,2,2.528083931243754,2.2883064046834534,3.530405170413474,4.197669179661148,0.9964476021314387,0.9964476021314387,0.05700046485737173,0.13184033735446074,0.0,0,0.0,563,0,71
P1,30,P1_K30,0,2,2.3757256536345626,2.2309325535883318,3.1837180324490117,3.642262072306721,0.9965397923875432,1.0,0.048804837277034635,0.1265074592055647,0.0,0,0.0,578,0,42
P1,30,P1_K30,1,2,2.3809421749852056,2.174797114564342,3.166203834016983,3.642262072306721,0.9981308411214953,1.0,0.04574617307738546,0.11175764750899807,0.0,0,0.0,535,0,43
P1,30,P1_K30,2,2,2.384846305051177,2.2309325535883318,3.1662038340158105,3.499444600819203,0.9964601769911504,1.0,0.04923072427500826,0.12472939017186183,0.0,0,0.0,565,0,44
P1,30,P1_K30,3,2,2.4122688940274477,2.182203716683375,3.166203834016983,3.739705059418835,0.998330550918197,0.998330550918197,0.05142786810584718,0.17934149176608588,0.0,0,0.0,599,0,45
P1,30,P1_K30,4,2,2.387267546208533,2.169533660174352,3.2585541959193165,3.642262072306721,0.9948006932409013,0.9982668977469671,0.04884608483723865,0.13412960174610664,0.0,0,0.0,577,0,46
P1,30,P1_K30,5,2,2.3265132914017954,2.1775238837466304,2.9897541325537995,3.49944460081916,0.9981718464351006,1.0,0.04598260655153461,0.12224484141034882,0.0,0,0.0,547,0,47
P1,30,P1_K30,6,2,2.358301871150211,2.1749328488078135,3.1662038340161303,3.6422620723065613,0.9981684981684982,1.0,0.0470903871580448,0.13249748090102542,0.0,0,0.0,546,0,48
P1,30,P1_K30,7,2,2.380557908021591,2.176296233399171,3.1662038340161303,3.642262072306721,0.9965156794425087,0.9982578397212544,0.05075889345296017,0.12204892282976235,0.0,0,0.0,574,0,49
P1,30,P1_K30,8,2,2.3889898746959366,2.207153385004821,3.166203834016642,3.7121444982656584,0.9947826086956522,0.9982608695652174,0.05012622657180344,0.15205178555097398,0.0,0,0.0,575,0,50
P1,30,P1_K30,9,2,2.395012423336942,2.229924732219253,3.166203834016983,3.642262072306721,0.9983361064891847,0.9983361064891847,0.05235609448782878,0.14837365433177008,0.0,0,0.0,601,0,51
P1,30,P1_K30,10,2,2.33863679979123,2.2185390586122367,3.166203834015704,3.6422620723064227,0.9983552631578947,1.0,0.052204650385660835,0.1386942599905052,0.0,0,0.0,608,0,52
P1,30,P1_K30,11,2,2.463990800850839,2.2397948187351346,3.366420882849468,3.7877781033480127,0.9982964224872232,1.0,0.051207874117448274,0.11763455115020911,0.0,0,0.0,587,0,53
P1,30,P1_K30,12,2,2.3592698533179832,2.1747971145639156,3.166203834016983,3.64226207230589,0.9981447124304267,1.0,0.04618722297402229,0.1461611596911971,0.0,0,0.0,539,0,54
P1,30,P1_K30,13,2,2.462495650541971,2.2691265755025825,3.3664208828490416,3.7397050594188457,0.9965156794425087,0.9965156794425087,0.049129833069031036,0.1459429099052245,0.0,0,0.0,574,0,55
P1,30,P1_K30,14,2,2.3645384792399367,2.169533660174352,3.166203834016983,3.642262072306721,1.0,1.0,0.049526617471495046,0.153375680706374,0.0,0,0.0,569,0,56
P1,30,P1_K30,15,2,2.4062272976163386,2.2393779790519375,3.3664208828486153,3.642262072306721,1.0,1.0,0.04795199782561839,0.10846192305825653,0.0,0,0.0,573,0,57
P1,30,P1_K30,16,2,2.3937217959386055,2.229924732219253,3.166203834016983,3.642262072306721,0.998211091234347,0.998211091234347,0.04795384691264063,0.11906307583993858,0.0,0,0.0,559,0,58
P1,30,P1_K30,17,2,2.381374474472639,2.2299247322195725,3.295543891609541,3.642262072306721,0.9982698961937716,1.0,0.04907427273787839,0.13218447333415803,0.0,0,0.0,578,0,59
P1,30,P1_K30,18,2,2.3944769947697497,2.169533660174352,3.11055095297846,3.6422620723062735,0.9902439024390244,0.9934959349593496,0.05357055548208038,0.15453316601636566,0.0,0,0.0,615,0,60
P1,30,P1_K30,19,2,2.4131877279121516,2.176296233398851,3.3664208828486153,3.642262072306721,0.9948453608247423,0.9982817869415808,0.048873942481698386,0.13594929648688092,0.0,0,0.0,582,0,61
P1,30,P1_K30,20,2,2.3682421986676587,2.2299247322197857,3.166203834016983,3.499444600819288,1.0,1.0,0.049518314111878424,0.1310725635026866,0.0,0,0.0,584,0,62
P1,30,P1_K30,21,2,2.391886472368889,2.2299247322195725,3.290105482822129,3.642262072306721,0.996415770609319,1.0,0.0482330948987059,0.10710461012216113,0.0,0,0.0,558,0,63
P1,30,P1_K30,22,2,2.341042878741925,2.1750685830517114,3.1662038340161303,3.499444600819288,0.9982517482517482,0.9982517482517482,0.05019759884122724,0.13958753859867923,0.0,0,0.0,572,0,64
P1,30,P1_K30,23,2,2.4495531168174223,2.2395863988939624,3.3664208828490416,3.8963913498748717,0.996551724137931,0.9982758620689656,0.05162595743739658,0.14568473201582144,0.0,0,0.0,580,0,65
P1,30,P1_K30,24,2,2.3503789311410603,2.2071533850055403,3.0270716314225865,3.642262072305954,0.9983136593591906,1.0,0.0510394745661485,0.13388118715978797,0.0,0,0.0,593,0,66
P1,30,P1_K30,25,2,2.382337644329163,2.2309325535891844,3.1662038340165566,3.666622819084715,0.9983221476510067,1.0,0.05161606408697539,0.12410779481089189,0.0,0,0.0,596,0,67
P1,30,P1_K30,26,2,2.452121978075475,2.2071533850046876,3.3664208828490416,3.8996839922350546,0.9948186528497409,0.998272884283247,0.050087997965406424,0.1359850190242077,0.0,0,0.0,579,0,68
P1,30,P1_K30,27,2,2.38537852554021,2.1775238837466304,3.1662038340161303,3.642262072306721,0.9963963963963964,0.9981981981981982,0.04632044833961613,0.11893390492775868,0.0,0,0.0,555,0,69
P1,30,P1_K30,28,2,2.418020720213249,2.2071533850046876,3.2585541959193165,3.642262072306721,0.998220640569395,0.998220640569395,0.0479083902282845,0.13221882443414948,0.0,0,0.0,562,0,70
P1,30,P1_K30,29,2,2.440692316351281,2.2499467463217115,3.3440264503547326,3.642262072306721,0.9964476021314387,0.9964476021314387,0.047337684076961685,0.13184033735446074,0.0,0,0.0,563,0,71
P1,35,P1_K35,0,2,2.3348740754794544,2.2299247322197857,3.157943969500252,3.499444600819107,0.9982698961937716,1.0,0.041765789626988715,0.1265074592055647,0.0,0,0.0,578,0,42
P1,35,P1_K35,1,2,2.345716122897838,2.1747971145641287,3.166203834015768,3.38416520991359,0.9981308411214953,1.0,0.03915758730366956,0.11175764750899807,0.0,0,0.0,535,0,43
P1,35,P1_K35,2,2,2.3134163238086574,2.2299247322197857,2.9945197218542607,3.3664208828493827,1.0,1.0,0.0420833704120195,0.12165397906294202,0.0,0,0.0,565,0,44
P1,35,P1_K35,3,2,2.347417761437501,2.182203716682949,3.157943969500252,3.3891266618379645,0.998330550918197,0.998330550918197,0.043970922581595275,0.17934149176608588,0.0,0,0.0,599,0,45
P1,35,P1_K35,4,2,2.335446177079491,2.169533660174352,3.1662038340158105,3.5258841299554913,0.9965337954939342,0.9982668977469671,0.04178331951472084,0.13376004994867038,0.0,0,0.0,577,0,46
P1,35,P1_K35,5,2,2.3028448024111454,2.1750685830517114,2.980222953951852,3.3664208828489137,0.9981718464351006,1.0,0.03937696586651413,0.12224484141034882,0.0,0,0.0,547,0,47
P1,35,P1_K35,6,2,2.318428567699881,2.172165387369134,3.096637732719145,3.475594504838888,0.9981684981684982,1.0,0.0403014803086986,0.12454003399798046,0.0,0,0.0,546,0,48
P1,35,P1_K35,7,2,2.3184638849443004,2.174797114564022,3.1579439694999003,3.4994446008188618,1.0,1.0,0.04340659696975281,0.12302650960170809,0.0,0,0.0,574,0,49
P1,35,P1_K35,8,2,2.3445093971972453,2.182203716683375,3.105595034268933,3.4925063146260693,0.9965217391304347,0.9982608695652174,0.0428928419522438,0.15205178555097398,0.0,0,0.0,575,0,50
P1,35,P1_K35,9,2,2.3632975560123817,2.229924732219253,3.1662038340161303,3.499444600819288,0.9983361064891847,0.9983361064891847,0.044822625674198875,0.14837365433177008,0.0,0,0.0,601,0,51
P1,35,P1_K35,10,2,2.3169012580609443,2.2071533850055403,3.0394135561865623,3.4994446008188618,0.9983552631578947,1.0,0.04470938511125801,0.1386942599905052,0.0,0,0.0,608,0,52
P1,35,P1_K35,11,2,2.410475506217059,2.239377979052044,3.166203834016983,3.642262072306721,0.9982964224872232,1.0,0.04380342305886148,0.11523479250727248,0.0,0,0.0,587,0,53
P1,35,P1_K35,12,2,2.3166949818198144,2.1747971145639156,3.166203834015704,3.4905239471414826,1.0,1.0,0.039524003320881025,0.14218131529081215,0.0,0,0.0,539,0,54
P1,35,P1_K35,13,2,2.3866685059088457,2.239794818735561,3.1662038340161303,3.6316422465000713,0.9965156794425087,0.9965156794425087,0.04198791592702826,0.13225543464053488,0.0,0,0.0,574,0,55
P1,35,P1_K35,14,2,2.3080585607256596,2.169533660174352,3.1595959424033424,3.489532763400234,1.0,1.0,0.04236029492558242,0.1496790853793113,0.0,0,0.0,569,0,56
P1,35,P1_K35,15,2,2.362946303008499,2.2309325535891844,3.256583020918556,3.6422620723058685,1.0,1.0,0.04103141760928772,0.10846192305825653,0.0,0,0.0,573,0,57
P1,35,P1_K35,16,2,2.366369975376923,2.229924732219253,3.1595959424033424,3.4994446008189044,0.998211091234347,0.998211091234347,0.04105995929333489,0.11906307583993858,0.0,0,0.0,559,0,58
P1,35,P1_K35,17,2,2.348718042708139,2.2299247322193594,3.1662038340161303,3.4994446008188618,1.0,1.0,0.04201016059629973,0.13218447333415803,0.0,0,0.0,578,0,59
P1,35,P1_K35,18,2,2.3011210224744434,2.169533660173606,2.980222953951852,3.3664208828491695,0.9983739837398374,0.9983739837398374,0.045754881107765016,0.15369502918763706,0.0,0,0.0,615,0,60
P1,35,P1_K35,19,2,2.3449224932289563,2.1747971145641287,3.1662038340158,3.4994446008190643,0.9982817869415808,0.9982817869415808,0.04177933628083893,0.13370985235467117,0.0,0,0.0,582,0,61
P1,35,P1_K35,20,2,2.329748916024043,2.2299247322197857,3.0270716314225865,3.38416520991359,1.0,1.0,0.04238055019945627,0.12721206243617728,0.0,0,0.0,584,0,62
P1,35,P1_K35,21,2,2.3559468338627014,2.207153385005114,3.166203834016386,3.499444600819288,0.996415770609319,1.0,0.04128580946451875,0.1058356457040068,0.0,0,0.0,558,0,63
P1,35,P1_K35,22,2,2.315156250666766,2.174932848808453,3.166203834015704,3.499444600819288,1.0,1.0,0.042984542909093336,0.13958753859867923,0.0,0,0.0,572,0,64
P1,35,P1_K35,23,2,2.384354211260534,2.235155266320561,3.166203834015832,3.642262072306721,0.9982758620689656,0.9982758620689656,0.044143634251263414,0.1430773896485688,0.0,0,0.0,580,0,65
P1,35,P1_K35,24,2,2.3126929845238373,2.2071533850046876,2.980222953951852,3.373518613675031,1.0,1.0,0.04368477704778711,0.13388118715978797,0.0,0,0.0,593,0,66
P1,35,P1_K35,25,2,2.329359488480375,2.2304286429040587,3.092507800461206,3.492010722755019,0.9983221476510067,1.0,0.044152842400837534,0.1233551117297093,0.0,0,0.0,596,0,67
P1,35,P1_K35,26,2,2.3440821623868593,2.177523883745991,3.159595942403343,3.499444600819288,0.998272884283247,1.0,0.04275525944290023,0.13296559439732347,0.0,0,0.0,579,0,68
P1,35,P1_K35,27,2,2.32484825853995,2.177523883745991,3.0270716314225865,3.499444600819139,1.0,1.0,0.039608019500325324,0.11539548012593025,0.0,0,0.0,555,0,69
P1,35,P1_K35,28,2,2.379315718027085,2.182203716683375,3.1662038340161303,3.6422620723058685,0.998220640569395,0.998220640569395,0.041002678553867945,0.12349541649478038,0.0,0,0.0,562,0,70
P1,35,P1_K35,29,2,2.37709939109252,2.239794818735561,3.166203834015789,3.487916661728332,0.9982238010657194,0.9982238010657194,0.04047367587288132,0.1258287989584231,0.0,0,0.0,563,0,71
P1,40,P1_K40,0,2,2.33173971494069,2.2299247322195193,3.1579439694999536,3.4994446008188937,0.9982698961937716,1.0,0.0365405727182793,0.1265074592055647,0.0,0,0.0,578,0,42
P1,40,P1_K40,1,2,2.339017984447532,2.1747971145641287,3.162899888209523,3.3841652099132915,0.9981308411214953,1.0,0.03425400123180483,0.11175764750899807,0.0,0,0.0,535,0,43
P1,40,P1_K40,2,2,2.2955528058309955,2.182203716683375,2.9654618299329627,3.3664208828486153,1.0,1.0,0.0367979171470811,0.12165397906294202,0.0,0,0.0,565,0,44
P1,40,P1_K40,3,2,2.3351325242053997,2.175068583051285,3.0270716314225865,3.3681953155558593,0.998330550918197,0.998330550918197,0.03845630612521027,0.17934149176608588,0.0,0,0.0,599,0,45
P1,40,P1_K40,4,2,2.322848692797186,2.1695336601734994,3.166203834015704,3.499444600819288,0.9965337954939342,0.9982668977469671,0.03654237692550254,0.13376004994867038,0.0,0,0.0,577,0,46
P1,40,P1_K40,5,2,2.294930965045481,2.175068583051498,2.9802229539515963,3.2585541959199134,0.9981718464351006,1.0,0.034444108850861035,0.12224484141034882,0.0,0,0.0,547,0,47
P1,40,P1_K40,6,2,2.29610070777333,2.169533660174352,2.980222953951639,3.3664208828490416,0.9981684981684982,1.0,0.035233559626460735,0.12396886769142139,0.0,0,0.0,546,0,48
P1,40,P1_K40,7,2,2.3009054429137406,2.169533660173979,3.0130170281807716,3.3726313973214848,1.0,1.0,0.0379557759553652,0.12302650960170809,0.0,0,0.0,574,0,49
P1,40,P1_K40,8,2,2.3210104429605685,2.1775238837466304,2.980222953951852,3.3664208828490416,0.9965217391304347,0.9982608695652174,0.037497725054726,0.15205178555097398,0.0,0,0.0,575,0,50
P1,40,P1_K40,9,2,2.348712133501521,2.182203716683375,3.166203834015704,3.437359103595554,0.9983361064891847,0.9983361064891847,0.03919805679297703,0.14837365433177008,0.0,0,0.0,601,0,51
P1,40,P1_K40,10,2,2.304694049121426,2.1775238837466304,3.027071631421734,3.459096814002014,0.9983552631578947,1.0,0.039102304276330845,0.1386942599905052,0.0,0,0.0,608,0,52
P1,40,P1_K40,11,2,2.3881500086583234,2.2393779790519375,3.166203834015704,3.642262072306721,0.9982964224872232,1.0,0.038295492530008315,0.11523479250727248,0.0,0,0.0,587,0,53
P1,40,P1_K40,12,2,2.3023084538090712,2.1695336601734994,3.027071631421734,3.38416520991359,1.0,1.0,0.03456427091520098,0.14218131529081215,0.0,0,0.0,539,0,54
P1,40,P1_K40,13,2,2.38271059577007,2.239794818735561,3.1662038340161303,3.6316422465000713,0.9965156794425087,0.9965156794425087,0.0367337919112994,0.13225543464053488,0.0,0,0.0,574,0,55
P1,40,P1_K40,14,2,2.299654421990592,2.169533660173606,3.1579439694998257,3.4473857420054252,1.0,1.0,0.03705339805259232,0.1496790853793113,0.0,0,0.0,569,0,56
P1,40,P1_K40,15,2,2.353289371986538,2.230932553588758,3.23219942353615,3.635890176822556,1.0,1.0,0.035888766644546446,0.10846192305825653,0.0,0,0.0,573,0,57
P1,40,P1_K40,16,2,2.34905182808709,2.229924732218933,3.0270716314219044,3.490523947141867,0.998211091234347,0.998211091234347,0.03590345435107523,0.11906307583993858,0.0,0,0.0,559,0,58
P1,40,P1_K40,17,2,2.3325986437492405,2.2185390586123965,3.166203834015704,3.38416520991359,1.0,1.0,0.03673578285162773,0.13218447333415803,0.0,0,0.0,578,0,59
P1,40,P1_K40,18,2,2.299466365572269,2.169533660173606,2.9802229539516816,3.3664208828491695,0.9983739837398374,0.9983739837398374,0.040032997125061164,0.15369502918763706,0.0,0,0.0,615,0,60
P1,40,P1_K40,19,2,2.3449224932289563,2.1747971145641287,3.1662038340158,3.4994446008190643,0.9982817869415808,0.9982817869415808,0.03655691924573405,0.13370985235467117,0.0,0,0.0,582,0,61
P1,40,P1_K40,20,2,2.317434431646113,2.2185390586122367,3.0130170281807716,3.366420882849468,1.0,1.0,0.037065144968976824,0.12721206243617728,0.0,0,0.0,584,0,62
P1,40,P1_K40,21,2,2.3377891282427727,2.1775238837466304,3.166203834015704,3.369082531909022,0.996415770609319,1.0,0.0360999543138549,0.1058356457040068,0.0,0,0.0,558,0,63
P1,40,P1_K40,22,2,2.3056516937741494,2.1747971145651945,3.0270716314225865,3.499444600819288,1.0,1.0,0.03759799139827765,0.13958753859867923,0.0,0,0.0,572,0,64
P1,40,P1_K40,23,2,2.363225553922106,2.2309325535883318,3.0270716314225865,3.499444600819288,0.9982758620689656,0.9982758620689656,0.03859528656396192,0.1430773896485688,0.0,0,0.0,580,0,65
P1,40,P1_K40,24,2,2.303477818260788,2.1750685830517114,2.980222953951426,3.3664208828490416,1.0,1.0,0.03821062685730482,0.13388118715978797,0.0,0,0.0,593,0,66
P1,40,P1_K40,25,2,2.3244756602561143,2.2299247322193594,3.0270716314225865,3.492010722755019,0.9983221476510067,1.0,0.038626517949885475,0.1233551117297093,0.0,0,0.0,596,0,67
P1,40,P1_K40,26,2,2.328059474444201,2.175068583051498,3.0270716314225865,3.4994446008188778,0.998272884283247,1.0,0.03738784324190576,0.13296559439732347,0.0,0,0.0,579,0,68
P1,40,P1_K40,27,2,2.310678741851986,2.1750685830517114,2.980222953951852,3.3717441809687037,1.0,1.0,0.0346375128917484,0.11539548012593025,0.0,0,0.0,555,0,69
P1,40,P1_K40,28,2,2.362250361373602,2.1775238837466304,3.166203834015704,3.499444600819288,0.998220640569395,0.998220640569395,0.03585355720080693,0.12349541649478038,0.0,0,0.0,562,0,70
P1,40,P1_K40,29,2,2.3624673233352524,2.2397948187351346,3.166203834015704,3.3823907772071773,0.9982238010657194,0.9982238010657194,0.035394035202889855,0.1258287989584231,0.0,0,0.0,563,0,71
P1,45,P1_K45,0,2,2.328369952945293,2.2299247322195193,3.1579439694998257,3.4994446008188618,0.9982698961937716,1.0,0.032476215162206515,0.1265074592055647,0.0,0,0.0,578,0,42
P1,45,P1_K45,1,2,2.3384084723340677,2.1747971145641287,3.157943969500252,3.3841652099132915,0.9981308411214953,1.0,0.0304472822038867,0.11175764750899807,0.0,0,0.0,535,0,43
P1,45,P1_K45,2,2,2.288667773488757,2.182203716683375,2.9654618299326003,3.344847545462921,1.0,1.0,0.03270068375315197,0.12165397906294202,0.0,0,0.0,565,0,44
P1,45,P1_K45,3,2,2.330570489261705,2.175068583051285,3.0270716314219044,3.366420882849468,0.998330550918197,0.998330550918197,0.034177358842049185,0.17934149176608588,0.0,0,0.0,599,0,45
P1,45,P1_K45,4,2,2.320725135426933,2.1695336601734994,3.166203834015704,3.4072210880947216,0.9965337954939342,0.9982668977469671,0.03247941156031743,0.13376004994867038,0.0,0,0.0,577,0,46
P1,45,P1_K45,5,2,2.2934491295102917,2.175068583051498,2.9802229539515963,3.2585541959193165,0.9981718464351006,1.0,0.030615198687454628,0.12224484141034882,0.0,0,0.0,547,0,47
P1,45,P1_K45,6,2,2.294573261205944,2.169533660174352,2.980222953951426,3.3664208828490416,0.9981684981684982,1.0,0.03131688107487473,0.12396886769142139,0.0,0,0.0,546,0,48
P1,45,P1_K45,7,2,2.3001750295672165,2.169533660173979,3.0130170281807716,3.3726313973214848,1.0,1.0,0.033737543227386126,0.12302650960170809,0.0,0,0.0,574,0,49
P1,45,P1_K45,8,2,2.319277169806871,2.1775238837466304,2.980222953951852,3.3664208828490416,0.9965217391304347,0.9982608695652174,0.033329113999122896,0.15205178555097398,0.0,0,0.0,575,0,50
P1,45,P1_K45,9,2,2.340342451639247,2.182203716683375,3.166203834015704,3.38416520991359,0.9983361064891847,0.9983361064891847,0.03483162768987899,0.14837365433177008,0.0,0,0.0,601,0,51
P1,45,P1_K45,10,2,2.3035200035075114,2.1775238837466304,3.027071631421734,3.38416520991359,0.9983552631578947,1.0,0.034756030124522344,0.1386942599905052,0.0,0,0.0,608,0,52
P1,45,P1_K45,11,2,2.3804011112114676,2.2393779790519375,3.157943969500252,3.642262072306721,0.9982964224872232,1.0,0.034030410020498336,0.11523479250727248,0.0,0,0.0,587,0,53
P1,45,P1_K45,12,2,2.2978406190064895,2.1695336601734994,2.980222953951852,3.38416520991359,1.0,1.0,0.030718487367836066,0.14218131529081215,0.0,0,0.0,539,0,54
P1,45,P1_K45,13,2,2.3785557311232517,2.239794818735561,3.1662038340160024,3.6316422464997835,0.9965156794425087,0.9965156794425087,0.03264700177762046,0.13225543464053488,0.0,0,0.0,574,0,55
P1,45,P1_K45,14,2,2.299654421990592,2.169533660173606,3.1579439694998257,3.4473857420054252,1.0,1.0,0.03293635382452651,0.1496790853793113,0.0,0,0.0,569,0,56
P1,45,P1_K45,15,2,2.3357880691453654,2.2309325535883318,3.166203834015704,3.499444600819288,1.0,1.0,0.031879017778997196,0.10846192305825653,0.0,0,0.0,573,0,57
P1,45,P1_K45,16,2,2.3442341739279717,2.229924732218933,2.989592689445828,3.38416520991359,0.998211091234347,0.998211091234347,0.0319082445451468,0.11906307583993858,0.0,0,0.0,559,0,58
P1,45,P1_K45,17,2,2.327221831915614,2.2185390586123965,3.157943969500028,3.38416520991359,1.0,1.0,0.03264717779659715,0.13218447333415803,0.0,0,0.0,578,0,59
P1,45,P1_K45,18,2,2.299466365572269,2.169533660173606,2.9802229539516816,3.3664208828491695,0.9983739837398374,0.9983739837398374,0.035584886333387696,0.15369502918763706,0.0,0,0.0,615,0,60
P1,45,P1_K45,19,2,2.3391664980313904,2.1747971145639156,3.166203834015704,3.4994446008188618,0.9982817869415808,0.9982817869415808,0.0324876539917879,0.13370985235467117,0.0,0,0.0,582,0,61
P1,45,P1_K45,20,2,2.3117903466179963,2.2071533850055403,2.980222953951852,3.366420882849468,1.0,1.0,0.03293952889293438,0.12721206243617728,0.0,0,0.0,584,0,62
P1,45,P1_K45,21,2,2.334235844208437,2.1775238837466304,3.166203834015704,3.366420882849468,0.996415770609319,1.0,0.03208447717560655,0.1058356457040068,0.0,0,0.0,558,0,63
P1,45,P1_K45,22,2,2.3056516937741494,2.1747971145651945,3.0270716314225865,3.499444600819288,1.0,1.0,0.03342043679846903,0.13958753859867923,0.0,0,0.0,572,0,64
P1,45,P1_K45,23,2,2.357059205564425,2.2309325535883318,3.0270716314225865,3.490028355271327,0.9982758620689656,0.9982758620689656,0.03429903672958992,0.1430773896485688,0.0,0,0.0,580,0,65
P1,45,P1_K45,24,2,2.2992548594797597,2.1750685830517114,2.980222953951426,3.3664208828490416,1.0,1.0,0.033959480895741086,0.13388118715978797,0.0,0,0.0,593,0,66
P1,45,P1_K45,25,2,2.319237063917288,2.2299247322193594,3.02707163142216,3.4105070982852936,0.9983221476510067,1.0,0.034327799457618796,0.1233551117297093,0.0,0,0.0,596,0,67
P1,45,P1_K45,26,2,2.3193695878020306,2.175068583051285,2.980222953951852,3.4994446008188778,0.998272884283247,1.0,0.033222546187765836,0.13296559439732347,0.0,0,0.0,579,0,68
P1,45,P1_K45,27,2,2.3092644418557104,2.1750685830517114,2.980222953951852,3.3717441809687037,1.0,1.0,0.030787169888569273,0.11539548012593025,0.0,0,0.0,555,0,69
P1,45,P1_K45,28,2,2.361842702752311,2.1775238837466304,3.166203834015704,3.4994446008192748,0.998220640569395,0.998220640569395,0.03186932354325438,0.12349541649478038,0.0,0,0.0,562,0,70
P1,45,P1_K45,29,2,2.357553708061928,2.2397948187351346,3.157943969500252,3.366420882849468,0.9982238010657194,0.9982238010657194,0.031455265935640006,0.1258287989584231,0.0,0,0.0,563,0,71
P1,48,P1_K48,0,2,2.328369952945293,2.2299247322195193,3.1579439694998257,3.4994446008188618,0.9982698961937716,1.0,0.0304464517145686,0.1265074592055647,0.0,0,0.0,578,0,42
P1,48,P1_K48,1,2,2.3384084723340677,2.1747971145641287,3.157943969500252,3.3841652099132915,0.9981308411214953,1.0,0.02854432706614378,0.11175764750899807,0.0,0,0.0,535,0,43
P1,48,P1_K48,2,2,2.288667773488757,2.182203716683375,2.9654618299326003,3.344847545462921,1.0,1.0,0.030656891018579973,0.12165397906294202,0.0,0,0.0,565,0,44
P1,48,P1_K48,3,2,2.330570489261705,2.175068583051285,3.0270716314219044,3.366420882849468,0.998330550918197,0.998330550918197,0.0320412739144211,0.17934149176608588,0.0,0,0.0,599,0,45
P1,48,P1_K48,4,2,2.320725135426933,2.1695336601734994,3.166203834015704,3.4072210880947216,0.9965337954939342,0.9982668977469671,0.03044944833779759,0.13376004994867038,0.0,0,0.0,577,0,46
P1,48,P1_K48,5,2,2.2897881278622005,2.175068583051498,2.9802229539515963,3.2585541959193165,0.9981718464351006,1.0,0.028697609864269003,0.12224484141034882,0.0,0,0.0,547,0,47
P1,48,P1_K48,6,2,2.294573261205944,2.169533660174352,2.980222953951426,3.3664208828490416,0.9981684981684982,1.0,0.029359576007695055,0.12396886769142139,0.0,0,0.0,546,0,48
P1,48,P1_K48,7,2,2.3001750295672165,2.169533660173979,3.0130170281807716,3.3726313973214848,1.0,1.0,0.03162894677567449,0.12302650960170809,0.0,0,0.0,574,0,49
P1,48,P1_K48,8,2,2.319277169806871,2.1775238837466304,2.980222953951852,3.3664208828490416,0.9965217391304347,0.9982608695652174,0.031246044374177717,0.15205178555097398,0.0,0,0.0,575,0,50
P1,48,P1_K48,9,2,2.340342451639247,2.182203716683375,3.166203834015704,3.38416520991359,0.9983361064891847,0.9983361064891847,0.03265465095926156,0.14837365433177008,0.0,0,0.0,601,0,51
P1,48,P1_K48,10,2,2.2992852499563945,2.1775238837466304,3.027071631421734,3.38416520991359,0.9983552631578947,1.0,0.032578456792171494,0.1386942599905052,0.0,0,0.0,608,0,52
P1,48,P1_K48,11,2,2.3780966959480234,2.2393779790519375,3.157943969500252,3.6422620723060177,0.9982964224872232,1.0,0.031900713652319786,0.11523479250727248,0.0,0,0.0,587,0,53
P1,48,P1_K48,12,2,2.2978406190064895,2.1695336601734994,2.980222953951852,3.38416520991359,1.0,1.0,0.028798581907346316,0.14218131529081215,0.0,0,0.0,539,0,54
P1,48,P1_K48,13,2,2.3785557311232517,2.239794818735561,3.1662038340160024,3.6316422464997835,0.9965156794425087,0.9965156794425087,0.03060656416651918,0.13225543464053488,0.0,0,0.0,574,0,55
P1,48,P1_K48,14,2,2.299654421990592,2.169533660173606,3.1579439694998257,3.4473857420054252,1.0,1.0,0.0308778317104936,0.1496790853793113,0.0,0,0.0,569,0,56
P1,48,P1_K48,15,2,2.3357880691453654,2.2309325535883318,3.166203834015704,3.499444600819288,1.0,1.0,0.029886579167809877,0.10846192305825653,0.0,0,0.0,573,0,57
P1,48,P1_K48,16,2,2.3396282165772035,2.229924732218933,2.989592689445828,3.38416520991359,0.998211091234347,0.998211091234347,0.02990865781150692,0.11906307583993858,0.0,0,0.0,559,0,58
P1,48,P1_K48,17,2,2.327221831915614,2.2185390586123965,3.157943969500028,3.38416520991359,1.0,1.0,0.030606729184309827,0.13218447333415803,0.0,0,0.0,578,0,59
P1,48,P1_K48,18,2,2.2962101576023404,2.169533660173606,2.9802229539516816,3.3664208828490416,0.9983739837398374,0.9983739837398374,0.033356692032331256,0.15369502918763706,0.0,0,0.0,615,0,60
P1,48,P1_K48,19,2,2.3391664980313904,2.1747971145639156,3.166203834015704,3.4994446008188618,0.9982817869415808,0.9982817869415808,0.030457175617301147,0.13370985235467117,0.0,0,0.0,582,0,61
P1,48,P1_K48,20,2,2.3117903466179963,2.2071533850055403,2.980222953951852,3.366420882849468,1.0,1.0,0.03088080833712599,0.12721206243617728,0.0,0,0.0,584,0,62
P1,48,P1_K48,21,2,2.3330786912135855,2.1775238837466304,3.166203834015704,3.366420882849468,0.996415770609319,1.0,0.03007786283788857,0.1058356457040068,0.0,0,0.0,558,0,63
P1,48,P1_K48,22,2,2.3056516937741494,2.1747971145651945,3.0270716314225865,3.499444600819288,1.0,1.0,0.03133165949856471,0.13958753859867923,0.0,0,0.0,572,0,64
P1,48,P1_K48,23,2,2.357059205564425,2.2309325535883318,3.0270716314225865,3.490028355271327,0.9982758620689656,0.9982758620689656,0.032155346933990546,0.1430773896485688,0.0,0,0.0,580,0,65
P1,48,P1_K48,24,2,2.2992548594797597,2.1750685830517114,2.980222953951426,3.3664208828490416,1.0,1.0,0.03183701333975726,0.13388118715978797,0.0,0,0.0,593,0,66
P1,48,P1_K48,25,2,2.319237063917288,2.2299247322193594,3.02707163142216,3.4105070982852936,0.9983221476510067,1.0,0.032182311991517616,0.1233551117297093,0.0,0,0.0,596,0,67
P1,48,P1_K48,26,2,2.3193695878020306,2.175068583051285,2.980222953951852,3.4994446008188778,0.998272884283247,1.0,0.031146137051030476,0.13296559439732347,0.0,0,0.0,579,0,68
P1,48,P1_K48,27,2,2.3092644418557104,2.1750685830517114,2.980222953951852,3.3717441809687037,1.0,1.0,0.02886297177053369,0.11539548012593025,0.0,0,0.0,555,0,69
P1,48,P1_K48,28,2,2.361842702752311,2.1775238837466304,3.166203834015704,3.4994446008192748,0.998220640569395,0.998220640569395,0.02987749082180098,0.12349541649478038,0.0,0,0.0,562,0,70
P1,48,P1_K48,29,2,2.357553708061928,2.2397948187351346,3.157943969500252,3.366420882849468,0.9982238010657194,0.9982238010657194,0.02948931181466251,0.1258287989584231,0.0,0,0.0,563,0,71
P2,10,P2_K10,0,2,3.680802517572374,3.0730318062910555,6.533736206070197,7.487424963940725,0.9636678200692042,0.9844290657439446,0.15389798829296966,0.27940638774033894,0.0,0,0.0,578,0,42
P2,10,P2_K10,1,2,3.7674751716367307,3.073031806290203,6.286654768618413,7.528960347614865,0.9547038327526133,0.9790940766550522,0.1539345304358496,0.23746266350044135,0.0,0,0.0,574,0,43
P2,10,P2_K10,2,2,3.7642679724288555,3.222732167017739,6.486965138930373,7.582362983766979,0.95929203539823,0.9858407079646018,0.15542405022649694,0.26033464636723164,0.0,0,0.0,565,0,44
P2,10,P2_K10,3,2,3.6438466003482546,3.22273216701646,6.184021775879848,7.43159815827179,0.9632721202003339,0.9849749582637729,0.16160220596522187,0.26536611559234546,0.0,0,0.0,599,0,45
P2,10,P2_K10,4,2,3.6380973227350766,3.0660925614165535,6.140851316492331,7.639240621644848,0.9532062391681109,0.9844020797227037,0.15369826226028555,0.27002565011987467,0.0,0,0.0,577,0,46
P2,10,P2_K10,5,2,3.58683913409594,2.9356101391812217,6.113465234211901,7.431598158271555,0.9616087751371115,0.9908592321755028,0.14478708786843036,0.23508460080072452,0.0,0,0.0,547,0,47
P2,10,P2_K10,6,2,3.603340849296859,3.0695621838538045,6.140851316491904,7.357578890942911,0.9652014652014652,0.9963369963369964,0.1480151226057621,0.26388573021563855,0.0,0,0.0,546,0,48
P2,10,P2_K10,7,2,3.9339303410477884,3.066092561417406,6.887793390389024,8.6469329021006,0.9442508710801394,0.9651567944250871,0.1611222733802798,0.24131553694980323,0.0,0,0.0,574,0,49
P2,10,P2_K10,8,2,3.917980458043929,3.222732167017739,6.7339918461380535,7.758069171452601,0.9530434782608695,0.9773913043478261,0.15910060020573866,0.2644013465335132,0.0,0,0.0,575,0,50
P2,10,P2_K10,9,2,3.8857580231378823,3.3090848902003245,6.871538827479071,7.702573243901298,0.9550748752079867,0.9833610648918469,0.1659565583194425,0.26007986825728924,0.0,0,0.0,601,0,51
P2,10,P2_K10,10,2,3.648515327027236,2.9356101391812217,6.156886083064563,7.487424963940725,0.9686985172981878,0.9835255354200988,0.16422805753331646,0.2779750637530524,0.0,0,0.0,607,0,52
P2,10,P2_K10,11,2,3.945456167082391,3.3090848902003245,7.352321197752758,8.130128657674614,0.9437819420783645,0.9778534923339012,0.1622049773086537,0.26359661085214386,0.0004621283591351093,1,0.0017035775127768314,587,1,53
P2,10,P2_K10,12,2,3.788015137480751,3.248698320915935,6.453654176199961,8.25290502766056,0.9424860853432282,0.987012987012987,0.14620148745543737,0.26290122105489533,0.0,0,0.0,539,0,54
P2,10,P2_K10,13,2,3.796818747732758,3.073031806290203,6.640340419338304,8.191048219700578,0.945993031358885,0.9790940766550522,0.1549877279549852,0.2747800178058387,0.0,0,0.0,574,0,55
P2,10,P2_K10,14,2,3.7670208306135953,3.073031806290203,6.292564547135157,7.465094241673229,0.9578207381370826,0.9771528998242531,0.15648338514060367,0.23918720576840208,0.00013423763566650386,1,0.0035149384885764497,569,2,56
P2,10,P2_K10,15,2,3.714936269321205,3.2227321670167264,6.628818013463729,7.534893973854193,0.956369982547993,0.9860383944153578,0.15129538078624896,0.25580611684553206,0.0,0,0.0,573,0,57
P2,10,P2_K10,16,2,3.7717859653905736,2.9356101391812217,6.50591141186993,8.09419458873947,0.9463327370304114,0.9821109123434705,0.15150378151891059,0.230688345267246,0.0,0,0.0,559,0,58
P2,10,P2_K10,17,2,3.922553154934479,3.173593042669296,6.863221159296278,8.36371481813426,0.9463667820069204,0.9636678200692042,0.15606013247263278,0.24608813403919427,0.0,0,0.0,578,0,59
P2,10,P2_K10,18,2,3.7124350566577524,2.9356101391812217,6.486965138930714,7.448346199972474,0.9544715447154472,0.9772357723577236,0.1687527796214507,0.26556910102612125,0.0,0,0.0,615,0,60
P2,10,P2_K10,19,2,3.9872869230715757,3.3508366634923448,6.9611723191034685,8.6536894000738,0.9415807560137457,0.9707903780068728,0.15571037636952764,0.25649986641471767,0.0,0,0.0,582,0,61
P2,10,P2_K10,20,2,3.8382075574279706,3.327434677430716,6.486965138929861,7.487424963940725,0.9606164383561644,0.9828767123287672,0.15707140830305627,0.26622924069690856,0.0,0,0.0,584,0,62
P2,10,P2_K10,21,2,3.861833610273856,3.222732167017739,6.535773965762759,8.101801874626409,0.9480286738351255,0.9713261648745519,0.15283649206666322,0.24795373347142732,0.0,0,0.0,558,0,63
P2,10,P2_K10,22,2,3.848941761442118,3.0730318062910555,6.948459616377646,8.584429634984422,0.9405594405594405,0.9737762237762237,0.159149524310433,0.2485140732705114,0.0,0,0.0,572,0,64
P2,10,P2_K10,23,2,3.7506119263551962,3.051514178416994,6.754189967945594,7.493358590179861,0.9603448275862069,0.9810344827586207,0.16236412339881592,0.24730726498386893,0.0,0,0.0,580,0,65
P2,10,P2_K10,24,2,3.646997218849971,2.9356101391812217,6.1545007963346166,7.453928880539478,0.9595278246205734,0.9797639123102867,0.1607463467600664,0.2578200194278285,0.0,0,0.0,593,0,66
P2,10,P2_K10,25,2,3.7558756844795185,3.1301699449352327,6.586585612796583,7.723036857362358,0.9513422818791947,0.988255033557047,0.1629695084507042,0.2758589101084009,0.0,0,0.0,596,0,67
P2,10,P2_K10,26,2,3.862939914479951,3.051514178416994,6.962166451235177,8.272620171328825,0.9447322970639033,0.9689119170984456,0.15836779930473338,0.25383052947456325,0.0,0,0.0,579,0,68
P2,10,P2_K10,27,2,3.618065487194785,2.980160364710116,6.156886083065842,7.37580419416835,0.9693693693693693,0.9891891891891892,0.14574846073033942,0.24653697266619673,0.0,0,0.0,555,0,69
P2,10,P2_K10,28,2,3.7896483919865545,3.2227321670167797,6.764423681546292,7.839571460307565,0.9537366548042705,0.9839857651245552,0.15137253925168498,0.27365640352514065,0.0,0,0.0,562,0,70
P2,10,P2_K10,29,2,3.70918441118745,3.123312424480096,6.156886083064947,7.701449475439842,0.9604810996563574,0.9845360824742269,0.15471671289472702,0.3061752972202405,0.0,0,0.0,582,0,71
P2,15,P2_K15,0,2,2.824824756285559,2.303440392208813,4.151484131339487,5.872744953239884,0.9896193771626297,1.0,0.09932646874277491,0.2235054396946494,0.0,0,0.0,578,0,42
P2,15,P2_K15,1,2,2.824125494969603,2.303440392208813,4.1514841313390605,5.519851159376562,0.9869158878504672,0.9981308411214953,0.09306048819307561,0.1689079330638768,0.0,0,0.0,535,0,43
P2,15,P2_K15,2,2,2.8132926811862258,2.3336384141164546,4.397984307168201,5.643293458632286,0.9911504424778761,1.0,0.1000624551804154,0.17304028315607267,0.0,0,0.0,565,0,44
P2,15,P2_K15,3,2,2.8336052192340055,2.303440392208813,4.596537623498307,5.3821799055860575,0.991652754590985,0.998330550918197,0.10452491914025738,0.1833461999660857,0.0,0,0.0,599,0,45
P2,15,P2_K15,4,2,2.7856510488845445,2.2902169731122513,4.1514841313390605,5.497366023969841,0.9913344887348353,0.9982668977469671,0.09921245592476866,0.200623940455844,0.0,0,0.0,577,0,46
P2,15,P2_K15,5,2,2.810228311165627,2.292637305788503,4.491742546423325,5.635750361644752,0.9926873857404022,1.0,0.09371516095896101,0.15810656045215618,0.0,0,0.0,547,0,47
P2,15,P2_K15,6,2,2.7243773596134084,2.2902169731120914,4.033530782863011,5.197018880172912,0.9926739926739927,1.0,0.09550271357998459,0.17030035143181108,0.0,0,0.0,546,0,48
P2,15,P2_K15,7,2,2.853948958207921,2.2902169731122513,4.670921131142795,5.906724069997723,0.9912891986062717,0.9982578397212544,0.10331491959644262,0.17490009637877074,0.0,0,0.0,574,0,49
P2,15,P2_K15,8,2,2.8174126723138113,2.2902169731122513,4.608101364957264,5.359518209169095,0.991304347826087,0.9965217391304347,0.10188170650756385,0.17950165366150928,0.0,0,0.0,575,0,50
P2,15,P2_K15,9,2,2.846606705401928,2.303440392208387,4.526567525736027,5.993886395160644,0.9933444259567388,0.9983361064891847,0.10650721651217257,0.1967355759553973,0.0,0,0.0,601,0,51
P2,15,P2_K15,10,2,2.781642487817743,2.2902169731119315,4.448050960760497,5.879084743732958,0.9950576606260296,1.0,0.1060052671028977,0.20273765293418625,0.0,0,0.0,607,0,52
P2,15,P2_K15,11,2,3.0110782546194104,2.3940404067504417,5.0962830660078,6.113465234211773,0.989778534923339,1.0,0.10453969225184219,0.18495680251441793,0.0,0,0.0,587,0,53
P2,15,P2_K15,12,2,2.8438924624426494,2.303440392208813,4.3516593292662975,5.822026035512812,0.9851576994434137,1.0,0.09410203580464645,0.1632945594423146,0.0,0,0.0,539,0,54
P2,15,P2_K15,13,2,2.85680495043673,2.3608289916515446,4.539953619654066,5.5471650273244295,0.9912891986062717,0.9965156794425087,0.09975658107284784,0.17692649715209094,0.0,0,0.0,574,0,55
P2,15,P2_K15,14,2,2.8311747999779797,2.2902169731119315,4.711756341018201,5.998814157664356,0.9947275922671354,1.0,0.10080929358386288,0.16879921286306987,0.0,0,0.0,569,0,56
P2,15,P2_K15,15,2,2.803908470809708,2.3608289916515446,4.151484131339487,5.510158644259517,0.9982547993019197,1.0,0.0974110810496482,0.19604528497388593,0.0,0,0.0,573,0,57
P2,15,P2_K15,16,2,2.808474546909747,2.292637305788503,4.397984307168201,5.481262658783805,0.9928443649373881,0.9964221824686941,0.0974410720514247,0.16990129333340093,0.0,0,0.0,559,0,58
P2,15,P2_K15,17,2,2.850111309202709,2.292637305788503,4.710031007683316,5.843038524078125,0.9896193771626297,1.0,0.09994040983074345,0.19178402504517364,0.0,0,0.0,578,0,59
P2,15,P2_K15,18,2,2.8718096159050517,2.2902169731119315,4.977581168601944,6.113465234211603,0.983739837398374,0.9934959349593496,0.10908264245885796,0.21279302398834096,0.0,0,0.0,615,0,60
P2,15,P2_K15,19,2,2.928298539209065,2.3034403922085467,5.001632814296499,6.109166898063273,0.9862542955326461,0.9982817869415808,0.09973065276878577,0.16708517942122741,0.0,0,0.0,582,0,61
P2,15,P2_K15,20,2,2.793455514687512,2.303440392208387,4.151484131338634,5.294573032010026,0.9948630136986302,0.9982876712328768,0.10067898653430976,0.18870108038252492,0.0,0,0.0,584,0,62
P2,15,P2_K15,21,2,2.781453334739118,2.291427139449951,4.151484131339188,5.355396968931124,0.9910394265232975,1.0,0.09790387702758771,0.1675702277198092,0.0,0,0.0,558,0,63
P2,15,P2_K15,22,2,2.8895011239158954,2.2902169731122513,4.747582595986444,6.026589006157849,0.986013986013986,0.9965034965034965,0.10247005294858895,0.17799476823448956,0.0,0,0.0,572,0,64
P2,15,P2_K15,23,2,2.9109807076338563,2.381581626763083,4.747582595986444,5.853847887402155,0.9913793103448276,0.9982758620689656,0.10502194134750181,0.19450225120953185,0.0,0,0.0,580,0,65
P2,15,P2_K15,24,2,2.8556660230075,2.3608289916515446,4.520341356163842,5.7076638789203855,0.9865092748735245,0.9983136593591906,0.10406066371878384,0.18228257761705197,0.0,0,0.0,593,0,66
P2,15,P2_K15,25,2,2.8418075308504753,2.2926373057881833,4.649668700387224,5.836572569234555,0.9932885906040269,1.0,0.10504326608642912,0.18342938623853197,0.0,0,0.0,596,0,67
P2,15,P2_K15,26,2,2.880254988295454,2.303440392208813,5.093718344403385,6.113465234211517,0.9896373056994818,0.998272884283247,0.1018154735294728,0.18062706583350632,0.0,0,0.0,579,0,68
P2,15,P2_K15,27,2,2.778730706158372,2.292637305788503,4.073200164943671,5.797445656101501,0.990990990990991,0.9981981981981982,0.09408474892951721,0.1539351919623512,0.0,0,0.0,555,0,69
P2,15,P2_K15,28,2,2.805797479740015,2.2883064046834534,4.36808776986976,5.890732523578492,0.99644128113879,0.998220640569395,0.09725811999925452,0.18384616691721758,0.0,0,0.0,562,0,70
P2,15,P2_K15,29,2,2.7920435317900285,2.303440392208813,4.151484131339018,5.347444610930106,0.9982817869415808,0.9982817869415808,0.09961421076705812,0.20467263297555505,0.0,0,0.0,582,0,71
P2,20,P2_K20,0,2,2.552805619911655,2.2397948187359873,3.6685460304140465,4.709517200082813,0.9948096885813149,1.0,0.07371495542204085,0.13588365282662923,0.0,0,0.0,578,0,42
P2,20,P2_K20,1,2,2.5739890273119186,2.23937797905279,3.80342247081785,4.547960423941788,0.9962616822429906,1.0,0.06913156153073491,0.1143599719096455,0.0,0,0.0,535,0,43
P2,20,P2_K20,2,2,2.547242371317342,2.2883064046834534,3.642262072306721,4.397984307168201,0.9964601769911504,1.0,0.07430121427680003,0.1283814557648497,0.0,0,0.0,565,0,44
P2,20,P2_K20,3,2,2.592301775455864,2.239377979052044,3.8083808364595484,4.834832304646796,0.998330550918197,0.998330550918197,0.07767672128563397,0.18267805890680008,0.0,0,0.0,599,0,45
P2,20,P2_K20,4,2,2.533630256259157,2.182203716682949,3.7651920239786123,4.285308029894049,0.9948006932409013,0.9982668977469671,0.0736880324329374,0.13412960174610664,0.0,0,0.0,577,0,46
P2,20,P2_K20,5,2,2.5445787305678667,2.2393779790519375,3.7499007222410805,4.7550409190296765,0.9981718464351006,1.0,0.06956558539884879,0.12224484141034882,0.0,0,0.0,547,0,47
P2,20,P2_K20,6,2,2.462849216995026,2.229924732218933,3.5342811317630662,4.025897574656057,0.9981684981684982,1.0,0.07091872979873028,0.1386115896335855,0.0,0,0.0,546,0,48
P2,20,P2_K20,7,2,2.5602938219368268,2.2393779790519375,3.791953994514552,4.648061487780085,0.9947735191637631,0.9982578397212544,0.07665008826767118,0.12381776874481852,0.0,0,0.0,574,0,49
P2,20,P2_K20,8,2,2.5741087774429063,2.2393779790519375,3.80342247081785,4.747582595987296,0.9947826086956522,0.9982608695652174,0.07571733275988526,0.15668107553722935,0.0,0,0.0,575,0,50
P2,20,P2_K20,9,2,2.5753181823524116,2.2883064046834534,3.7397050594186965,4.747582595986231,0.9983361064891847,0.9983361064891847,0.07907166038833195,0.14837365433177008,0.0,0,0.0,601,0,51
P2,20,P2_K20,10,2,2.5213164106511514,2.239794818735561,3.739705059418398,4.459747131105188,0.9967105263157895,1.0,0.07885791408743387,0.14274585383701893,0.0,0,0.0,608,0,52
P2,20,P2_K20,11,2,2.6731002005828133,2.2902169731122513,3.8996839922350546,5.1910511836334114,0.9982964224872232,1.0,0.07742067634305073,0.1283960693140899,0.0,0,0.0,587,0,53
P2,20,P2_K20,12,2,2.5581086415692824,2.2299247322197857,3.649860972763179,4.927591009047066,0.9944341372912802,1.0,0.06981245205462197,0.1431443228964786,0.0,0,0.0,539,0,54
P2,20,P2_K20,13,2,2.6030355528270834,2.290216973111825,3.739705059418995,4.702799777276994,0.9947735191637631,0.9965156794425087,0.07409489793644167,0.14899497272668416,0.0,0,0.0,574,0,55
P2,20,P2_K20,14,2,2.5616045537962386,2.2309325535891844,3.8044141439461896,4.7027997772766525,0.9982425307557118,1.0,0.07484612956251312,0.15686111333018102,0.0,0,0.0,569,0,56
P2,20,P2_K20,15,2,2.543224329854867,2.2883064046834534,3.666693689145576,4.349442824925289,1.0,1.0,0.07231737818422457,0.12747004336665502,0.0,0,0.0,573,0,57
P2,20,P2_K20,16,2,2.562941413420472,2.23937797905279,3.80342247081785,4.404977698281899,0.9928443649373881,0.998211091234347,0.07239998547894295,0.1206648139608818,0.0,0,0.0,559,0,58
P2,20,P2_K20,17,2,2.5577019361069153,2.2691265755025825,3.747351806535592,4.545069523231502,0.9982698961937716,1.0,0.07411695113471746,0.14094834337030623,0.0,0,0.0,578,0,59
P2,20,P2_K20,18,2,2.644512522400684,2.230932553588758,3.9909960064825327,5.168717394902931,0.9886178861788618,0.9934959349593496,0.08111859041306617,0.16881458496408255,0.0,0,0.0,615,0,60
P2,20,P2_K20,19,2,2.644413845852917,2.239377979052417,3.967215069548258,4.945594476752007,0.9948453608247423,0.9982817869415808,0.07397844150350753,0.1434565133458445,0.0,0,0.0,582,0,61
P2,20,P2_K20,20,2,2.539626500528394,2.2883064046834534,3.642262072306721,4.299169938197266,1.0,1.0,0.07477394156606504,0.13260008698939527,0.0,0,0.0,584,0,62
P2,20,P2_K20,21,2,2.52489638128209,2.23937797905279,3.642262072306721,4.397984307168201,0.996415770609319,1.0,0.07271779477451504,0.10710461012216113,0.0,0,0.0,558,0,63
P2,20,P2_K20,22,2,2.6029755755560973,2.2395863988939624,3.739705059419091,4.891897504985711,0.9947552447552448,0.9982517482517482,0.07603958031827793,0.13958753859867923,0.0,0,0.0,572,0,64
P2,20,P2_K20,23,2,2.6117434283259393,2.2883064046839863,3.8965646468411634,4.832536442454402,0.996551724137931,0.9982758620689656,0.07790555510785552,0.14868659595376538,0.0,0,0.0,580,0,65
P2,20,P2_K20,24,2,2.5573659130640465,2.2499467463217115,3.739705059419123,4.884816237259372,0.9949409780775716,1.0,0.07716805748553393,0.13388118715978797,0.0,0,0.0,593,0,66
P2,20,P2_K20,25,2,2.60127466693055,2.2499467463217115,3.8996839922350546,4.908007470095361,0.9966442953020134,1.0,0.0780713504234712,0.12463840409967614,0.0,0,0.0,596,0,67
P2,20,P2_K20,26,2,2.641955728978906,2.239794818735348,3.9908902760507203,5.16752255302101,0.9930915371329879,0.998272884283247,0.07567720400055553,0.14473171857318276,0.0,0,0.0,579,0,68
P2,20,P2_K20,27,2,2.5299520563197,2.229924732218933,3.642262072306721,4.566770633283016,0.9963963963963964,0.9981981981981982,0.06987867999743323,0.11893390492775868,0.0,0,0.0,555,0,69
P2,20,P2_K20,28,2,2.560466783430418,2.2393779790519375,3.6498609727630082,4.550887130764526,0.998220640569395,0.998220640569395,0.07225968200675241,0.14044378535433882,0.0,0,0.0,562,0,70
P2,20,P2_K20,29,2,2.5491376280616884,2.288306404684306,3.642262072306721,4.346205816915386,0.9982817869415808,0.9982817869415808,0.07400941186512543,0.1392375482723382,0.0,0,0.0,582,0,71
P2,25,P2_K25,0,2,2.4872482545043835,2.239794818735561,3.4994446008189257,3.907578446082168,0.9965397923875432,1.0,0.05882159863443662,0.13339685105575128,0.0,0,0.0,578,0,42
P2,25,P2_K25,1,2,2.5115649219064045,2.2309325535883318,3.3841652099134194,4.039068432637343,0.9981308411214953,1.0,0.05517272185795321,0.1143599719096455,0.0,0,0.0,535,0,43
P2,25,P2_K25,2,2,2.497052082855536,2.2499467463217115,3.433779729157237,4.119365360281726,0.9964601769911504,1.0,0.059328441608023655,0.1260274079912936,0.0,0,0.0,565,0,44
P2,25,P2_K25,3,2,2.506549929472774,2.2393779790519375,3.4477938355555886,4.204841772015827,0.998330550918197,0.998330550918197,0.06193754625174579,0.17863934984022284,0.0,0,0.0,599,0,45
P2,25,P2_K25,4,2,2.47314672756768,2.1750685830517114,3.4373591035950426,3.8996839922350546,0.9948006932409013,0.9982668977469671,0.058811937866766646,0.13412960174610664,0.0,0,0.0,577,0,46
P2,25,P2_K25,5,2,2.4557055356259876,2.2309325535891844,3.366420882849212,3.8996839922350546,0.9981718464351006,1.0,0.05545955705862976,0.12224484141034882,0.0,0,0.0,547,0,47
P2,25,P2_K25,6,2,2.3924509503033784,2.1822037166828423,3.283819543060247,3.642262072306721,0.9981684981684982,1.0,0.05658245426115229,0.13065414273054055,0.0,0,0.0,546,0,48
P2,25,P2_K25,7,2,2.4867205333414484,2.230932553588758,3.45488176631426,3.9259460778568585,0.9965156794425087,0.9982578397212544,0.06115248701233634,0.12204892282976235,0.0,0,0.0,574,0,49
P2,25,P2_K25,8,2,2.50070445390967,2.230932553588758,3.4686632994779543,4.341352577884802,0.9947826086956522,0.9982608695652174,0.06040637618397324,0.15423003648230876,0.0,0,0.0,575,0,50
P2,25,P2_K25,9,2,2.508084086767648,2.2499467463217115,3.5013779060676598,3.8996839922350546,0.9983361064891847,0.9983361064891847,0.06309698032873522,0.14837365433177008,0.0,0,0.0,601,0,51
P2,25,P2_K25,10,2,2.4449650182997025,2.23937797905279,3.3664208828491695,3.8996839922350546,0.9983552631578947,1.0,0.06290211838681345,0.1386942599905052,0.0,0,0.0,608,0,52
P2,25,P2_K25,11,2,2.5917779357633117,2.290216973111825,3.7218028588351753,4.497272281116125,0.9982964224872232,1.0,0.06174711183059514,0.11708502781786653,0.0,0,0.0,587,0,53
P2,25,P2_K25,12,2,2.484059127827171,2.2299247322197857,3.442365578657103,3.8996839922350546,0.9981447124304267,1.0,0.05569157796152696,0.14218131529081215,0.0,0,0.0,539,0,54
P2,25,P2_K25,13,2,2.5306811177879105,2.288306404684306,3.543999176660253,3.9908902760507203,0.9965156794425087,0.9965156794425087,0.059111111024897446,0.1353074974619946,0.0,0,0.0,574,0,55
P2,25,P2_K25,14,2,2.4611117087199417,2.2071533850046876,3.4423655786573586,3.9447047104441157,1.0,1.0,0.0596499971863263,0.15178548714612664,0.0,0,0.0,569,0,56
P2,25,P2_K25,15,2,2.4810358519897178,2.2499467463217115,3.499444600819288,3.920735869160693,1.0,1.0,0.05771249779413866,0.12118797732003303,0.0,0,0.0,573,0,57
P2,25,P2_K25,16,2,2.472786028398864,2.2393779790519375,3.462391478907989,3.899683992234479,0.998211091234347,0.998211091234347,0.057720000842570715,0.11883365561248482,0.0,0,0.0,559,0,58
P2,25,P2_K25,17,2,2.4880253431338364,2.239794818735561,3.437359103594403,4.015129139122916,0.9982698961937716,1.0,0.05913374713500235,0.13827468207596805,0.0,0,0.0,578,0,59
P2,25,P2_K25,18,2,2.5556973368774396,2.2299247322193594,3.5872043730429723,4.982166919720725,0.9902439024390244,0.9934959349593496,0.06467812098483072,0.15533864818146645,0.0,0,0.0,615,0,60
P2,25,P2_K25,19,2,2.5566571321914027,2.2393779790519375,3.642262072306721,4.497272281116125,0.9948453608247423,0.9982817869415808,0.05898007698315918,0.13887847403150713,0.0,0,0.0,582,0,61
P2,25,P2_K25,20,2,2.464847031322901,2.2499467463217115,3.4362852912631894,3.8996839922349267,1.0,1.0,0.05964585480040756,0.12873958592288595,0.0,0,0.0,584,0,62
P2,25,P2_K25,21,2,2.475287171763749,2.23937797905279,3.4076330906119106,3.991561138741986,0.996415770609319,1.0,0.058064386855678565,0.1058356457040068,0.0,0,0.0,558,0,63
P2,25,P2_K25,22,2,2.5321259211228835,2.23937797905279,3.6342624086239237,4.244326397049285,0.9982517482517482,0.9982517482517482,0.060670846785035835,0.13958753859867923,0.0,0,0.0,572,0,64
P2,25,P2_K25,23,2,2.560655191771614,2.2883064046834534,3.642262072306721,4.5086085699348075,0.996551724137931,0.9982758620689656,0.062206860049770475,0.1422406796079025,0.0,0,0.0,580,0,65
P2,25,P2_K25,24,2,2.5042269859988258,2.239794818735561,3.497462233335427,4.851493615517028,0.9983136593591906,1.0,0.061609400814817306,0.13388118715978797,0.0,0,0.0,593,0,66
P2,25,P2_K25,25,2,2.5423700977390453,2.239794818735241,3.631642246499922,4.843162960082168,0.9983221476510067,1.0,0.06231776635767321,0.1237723622724219,0.0,0,0.0,596,0,67
P2,25,P2_K25,26,2,2.5615214244147446,2.2393779790519375,3.5761407976890953,5.035168771349328,0.9948186528497409,0.998272884283247,0.0603569558101958,0.13296559439732347,0.0,0,0.0,579,0,68
P2,25,P2_K25,27,2,2.457687704420598,2.2071533850055403,3.3664208828492974,3.8996839922350546,0.9963963963963964,0.9981981981981982,0.05574379036578784,0.11539548012593025,0.0,0,0.0,555,0,69
P2,25,P2_K25,28,2,2.494267197863898,2.2309325535891844,3.437359103595554,3.8996839922350546,0.998220640569395,0.998220640569395,0.057660110021717864,0.13379177015498153,0.0,0,0.0,562,0,70
P2,25,P2_K25,29,2,2.4901993103606483,2.28830640468356,3.366420882849468,3.8996839922350226,0.9982817869415808,0.9982817869415808,0.05907141004407651,0.13217123481794263,0.0,0,0.0,582,0,71
P2,30,P2_K30,0,2,2.4569344177008783,2.239794818735561,3.3861773868088396,3.899683992234202,0.9965397923875432,1.0,0.048960057732161395,0.13339685105575128,0.0,0,0.0,578,0,42
P2,30,P2_K30,1,2,2.4692509267604805,2.2299247322197857,3.3664208828492974,3.899683992234266,0.9981308411214953,1.0,0.0459024071455064,0.11175764750899807,0.0,0,0.0,535,0,43
P2,30,P2_K30,2,2,2.434099153398872,2.239794818735348,3.3664208828486153,3.720216461995956,0.9964601769911504,1.0,0.04932274761930869,0.12281672802827678,0.0,0,0.0,565,0,44
P2,30,P2_K30,3,2,2.4537710351352797,2.2309325535883318,3.3664208828490416,3.787478142109535,0.998330550918197,0.998330550918197,0.05151007638138817,0.17863934984022284,0.0,0,0.0,599,0,45
P2,30,P2_K30,4,2,2.4348572223724867,2.174797114564342,3.38416520991359,3.824830924313403,0.9948006932409013,0.9982668977469671,0.04893688921272344,0.13412960174610664,0.0,0,0.0,577,0,46
P2,30,P2_K30,5,2,2.394025042442088,2.2299247322193594,3.166203834016983,3.7397050594185686,0.9981718464351006,1.0,0.04610472602183567,0.12224484141034882,0.0,0,0.0,547,0,47
P2,30,P2_K30,6,2,2.373937647211384,2.177523883746204,3.1662038340165566,3.6422620723065613,0.9981684981684982,1.0,0.04711861842037746,0.12653931593983062,0.0,0,0.0,546,0,48
P2,30,P2_K30,7,2,2.433816200006054,2.229924732219146,3.3664208828489137,3.739705059419123,0.9965156794425087,0.9982578397212544,0.05085998558126402,0.12204892282976235,0.0,0,0.0,574,0,49
P2,30,P2_K30,8,2,2.438347363253052,2.2299247322193594,3.3232742080772395,3.832300927242751,0.9947826086956522,0.9982608695652174,0.050220077616513564,0.15205178555097398,0.0,0,0.0,575,0,50
P2,30,P2_K30,9,2,2.463658621364385,2.2397948187364136,3.437359103595554,3.7651942164748675,0.9983361064891847,0.9983361064891847,0.05249252426631586,0.14837365433177008,0.0,0,0.0,601,0,51
P2,30,P2_K30,10,2,2.384442679020383,2.235155266320561,3.1662038340161303,3.7034973440719035,0.9983552631578947,1.0,0.05229674686241786,0.1386942599905052,0.0,0,0.0,608,0,52
P2,30,P2_K30,11,2,2.53013132002384,2.2883064046834534,3.5257329178344876,3.8996839922350546,0.9982964224872232,1.0,0.05133626196385883,0.11523479250727248,0.0,0,0.0,587,0,53
P2,30,P2_K30,12,2,2.462519529990379,2.2299247322193594,3.38416520991359,3.896564646841142,0.9981447124304267,1.0,0.04637125596253558,0.14218131529081215,0.0,0,0.0,539,0,54
P2,30,P2_K30,13,2,2.5083900384661786,2.2883064046836665,3.45488176631394,3.8996839922350546,0.9965156794425087,0.9965156794425087,0.049216947416479764,0.1353074974619946,0.0,0,0.0,574,0,55
P2,30,P2_K30,14,2,2.3965915339480968,2.177523883746204,3.3664208828487006,3.642262072306721,1.0,1.0,0.049586928940175405,0.15144189999815252,0.0,0,0.0,569,0,56
P2,30,P2_K30,15,2,2.444851895597985,2.239794818735561,3.4467462251087735,3.7874781421086823,1.0,1.0,0.04802518530790503,0.11568738394108566,0.0,0,0.0,573,0,57
P2,30,P2_K30,16,2,2.4345364501812052,2.2393779790519375,3.366420882849127,3.789072574980367,0.998211091234347,0.998211091234347,0.048029294636587776,0.11883365561248482,0.0,0,0.0,559,0,58
P2,30,P2_K30,17,2,2.4261148302361177,2.239794818735561,3.3664208828490416,3.7397050594186965,0.9982698961937716,1.0,0.04915978836496598,0.13218447333415803,0.0,0,0.0,578,0,59
P2,30,P2_K30,18,2,2.4734155248154677,2.1775238837466304,3.3664208828486153,3.899683992234266,0.9902439024390244,0.9934959349593496,0.0537310951513202,0.15453316601636566,0.0,0,0.0,615,0,60
P2,30,P2_K30,19,2,2.504328281007425,2.229924732219306,3.499444600819267,3.9900816883765264,0.9948453608247423,0.9982817869415808,0.049049351879520635,0.13609211911329136,0.0,0,0.0,582,0,61
P2,30,P2_K30,20,2,2.4236697869796933,2.2393779790519375,3.3664208828490416,3.739705059418995,1.0,1.0,0.04962535680888317,0.12873958592288595,0.0,0,0.0,584,0,62
P2,30,P2_K30,21,2,2.4429649124681623,2.2393779790519375,3.366420882849468,3.8996839922350546,0.996415770609319,1.0,0.048327346782222426,0.1058356457040068,0.0,0,0.0,558,0,63
P2,30,P2_K30,22,2,2.454110460478603,2.2309325535891844,3.38416520991359,3.845558026077651,0.9982517482517482,0.9982517482517482,0.050411470060649805,0.13958753859867923,0.0,0,0.0,572,0,64
P2,30,P2_K30,23,2,2.5200317542669577,2.2883064046834534,3.4895327634004047,3.9990873753322003,0.996551724137931,0.9982758620689656,0.0517611347182191,0.1430773896485688,0.0,0,0.0,580,0,65
P2,30,P2_K30,24,2,2.4329694692245716,2.2393779790519375,3.3664208828486153,3.8024192549911495,0.9983136593591906,1.0,0.05120143286338237,0.13388118715978797,0.0,0,0.0,593,0,66
P2,30,P2_K30,25,2,2.4770079291526934,2.239377979052417,3.408972469535243,3.9908902760498677,0.9983221476510067,1.0,0.05180264970124399,0.1233932546272232,0.0,0,0.0,596,0,67
P2,30,P2_K30,26,2,2.509071199789806,2.2309325535883318,3.4994446008191176,4.473961144638417,0.9948186528497409,0.998272884283247,0.05019703764587138,0.13296559439732347,0.0,0,0.0,579,0,68
P2,30,P2_K30,27,2,2.4249482770573603,2.2071533850046876,3.3664208828486153,3.899683992234607,0.9963963963963964,0.9981981981981982,0.04639307139547598,0.11539548012593025,0.0,0,0.0,555,0,69
P2,30,P2_K30,28,2,2.452839227194097,2.2299247322197857,3.3664208828490416,3.7364701827146973,0.998220640569395,0.998220640569395,0.04797309922604653,0.1250231313443091,0.0,0,0.0,562,0,70
P2,30,P2_K30,29,2,2.433958693334738,2.2691265755025825,3.340532294338984,3.642262072306721,0.9982817869415808,0.9982817869415808,0.04911793416666071,0.11944699143914746,0.0,0,0.0,582,0,71
P2,35,P2_K35,0,2,2.4415146998371844,2.239794818735561,3.3664208828490416,3.7882154277448072,0.9965397923875432,1.0,0.0419405013074841,0.1265074592055647,0.0,0,0.0,578,0,42
P2,35,P2_K35,1,2,2.453935234340045,2.2299247322197857,3.3230361944673077,3.739705059418899,0.9981308411214953,1.0,0.03932169508320919,0.11175764750899807,0.0,0,0.0,535,0,43
P2,35,P2_K35,2,2,2.4128764380208994,2.239794818735348,3.1662038340160024,3.499444600819203,0.9964601769911504,1.0,0.042242653191299294,0.12165397906294202,0.0,0,0.0,565,0,44
P2,35,P2_K35,3,2,2.4304424345688598,2.2309325535883318,3.1662038340161303,3.6422620723061456,0.998330550918197,0.998330550918197,0.0441118856745819,0.17863934984022284,0.0,0,0.0,599,0,45
P2,35,P2_K35,4,2,2.414939464760906,2.174797114564342,3.3455075813276087,3.6678297900947365,0.9948006932409013,0.9982668977469671,0.041913329795310914,0.13412960174610664,0.0,0,0.0,577,0,46
P2,35,P2_K35,5,2,2.377945704905554,2.2299247322193594,3.166203834015704,3.614659969397447,0.9981718464351006,1.0,0.03949340632474667,0.12224484141034882,0.0,0,0.0,547,0,47
P2,35,P2_K35,6,2,2.36375240495844,2.177523883746204,3.1662038340161303,3.6396071158542753,0.9981684981684982,1.0,0.04037162434255113,0.12454003399798046,0.0,0,0.0,546,0,48
P2,35,P2_K35,7,2,2.417334838837319,2.229924732219146,3.166203834016983,3.642262072306721,0.9965156794425087,0.9982578397212544,0.04356745844235654,0.12204892282976235,0.0,0,0.0,574,0,49
P2,35,P2_K35,8,2,2.428462270026257,2.2299247322193594,3.166203834016983,3.7397050594188244,0.9947826086956522,0.9982608695652174,0.04302966990540899,0.15205178555097398,0.0,0,0.0,575,0,50
P2,35,P2_K35,9,2,2.4341517583903465,2.2397948187364136,3.3664208828486153,3.65592680077782,0.9983361064891847,0.9983361064891847,0.04494332685228607,0.14837365433177008,0.0,0,0.0,601,0,51
P2,35,P2_K35,10,2,2.3805950822371753,2.235155266320561,3.1662038340159064,3.642262072306721,0.9983552631578947,1.0,0.04481915224589277,0.1386942599905052,0.0,0,0.0,608,0,52
P2,35,P2_K35,11,2,2.5036963724216155,2.2883064046834534,3.3735186136751163,3.8996839922350546,0.9982964224872232,1.0,0.04395852693772223,0.11523479250727248,0.0,0,0.0,587,0,53
P2,35,P2_K35,12,2,2.4517119997181833,2.2299247322193594,3.366660131155413,3.870891150455975,0.9981447124304267,1.0,0.039730279320447974,0.14218131529081215,0.0,0,0.0,539,0,54
P2,35,P2_K35,13,2,2.4949949250152654,2.2883064046836665,3.378841911794056,3.7646815102878595,0.9965156794425087,0.9965156794425087,0.042164161291447434,0.13225543464053488,0.0,0,0.0,574,0,55
P2,35,P2_K35,14,2,2.382059804679275,2.177523883746204,3.258554195919146,3.638014141983661,1.0,1.0,0.042479645004407846,0.1496790853793113,0.0,0,0.0,569,0,56
P2,35,P2_K35,15,2,2.42483482201599,2.239794818735561,3.366420882849468,3.6537179906804336,1.0,1.0,0.041131933826383214,0.10846192305825653,0.0,0,0.0,573,0,57
P2,35,P2_K35,16,2,2.420595631995668,2.2393779790519375,3.348505336853321,3.642262072306721,0.998211091234347,0.998211091234347,0.04114587806331754,0.11883365561248482,0.0,0,0.0,559,0,58
P2,35,P2_K35,17,2,2.407393730924098,2.239794818735348,3.3195673582471437,3.642262072306721,0.9982698961937716,1.0,0.04210629026690296,0.13218447333415803,0.0,0,0.0,578,0,59
P2,35,P2_K35,18,2,2.455340961295176,2.1775238837466304,3.1662038340160024,3.758820282838738,0.9902439024390244,0.9934959349593496,0.04602371688547122,0.15453316601636566,0.0,0,0.0,615,0,60
P2,35,P2_K35,19,2,2.4837743512711428,2.229924732219306,3.3841652099133768,3.8995106952679097,0.9948453608247423,0.9982817869415808,0.04200839461808539,0.13370985235467117,0.0,0,0.0,582,0,61
P2,35,P2_K35,20,2,2.4024844302633896,2.2393779790519375,3.166203834016983,3.640669098435126,1.0,1.0,0.04250095139082752,0.12721206243617728,0.0,0,0.0,584,0,62
P2,35,P2_K35,21,2,2.4249890069493993,2.2393779790519375,3.3664208828486153,3.6568785203735152,0.996415770609319,1.0,0.04139500881991098,0.1058356457040068,0.0,0,0.0,558,0,63
P2,35,P2_K35,22,2,2.4377464394036577,2.2309325535891844,3.3664208828486153,3.739705059418947,0.9982517482517482,0.9982517482517482,0.04318330024457379,0.13958753859867923,0.0,0,0.0,572,0,64
P2,35,P2_K35,23,2,2.5028490256006557,2.2883064046834534,3.385217488449428,3.8996839922350546,0.996551724137931,0.9982758620689656,0.04433843865125568,0.1430773896485688,0.0,0,0.0,580,0,65
P2,35,P2_K35,24,2,2.4126319130820026,2.2309325535891844,3.1662038340161303,3.7397050594184407,0.9983136593591906,1.0,0.04385275829675251,0.13388118715978797,0.0,0,0.0,593,0,66
P2,35,P2_K35,25,2,2.4411450446661855,2.239377979052044,3.258554195920169,3.899683992234202,0.9983221476510067,1.0,0.04434168648101538,0.12319532289122982,0.0,0,0.0,596,0,67
P2,35,P2_K35,26,2,2.4811938176572768,2.2299247322197857,3.366420882849127,3.983663936647087,0.9948186528497409,0.998272884283247,0.04298028112204301,0.13296559439732347,0.0,0,0.0,579,0,68
P2,35,P2_K35,27,2,2.4106646152024207,2.2071533850046876,3.1662038340161303,3.642262072306721,0.9963963963963964,0.9981981981981982,0.03974301972126544,0.11539548012593025,0.0,0,0.0,555,0,69
P2,35,P2_K35,28,2,2.4341998688033892,2.2299247322197857,3.258554195920169,3.642262072306721,0.998220640569395,0.998220640569395,0.041090107388154475,0.12047536661176463,0.0,0,0.0,562,0,70
P2,35,P2_K35,29,2,2.410377857440829,2.2499467463217115,3.1662038340160983,3.4994446008192774,0.9982817869415808,0.9982817869415808,0.04206218607003387,0.11944699143914746,0.0,0,0.0,582,0,71
P2,40,P2_K40,0,2,2.4305787816940976,2.239794818735561,3.3664208828490416,3.642262072306721,0.9965397923875432,1.0,0.03668226165821846,0.12553712242647347,0.0,0,0.0,578,0,42
P2,40,P2_K40,1,2,2.4507424218654763,2.229924732219253,3.3230361944673077,3.739705059418899,0.9981308411214953,1.0,0.03440224670308113,0.11175764750899807,0.0,0,0.0,535,0,43
P2,40,P2_K40,2,2,2.4101079914941925,2.2397948187351346,3.1662038340160024,3.499444600819203,0.9964601769911504,1.0,0.03695844214683235,0.12165397906294202,0.0,0,0.0,565,0,44
P2,40,P2_K40,3,2,2.4269898291604157,2.2309325535883318,3.1662038340161303,3.6422620723061456,0.998330550918197,0.998330550918197,0.038592770722601276,0.17934149176608588,0.0,0,0.0,599,0,45
P2,40,P2_K40,4,2,2.406054264479803,2.174797114564342,3.3180770862456366,3.6437818523981487,0.9948006932409013,0.9982668977469671,0.03666144839093129,0.13412960174610664,0.0,0,0.0,577,0,46
P2,40,P2_K40,5,2,2.3751624791903114,2.2299247322193594,3.166203834015704,3.5523576395559306,0.9981718464351006,1.0,0.0345529546798224,0.12224484141034882,0.0,0,0.0,547,0,47
P2,40,P2_K40,6,2,2.361906476928884,2.177523883746204,3.1662038340161303,3.6396071158542753,0.9981684981684982,1.0,0.03532267160552556,0.12454003399798046,0.0,0,0.0,546,0,48
P2,40,P2_K40,7,2,2.4147553277430456,2.2071533850055403,3.166203834016983,3.642262072306721,0.9965156794425087,0.9982578397212544,0.03811785391640692,0.12204892282976235,0.0,0,0.0,574,0,49
P2,40,P2_K40,8,2,2.417783473239112,2.2299247322193594,3.166203834016983,3.642262072306721,0.9947826086956522,0.9982608695652174,0.03763573222836232,0.15205178555097398,0.0,0,0.0,575,0,50
P2,40,P2_K40,9,2,2.430703810547371,2.239794818735561,3.3664208828486153,3.642262072306721,0.9983361064891847,0.9983361064891847,0.039320271569526034,0.14837365433177008,0.0,0,0.0,601,0,51
P2,40,P2_K40,10,2,2.3740060203763638,2.235155266320561,3.1662038340158105,3.642262072306721,0.9983552631578947,1.0,0.039206822328223215,0.1386942599905052,0.0,0,0.0,608,0,52
P2,40,P2_K40,11,2,2.4966830271056186,2.2883064046834534,3.3735186136751163,3.8996839922350546,0.9982964224872232,1.0,0.03845350066946407,0.11523479250727248,0.0,0,0.0,587,0,53
P2,40,P2_K40,12,2,2.4466264587136215,2.2299247322193594,3.366660131155413,3.870891150455975,0.9981447124304267,1.0,0.03475719602592408,0.14218131529081215,0.0,0,0.0,539,0,54
P2,40,P2_K40,13,2,2.488492093650615,2.28830640468356,3.366420882849468,3.7397050594188457,0.9965156794425087,0.9965156794425087,0.036884383627032113,0.13225543464053488,0.0,0,0.0,574,0,55
P2,40,P2_K40,14,2,2.37730736070158,2.177523883745991,3.166203834016983,3.638014141983661,1.0,1.0,0.03716298268088238,0.1496790853793113,0.0,0,0.0,569,0,56
P2,40,P2_K40,15,2,2.419977523705676,2.239794818735561,3.366420882849468,3.6537179906804336,1.0,1.0,0.035983539241111584,0.10639277625932433,0.0,0,0.0,573,0,57
P2,40,P2_K40,16,2,2.4167305051010177,2.2309325535883318,3.3020459385800502,3.642262072306721,0.998211091234347,0.998211091234347,0.03599728465973294,0.11883365561248482,0.0,0,0.0,559,0,58
P2,40,P2_K40,17,2,2.39103658387285,2.2395863988939624,3.2684531803350603,3.520867221542091,0.9982698961937716,1.0,0.036819555493967614,0.13218447333415803,0.0,0,0.0,578,0,59
P2,40,P2_K40,18,2,2.439590051510034,2.177523883745991,3.162899888209523,3.739705059418899,0.9902439024390244,0.9934959349593496,0.04024672744959421,0.15453316601636566,0.0,0,0.0,615,0,60
P2,40,P2_K40,19,2,2.4823090269590224,2.229924732219253,3.3841652099133768,3.8995106952679097,0.9948453608247423,0.9982817869415808,0.03675523016495752,0.13370985235467117,0.0,0,0.0,582,0,61
P2,40,P2_K40,20,2,2.398521540552917,2.2393779790519375,3.166203834016983,3.631642246499677,1.0,1.0,0.03718259256719503,0.12721206243617728,0.0,0,0.0,584,0,62
P2,40,P2_K40,21,2,2.419160927097377,2.2393779790519375,3.3664208828486153,3.642262072306721,0.996415770609319,1.0,0.03621256707119832,0.1058356457040068,0.0,0,0.0,558,0,63
P2,40,P2_K40,22,2,2.4337815971187227,2.2309325535891844,3.3664208828486153,3.739705059418947,0.9982517482517482,0.9982517482517482,0.03777976298734784,0.13958753859867923,0.0,0,0.0,572,0,64
P2,40,P2_K40,23,2,2.498159437948739,2.2691265755025825,3.385211572990159,3.8996839922350546,0.996551724137931,0.9982758620689656,0.038789387885230384,0.1430773896485688,0.0,0,0.0,580,0,65
P2,40,P2_K40,24,2,2.4074911201828844,2.2309325535891844,3.1662038340161303,3.7397050594184407,0.9983136593591906,1.0,0.038363602770101965,0.13388118715978797,0.0,0,0.0,593,0,66
P2,40,P2_K40,25,2,2.4377814912432045,2.2393779790519908,3.258554195920169,3.899683992234202,0.9983221476510067,1.0,0.03879400375164219,0.12319532289122982,0.0,0,0.0,596,0,67
P2,40,P2_K40,26,2,2.473921929406541,2.2299247322197857,3.3664208828490416,3.903310729670353,0.9948186528497409,0.998272884283247,0.03759730346368948,0.13296559439732347,0.0,0,0.0,579,0,68
P2,40,P2_K40,27,2,2.4078938051227934,2.2071533850046876,3.1662038340161303,3.642262072306721,0.9963963963963964,0.9981981981981982,0.034771328269018485,0.11539548012593025,0.0,0,0.0,555,0,69
P2,40,P2_K40,28,2,2.430536599007087,2.2299247322197857,3.258554195920169,3.6422620723060817,0.998220640569395,0.998220640569395,0.03594873791893695,0.12047536661176463,0.0,0,0.0,562,0,70
P2,40,P2_K40,29,2,2.404119883826601,2.249631744364393,3.1662038340160983,3.4994446008192774,0.9982817869415808,0.9982817869415808,0.03679537972436624,0.11944699143914746,0.0,0,0.0,582,0,71
P2,45,P2_K45,0,2,2.4288056474527093,2.239586398893749,3.3664208828490416,3.642262072306721,0.9965397923875432,1.0,0.0326041953902164,0.12553712242647347,0.0,0,0.0,578,0,42
P2,45,P2_K45,1,2,2.4464565273594436,2.2071533850046876,3.3230361944673077,3.739705059418899,0.9981308411214953,1.0,0.03057471983492412,0.11175764750899807,0.0,0,0.0,535,0,43
P2,45,P2_K45,2,2,2.4046897529917155,2.2393779790519375,3.1662038340160024,3.499444600819203,0.9964601769911504,1.0,0.03284519966677448,0.12165397906294202,0.0,0,0.0,565,0,44
P2,45,P2_K45,3,2,2.424434482955156,2.2299247322197857,3.1662038340161303,3.6422620723061456,0.998330550918197,0.998330550918197,0.03430131063266289,0.17934149176608588,0.0,0,0.0,599,0,45
P2,45,P2_K45,4,2,2.3971511969521404,2.1747971145639156,3.2787664736317184,3.642262072306721,0.9948006932409013,0.9982668977469671,0.03257662901512353,0.13412960174610664,0.0,0,0.0,577,0,46
P2,45,P2_K45,5,2,2.368821274267426,2.229924732219253,3.166203834015704,3.5523576395559306,0.9981718464351006,1.0,0.030706090581595173,0.12224484141034882,0.0,0,0.0,547,0,47
P2,45,P2_K45,6,2,2.3582498778439582,2.176296233398638,3.1662038340161303,3.6396071158542753,0.9981684981684982,1.0,0.03139352885416123,0.12454003399798046,0.0,0,0.0,546,0,48
P2,45,P2_K45,7,2,2.4105674576397575,2.2071533850055403,3.166203834016727,3.642262072306721,0.9965156794425087,0.9982578397212544,0.033877237349329764,0.12204892282976235,0.0,0,0.0,574,0,49
P2,45,P2_K45,8,2,2.4050839450118437,2.229924732218933,3.166203834015704,3.642262072306721,0.9947826086956522,0.9982608695652174,0.033437885815134495,0.15205178555097398,0.0,0,0.0,575,0,50
P2,45,P2_K45,9,2,2.423049915622757,2.230932553588758,3.3440264503543915,3.642262072306721,0.9983361064891847,0.9983361064891847,0.03494121143294356,0.14837365433177008,0.0,0,0.0,601,0,51
P2,45,P2_K45,10,2,2.3730117560088217,2.2309325535891844,3.1662038340158105,3.642262072306721,0.9983552631578947,1.0,0.03484917603616431,0.1386942599905052,0.0,0,0.0,608,0,52
P2,45,P2_K45,11,2,2.481802958956736,2.2499467463217115,3.3664208828490416,3.739705059419123,0.9982964224872232,1.0,0.03416163331112106,0.11523479250727248,0.0,0,0.0,587,0,53
P2,45,P2_K45,12,2,2.4417778709146143,2.2071533850055403,3.3664208828490416,3.8708911504555914,0.9981447124304267,1.0,0.030889523917171344,0.14218131529081215,0.0,0,0.0,539,0,54
P2,45,P2_K45,13,2,2.483915477557087,2.2883064046834534,3.366420882849468,3.7397050594186965,0.9965156794425087,0.9965156794425087,0.032780327382675625,0.13225543464053488,0.0,0,0.0,574,0,55
P2,45,P2_K45,14,2,2.3706473916376734,2.1747971145641287,3.166203834016983,3.631642246500178,1.0,1.0,0.03302540805673372,0.1496790853793113,0.0,0,0.0,569,0,56
P2,45,P2_K45,15,2,2.4125172559853656,2.23937797905279,3.3664208828493827,3.642262072306721,1.0,1.0,0.031975944198881064,0.10639277625932433,0.0,0,0.0,573,0,57
P2,45,P2_K45,16,2,2.4149771928970827,2.2309325535883318,3.3020459385800502,3.642262072306721,0.998211091234347,0.998211091234347,0.03199542564656596,0.11883365561248482,0.0,0,0.0,559,0,58
P2,45,P2_K45,17,2,2.381990573817558,2.235155266320561,3.166203834016983,3.4994446008188937,0.9982698961937716,1.0,0.03271696689011417,0.13218447333415803,0.0,0,0.0,578,0,59
P2,45,P2_K45,18,2,2.435415110765066,2.1750685830517114,3.162899888209523,3.739705059418899,0.9902439024390244,0.9934959349593496,0.035769208375481115,0.15453316601636566,0.0,0,0.0,615,0,60
P2,45,P2_K45,19,2,2.4802507763400854,2.229924732219253,3.3841652099133768,3.8995106952679097,0.9948453608247423,0.9982817869415808,0.032668674825067565,0.13370985235467117,0.0,0,0.0,582,0,61
P2,45,P2_K45,20,2,2.3898798372177636,2.2309325535889712,3.166203834016983,3.631642246499677,1.0,1.0,0.03304006739053197,0.12721206243617728,0.0,0,0.0,584,0,62
P2,45,P2_K45,21,2,2.409871081504743,2.2351552663203478,3.258554195919242,3.642262072306721,0.996415770609319,1.0,0.03217752052307423,0.1058356457040068,0.0,0,0.0,558,0,63
P2,45,P2_K45,22,2,2.424800575536322,2.2299247322193594,3.3664208828486153,3.739705059418947,0.9982517482517482,0.9982517482517482,0.0335706862701797,0.13958753859867923,0.0,0,0.0,572,0,64
P2,45,P2_K45,23,2,2.4912236707558426,2.2499467463217115,3.384165209913398,3.8996839922350546,0.996551724137931,0.9982758620689656,0.034470587412594816,0.1430773896485688,0.0,0,0.0,580,0,65
P2,45,P2_K45,24,2,2.40221685437809,2.2299247322197857,3.1662038340161303,3.73970505941827,0.9983136593591906,1.0,0.034094085091011604,0.13388118715978797,0.0,0,0.0,593,0,66
P2,45,P2_K45,25,2,2.4336672037493288,2.2393779790519375,3.258554195920169,3.899683992234202,0.9983221476510067,1.0,0.03447815299231873,0.12319532289122982,0.0,0,0.0,596,0,67
P2,45,P2_K45,26,2,2.4648377335445324,2.2299247322197857,3.3664208828490416,3.8996839922350546,0.9948186528497409,0.998272884283247,0.033408229733587945,0.13296559439732347,0.0,0,0.0,579,0,68
P2,45,P2_K45,27,2,2.403848622205922,2.2071533850046876,3.1662038340161303,3.642262072306721,0.9963963963963964,0.9981981981981982,0.030902897887013645,0.11539548012593025,0.0,0,0.0,555,0,69
P2,45,P2_K45,28,2,2.423535727447948,2.2299247322195725,3.258554195920084,3.6422620723060817,0.998220640569395,0.998220640569395,0.03194575978637375,0.12047536661176463,0.0,0,0.0,562,0,70
P2,45,P2_K45,29,2,2.3991523051437293,2.2397948187354544,3.1662038340158105,3.4994446008190643,0.9982817869415808,0.9982817869415808,0.03270063045430122,0.11944699143914746,0.0,0,0.0,582,0,71
P2,48,P2_K48,0,2,2.4264122339071594,2.239586398893749,3.3664208828490416,3.642262072306721,0.9965397923875432,1.0,0.030563573983078768,0.12553712242647347,0.0,0,0.0,578,0,42
P2,48,P2_K48,1,2,2.4431096964053225,2.2071533850046876,3.228249420137134,3.73970505941843,0.9981308411214953,1.0,0.02866009912897059,0.11175764750899807,0.0,0,0.0,535,0,43
P2,48,P2_K48,2,2,2.3937872003821123,2.2309325535883318,3.166203834015704,3.499444600819203,0.9964601769911504,1.0,0.030779643325530088,0.12165397906294202,0.0,0,0.0,565,0,44
P2,48,P2_K48,3,2,2.4173213469293233,2.2299247322193594,3.1662038340158105,3.64226207230589,0.998330550918197,0.998330550918197,0.03214867256633683,0.17934149176608588,0.0,0,0.0,599,0,45
P2,48,P2_K48,4,2,2.3946646762157955,2.1747971145639156,3.2585541959193165,3.642262072306721,0.9948006932409013,0.9982668977469671,0.03053762441880614,0.13412960174610664,0.0,0,0.0,577,0,46
P2,48,P2_K48,5,2,2.3638046551708434,2.2071533850055403,3.1612479153064332,3.499444600819288,0.9981718464351006,1.0,0.028781288436602475,0.12224484141034882,0.0,0,0.0,547,0,47
P2,48,P2_K48,6,2,2.3542946527091146,2.1749328488078135,3.1662038340161303,3.6396071158542753,0.9981684981684982,1.0,0.02942696993907884,0.12454003399798046,0.0,0,0.0,546,0,48
P2,48,P2_K48,7,2,2.4062376415035875,2.1946785508444577,3.1662038340161303,3.6422620723063055,0.9965156794425087,0.9982578397212544,0.031754773369696225,0.12204892282976235,0.0,0,0.0,574,0,49
P2,48,P2_K48,8,2,2.4023415310569467,2.229924732218933,3.157943969500124,3.642262072306721,0.9947826086956522,0.9982608695652174,0.03134475884118911,0.15205178555097398,0.0,0,0.0,575,0,50
P2,48,P2_K48,9,2,2.417830840723508,2.230932553588758,3.166203834016983,3.642262072306721,0.9983361064891847,0.9983361064891847,0.032750902864518754,0.14837365433177008,0.0,0,0.0,601,0,51
P2,48,P2_K48,10,2,2.3689382399700647,2.230932553588758,3.1662038340158105,3.642262072306721,0.9983552631578947,1.0,0.03266598369761196,0.1386942599905052,0.0,0,0.0,608,0,52
P2,48,P2_K48,11,2,2.4770798352847887,2.2499467463217115,3.3519059311176984,3.739705059418803,0.9982964224872232,1.0,0.0320208010836828,0.11523479250727248,0.0,0,0.0,587,0,53
P2,48,P2_K48,12,2,2.4360171327412656,2.2071533850046876,3.348505336853321,3.8708911504555914,0.9981447124304267,1.0,0.02895251118335294,0.14218131529081215,0.0,0,0.0,539,0,54
P2,48,P2_K48,13,2,2.4820142563967975,2.2883064046834534,3.36642088284934,3.7397050594186965,0.9965156794425087,0.9965156794425087,0.030729301421618015,0.13225543464053488,0.0,0,0.0,574,0,55
P2,48,P2_K48,14,2,2.3676242738683597,2.1747971145641287,3.1662038340161303,3.6316422464997515,1.0,1.0,0.03095776484069873,0.1496790853793113,0.0,0,0.0,569,0,56
P2,48,P2_K48,15,2,2.4107114941581886,2.23937797905279,3.3664208828493827,3.642262072306721,1.0,1.0,0.029975309166429976,0.10639277625932433,0.0,0,0.0,573,0,57
P2,48,P2_K48,16,2,2.4086079006409977,2.2299247322197857,3.166203834016983,3.642262072306721,0.998211091234347,0.998211091234347,0.029988352841664952,0.11883365561248482,0.0,0,0.0,559,0,58
P2,48,P2_K48,17,2,2.377384105347695,2.2309325535891844,3.166203834016386,3.4994446008188618,0.9982698961937716,1.0,0.030666653527158156,0.13218447333415803,0.0,0,0.0,578,0,59
P2,48,P2_K48,18,2,2.4338228866448186,2.1750685830517114,3.162899888209523,3.73970505941843,0.9902439024390244,0.9934959349593496,0.033531609005630535,0.15453316601636566,0.0,0,0.0,615,0,60
P2,48,P2_K48,19,2,2.4775924186465375,2.229924732219253,3.366420882849468,3.739705059419123,0.9948453608247423,0.9982817869415808,0.030623684971215693,0.13370985235467117,0.0,0,0.0,582,0,61
P2,48,P2_K48,20,2,2.3828830017963605,2.230932553588545,3.166203834016727,3.631642246499677,1.0,1.0,0.030966617924229504,0.12721206243617728,0.0,0,0.0,584,0,62
P2,48,P2_K48,21,2,2.4032392071146114,2.230932553588545,3.1711803607512365,3.6422620723061776,0.996415770609319,1.0,0.030158777123339905,0.1058356457040068,0.0,0,0.0,558,0,63
P2,48,P2_K48,22,2,2.4220542419842217,2.2299247322193594,3.3664208828486153,3.7397050594186965,0.9982517482517482,0.9982517482517482,0.03146927163806571,0.13958753859867923,0.0,0,0.0,572,0,64
P2,48,P2_K48,23,2,2.4847012571992875,2.2499467463217115,3.3664208828490416,3.8996839922350546,0.996551724137931,0.9982758620689656,0.032308356999194376,0.1430773896485688,0.0,0,0.0,580,0,65
P2,48,P2_K48,24,2,2.3969982211350427,2.2299247322197857,3.1662038340160663,3.73970505941827,0.9983136593591906,1.0,0.03195680875448441,0.13388118715978797,0.0,0,0.0,593,0,66
P2,48,P2_K48,25,2,2.427797585759345,2.2393779790519375,3.258554195919743,3.772501582178016,0.9983221476510067,1.0,0.03231603816342954,0.1233551117297093,0.0,0,0.0,596,0,67
P2,48,P2_K48,26,2,2.4598190516854217,2.229924732218933,3.3664208828490416,3.8996839922350546,0.9948186528497409,0.998272884283247,0.031314209636158795,0.13296559439732347,0.0,0,0.0,579,0,68
P2,48,P2_K48,27,2,2.4005426792577165,2.2071533850046876,3.1662038340160024,3.642262072306721,0.9963963963963964,0.9981981981981982,0.028967674609815506,0.11539548012593025,0.0,0,0.0,555,0,69
P2,48,P2_K48,28,2,2.4185885834780487,2.2299247322193594,3.2585541959193165,3.642262072306071,0.998220640569395,0.998220640569395,0.029943403489145284,0.12047536661176463,0.0,0,0.0,562,0,70
P2,48,P2_K48,29,2,2.39640663440373,2.2397948187354544,3.1662038340158,3.4989490089478954,0.9982817869415808,0.9982817869415808,0.030653538346768257,0.11944699143914746,0.0,0,0.0,582,0,71
