experiment_id,scenario_id,replication,policy,K,demand_multiplier,service_time_mean,mean_response_time,p90_response_time,p95_response_time,coverage_8min,coverage_10min,mean_utilization,max_utilization,mean_queue_length,max_queue_length,queue_fraction,total_incidents,incidents_queued,random_seed
exp2_fleet_sensitivity,P0_K15,0,P0,15,1.0,25.0,9.325670928479239,20.47747608089606,20.47747608089606,0.5743944636678201,0.6470588235294118,0.1241775870465312,0.49354855563734595,0.0,0,0.0,578,0,42
exp2_fleet_sensitivity,P0_K15,1,P0,15,1.0,25.0,10.325626088935362,23.687103687335593,23.687103687335593,0.5225694444444444,0.59375,0.12774617342421263,0.4707223710588312,0.0,0,0.0,576,0,43
exp2_fleet_sensitivity,P0_K15,2,P0,15,1.0,25.0,9.705681394434148,23.047722632164493,23.047722632164493,0.5689948892674617,0.6405451448040886,0.1309031234339968,0.5215594518165187,0.0,0,0.0,587,0,44
exp2_fleet_sensitivity,P0_K15,3,P0,15,1.0,25.0,9.402318977514353,20.661837124202822,20.661837124202822,0.5742904841402338,0.6377295492487479,0.13054779970381516,0.5181547375099061,0.0,0,0.0,599,0,45
exp2_fleet_sensitivity,P0_K15,4,P0,15,1.0,25.0,9.69270352859122,23.286172471311943,23.286172471311943,0.584055459272097,0.6447140381282496,0.1255707183638611,0.4869783539651237,0.0,0,0.0,577,0,46
exp2_fleet_sensitivity,P0_K15,5,P0,15,1.0,25.0,8.973212088028266,20.47075617802449,20.47075617802449,0.5978062157221207,0.659963436928702,0.11601114062790194,0.45443883983806027,0.0,0,0.0,547,0,47
exp2_fleet_sensitivity,P0_K15,6,P0,15,1.0,25.0,9.583409236931882,22.72005724389203,22.72005724389203,0.5820642978003384,0.6582064297800339,0.13012309770115105,0.5153541359698205,0.0,0,0.0,591,0,48
exp2_fleet_sensitivity,P0_K15,7,P0,15,1.0,25.0,9.744004938356337,23.264606217927053,23.264606217927053,0.5753176043557169,0.6406533575317604,0.12434439872767405,0.45627464366656423,0.0,0,0.0,551,0,49
exp2_fleet_sensitivity,P0_K15,8,P0,15,1.0,25.0,9.240910097771778,20.47747608089651,20.47747608089651,0.60075329566855,0.6591337099811676,0.11598266697584675,0.465653326807078,0.0,0,0.0,531,0,50
exp2_fleet_sensitivity,P0_K15,9,P0,15,1.0,25.0,9.389969610899726,20.321878440439587,20.321878440439587,0.5588752196836555,0.6256590509666081,0.12546226136171024,0.5076674903599739,0.0,0,0.0,569,0,51
exp2_fleet_sensitivity,P0_K15,10,P0,15,1.0,25.0,9.467346421521766,22.04555201557288,22.04555201557288,0.5509868421052632,0.6365131578947368,0.13307005684499915,0.5304590261572802,0.0,0,0.0,608,0,52
exp2_fleet_sensitivity,P0_K15,11,P0,15,1.0,25.0,9.512965284949223,22.450639014015163,22.450639014015163,0.58603066439523,0.6422487223168655,0.1297818065825537,0.4767415744609803,0.0,0,0.0,587,0,53
exp2_fleet_sensitivity,P0_K15,12,P0,15,1.0,25.0,9.772262943383367,23.69806612674836,23.69806612674836,0.5813559322033899,0.6491525423728813,0.130184579181337,0.5248569891666678,0.0,0,0.0,590,0,54
exp2_fleet_sensitivity,P0_K15,13,P0,15,1.0,25.0,9.610608850442993,22.42613264318081,22.42613264318081,0.5749128919860628,0.6254355400696864,0.12539602180435305,0.5027640525932159,0.0,0,0.0,574,0,55
exp2_fleet_sensitivity,P0_K15,14,P0,15,1.0,25.0,9.682378547797843,23.068468531990902,23.068468531990902,0.5616224648985959,0.6380655226209049,0.14165242840921763,0.5192051237518789,0.0,0,0.0,641,0,56
exp2_fleet_sensitivity,P0_K15,15,P0,15,1.0,25.0,9.448423889105234,21.880835992590974,21.880835992590974,0.6038394415357766,0.6579406631762653,0.12259168511501417,0.4901443339117534,0.0,0,0.0,573,0,57
exp2_fleet_sensitivity,P0_K15,16,P0,15,1.0,25.0,9.610269313682826,22.806539340030106,22.806539340030106,0.58195211786372,0.6298342541436464,0.11917152851829149,0.47836830313158785,0.0,0,0.0,543,0,58
exp2_fleet_sensitivity,P0_K15,17,P0,15,1.0,25.0,9.244939505309992,20.608899108810625,20.608899108810625,0.5847750865051903,0.657439446366782,0.12438624777618015,0.49228883717699373,0.0,0,0.0,578,0,59
exp2_fleet_sensitivity,P0_K15,18,P0,15,1.0,25.0,9.678525968753705,22.41842659503186,22.41842659503186,0.5821138211382114,0.6422764227642277,0.13676869111627818,0.5230863472185302,0.0,0,0.0,615,0,60
exp2_fleet_sensitivity,P0_K15,19,P0,15,1.0,25.0,9.505546684708046,20.130054939765444,20.130054939765444,0.5787610619469027,0.6407079646017699,0.1213976952611208,0.47193456732511985,0.0,0,0.0,565,0,61
exp2_fleet_sensitivity,P0_K15,20,P0,15,1.0,25.0,9.31185853753284,22.50937383472502,22.50937383472502,0.5900514579759862,0.6552315608919382,0.1255997847986735,0.48663817748286026,0.0,0,0.0,583,0,62
exp2_fleet_sensitivity,P0_K15,21,P0,15,1.0,25.0,9.885717972037911,22.657984932705173,22.657984932705173,0.5303292894280762,0.6152512998266898,0.1280886257363719,0.5022036503414886,0.0,0,0.0,577,0,63
exp2_fleet_sensitivity,P0_K15,22,P0,15,1.0,25.0,9.67278622772459,21.978722344804538,21.978722344804538,0.5734265734265734,0.6258741258741258,0.1281316870714631,0.4876942037721167,0.0,0,0.0,572,0,64
exp2_fleet_sensitivity,P0_K15,23,P0,15,1.0,25.0,9.729552780510698,23.27841173542594,23.27841173542594,0.5741379310344827,0.6379310344827587,0.1311778395106538,0.4952343257366809,0.0,0,0.0,580,0,65
exp2_fleet_sensitivity,P0_K15,24,P0,15,1.0,25.0,9.504061612241513,21.98033209450614,21.98033209450614,0.5794066317626527,0.6492146596858639,0.1259596795560477,0.49140552454331643,0.0,0,0.0,573,0,66
exp2_fleet_sensitivity,P0_K15,25,P0,15,1.0,25.0,9.548829627245498,23.264606217927053,23.264606217927053,0.5764705882352941,0.6521008403361345,0.13114008324804055,0.5031344794512077,0.0,0,0.0,595,0,67
exp2_fleet_sensitivity,P0_K15,26,P0,15,1.0,25.0,9.58447013595773,23.14692360636537,23.14692360636537,0.585278276481149,0.6409335727109515,0.12294690176608382,0.4699623496413782,0.0,0,0.0,557,0,68
exp2_fleet_sensitivity,P0_K15,27,P0,15,1.0,25.0,9.866266150668341,23.05809558207727,23.05809558207727,0.5568181818181818,0.6201298701298701,0.1333627430635976,0.5347491078520786,0.0,0,0.0,616,0,69
exp2_fleet_sensitivity,P0_K15,28,P0,15,1.0,25.0,9.950128725163559,23.698066126748273,23.698066126748273,0.5604982206405694,0.6156583629893239,0.12381310782946642,0.4883532026409967,0.0,0,0.0,562,0,70
exp2_fleet_sensitivity,P0_K15,29,P0,15,1.0,25.0,9.148320800206685,21.482851584931097,21.482851584931097,0.6058519793459552,0.6815834767641996,0.12386228532515477,0.48988658088922615,0.0,0,0.0,581,0,71
exp2_fleet_sensitivity,P1_K15,0,P1,15,1.0,25.0,2.8979037169911126,4.887702374980422,4.887702374980422,0.9913494809688581,0.9982698961937716,0.09960583143647724,0.15110266520323687,0.0,0,0.0,578,0,42
exp2_fleet_sensitivity,P1_K15,1,P1,15,1.0,25.0,2.9060172424176094,4.777429979779981,4.777429979779981,0.9906542056074766,0.9981308411214953,0.09335025065924407,0.13469907955409882,0.0,0,0.0,535,0,43
exp2_fleet_sensitivity,P1_K15,2,P1,15,1.0,25.0,2.909869218494762,5.003865106022773,5.003865106022773,0.9929203539823008,1.0,0.10042333972789767,0.14843534242241532,0.0,0,0.0,565,0,44
exp2_fleet_sensitivity,P1_K15,3,P1,15,1.0,25.0,2.990069884011238,5.021387730970389,5.021387730970389,0.993322203672788,0.998330550918197,0.10514477584793971,0.18974676150213035,0.0,0,0.0,599,0,45
exp2_fleet_sensitivity,P1_K15,4,P1,15,1.0,25.0,2.8486573840688783,4.777429979780834,4.777429979780834,0.9930675909878682,0.9982668977469671,0.09945289676737021,0.16622765599394387,0.0,0,0.0,577,0,46
exp2_fleet_sensitivity,P1_K15,5,P1,15,1.0,25.0,2.921801972471206,5.1095510239380175,5.1095510239380175,0.9945155393053017,0.9981718464351006,0.09411880376804921,0.1418328034998792,0.0,0,0.0,547,0,47
exp2_fleet_sensitivity,P1_K15,6,P1,15,1.0,25.0,2.931447849295194,5.021387730970517,5.021387730970517,0.9945054945054945,1.0,0.09625046812605759,0.16385976289867912,0.0,0,0.0,546,0,48
exp2_fleet_sensitivity,P1_K15,7,P1,15,1.0,25.0,3.0309227745907545,5.1095510239380815,5.1095510239380815,0.9878048780487805,0.9982578397212544,0.10398676464011816,0.16536440748434655,0.0,0,0.0,574,0,49
exp2_fleet_sensitivity,P1_K15,8,P1,15,1.0,25.0,2.9715860337929394,5.022147310701939,5.022147310701939,0.991304347826087,0.9947826086956522,0.10246801393382367,0.16131131972433246,0.0,0,0.0,575,0,50
exp2_fleet_sensitivity,P1_K15,9,P1,15,1.0,25.0,2.965635060224561,5.021387730970304,5.021387730970304,0.9933444259567388,0.9983361064891847,0.10698033847810108,0.15272238119486362,0.0,0,0.0,601,0,51
exp2_fleet_sensitivity,P1_K15,10,P1,15,1.0,25.0,2.955308151079073,5.1095510239380815,5.1095510239380815,0.9934102141680395,1.0,0.1067024566372868,0.18127795096079474,0.0,0,0.0,607,0,52
exp2_fleet_sensitivity,P1_K15,11,P1,15,1.0,25.0,3.060900035880732,5.290793164495111,5.290793164495111,0.9914821124361158,1.0,0.10473311411427849,0.18145500587413282,0.0,0,0.0,587,0,53
exp2_fleet_sensitivity,P1_K15,12,P1,15,1.0,25.0,2.984363355409335,5.190882024795144,5.190882024795144,0.9888682745825603,1.0,0.09460278852494435,0.14713607087522904,0.0,0,0.0,539,0,54
exp2_fleet_sensitivity,P1_K15,13,P1,15,1.0,25.0,2.9638123469741493,5.021387730970602,5.021387730970602,0.9930313588850174,0.9965156794425087,0.10016281285599905,0.15596915032392575,0.0,0,0.0,574,0,55
exp2_fleet_sensitivity,P1_K15,14,P1,15,1.0,25.0,2.9494652253665854,5.09452401344663,5.09452401344663,0.9964850615114236,1.0,0.10125444736723657,0.1671781312807473,0.0,0,0.0,569,0,56
exp2_fleet_sensitivity,P1_K15,15,P1,15,1.0,25.0,2.9253368947445963,4.894436696330331,4.894436696330331,0.9982547993019197,1.0,0.09787125622765533,0.15445078197625423,0.0,0,0.0,573,0,57
exp2_fleet_sensitivity,P1_K15,16,P1,15,1.0,25.0,2.9478899825893032,5.080906198992011,5.080906198992011,0.9874776386404294,0.9946332737030411,0.09795650345714466,0.13770553675918146,0.0,0,0.0,559,0,58
exp2_fleet_sensitivity,P1_K15,17,P1,15,1.0,25.0,2.9402336959112376,4.909784030456837,4.909784030456837,0.9913494809688581,0.9982698961937716,0.10028492530374297,0.15313310309959505,0.0,0,0.0,578,0,59
exp2_fleet_sensitivity,P1_K15,18,P1,15,1.0,25.0,2.9206068130902976,5.094524013446971,5.094524013446971,0.9853658536585366,0.991869918699187,0.10928112312201223,0.16998641580818777,0.0,0,0.0,615,0,60
exp2_fleet_sensitivity,P1_K15,19,P1,15,1.0,25.0,3.041014924335419,5.184641243944839,5.184641243944839,0.9862542955326461,0.9965635738831615,0.10016452139407364,0.15120971550722587,0.0,0,0.0,582,0,61
exp2_fleet_sensitivity,P1_K15,20,P1,15,1.0,25.0,2.9494012366190128,4.997761636505164,4.997761636505164,0.9931506849315068,0.9948630136986302,0.10128131657139965,0.1519913022843546,0.0,0,0.0,584,0,62
exp2_fleet_sensitivity,P1_K15,21,P1,15,1.0,25.0,2.9208626530593635,4.802992411669693,4.802992411669693,0.989247311827957,1.0,0.09841836379757905,0.1531918187997748,0.0,0,0.0,558,0,63
exp2_fleet_sensitivity,P1_K15,22,P1,15,1.0,25.0,3.0518056545629224,5.351275728693281,5.351275728693281,0.9895104895104895,0.9965034965034965,0.10308406215183025,0.16840748144412163,0.0,0,0.0,572,0,64
exp2_fleet_sensitivity,P1_K15,23,P1,15,1.0,25.0,3.016859557787533,5.1095510239380815,5.1095510239380815,0.9913793103448276,0.996551724137931,0.10542809037586895,0.16213965444370468,0.0,0,0.0,580,0,65
exp2_fleet_sensitivity,P1_K15,24,P1,15,1.0,25.0,2.9610621964485913,5.098921644849213,5.098921644849213,0.9915682967959528,0.9983136593591906,0.10447402304980606,0.16746875964946836,0.0,0,0.0,593,0,66
exp2_fleet_sensitivity,P1_K15,25,P1,15,1.0,25.0,2.980482078934334,5.1042363343937325,5.1042363343937325,0.9932885906040269,1.0,0.1055898932733204,0.1518328697437768,0.0,0,0.0,596,0,67
exp2_fleet_sensitivity,P1_K15,26,P1,15,1.0,25.0,2.9787768801097934,5.101047520667124,5.101047520667124,0.9913644214162349,0.998272884283247,0.10219274982153956,0.15496533862956086,0.0,0,0.0,579,0,68
exp2_fleet_sensitivity,P1_K15,27,P1,15,1.0,25.0,2.9228911859376505,5.094524013446971,5.094524013446971,0.990990990990991,0.9963963963963964,0.0946139094207705,0.16204710794043176,0.0,0,0.0,555,0,69
exp2_fleet_sensitivity,P1_K15,28,P1,15,1.0,25.0,2.9535683964539743,5.02138773097073,5.02138773097073,0.994661921708185,0.998220640569395,0.09780737433254312,0.14570238421278814,0.0,0,0.0,562,0,70
exp2_fleet_sensitivity,P1_K15,29,P1,15,1.0,25.0,2.8743500437400895,4.616382084134584,4.616382084134584,0.9948453608247423,0.9982817869415808,0.09993102551543731,0.1544537143638371,0.0,0,0.0,582,0,71
exp2_fleet_sensitivity,P2_K15,0,P2,15,1.0,25.0,2.824824756285559,4.151484131339487,4.151484131339487,0.9896193771626297,1.0,0.09932646874277491,0.2235054396946494,0.0,0,0.0,578,0,42
exp2_fleet_sensitivity,P2_K15,1,P2,15,1.0,25.0,2.824125494969603,4.1514841313390605,4.1514841313390605,0.9869158878504672,0.9981308411214953,0.09306048819307561,0.1689079330638768,0.0,0,0.0,535,0,43
exp2_fleet_sensitivity,P2_K15,2,P2,15,1.0,25.0,2.8132926811862258,4.397984307168201,4.397984307168201,0.9911504424778761,1.0,0.1000624551804154,0.17304028315607267,0.0,0,0.0,565,0,44
exp2_fleet_sensitivity,P2_K15,3,P2,15,1.0,25.0,2.8336052192340055,4.596537623498307,4.596537623498307,0.991652754590985,0.998330550918197,0.10452491914025738,0.1833461999660857,0.0,0,0.0,599,0,45
exp2_fleet_sensitivity,P2_K15,4,P2,15,1.0,25.0,2.7856510488845445,4.1514841313390605,4.1514841313390605,0.9913344887348353,0.9982668977469671,0.09921245592476866,0.200623940455844,0.0,0,0.0,577,0,46
exp2_fleet_sensitivity,P2_K15,5,P2,15,1.0,25.0,2.810228311165627,4.491742546423325,4.491742546423325,0.9926873857404022,1.0,0.09371516095896101,0.15810656045215618,0.0,0,0.0,547,0,47
exp2_fleet_sensitivity,P2_K15,6,P2,15,1.0,25.0,2.7243773596134084,4.033530782863011,4.033530782863011,0.9926739926739927,1.0,0.09550271357998459,0.17030035143181108,0.0,0,0.0,546,0,48
exp2_fleet_sensitivity,P2_K15,7,P2,15,1.0,25.0,2.853948958207921,4.670921131142795,4.670921131142795,0.9912891986062717,0.9982578397212544,0.10331491959644262,0.17490009637877074,0.0,0,0.0,574,0,49
exp2_fleet_sensitivity,P2_K15,8,P2,15,1.0,25.0,2.8174126723138113,4.608101364957264,4.608101364957264,0.991304347826087,0.9965217391304347,0.10188170650756385,0.17950165366150928,0.0,0,0.0,575,0,50
exp2_fleet_sensitivity,P2_K15,9,P2,15,1.0,25.0,2.846606705401928,4.526567525736027,4.526567525736027,0.9933444259567388,0.9983361064891847,0.10650721651217257,0.1967355759553973,0.0,0,0.0,601,0,51
exp2_fleet_sensitivity,P2_K15,10,P2,15,1.0,25.0,2.781642487817743,4.448050960760497,4.448050960760497,0.9950576606260296,1.0,0.1060052671028977,0.20273765293418625,0.0,0,0.0,607,0,52
exp2_fleet_sensitivity,P2_K15,11,P2,15,1.0,25.0,3.0110782546194104,5.0962830660078,5.0962830660078,0.989778534923339,1.0,0.10453969225184219,0.18495680251441793,0.0,0,0.0,587,0,53
exp2_fleet_sensitivity,P2_K15,12,P2,15,1.0,25.0,2.8438924624426494,4.3516593292662975,4.3516593292662975,0.9851576994434137,1.0,0.09410203580464645,0.1632945594423146,0.0,0,0.0,539,0,54
exp2_fleet_sensitivity,P2_K15,13,P2,15,1.0,25.0,2.85680495043673,4.539953619654066,4.539953619654066,0.9912891986062717,0.9965156794425087,0.09975658107284784,0.17692649715209094,0.0,0,0.0,574,0,55
exp2_fleet_sensitivity,P2_K15,14,P2,15,1.0,25.0,2.8311747999779797,4.711756341018201,4.711756341018201,0.9947275922671354,1.0,0.10080929358386288,0.16879921286306987,0.0,0,0.0,569,0,56
exp2_fleet_sensitivity,P2_K15,15,P2,15,1.0,25.0,2.803908470809708,4.151484131339487,4.151484131339487,0.9982547993019197,1.0,0.0974110810496482,0.19604528497388593,0.0,0,0.0,573,0,57
exp2_fleet_sensitivity,P2_K15,16,P2,15,1.0,25.0,2.808474546909747,4.397984307168201,4.397984307168201,0.9928443649373881,0.9964221824686941,0.0974410720514247,0.16990129333340093,0.0,0,0.0,559,0,58
exp2_fleet_sensitivity,P2_K15,17,P2,15,1.0,25.0,2.850111309202709,4.710031007683316,4.710031007683316,0.9896193771626297,1.0,0.09994040983074345,0.19178402504517364,0.0,0,0.0,578,0,59
exp2_fleet_sensitivity,P2_K15,18,P2,15,1.0,25.0,2.8718096159050517,4.977581168601944,4.977581168601944,0.983739837398374,0.9934959349593496,0.10908264245885796,0.21279302398834096,0.0,0,0.0,615,0,60
exp2_fleet_sensitivity,P2_K15,19,P2,15,1.0,25.0,2.928298539209065,5.001632814296499,5.001632814296499,0.9862542955326461,0.9982817869415808,0.09973065276878577,0.16708517942122741,0.0,0,0.0,582,0,61
exp2_fleet_sensitivity,P2_K15,20,P2,15,1.0,25.0,2.793455514687512,4.151484131338634,4.151484131338634,0.9948630136986302,0.9982876712328768,0.10067898653430976,0.18870108038252492,0.0,0,0.0,584,0,62
exp2_fleet_sensitivity,P2_K15,21,P2,15,1.0,25.0,2.781453334739118,4.151484131339188,4.151484131339188,0.9910394265232975,1.0,0.09790387702758771,0.1675702277198092,0.0,0,0.0,558,0,63
exp2_fleet_sensitivity,P2_K15,22,P2,15,1.0,25.0,2.8895011239158954,4.747582595986444,4.747582595986444,0.986013986013986,0.9965034965034965,0.10247005294858895,0.17799476823448956,0.0,0,0.0,572,0,64
exp2_fleet_sensitivity,P2_K15,23,P2,15,1.0,25.0,2.9109807076338563,4.747582595986444,4.747582595986444,0.9913793103448276,0.9982758620689656,0.10502194134750181,0.19450225120953185,0.0,0,0.0,580,0,65
exp2_fleet_sensitivity,P2_K15,24,P2,15,1.0,25.0,2.8556660230075,4.520341356163842,4.520341356163842,0.9865092748735245,0.9983136593591906,0.10406066371878384,0.18228257761705197,0.0,0,0.0,593,0,66
exp2_fleet_sensitivity,P2_K15,25,P2,15,1.0,25.0,2.8418075308504753,4.649668700387224,4.649668700387224,0.9932885906040269,1.0,0.10504326608642912,0.18342938623853197,0.0,0,0.0,596,0,67
exp2_fleet_sensitivity,P2_K15,26,P2,15,1.0,25.0,2.880254988295454,5.093718344403385,5.093718344403385,0.9896373056994818,0.998272884283247,0.1018154735294728,0.18062706583350632,0.0,0,0.0,579,0,68
exp2_fleet_sensitivity,P2_K15,27,P2,15,1.0,25.0,2.778730706158372,4.073200164943671,4.073200164943671,0.990990990990991,0.9981981981981982,0.09408474892951721,0.1539351919623512,0.0,0,0.0,555,0,69
exp2_fleet_sensitivity,P2_K15,28,P2,15,1.0,25.0,2.805797479740015,4.36808776986976,4.36808776986976,0.99644128113879,0.998220640569395,0.09725811999925452,0.18384616691721758,0.0,0,0.0,562,0,70
exp2_fleet_sensitivity,P2_K15,29,P2,15,1.0,25.0,2.7920435317900285,4.151484131339018,4.151484131339018,0.9982817869415808,0.9982817869415808,0.09961421076705812,0.20467263297555505,0.0,0,0.0,582,0,71
exp2_fleet_sensitivity,P0_K20,0,P0,20,1.0,25.0,7.91638123756529,19.189366805509117,19.189366805509117,0.6608996539792388,0.7093425605536332,0.08909266726233762,0.4806791314849758,0.0,0,0.0,578,0,42
exp2_fleet_sensitivity,P0_K20,1,P0,20,1.0,25.0,8.629023946412504,20.17593216693312,20.17593216693312,0.6055363321799307,0.6643598615916955,0.09126059728893379,0.4879212475034964,0.0,0,0.0,578,0,43
exp2_fleet_sensitivity,P0_K20,2,P0,20,1.0,25.0,8.232826197896168,19.964522308588148,19.964522308588148,0.6337308347529813,0.7240204429301533,0.09388882074827631,0.5075909540950263,0.0,0,0.0,587,0,44
exp2_fleet_sensitivity,P0_K20,3,P0,20,1.0,25.0,7.881679554135161,18.71910905124415,18.71910905124415,0.6427378964941569,0.7295492487479132,0.09339268006256317,0.48790170743179606,0.0,0,0.0,599,0,45
exp2_fleet_sensitivity,P0_K20,4,P0,20,1.0,25.0,8.20545239745568,20.29342597800502,20.29342597800502,0.6499133448873483,0.7123050259965338,0.08992137258904062,0.48429745345292907,0.0,0,0.0,577,0,46
exp2_fleet_sensitivity,P0_K20,5,P0,20,1.0,25.0,7.6901308450175385,18.776778789351013,18.776778789351013,0.6636197440585009,0.7349177330895795,0.08352697928081296,0.47426221351239045,0.0,0,0.0,547,0,47
exp2_fleet_sensitivity,P0_K20,6,P0,20,1.0,25.0,8.114221291771056,19.939234946604927,19.939234946604927,0.6683587140439933,0.7123519458544839,0.09328532885329358,0.513590774941837,0.0,0,0.0,591,0,48
exp2_fleet_sensitivity,P0_K20,7,P0,20,1.0,25.0,8.360150381477654,20.309096399524265,20.309096399524265,0.6388384754990926,0.7041742286751361,0.08947603783127063,0.4855497536953226,0.0,0,0.0,551,0,49
exp2_fleet_sensitivity,P0_K20,8,P0,20,1.0,25.0,7.877215715004999,18.86035908244253,18.86035908244253,0.6685499058380414,0.7212806026365348,0.08339512663441903,0.47810893579721075,0.0,0,0.0,531,0,50
exp2_fleet_sensitivity,P0_K20,9,P0,20,1.0,25.0,7.409188332432177,18.755734788897627,18.755734788897627,0.6751361161524501,0.7332123411978222,0.08584063897159533,0.4870197604901194,0.0,0,0.0,551,0,51
exp2_fleet_sensitivity,P0_K20,10,P0,20,1.0,25.0,8.09506596107472,19.059122432993824,19.059122432993824,0.6447368421052632,0.7072368421052632,0.09566391902287733,0.5165688308604862,0.0,0,0.0,608,0,52
exp2_fleet_sensitivity,P0_K20,11,P0,20,1.0,25.0,8.014942030115279,19.585121396967615,19.585121396967615,0.6473594548551959,0.7137989778534923,0.09297455111455652,0.4868980486468852,0.0,0,0.0,587,0,53
exp2_fleet_sensitivity,P0_K20,12,P0,20,1.0,25.0,8.361913193073589,19.752217827429916,19.752217827429916,0.5955473098330241,0.6920222634508348,0.08532956839024124,0.4915590438341945,0.0,0,0.0,539,0,54
exp2_fleet_sensitivity,P0_K20,13,P0,20,1.0,25.0,8.110911013816072,19.0986429915297,19.0986429915297,0.632404181184669,0.6968641114982579,0.08977704334620204,0.5139258268430197,0.0,0,0.0,574,0,55
exp2_fleet_sensitivity,P0_K20,14,P0,20,1.0,25.0,7.978613171168219,19.189366805509565,19.189366805509565,0.6466876971608833,0.7066246056782335,0.09976221043681481,0.5038142153362405,0.0,0,0.0,634,0,56
exp2_fleet_sensitivity,P0_K20,15,P0,20,1.0,25.0,8.07816816036739,19.189366805508946,19.189366805508946,0.6684118673647469,0.7120418848167539,0.0880491381786873,0.4790524364821204,0.0,0,0.0,573,0,57
exp2_fleet_sensitivity,P0_K20,16,P0,20,1.0,25.0,8.107124485788317,19.189366805508712,19.189366805508712,0.6335174953959485,0.6979742173112339,0.0853299973731099,0.49609913040484,0.0,0,0.0,543,0,58
exp2_fleet_sensitivity,P0_K20,17,P0,20,1.0,25.0,7.801258464683905,18.776778789351738,18.776778789351738,0.643598615916955,0.7214532871972318,0.0891505606263718,0.5076039626103444,0.0,0,0.0,578,0,59
exp2_fleet_sensitivity,P0_K20,18,P0,20,1.0,25.0,8.15603679428459,19.473723776659085,19.473723776659085,0.6422764227642277,0.7154471544715447,0.09793202011152163,0.522236762552724,0.0,0,0.0,615,0,60
exp2_fleet_sensitivity,P0_K20,19,P0,20,1.0,25.0,8.04307470174997,18.826926965206216,18.826926965206216,0.6424778761061947,0.720353982300885,0.08694957764439562,0.4511897849189459,0.0,0,0.0,565,0,61
exp2_fleet_sensitivity,P0_K20,20,P0,20,1.0,25.0,7.822900870551085,19.473723776658574,19.473723776658574,0.660377358490566,0.7238421955403087,0.08989397391720773,0.5096636073745362,0.0,0,0.0,583,0,62
exp2_fleet_sensitivity,P0_K20,21,P0,20,1.0,25.0,8.483144752757864,19.473723776658574,19.473723776658574,0.608318890814558,0.6776429809358753,0.09205216003876411,0.524275868280944,0.0,0,0.0,577,0,63
exp2_fleet_sensitivity,P0_K20,22,P0,20,1.0,25.0,8.198114201541404,19.52989421255333,19.52989421255333,0.6346153846153846,0.6993006993006993,0.09191467602295852,0.4615257046314297,0.0,0,0.0,572,0,64
exp2_fleet_sensitivity,P0_K20,23,P0,20,1.0,25.0,8.275342260248024,20.322659929790223,20.322659929790223,0.6362068965517241,0.7034482758620689,0.09419963904890132,0.5197935091127531,0.0,0,0.0,580,0,65
exp2_fleet_sensitivity,P0_K20,24,P0,20,1.0,25.0,7.817818272377842,18.909920161087243,18.909920161087243,0.6643598615916955,0.726643598615917,0.0903449600618836,0.5000524890324375,0.0,0,0.0,578,0,66
exp2_fleet_sensitivity,P0_K20,25,P0,20,1.0,25.0,8.05969266953137,20.130054939764932,20.130054939764932,0.6621848739495798,0.719327731092437,0.0939600401649992,0.5175356605810153,0.0,0,0.0,595,0,67
exp2_fleet_sensitivity,P0_K20,26,P0,20,1.0,25.0,8.156307837669374,19.964522308587664,19.964522308587664,0.6499102333931778,0.7073608617594255,0.08826431124447057,0.45462207608416333,0.0,0,0.0,557,0,68
exp2_fleet_sensitivity,P0_K20,27,P0,20,1.0,25.0,8.447909748463942,20.13005493976536,20.13005493976536,0.6217532467532467,0.6883116883116883,0.09568819051318486,0.5586009716668643,0.0,0,0.0,616,0,69
exp2_fleet_sensitivity,P0_K20,28,P0,20,1.0,25.0,8.432104386208367,21.154916675896448,21.154916675896448,0.6192170818505338,0.6886120996441281,0.08862803683195691,0.4979886227587851,0.0,0,0.0,562,0,70
exp2_fleet_sensitivity,P0_K20,29,P0,20,1.0,25.0,7.716831799882599,18.02416996901144,18.02416996901144,0.6695352839931153,0.729776247848537,0.08877124222209871,0.48518157776106335,0.0,0,0.0,581,0,71
exp2_fleet_sensitivity,P1_K20,0,P1,20,1.0,25.0,2.5702551700188883,3.899683992234202,3.899683992234202,0.9965397923875432,1.0,0.07376498439010622,0.13339685105575128,0.0,0,0.0,578,0,42
exp2_fleet_sensitivity,P1_K20,1,P1,20,1.0,25.0,2.5800943217542347,3.8996839922350546,3.8996839922350546,0.9962616822429906,1.0,0.069147763576998,0.1285284649704123,0.0,0,0.0,535,0,43
exp2_fleet_sensitivity,P1_K20,2,P1,20,1.0,25.0,2.6510022126516026,4.049112206496375,4.049112206496375,0.9964601769911504,1.0,0.07459200946704733,0.1283814557648497,0.0,0,0.0,565,0,44
exp2_fleet_sensitivity,P1_K20,3,P1,20,1.0,25.0,2.623824950949695,3.9989199396492836,3.9989199396492836,0.998330550918197,0.998330550918197,0.07777038389536017,0.17863934984022284,0.0,0,0.0,599,0,45
exp2_fleet_sensitivity,P1_K20,4,P1,20,1.0,25.0,2.594902223786793,3.8996839922350546,3.8996839922350546,0.9948006932409013,0.9982668977469671,0.07386339912571241,0.13412960174610664,0.0,0,0.0,577,0,46
exp2_fleet_sensitivity,P1_K20,5,P1,20,1.0,25.0,2.5719664699837947,3.9909607630051482,3.9909607630051482,0.9981718464351006,1.0,0.0696398963783156,0.12224484141034882,0.0,0,0.0,547,0,47
exp2_fleet_sensitivity,P1_K20,6,P1,20,1.0,25.0,2.5605744088962927,3.8996839922350546,3.8996839922350546,0.9981684981684982,1.0,0.07118340219346284,0.14254070842244126,0.0,0,0.0,546,0,48
exp2_fleet_sensitivity,P1_K20,7,P1,20,1.0,25.0,2.7018544553018606,4.421181954049229,4.421181954049229,0.9930313588850174,0.9982578397212544,0.07705314284877995,0.13188937865692066,0.0,0,0.0,574,0,49
exp2_fleet_sensitivity,P1_K20,8,P1,20,1.0,25.0,2.642868147402826,3.9989199396492836,3.9989199396492836,0.9930434782608696,0.9965217391304347,0.0759134470343245,0.15423003648230876,0.0,0,0.0,575,0,50
exp2_fleet_sensitivity,P1_K20,9,P1,20,1.0,25.0,2.615780997404854,3.8996839922350546,3.8996839922350546,0.9983361064891847,0.9983361064891847,0.07919228614153888,0.14837365433177008,0.0,0,0.0,601,0,51
exp2_fleet_sensitivity,P1_K20,10,P1,20,1.0,25.0,2.5819376680826926,3.9796229138392767,3.9796229138392767,0.9967105263157895,1.0,0.07904074010190995,0.1386942599905052,0.0,0,0.0,608,0,52
exp2_fleet_sensitivity,P1_K20,11,P1,20,1.0,25.0,2.7095780972555206,4.050095804546743,4.050095804546743,0.9982964224872232,1.0,0.07752688926639834,0.12455643071477777,0.0,0,0.0,587,0,53
exp2_fleet_sensitivity,P1_K20,12,P1,20,1.0,25.0,2.5694651915005546,3.861775172045952,3.861775172045952,0.9944341372912802,1.0,0.06984281505270212,0.1431443228964786,0.0,0,0.0,539,0,54
exp2_fleet_sensitivity,P1_K20,13,P1,20,1.0,25.0,2.6621672210482674,3.9906586909659154,3.9906586909659154,0.9947735191637631,0.9965156794425087,0.07426325893623813,0.14899497272668416,0.0,0,0.0,574,0,55
exp2_fleet_sensitivity,P1_K20,14,P1,20,1.0,25.0,2.6146142642353922,4.0089583930186,4.0089583930186,1.0,1.0,0.07499574526310776,0.15924061368415657,0.0,0,0.0,569,0,56
exp2_fleet_sensitivity,P1_K20,15,P1,20,1.0,25.0,2.6449366134086514,3.9910312499602583,3.9910312499602583,1.0,1.0,0.07260647113301583,0.12118797732003303,0.0,0,0.0,573,0,57
exp2_fleet_sensitivity,P1_K20,16,P1,20,1.0,25.0,2.637468979557701,3.991165422498341,3.991165422498341,0.9928443649373881,0.998211091234347,0.07260663681560323,0.11883365561248482,0.0,0,0.0,559,0,58
exp2_fleet_sensitivity,P1_K20,17,P1,20,1.0,25.0,2.6568545658353377,4.049112206496375,4.049112206496375,0.9948096885813149,1.0,0.07440122801955389,0.13789385633938325,0.0,0,0.0,578,0,59
exp2_fleet_sensitivity,P1_K20,18,P1,20,1.0,25.0,2.625193748335042,3.9544077625239447,3.9544077625239447,0.9886178861788618,0.9934959349593496,0.08105965665289566,0.15718083806479563,0.0,0,0.0,615,0,60
exp2_fleet_sensitivity,P1_K20,19,P1,20,1.0,25.0,2.706906008550725,4.339407559808647,4.339407559808647,0.993127147766323,0.9982817869415808,0.07415885042558155,0.14330885909363963,0.0,0,0.0,582,0,61
exp2_fleet_sensitivity,P1_K20,20,P1,20,1.0,25.0,2.604138025824167,3.8996839922350546,3.8996839922350546,0.9982876712328768,1.0,0.07496082019092976,0.13260008698939527,0.0,0,0.0,584,0,62
exp2_fleet_sensitivity,P1_K20,21,P1,20,1.0,25.0,2.6483934578161814,4.013977619703468,4.013977619703468,0.9946236559139785,1.0,0.07305961703992188,0.12629624984820495,0.0,0,0.0,558,0,63
exp2_fleet_sensitivity,P1_K20,22,P1,20,1.0,25.0,2.661263161093198,4.264688162250391,4.264688162250391,0.9965034965034965,0.9982517482517482,0.0762049597772423,0.13958753859867923,0.0,0,0.0,572,0,64
exp2_fleet_sensitivity,P1_K20,23,P1,20,1.0,25.0,2.701884342202165,4.224408604437885,4.224408604437885,0.993103448275862,0.9982758620689656,0.07816488908626923,0.1448480219751551,0.0,0,0.0,580,0,65
exp2_fleet_sensitivity,P1_K20,24,P1,20,1.0,25.0,2.6385914752162374,3.9910312499594056,3.9910312499594056,0.9949409780775716,1.0,0.07740697989801533,0.133598005614849,0.0,0,0.0,593,0,66
exp2_fleet_sensitivity,P1_K20,25,P1,20,1.0,25.0,2.6680220502853795,4.273661695829105,4.273661695829105,0.9966442953020134,1.0,0.0782686789972781,0.12784455069197997,0.0,0,0.0,596,0,67
exp2_fleet_sensitivity,P1_K20,26,P1,20,1.0,25.0,2.678697025030508,4.193763102081623,4.193763102081623,0.9930915371329879,0.998272884283247,0.07578272587760854,0.1359850190242077,0.0,0,0.0,579,0,68
exp2_fleet_sensitivity,P1_K20,27,P1,20,1.0,25.0,2.558512105172617,3.8083808364595484,3.8083808364595484,0.9963963963963964,0.9981981981981982,0.06995730513192414,0.1217936810642451,0.0,0,0.0,555,0,69
exp2_fleet_sensitivity,P1_K20,28,P1,20,1.0,25.0,2.6327021489128573,4.049112206496311,4.049112206496311,0.998220640569395,0.998220640569395,0.0724610524204485,0.13853070423997502,0.0,0,0.0,562,0,70
exp2_fleet_sensitivity,P1_K20,29,P1,20,1.0,25.0,2.706920075213241,4.049112206496375,4.049112206496375,0.9946714031971581,0.9964476021314387,0.07175000939043898,0.13916241353910355,0.0,0,0.0,563,0,71
exp2_fleet_sensitivity,P2_K20,0,P2,20,1.0,25.0,2.552805619911655,3.6685460304140465,3.6685460304140465,0.9948096885813149,1.0,0.07371495542204085,0.13588365282662923,0.0,0,0.0,578,0,42
exp2_fleet_sensitivity,P2_K20,1,P2,20,1.0,25.0,2.5739890273119186,3.80342247081785,3.80342247081785,0.9962616822429906,1.0,0.06913156153073488,0.1143599719096455,0.0,0,0.0,535,0,43
exp2_fleet_sensitivity,P2_K20,2,P2,20,1.0,25.0,2.547242371317342,3.642262072306721,3.642262072306721,0.9964601769911504,1.0,0.07430121427680002,0.1283814557648497,0.0,0,0.0,565,0,44
exp2_fleet_sensitivity,P2_K20,3,P2,20,1.0,25.0,2.592301775455864,3.8083808364595484,3.8083808364595484,0.998330550918197,0.998330550918197,0.07767672128563397,0.18267805890680008,0.0,0,0.0,599,0,45
exp2_fleet_sensitivity,P2_K20,4,P2,20,1.0,25.0,2.533630256259157,3.7651920239786123,3.7651920239786123,0.9948006932409013,0.9982668977469671,0.07368803243293741,0.13412960174610664,0.0,0,0.0,577,0,46
exp2_fleet_sensitivity,P2_K20,5,P2,20,1.0,25.0,2.5445787305678667,3.7499007222410805,3.7499007222410805,0.9981718464351006,1.0,0.0695655853988488,0.12224484141034882,0.0,0,0.0,547,0,47
exp2_fleet_sensitivity,P2_K20,6,P2,20,1.0,25.0,2.462849216995026,3.5342811317630662,3.5342811317630662,0.9981684981684982,1.0,0.07091872979873028,0.1386115896335855,0.0,0,0.0,546,0,48
exp2_fleet_sensitivity,P2_K20,7,P2,20,1.0,25.0,2.5602938219368268,3.791953994514552,3.791953994514552,0.9947735191637631,0.9982578397212544,0.07665008826767118,0.12381776874481852,0.0,0,0.0,574,0,49
exp2_fleet_sensitivity,P2_K20,8,P2,20,1.0,25.0,2.5741087774429063,3.80342247081785,3.80342247081785,0.9947826086956522,0.9982608695652174,0.07571733275988528,0.15668107553722935,0.0,0,0.0,575,0,50
exp2_fleet_sensitivity,P2_K20,9,P2,20,1.0,25.0,2.5753181823524116,3.7397050594186965,3.7397050594186965,0.9983361064891847,0.9983361064891847,0.07907166038833197,0.14837365433177008,0.0,0,0.0,601,0,51
exp2_fleet_sensitivity,P2_K20,10,P2,20,1.0,25.0,2.5213164106511514,3.739705059418398,3.739705059418398,0.9967105263157895,1.0,0.07885791408743388,0.14274585383701893,0.0,0,0.0,608,0,52
exp2_fleet_sensitivity,P2_K20,11,P2,20,1.0,25.0,2.6731002005828133,3.8996839922350546,3.8996839922350546,0.9982964224872232,1.0,0.07742067634305072,0.1283960693140899,0.0,0,0.0,587,0,53
exp2_fleet_sensitivity,P2_K20,12,P2,20,1.0,25.0,2.5581086415692824,3.649860972763179,3.649860972763179,0.9944341372912802,1.0,0.06981245205462197,0.1431443228964786,0.0,0,0.0,539,0,54
exp2_fleet_sensitivity,P2_K20,13,P2,20,1.0,25.0,2.6030355528270834,3.739705059418995,3.739705059418995,0.9947735191637631,0.9965156794425087,0.07409489793644167,0.14899497272668416,0.0,0,0.0,574,0,55
exp2_fleet_sensitivity,P2_K20,14,P2,20,1.0,25.0,2.5616045537962386,3.8044141439461896,3.8044141439461896,0.9982425307557118,1.0,0.07484612956251313,0.15686111333018102,0.0,0,0.0,569,0,56
exp2_fleet_sensitivity,P2_K20,15,P2,20,1.0,25.0,2.543224329854867,3.666693689145576,3.666693689145576,1.0,1.0,0.07231737818422455,0.12747004336665502,0.0,0,0.0,573,0,57
exp2_fleet_sensitivity,P2_K20,16,P2,20,1.0,25.0,2.562941413420472,3.80342247081785,3.80342247081785,0.9928443649373881,0.998211091234347,0.07239998547894297,0.1206648139608818,0.0,0,0.0,559,0,58
exp2_fleet_sensitivity,P2_K20,17,P2,20,1.0,25.0,2.5577019361069153,3.747351806535592,3.747351806535592,0.9982698961937716,1.0,0.07411695113471746,0.14094834337030623,0.0,0,0.0,578,0,59
exp2_fleet_sensitivity,P2_K20,18,P2,20,1.0,25.0,2.644512522400684,3.9909960064825327,3.9909960064825327,0.9886178861788618,0.9934959349593496,0.08111859041306616,0.16881458496408255,0.0,0,0.0,615,0,60
exp2_fleet_sensitivity,P2_K20,19,P2,20,1.0,25.0,2.644413845852917,3.967215069548258,3.967215069548258,0.9948453608247423,0.9982817869415808,0.07397844150350753,0.1434565133458445,0.0,0,0.0,582,0,61
exp2_fleet_sensitivity,P2_K20,20,P2,20,1.0,25.0,2.539626500528394,3.642262072306721,3.642262072306721,1.0,1.0,0.07477394156606504,0.13260008698939527,0.0,0,0.0,584,0,62
exp2_fleet_sensitivity,P2_K20,21,P2,20,1.0,25.0,2.52489638128209,3.642262072306721,3.642262072306721,0.996415770609319,1.0,0.07271779477451504,0.10710461012216113,0.0,0,0.0,558,0,63
exp2_fleet_sensitivity,P2_K20,22,P2,20,1.0,25.0,2.6029755755560973,3.739705059419091,3.739705059419091,0.9947552447552448,0.9982517482517482,0.07603958031827793,0.13958753859867923,0.0,0,0.0,572,0,64
exp2_fleet_sensitivity,P2_K20,23,P2,20,1.0,25.0,2.6117434283259393,3.8965646468411634,3.8965646468411634,0.996551724137931,0.9982758620689656,0.0779055551078555,0.14868659595376538,0.0,0,0.0,580,0,65
exp2_fleet_sensitivity,P2_K20,24,P2,20,1.0,25.0,2.5573659130640465,3.739705059419123,3.739705059419123,0.9949409780775716,1.0,0.07716805748553394,0.13388118715978797,0.0,0,0.0,593,0,66
exp2_fleet_sensitivity,P2_K20,25,P2,20,1.0,25.0,2.60127466693055,3.8996839922350546,3.8996839922350546,0.9966442953020134,1.0,0.07807135042347119,0.12463840409967614,0.0,0,0.0,596,0,67
exp2_fleet_sensitivity,P2_K20,26,P2,20,1.0,25.0,2.641955728978906,3.9908902760507203,3.9908902760507203,0.9930915371329879,0.998272884283247,0.07567720400055553,0.14473171857318276,0.0,0,0.0,579,0,68
exp2_fleet_sensitivity,P2_K20,27,P2,20,1.0,25.0,2.5299520563197,3.642262072306721,3.642262072306721,0.9963963963963964,0.9981981981981982,0.06987867999743325,0.11893390492775868,0.0,0,0.0,555,0,69
exp2_fleet_sensitivity,P2_K20,28,P2,20,1.0,25.0,2.560466783430418,3.6498609727630082,3.6498609727630082,0.998220640569395,0.998220640569395,0.07225968200675241,0.14044378535433882,0.0,0,0.0,562,0,70
exp2_fleet_sensitivity,P2_K20,29,P2,20,1.0,25.0,2.5491376280616884,3.642262072306721,3.642262072306721,0.9982817869415808,0.9982817869415808,0.07400941186512541,0.1392375482723382,0.0,0,0.0,582,0,71
exp2_fleet_sensitivity,P0_K25,0,P0,25,1.0,25.0,5.752690248916646,13.405051578655929,13.405051578655929,0.7647058823529411,0.8408304498269896,0.06631138225654105,0.4006322603588065,0.0,0,0.0,578,0,42
exp2_fleet_sensitivity,P0_K25,1,P0,25,1.0,25.0,6.023706105058702,14.20301981070137,14.20301981070137,0.7543554006968641,0.8205574912891986,0.06671300485602324,0.40879826809940567,0.0,0,0.0,574,0,43
exp2_fleet_sensitivity,P0_K25,2,P0,25,1.0,25.0,5.885397305080534,14.304247161290903,14.304247161290903,0.7734513274336283,0.8371681415929203,0.06692532672928214,0.436095770804698,0.0,0,0.0,565,0,44
exp2_fleet_sensitivity,P0_K25,3,P0,25,1.0,25.0,5.623312796588584,12.582229523598812,12.582229523598812,0.8063439065108514,0.8547579298831386,0.06934604211445367,0.43852573116545035,0.0,0,0.0,599,0,45
exp2_fleet_sensitivity,P0_K25,4,P0,25,1.0,25.0,5.964608630765258,13.935647029991003,13.935647029991003,0.7642980935875217,0.8145580589254766,0.06680627722448498,0.4175567637904691,0.0,0,0.0,577,0,46
exp2_fleet_sensitivity,P0_K25,5,P0,25,1.0,25.0,5.448505814360236,12.49141604953189,12.49141604953189,0.793418647166362,0.8464351005484461,0.061955833854136305,0.3919039282272572,0.0,0,0.0,547,0,47
exp2_fleet_sensitivity,P0_K25,6,P0,25,1.0,25.0,5.507056854247791,12.538346550573756,12.538346550573756,0.7735191637630662,0.8292682926829268,0.06659427924167198,0.4054429575210896,0.0,0,0.0,574,0,48
exp2_fleet_sensitivity,P0_K25,7,P0,25,1.0,25.0,6.076729853917858,14.308604954341774,14.308604954341774,0.75,0.8061594202898551,0.06672529359815814,0.4277108559990669,0.0,0,0.0,552,0,49
exp2_fleet_sensitivity,P0_K25,8,P0,25,1.0,25.0,5.740102605739511,13.1815474124204,13.1815474124204,0.768361581920904,0.8229755178907722,0.06221289868444009,0.3682491663680856,0.0,0,0.0,531,0,50
exp2_fleet_sensitivity,P0_K25,9,P0,25,1.0,25.0,5.286930312038213,12.175047960021459,12.175047960021459,0.79491833030853,0.8511796733212341,0.06403217717236727,0.41395313488608176,0.0,0,0.0,551,0,51
exp2_fleet_sensitivity,P0_K25,10,P0,25,1.0,25.0,5.836542784221612,13.13931943556037,13.13931943556037,0.7713815789473685,0.8322368421052632,0.07108199993446579,0.43650671818750225,0.0,0,0.0,608,0,52
exp2_fleet_sensitivity,P0_K25,11,P0,25,1.0,25.0,5.841658609942054,13.259761469573274,13.259761469573274,0.7632027257240205,0.8194207836456558,0.06931727038513069,0.39862456250261646,0.0,0,0.0,587,0,53
exp2_fleet_sensitivity,P0_K25,12,P0,25,1.0,25.0,5.928090391804171,13.405051578656227,13.405051578656227,0.7755102040816326,0.8274582560296846,0.06305797816503338,0.41534248630632264,0.0,0,0.0,539,0,54
exp2_fleet_sensitivity,P0_K25,13,P0,25,1.0,25.0,5.762789495542051,12.612819836091091,12.612819836091091,0.764808362369338,0.8240418118466899,0.06647313566311527,0.4398225735948929,0.0,0,0.0,574,0,55
exp2_fleet_sensitivity,P0_K25,14,P0,25,1.0,25.0,5.519492697718154,12.175047960020777,12.175047960020777,0.7926186291739895,0.8506151142355008,0.06655562727656437,0.41952351299311724,0.0,0,0.0,569,0,56
exp2_fleet_sensitivity,P0_K25,15,P0,25,1.0,25.0,5.78600736196457,12.896408728443589,12.896408728443589,0.7626527050610821,0.8289703315881326,0.06522737348943863,0.39993792247466303,0.0,0,0.0,573,0,57
exp2_fleet_sensitivity,P0_K25,16,P0,25,1.0,25.0,5.8302322303502345,14.034101011108545,14.034101011108545,0.7665441176470589,0.8400735294117647,0.06344080857603766,0.4237125184840797,0.0,0,0.0,544,0,58
exp2_fleet_sensitivity,P0_K25,17,P0,25,1.0,25.0,5.545539391513107,13.13931943556037,13.13931943556037,0.7716262975778547,0.8391003460207612,0.066146616658666,0.4328584815886771,0.0,0,0.0,578,0,59
exp2_fleet_sensitivity,P0_K25,18,P0,25,1.0,25.0,5.920401036520773,13.405051578656185,13.405051578656185,0.7772357723577236,0.8276422764227642,0.07288960025181748,0.4338516880233782,0.0,0,0.0,615,0,60
exp2_fleet_sensitivity,P0_K25,19,P0,25,1.0,25.0,5.7273378046967505,13.019677137088143,13.019677137088143,0.7929203539823009,0.8407079646017699,0.0643676329614091,0.4057351917051241,0.0,0,0.0,565,0,61
exp2_fleet_sensitivity,P0_K25,20,P0,25,1.0,25.0,5.611078575923867,14.220484009035557,14.220484009035557,0.7873070325900514,0.8439108061749572,0.06679814580929126,0.4408456048773097,0.0,0,0.0,583,0,62
exp2_fleet_sensitivity,P0_K25,21,P0,25,1.0,25.0,6.0288070621987115,14.271460073497733,14.271460073497733,0.7504332755632582,0.8180242634315424,0.06802207387445322,0.44604317654460907,0.0,0,0.0,577,0,63
exp2_fleet_sensitivity,P0_K25,22,P0,25,1.0,25.0,5.91771684530578,14.067824279897177,14.067824279897177,0.7552447552447552,0.8321678321678322,0.06835560078754631,0.3927530632271933,0.0,0,0.0,572,0,64
exp2_fleet_sensitivity,P0_K25,23,P0,25,1.0,25.0,6.054766928514239,14.991428573967818,14.991428573967818,0.756896551724138,0.8137931034482758,0.07024886325338453,0.4538875719929153,0.0,0,0.0,580,0,65
exp2_fleet_sensitivity,P0_K25,24,P0,25,1.0,25.0,5.670965758585054,14.067824279897561,14.067824279897561,0.7697594501718213,0.8195876288659794,0.06767548406313902,0.42309580244412054,0.0,0,0.0,582,0,66
exp2_fleet_sensitivity,P0_K25,25,P0,25,1.0,25.0,5.859473802102685,14.816486519905652,14.816486519905652,0.7680672268907563,0.8134453781512605,0.06997307091723709,0.42932519117884654,0.0,0,0.0,595,0,67
exp2_fleet_sensitivity,P0_K25,26,P0,25,1.0,25.0,5.919013615282852,14.407535576460933,14.407535576460933,0.7648114901256733,0.8168761220825853,0.06566631851196812,0.3741856355258972,0.0,0,0.0,557,0,68
exp2_fleet_sensitivity,P0_K25,27,P0,25,1.0,25.0,6.068393833095687,14.367627228543864,14.367627228543864,0.7479131886477463,0.8213689482470785,0.06877546109613074,0.45448677265950693,0.0,0,0.0,599,0,69
exp2_fleet_sensitivity,P0_K25,28,P0,25,1.0,25.0,6.021845451251252,14.614610457771562,14.614610457771562,0.7651245551601423,0.8131672597864769,0.0655271694598278,0.4155007163137868,0.0,0,0.0,562,0,70
exp2_fleet_sensitivity,P0_K25,29,P0,25,1.0,25.0,5.52705419542655,12.896408728443589,12.896408728443589,0.7800687285223368,0.8402061855670103,0.06608509870720496,0.38816780018236363,0.0,0,0.0,582,0,71
exp2_fleet_sensitivity,P1_K25,0,P1,25,1.0,25.0,2.446893362175684,3.499444600819288,3.499444600819288,0.9965397923875432,1.0,0.058729038603619214,0.1265074592055647,0.0,0,0.0,578,0,42
exp2_fleet_sensitivity,P1_K25,1,P1,25,1.0,25.0,2.429183041428636,3.366420882849468,3.366420882849468,0.9981308411214953,1.0,0.05499782381805002,0.11175764750899807,0.0,0,0.0,535,0,43
exp2_fleet_sensitivity,P1_K25,2,P1,25,1.0,25.0,2.48600682994512,3.4731786521542474,3.4731786521542474,0.9964601769911504,1.0,0.05930367744971261,0.12472939017186183,0.0,0,0.0,565,0,44
exp2_fleet_sensitivity,P1_K25,3,P1,25,1.0,25.0,2.483704996786219,3.499444600819288,3.499444600819288,0.998330550918197,0.998330550918197,0.06188324420936782,0.17934149176608588,0.0,0,0.0,599,0,45
exp2_fleet_sensitivity,P1_K25,4,P1,25,1.0,25.0,2.430269333808039,3.374236358593549,3.374236358593549,0.9948006932409013,0.9982668977469671,0.05871376224692812,0.13412960174610664,0.0,0,0.0,577,0,46
exp2_fleet_sensitivity,P1_K25,5,P1,25,1.0,25.0,2.3735260716468427,3.166203834016983,3.166203834016983,0.9981718464351006,1.0,0.055281175444357566,0.12224484141034882,0.0,0,0.0,547,0,47
exp2_fleet_sensitivity,P1_K25,6,P1,25,1.0,25.0,2.4341297340167243,3.3758911671470315,3.3758911671470315,0.9981684981684982,1.0,0.05667275829253121,0.13301167937483424,0.0,0,0.0,546,0,48
exp2_fleet_sensitivity,P1_K25,7,P1,25,1.0,25.0,2.478134395260331,3.499444600819224,3.499444600819224,0.9965156794425087,0.9982578397212544,0.06113292969781822,0.12204892282976235,0.0,0,0.0,574,0,49
exp2_fleet_sensitivity,P1_K25,8,P1,25,1.0,25.0,2.452848039654695,3.367617124380569,3.367617124380569,0.9947826086956522,0.9982608695652174,0.06029718000065337,0.15205178555097398,0.0,0,0.0,575,0,50
exp2_fleet_sensitivity,P1_K25,9,P1,25,1.0,25.0,2.490432396870233,3.5622654354860117,3.5622654354860117,0.9983361064891847,0.9983361064891847,0.06305488244925767,0.14837365433177008,0.0,0,0.0,601,0,51
exp2_fleet_sensitivity,P1_K25,10,P1,25,1.0,25.0,2.4393502716245905,3.4994446008189097,3.4994446008189097,0.9983552631578947,1.0,0.06288857169642269,0.1386942599905052,0.0,0,0.0,608,0,52
exp2_fleet_sensitivity,P1_K25,11,P1,25,1.0,25.0,2.558646219756376,3.737764133396297,3.737764133396297,0.9982964224872232,1.0,0.06166993596830916,0.11763455115020911,0.0,0,0.0,587,0,53
exp2_fleet_sensitivity,P1_K25,12,P1,25,1.0,25.0,2.418464559394407,3.3676171243805073,3.3676171243805073,0.9981447124304267,1.0,0.05555127846793466,0.1461611596911971,0.0,0,0.0,539,0,54
exp2_fleet_sensitivity,P1_K25,13,P1,25,1.0,25.0,2.5257407797007825,3.642262072306721,3.642262072306721,0.9965156794425087,0.9965156794425087,0.05909985803258788,0.14881618944748848,0.0,0,0.0,574,0,55
exp2_fleet_sensitivity,P1_K25,14,P1,25,1.0,25.0,2.4645922698406753,3.5712169881341267,3.5712169881341267,1.0,1.0,0.059657856072348914,0.1551384953252152,0.0,0,0.0,569,0,56
exp2_fleet_sensitivity,P1_K25,15,P1,25,1.0,25.0,2.4838531918783286,3.6422620723058685,3.6422620723058685,1.0,1.0,0.057718903888409195,0.11460168290412814,0.0,0,0.0,573,0,57
exp2_fleet_sensitivity,P1_K25,16,P1,25,1.0,25.0,2.4916998660834184,3.642262072305911,3.642262072305911,0.9964221824686941,0.998211091234347,0.05776195653806938,0.11883365561248482,0.0,0,0.0,559,0,58
exp2_fleet_sensitivity,P1_K25,17,P1,25,1.0,25.0,2.4510965561641616,3.38416520991359,3.38416520991359,0.9982698961937716,1.0,0.05904904539346081,0.13374417136037578,0.0,0,0.0,578,0,59
exp2_fleet_sensitivity,P1_K25,18,P1,25,1.0,25.0,2.462932117238883,3.3770674790879416,3.3770674790879416,0.9902439024390244,0.9934959349593496,0.06445172967499851,0.15453316601636566,0.0,0,0.0,615,0,60
exp2_fleet_sensitivity,P1_K25,19,P1,25,1.0,25.0,2.5156343563697043,3.642262072306636,3.642262072306636,0.9948453608247423,0.9982817869415808,0.058885333905666214,0.13594929648688092,0.0,0,0.0,582,0,61
exp2_fleet_sensitivity,P1_K25,20,P1,25,1.0,25.0,2.467253273975623,3.3792007842537837,3.3792007842537837,0.9982876712328768,1.0,0.05965143117226941,0.1310725635026866,0.0,0,0.0,584,0,62
exp2_fleet_sensitivity,P1_K25,21,P1,25,1.0,25.0,2.507768025269463,3.5862644265319696,3.5862644265319696,0.996415770609319,1.0,0.05813630874558406,0.10710461012216113,0.0,0,0.0,558,0,63
exp2_fleet_sensitivity,P1_K25,22,P1,25,1.0,25.0,2.4356622012772235,3.499444600819288,3.499444600819288,0.9982517482517482,0.9982517482517482,0.06045188945268775,0.13958753859867923,0.0,0,0.0,572,0,64
exp2_fleet_sensitivity,P1_K25,23,P1,25,1.0,25.0,2.539787921033055,3.7367936703850546,3.7367936703850546,0.996551724137931,0.9982758620689656,0.06215883220441982,0.14568473201582144,0.0,0,0.0,580,0,65
exp2_fleet_sensitivity,P1_K25,24,P1,25,1.0,25.0,2.4304279128230855,3.367377876074613,3.367377876074613,0.9983136593591906,1.0,0.061435738710082344,0.13388118715978797,0.0,0,0.0,593,0,66
exp2_fleet_sensitivity,P1_K25,25,P1,25,1.0,25.0,2.492400020245697,3.642262072306721,3.642262072306721,0.9983221476510067,1.0,0.06219958315852228,0.12410779481089189,0.0,0,0.0,596,0,67
exp2_fleet_sensitivity,P1_K25,26,P1,25,1.0,25.0,2.5249792915375244,3.578264762850498,3.578264762850498,0.9948186528497409,0.998272884283247,0.06027299590965649,0.1359850190242077,0.0,0,0.0,579,0,68
exp2_fleet_sensitivity,P1_K25,27,P1,25,1.0,25.0,2.448847208220741,3.3770674790879416,3.3770674790879416,0.9963963963963964,0.9981981981981982,0.055724320225347686,0.11893390492775868,0.0,0,0.0,555,0,69
exp2_fleet_sensitivity,P1_K25,28,P1,25,1.0,25.0,2.499380554208739,3.499444600819288,3.499444600819288,0.998220640569395,0.998220640569395,0.05767151361801073,0.13116140582131464,0.0,0,0.0,562,0,70
exp2_fleet_sensitivity,P1_K25,29,P1,25,1.0,25.0,2.528083931243754,3.530405170413474,3.530405170413474,0.9964476021314387,0.9964476021314387,0.05700046485737173,0.13184033735446074,0.0,0,0.0,563,0,71
exp2_fleet_sensitivity,P2_K25,0,P2,25,1.0,25.0,2.4975235802255535,3.569160825968311,3.569160825968311,0.9982698961937716,1.0,0.05884516664343201,0.13588365282662923,0.0,0,0.0,578,0,42
exp2_fleet_sensitivity,P2_K25,1,P2,25,1.0,25.0,2.528695580814923,3.503555937151532,3.503555937151532,0.9962616822429906,1.0,0.055209090518731206,0.11488096297024883,0.0,0,0.0,535,0,43
exp2_fleet_sensitivity,P2_K25,2,P2,25,1.0,25.0,2.483561455457455,3.4994446008188618,3.4994446008188618,1.0,1.0,0.05929819476484938,0.12693749628057965,0.0,0,0.0,565,0,44
exp2_fleet_sensitivity,P2_K25,3,P2,25,1.0,25.0,2.5221458523904206,3.5174905495289606,3.5174905495289606,0.998330550918197,0.998330550918197,0.06197461751296671,0.17863934984022284,0.0,0,0.0,599,0,45
exp2_fleet_sensitivity,P2_K25,4,P2,25,1.0,25.0,2.4783508323219703,3.5930597449321895,3.5930597449321895,0.9965337954939342,0.9982668977469671,0.05882385361455723,0.13376004994867038,0.0,0,0.0,577,0,46
exp2_fleet_sensitivity,P2_K25,5,P2,25,1.0,25.0,2.4898974518487345,3.4994446008190323,3.4994446008190323,0.9981718464351006,1.0,0.055533775225986286,0.12224484141034882,0.0,0,0.0,547,0,47
exp2_fleet_sensitivity,P2_K25,6,P2,25,1.0,25.0,2.420967586206631,3.38416520991359,3.38416520991359,0.9981684981684982,1.0,0.056644240305609335,0.13065414273054055,0.0,0,0.0,546,0,48
exp2_fleet_sensitivity,P2_K25,7,P2,25,1.0,25.0,2.4867174975899404,3.499444600819288,3.499444600819288,1.0,1.0,0.061152480097569024,0.12505157019046967,0.0,0,0.0,574,0,49
exp2_fleet_sensitivity,P2_K25,8,P2,25,1.0,25.0,2.52590955117046,3.6841915278820085,3.6841915278820085,0.9965217391304347,0.9982608695652174,0.06046388781462783,0.15668107553722935,0.0,0,0.0,575,0,50
exp2_fleet_sensitivity,P2_K25,9,P2,25,1.0,25.0,2.5328878684827902,3.6422620723060817,3.6422620723060817,0.9983361064891847,0.9983361064891847,0.06315613537957172,0.14837365433177008,0.0,0,0.0,601,0,51
exp2_fleet_sensitivity,P2_K25,10,P2,25,1.0,25.0,2.4880967290124723,3.5244008206796917,3.5244008206796917,0.9967105263157895,1.0,0.06300618219678712,0.14274585383701893,0.0,0,0.0,608,0,52
exp2_fleet_sensitivity,P2_K25,11,P2,25,1.0,25.0,2.6243199194630704,3.7671753702356323,3.7671753702356323,0.9982964224872232,1.0,0.06182291399103864,0.1283960693140899,0.0,0,0.0,587,0,53
exp2_fleet_sensitivity,P2_K25,12,P2,25,1.0,25.0,2.4794251886375527,3.491515130883414,3.491515130883414,1.0,1.0,0.055681666480482485,0.14218131529081215,0.0,0,0.0,539,0,54
exp2_fleet_sensitivity,P2_K25,13,P2,25,1.0,25.0,2.525231787988044,3.5872043730435905,3.5872043730435905,0.9965156794425087,0.9965156794425087,0.059098698662575534,0.1353074974619946,0.0,0,0.0,574,0,55
exp2_fleet_sensitivity,P2_K25,14,P2,25,1.0,25.0,2.488800512723698,3.566782391583274,3.566782391583274,1.0,1.0,0.059712516747747475,0.15178548714612664,0.0,0,0.0,569,0,56
exp2_fleet_sensitivity,P2_K25,15,P2,25,1.0,25.0,2.5020158128679575,3.6422620723065506,3.6422620723065506,1.0,1.0,0.05776020222899276,0.12747004336665502,0.0,0,0.0,573,0,57
exp2_fleet_sensitivity,P2_K25,16,P2,25,1.0,25.0,2.512759523260407,3.5683217073698756,3.5683217073698756,0.9946332737030411,0.998211091234347,0.05780867220617231,0.11945580153842318,0.0,0,0.0,559,0,58
exp2_fleet_sensitivity,P2_K25,17,P2,25,1.0,25.0,2.5172871940189845,3.5728117410340032,3.5728117410340032,1.0,1.0,0.05920086360250878,0.14094834337030623,0.0,0,0.0,578,0,59
exp2_fleet_sensitivity,P2_K25,18,P2,25,1.0,25.0,2.5601145541437202,3.7779355062583604,3.7779355062583604,0.9967479674796748,0.9983739837398374,0.06468890109839723,0.17160732255922262,0.0,0,0.0,615,0,60
exp2_fleet_sensitivity,P2_K25,19,P2,25,1.0,25.0,2.559958793705789,3.739705059419123,3.739705059419123,0.9982817869415808,0.9982817869415808,0.05898770224903765,0.13887847403150713,0.0,0,0.0,582,0,61
exp2_fleet_sensitivity,P2_K25,20,P2,25,1.0,25.0,2.4934297359686495,3.499444600819288,3.499444600819288,1.0,1.0,0.05971209408418978,0.12873958592288595,0.0,0,0.0,584,0,62
exp2_fleet_sensitivity,P2_K25,21,P2,25,1.0,25.0,2.4811535893805576,3.413696146311054,3.413696146311054,0.996415770609319,1.0,0.058077376780401486,0.1058356457040068,0.0,0,0.0,558,0,63
exp2_fleet_sensitivity,P2_K25,22,P2,25,1.0,25.0,2.5487305063927352,3.642262072306721,3.642262072306721,0.9982517482517482,1.0,0.06070853655794995,0.13958753859867923,0.0,0,0.0,572,0,64
exp2_fleet_sensitivity,P2_K25,23,P2,25,1.0,25.0,2.558084311776651,3.7145770667106395,3.7145770667106395,0.9982758620689656,0.9982758620689656,0.06220094294502016,0.14868659595376538,0.0,0,0.0,580,0,65
exp2_fleet_sensitivity,P2_K25,24,P2,25,1.0,25.0,2.5104837659828907,3.642262072306039,3.642262072306039,0.9983136593591906,1.0,0.06162412411057347,0.13388118715978797,0.0,0,0.0,593,0,66
exp2_fleet_sensitivity,P2_K25,25,P2,25,1.0,25.0,2.547281655251029,3.7173272127345314,3.7173272127345314,0.9983221476510067,1.0,0.06232938258099521,0.1237723622724219,0.0,0,0.0,596,0,67
exp2_fleet_sensitivity,P2_K25,26,P2,25,1.0,25.0,2.5448086190657233,3.744802890830273,3.744802890830273,0.998272884283247,1.0,0.060318556150286744,0.14354541070783805,0.0,0,0.0,579,0,68
exp2_fleet_sensitivity,P2_K25,27,P2,25,1.0,25.0,2.476889755010794,3.53976392243152,3.53976392243152,0.9981981981981982,0.9981981981981982,0.05578608059625435,0.11539548012593025,0.0,0,0.0,555,0,69
exp2_fleet_sensitivity,P2_K25,28,P2,25,1.0,25.0,2.5144252234835918,3.4994446008192615,3.4994446008192615,0.998220640569395,0.998220640569395,0.05770506561853638,0.13379177015498153,0.0,0,0.0,562,0,70
exp2_fleet_sensitivity,P2_K25,29,P2,25,1.0,25.0,2.4807296891045287,3.388224227838691,3.388224227838691,1.0,1.0,0.05904953972831833,0.13710521527212172,0.0,0,0.0,582,0,71
exp2_fleet_sensitivity,P0_K30,0,P0,30,1.0,25.0,3.962192643666032,8.268299408540855,8.268299408540855,0.8961937716262975,0.916955017301038,0.05183717166935673,0.2626376949317694,0.0,0,0.0,578,0,42
exp2_fleet_sensitivity,P0_K30,1,P0,30,1.0,25.0,3.8034992695239738,7.712052514979206,7.712052514979206,0.908411214953271,0.9196261682242991,0.04826293248736646,0.22938303308979582,0.0,0,0.0,535,0,43
exp2_fleet_sensitivity,P0_K30,2,P0,30,1.0,25.0,3.9751101758956664,8.024963630788703,8.024963630788703,0.8991150442477877,0.9185840707964602,0.05220195141464828,0.22959110062618207,0.0,0,0.0,565,0,44
exp2_fleet_sensitivity,P0_K30,3,P0,30,1.0,25.0,3.673863397124793,6.839359477364176,6.839359477364176,0.9131886477462438,0.9465776293823038,0.05392685986297457,0.23176621983175855,0.0,0,0.0,599,0,45
exp2_fleet_sensitivity,P0_K30,4,P0,30,1.0,25.0,3.985928840681251,7.7695777380250775,7.7695777380250775,0.901213171577123,0.9220103986135182,0.051896440547922446,0.23352069959931415,0.0,0,0.0,577,0,46
exp2_fleet_sensitivity,P0_K30,5,P0,30,1.0,25.0,3.730387634786968,6.961499424878829,6.961499424878829,0.9159049360146252,0.943327239488117,0.0485220221131474,0.21377275925600928,0.0,0,0.0,547,0,47
exp2_fleet_sensitivity,P0_K30,6,P0,30,1.0,25.0,3.6998064288656463,7.3277472857950166,7.3277472857950166,0.9194139194139194,0.9432234432234432,0.04951254816503101,0.2525617454633738,0.0,0,0.0,546,0,48
exp2_fleet_sensitivity,P0_K30,7,P0,30,1.0,25.0,4.20180411410743,9.498899301002552,9.498899301002552,0.875,0.9057971014492754,0.05218192783849369,0.2603468079823047,0.0,0,0.0,552,0,49
exp2_fleet_sensitivity,P0_K30,8,P0,30,1.0,25.0,3.925020899138893,7.769577738024651,7.769577738024651,0.903954802259887,0.9265536723163842,0.04865688519270491,0.22635602406213517,0.0,0,0.0,531,0,50
exp2_fleet_sensitivity,P0_K30,9,P0,30,1.0,25.0,3.9826274429220803,7.7695777380250775,7.7695777380250775,0.9007352941176471,0.9209558823529411,0.05003027798030511,0.22022243898806262,0.0,0,0.0,544,0,51
exp2_fleet_sensitivity,P0_K30,10,P0,30,1.0,25.0,3.944533112933581,7.729310081893022,7.729310081893022,0.9078947368421053,0.9210526315789473,0.055433436623724866,0.26238892023930693,0.0,0,0.0,608,0,52
exp2_fleet_sensitivity,P0_K30,11,P0,30,1.0,25.0,3.9317502655898307,7.7695777380250775,7.7695777380250775,0.9028960817717206,0.9301533219761499,0.05405699715250716,0.2368916218004703,0.0,0,0.0,587,0,53
exp2_fleet_sensitivity,P0_K30,12,P0,30,1.0,25.0,3.857371005657251,7.7695777380250775,7.7695777380250775,0.9016697588126159,0.9239332096474954,0.048857449564997414,0.24569377225383807,0.0,0,0.0,539,0,54
exp2_fleet_sensitivity,P0_K30,13,P0,30,1.0,25.0,3.8586160946024886,7.712052514978758,7.712052514978758,0.9076655052264808,0.9320557491289199,0.05177987650451634,0.28984813476246646,0.0,0,0.0,574,0,55
exp2_fleet_sensitivity,P0_K30,14,P0,30,1.0,25.0,3.7346636242038285,6.844961865034343,6.844961865034343,0.9191564147627417,0.9420035149384886,0.05210466379254154,0.24949654383850292,0.0,0,0.0,569,0,56
exp2_fleet_sensitivity,P0_K30,15,P0,30,1.0,25.0,4.01757522010812,7.7695777380250775,7.7695777380250775,0.900523560209424,0.9197207678883071,0.05100524636922879,0.23950615488572705,0.0,0,0.0,573,0,57
exp2_fleet_sensitivity,P0_K30,16,P0,30,1.0,25.0,3.866268303437506,7.7695777380250775,7.7695777380250775,0.9025735294117647,0.9209558823529411,0.04933428368029417,0.24148173632703995,0.0,0,0.0,544,0,58
exp2_fleet_sensitivity,P0_K30,17,P0,30,1.0,25.0,3.642926077937935,6.905430048918059,6.905430048918059,0.9204152249134948,0.9411764705882353,0.05148557176831143,0.25693354262210244,0.0,0,0.0,578,0,59
exp2_fleet_sensitivity,P0_K30,18,P0,30,1.0,25.0,4.023887305606823,8.068810740334367,8.068810740334367,0.8991869918699187,0.9219512195121952,0.05688433637217568,0.2524434949600349,0.0,0,0.0,615,0,60
exp2_fleet_sensitivity,P0_K30,19,P0,30,1.0,25.0,3.8734849139532077,7.570263065364551,7.570263065364551,0.9132743362831859,0.9398230088495575,0.050175980896180514,0.22342919432343894,0.0,0,0.0,565,0,61
exp2_fleet_sensitivity,P0_K30,20,P0,30,1.0,25.0,3.8350473297531122,7.7695777380250775,7.7695777380250775,0.9023972602739726,0.922945205479452,0.05235103301582659,0.26298447365081234,0.0,0,0.0,584,0,62
exp2_fleet_sensitivity,P0_K30,21,P0,30,1.0,25.0,3.8895781924042083,7.7695777380249496,7.7695777380249496,0.907942238267148,0.9314079422382672,0.050603915775847094,0.2677061256288112,0.0,0,0.0,554,0,63
exp2_fleet_sensitivity,P0_K30,22,P0,30,1.0,25.0,3.961986602273105,8.268299408540543,8.268299408540543,0.8951048951048951,0.9230769230769231,0.05326366964102831,0.23872186424386682,0.0,0,0.0,572,0,64
exp2_fleet_sensitivity,P0_K30,23,P0,30,1.0,25.0,4.071320265564283,9.072095092670262,9.072095092670262,0.8827586206896552,0.9086206896551724,0.054736489667135985,0.2468160316540699,0.0,0,0.0,580,0,65
exp2_fleet_sensitivity,P0_K30,24,P0,30,1.0,25.0,3.856261506591962,7.769577738025035,7.769577738025035,0.9054982817869416,0.9329896907216495,0.052903651154930745,0.25978468770125923,0.0,0,0.0,582,0,66
exp2_fleet_sensitivity,P0_K30,25,P0,30,1.0,25.0,4.043044191315934,8.80018538342556,8.80018538342556,0.8859060402684564,0.9211409395973155,0.05488914974175095,0.29776666187641315,0.0,0,0.0,596,0,67
exp2_fleet_sensitivity,P0_K30,26,P0,30,1.0,25.0,4.084664894541327,9.024317666800755,9.024317666800755,0.8904847396768402,0.9138240574506283,0.05134318792183513,0.22822224360610718,0.0,0,0.0,557,0,68
exp2_fleet_sensitivity,P0_K30,27,P0,30,1.0,25.0,4.105680501110307,8.453446252149611,8.453446252149611,0.8972972972972973,0.918918918918919,0.04947774859239861,0.25658499983073985,0.0,0,0.0,555,0,69
exp2_fleet_sensitivity,P0_K30,28,P0,30,1.0,25.0,4.120902670877669,8.503015143072085,8.503015143072085,0.8879003558718861,0.9145907473309609,0.05107313776887123,0.2710358700883009,0.0,0,0.0,562,0,70
exp2_fleet_sensitivity,P0_K30,29,P0,30,1.0,25.0,3.878439748940672,7.6335743733099015,7.6335743733099015,0.9129662522202486,0.9378330373001776,0.0500144426898844,0.26724033471358216,0.0,0,0.0,563,0,71
exp2_fleet_sensitivity,P1_K30,0,P1,30,1.0,25.0,2.3790542216252697,3.3507447801029584,3.3507447801029584,0.9965397923875432,1.0,0.048811199420879296,0.12553712242647347,0.0,0,0.0,578,0,42
exp2_fleet_sensitivity,P1_K30,1,P1,30,1.0,25.0,2.3861062325933817,3.166203834016983,3.166203834016983,0.9981308411214953,1.0,0.04575530922427824,0.11175764750899807,0.0,0,0.0,535,0,43
exp2_fleet_sensitivity,P1_K30,2,P1,30,1.0,25.0,2.3931669872243226,3.1662038340161303,3.1662038340161303,0.9964601769911504,1.0,0.049246270523116156,0.12472939017186183,0.0,0,0.0,565,0,44
exp2_fleet_sensitivity,P1_K30,3,P1,30,1.0,25.0,2.411189394790487,3.166203834016983,3.166203834016983,0.998330550918197,0.998330550918197,0.0514257298120544,0.17934149176608588,0.0,0,0.0,599,0,45
exp2_fleet_sensitivity,P1_K30,4,P1,30,1.0,25.0,2.3856060599955202,3.2585541959193165,3.2585541959193165,0.9948006932409013,0.9982668977469671,0.0488429146072621,0.13412960174610664,0.0,0,0.0,577,0,46
exp2_fleet_sensitivity,P1_K30,5,P1,30,1.0,25.0,2.3208383582379395,3.0132591928427255,3.0132591928427255,0.9981718464351006,1.0,0.04597234137811985,0.12224484141034882,0.0,0,0.0,547,0,47
exp2_fleet_sensitivity,P1_K30,6,P1,30,1.0,25.0,2.370599300128413,3.1662038340161303,3.1662038340161303,0.9981684981684982,1.0,0.04711259084925545,0.13249748090102542,0.0,0,0.0,546,0,48
exp2_fleet_sensitivity,P1_K30,7,P1,30,1.0,25.0,2.397794504060922,3.166203834016983,3.166203834016983,0.9965156794425087,0.9982578397212544,0.050791611065812606,0.12204892282976235,0.0,0,0.0,574,0,49
exp2_fleet_sensitivity,P1_K30,8,P1,30,1.0,25.0,2.3825679242929056,3.1662038340161303,3.1662038340161303,0.9947826086956522,0.9982608695652174,0.05011401552192995,0.15205178555097398,0.0,0,0.0,575,0,50
exp2_fleet_sensitivity,P1_K30,9,P1,30,1.0,25.0,2.3994232816232044,3.166203834016983,3.166203834016983,0.9983361064891847,0.9983361064891847,0.05236486077694932,0.14837365433177008,0.0,0,0.0,601,0,51
exp2_fleet_sensitivity,P1_K30,10,P1,30,1.0,25.0,2.3427857611799574,3.166203834015704,3.166203834015704,0.9983552631578947,1.0,0.05221299221279161,0.1386942599905052,0.0,0,0.0,608,0,52
exp2_fleet_sensitivity,P1_K30,11,P1,30,1.0,25.0,2.471285441281456,3.435211478932274,3.435211478932274,0.9982964224872232,1.0,0.051222034018019606,0.11763455115020911,0.0,0,0.0,587,0,53
exp2_fleet_sensitivity,P1_K30,12,P1,30,1.0,25.0,2.3673856196746157,3.166203834016983,3.166203834016983,0.9981447124304267,1.0,0.04620168857609313,0.1461611596911971,0.0,0,0.0,539,0,54
exp2_fleet_sensitivity,P1_K30,13,P1,30,1.0,25.0,2.477647251031931,3.366420882849468,3.366420882849468,0.9965156794425087,0.9965156794425087,0.04915859305144254,0.1459429099052245,0.0,0,0.0,574,0,55
exp2_fleet_sensitivity,P1_K30,14,P1,30,1.0,25.0,2.3644658596278383,3.1846739063973635,3.1846739063973635,1.0,1.0,0.049526480829433915,0.153375680706374,0.0,0,0.0,569,0,56
exp2_fleet_sensitivity,P1_K30,15,P1,30,1.0,25.0,2.4109834928099843,3.3664208828489564,3.3664208828489564,1.0,1.0,0.04796101006055872,0.10639277625932433,0.0,0,0.0,573,0,57
exp2_fleet_sensitivity,P1_K30,16,P1,30,1.0,25.0,2.4169081373227557,3.3664208828490416,3.3664208828490416,0.9964221824686941,0.998211091234347,0.047996707907461224,0.11883365561248482,0.0,0,0.0,559,0,58
exp2_fleet_sensitivity,P1_K30,17,P1,30,1.0,25.0,2.3844822021857364,3.295543891609541,3.295543891609541,0.9982698961937716,1.0,0.0490802127729914,0.13218447333415803,0.0,0,0.0,578,0,59
exp2_fleet_sensitivity,P1_K30,18,P1,30,1.0,25.0,2.3827932270075203,3.0270716314225865,3.0270716314225865,0.9902439024390244,0.9934959349593496,0.05354679385121474,0.15453316601636566,0.0,0,0.0,615,0,60
exp2_fleet_sensitivity,P1_K30,19,P1,30,1.0,25.0,2.432326844119922,3.3664208828490416,3.3664208828490416,0.9948453608247423,0.9982817869415808,0.048910777685510956,0.13594929648688092,0.0,0,0.0,582,0,61
exp2_fleet_sensitivity,P1_K30,20,P1,30,1.0,25.0,2.374796291939847,3.166203834016983,3.166203834016983,1.0,1.0,0.04953097148777445,0.1310725635026866,0.0,0,0.0,584,0,62
exp2_fleet_sensitivity,P1_K30,21,P1,30,1.0,25.0,2.412585486613802,3.3664208828486153,3.3664208828486153,0.996415770609319,1.0,0.04827128950832449,0.10710461012216113,0.0,0,0.0,558,0,63
exp2_fleet_sensitivity,P1_K30,22,P1,30,1.0,25.0,2.3375983310786355,3.166203834016983,3.166203834016983,0.9982517482517482,0.9982517482517482,0.05019108336085885,0.13958753859867923,0.0,0,0.0,572,0,64
exp2_fleet_sensitivity,P1_K30,23,P1,30,1.0,25.0,2.4534621445622267,3.3681953155558593,3.3681953155558593,0.996551724137931,0.9982758620689656,0.05163345491124574,0.14568473201582144,0.0,0,0.0,580,0,65
exp2_fleet_sensitivity,P1_K30,24,P1,30,1.0,25.0,2.364871439265588,3.166203834015789,3.166203834015789,0.9983136593591906,1.0,0.05106789406786094,0.13388118715978797,0.0,0,0.0,593,0,66
exp2_fleet_sensitivity,P1_K30,25,P1,30,1.0,25.0,2.3947276368330566,3.2123790149679365,3.2123790149679365,0.9983221476510067,1.0,0.05164048351664576,0.12410779481089189,0.0,0,0.0,596,0,67
exp2_fleet_sensitivity,P1_K30,26,P1,30,1.0,25.0,2.4633260251639837,3.366420882849127,3.366420882849127,0.9948186528497409,0.998272884283247,0.05010945015874059,0.1359850190242077,0.0,0,0.0,579,0,68
exp2_fleet_sensitivity,P1_K30,27,P1,30,1.0,25.0,2.4017755824792233,3.2012322308805223,3.2012322308805223,0.9963963963963964,0.9981981981981982,0.04635054214451413,0.11893390492775868,0.0,0,0.0,555,0,69
exp2_fleet_sensitivity,P1_K30,28,P1,30,1.0,25.0,2.3989487252459933,3.2585541959193165,3.2585541959193165,0.998220640569395,0.998220640569395,0.047872945581553035,0.13014743169413767,0.0,0,0.0,562,0,70
exp2_fleet_sensitivity,P1_K30,29,P1,30,1.0,25.0,2.4425740369100377,3.3619419963498562,3.3619419963498562,0.9964476021314387,0.9964476021314387,0.04734118741252577,0.13184033735446074,0.0,0,0.0,563,0,71
exp2_fleet_sensitivity,P2_K30,0,P2,30,1.0,25.0,2.4975235802255535,3.569160825968311,3.569160825968311,0.9982698961937716,1.0,0.049037638869526674,0.13588365282662923,0.0,0,0.0,578,0,42
exp2_fleet_sensitivity,P2_K30,1,P2,30,1.0,25.0,2.528695580814923,3.503555937151532,3.503555937151532,0.9962616822429906,1.0,0.04600757543227599,0.11488096297024883,0.0,0,0.0,535,0,43
exp2_fleet_sensitivity,P2_K30,2,P2,30,1.0,25.0,2.4769540886749244,3.47461040192954,3.47461040192954,1.0,1.0,0.04940281719083965,0.12693749628057965,0.0,0,0.0,565,0,44
exp2_fleet_sensitivity,P2_K30,3,P2,30,1.0,25.0,2.519033788630187,3.50081504626337,3.50081504626337,0.998330550918197,0.998330550918197,0.051639350155672045,0.17863934984022284,0.0,0,0.0,599,0,45
exp2_fleet_sensitivity,P2_K30,4,P2,30,1.0,25.0,2.4783508323219703,3.5930597449321895,3.5930597449321895,0.9965337954939342,0.9982668977469671,0.04901987801213102,0.13376004994867038,0.0,0,0.0,577,0,46
exp2_fleet_sensitivity,P2_K30,5,P2,30,1.0,25.0,2.4898974518487345,3.4994446008190323,3.4994446008190323,0.9981718464351006,1.0,0.04627814602165524,0.12224484141034882,0.0,0,0.0,547,0,47
exp2_fleet_sensitivity,P2_K30,6,P2,30,1.0,25.0,2.4175534356711346,3.375293046381529,3.375293046381529,0.9981684981684982,1.0,0.04719736914954092,0.13008297642398148,0.0,0,0.0,546,0,48
exp2_fleet_sensitivity,P2_K30,7,P2,30,1.0,25.0,2.4702968298716272,3.499444600819011,3.499444600819011,1.0,1.0,0.05092923122128664,0.12505157019046967,0.0,0,0.0,574,0,49
exp2_fleet_sensitivity,P2_K30,8,P2,30,1.0,25.0,2.52590955117046,3.6841915278820085,3.6841915278820085,0.9965217391304347,0.9982608695652174,0.05038657317885653,0.15668107553722935,0.0,0,0.0,575,0,50
exp2_fleet_sensitivity,P2_K30,9,P2,30,1.0,25.0,2.5328878684827902,3.6422620723060817,3.6422620723060817,0.9983361064891847,0.9983361064891847,0.052630112816309776,0.14837365433177008,0.0,0,0.0,601,0,51
exp2_fleet_sensitivity,P2_K30,10,P2,30,1.0,25.0,2.482850467433038,3.5015002689854104,3.5015002689854104,0.9967105263157895,1.0,0.05249460379150151,0.14274585383701893,0.0,0,0.0,608,0,52
exp2_fleet_sensitivity,P2_K30,11,P2,30,1.0,25.0,2.618885972205326,3.7671753702356323,3.7671753702356323,0.9982964224872232,1.0,0.051508546953377796,0.1283960693140899,0.0,0,0.0,587,0,53
exp2_fleet_sensitivity,P2_K30,12,P2,30,1.0,25.0,2.4775629247091007,3.491515130883414,3.491515130883414,1.0,1.0,0.04639806942071479,0.14218131529081215,0.0,0,0.0,539,0,54
exp2_fleet_sensitivity,P2_K30,13,P2,30,1.0,25.0,2.525231787988044,3.5872043730435905,3.5872043730435905,0.9965156794425087,0.9965156794425087,0.04924891555214627,0.1353074974619946,0.0,0,0.0,574,0,55
exp2_fleet_sensitivity,P2_K30,14,P2,30,1.0,25.0,2.488800512723698,3.566782391583274,3.566782391583274,1.0,1.0,0.04976043062312289,0.15178548714612664,0.0,0,0.0,569,0,56
exp2_fleet_sensitivity,P2_K30,15,P2,30,1.0,25.0,2.499277882742547,3.6422620723058685,3.6422620723058685,1.0,1.0,0.048128313914498386,0.12747004336665502,0.0,0,0.0,573,0,57
exp2_fleet_sensitivity,P2_K30,16,P2,30,1.0,25.0,2.5094247715745737,3.5666434701730054,3.5666434701730054,0.9946332737030411,0.998211091234347,0.04816772906667674,0.11945580153842318,0.0,0,0.0,559,0,58
exp2_fleet_sensitivity,P2_K30,17,P2,30,1.0,25.0,2.514778758158418,3.5728117410340032,3.5728117410340032,1.0,1.0,0.049329258438838626,0.14094834337030623,0.0,0,0.0,578,0,59
exp2_fleet_sensitivity,P2_K30,18,P2,30,1.0,25.0,2.5601145541437202,3.7779355062583604,3.7779355062583604,0.9967479674796748,0.9983739837398374,0.0539074175819977,0.17160732255922262,0.0,0,0.0,615,0,60
exp2_fleet_sensitivity,P2_K30,19,P2,30,1.0,25.0,2.559958793705789,3.739705059419123,3.739705059419123,0.9982817869415808,0.9982817869415808,0.04915641854086471,0.13887847403150713,0.0,0,0.0,582,0,61
exp2_fleet_sensitivity,P2_K30,20,P2,30,1.0,25.0,2.4934297359686495,3.499444600819288,3.499444600819288,1.0,1.0,0.04976007840349149,0.12873958592288595,0.0,0,0.0,584,0,62
exp2_fleet_sensitivity,P2_K30,21,P2,30,1.0,25.0,2.4785552454246305,3.413696146311054,3.413696146311054,0.996415770609319,1.0,0.04839301942041589,0.1058356457040068,0.0,0,0.0,558,0,63
exp2_fleet_sensitivity,P2_K30,22,P2,30,1.0,25.0,2.5461957582678973,3.642262072306721,3.642262072306721,0.9982517482517482,1.0,0.050585652568372934,0.13958753859867923,0.0,0,0.0,572,0,64
exp2_fleet_sensitivity,P2_K30,23,P2,30,1.0,25.0,2.5518705578020504,3.649250314902604,3.649250314902604,0.9982758620689656,0.9982758620689656,0.05182220120648086,0.14868659595376538,0.0,0,0.0,580,0,65
exp2_fleet_sensitivity,P2_K30,24,P2,30,1.0,25.0,2.5084833239551942,3.642262072306039,3.642262072306039,0.9983136593591906,1.0,0.0513495139343323,0.13388118715978797,0.0,0,0.0,593,0,66
exp2_fleet_sensitivity,P2_K30,25,P2,30,1.0,25.0,2.547281655251029,3.7173272127345314,3.7173272127345314,0.9983221476510067,1.0,0.05194115215082933,0.1237723622724219,0.0,0,0.0,596,0,67
exp2_fleet_sensitivity,P2_K30,26,P2,30,1.0,25.0,2.542099061273219,3.7397050594187817,3.7397050594187817,0.998272884283247,1.0,0.05026027551557672,0.14354541070783805,0.0,0,0.0,579,0,68
exp2_fleet_sensitivity,P2_K30,27,P2,30,1.0,25.0,2.476889755010794,3.53976392243152,3.53976392243152,0.9981981981981982,0.9981981981981982,0.04648840049687863,0.11539548012593025,0.0,0,0.0,555,0,69
exp2_fleet_sensitivity,P2_K30,28,P2,30,1.0,25.0,2.5082335825124593,3.4984534170769312,3.4984534170769312,0.998220640569395,0.998220640569395,0.04807604773030884,0.13379177015498153,0.0,0,0.0,562,0,70
exp2_fleet_sensitivity,P2_K30,29,P2,30,1.0,25.0,2.476805528016558,3.388224227838691,3.388224227838691,1.0,1.0,0.049200397320711034,0.13710521527212172,0.0,0,0.0,582,0,71
exp2_fleet_sensitivity,P0_K35,0,P0,35,1.0,25.0,3.3162595419278644,5.3066777158645095,5.3066777158645095,0.9325259515570934,0.9619377162629758,0.04337361502270071,0.1898758151457288,0.0,0,0.0,578,0,42
exp2_fleet_sensitivity,P0_K35,1,P0,35,1.0,25.0,3.256506946719539,4.31958339573911,4.31958339573911,0.9401869158878504,0.9495327102803738,0.04053874685793435,0.1670775907434927,0.0,0,0.0,535,0,43
exp2_fleet_sensitivity,P0_K35,2,P0,35,1.0,25.0,3.2667398564224914,4.0391116615007014,4.0391116615007014,0.9362831858407079,0.95929203539823,0.043610093189589846,0.17570803991012052,0.0,0,0.0,565,0,44
exp2_fleet_sensitivity,P0_K35,3,P0,35,1.0,25.0,3.129871568721953,3.899683992234543,3.899683992234543,0.9532554257095158,0.9649415692821369,0.04529940849589061,0.17818809224959817,0.0,0,0.0,599,0,45
exp2_fleet_sensitivity,P0_K35,4,P0,35,1.0,25.0,3.3037360464317085,4.249000426328386,4.249000426328386,0.9358752166377816,0.9462738301559792,0.04336694551986889,0.18569856479254687,0.0,0,0.0,577,0,46
exp2_fleet_sensitivity,P0_K35,5,P0,35,1.0,25.0,3.1460363842800017,3.8996839922350546,3.8996839922350546,0.9506398537477148,0.9616087751371115,0.04068429521822124,0.17230115062450468,0.0,0,0.0,547,0,47
exp2_fleet_sensitivity,P0_K35,6,P0,35,1.0,25.0,3.0743202542523664,3.8996839922350546,3.8996839922350546,0.9523809523809523,0.9652014652014652,0.04147131268074412,0.17900845758667158,0.0,0,0.0,546,0,48
exp2_fleet_sensitivity,P0_K35,7,P0,35,1.0,25.0,3.3494230782969696,5.1911997789632505,5.1911997789632505,0.9285714285714286,0.9547038327526133,0.045083951212905975,0.20777174750658106,0.0,0,0.0,574,0,49
exp2_fleet_sensitivity,P0_K35,8,P0,35,1.0,25.0,3.2983696114494516,4.687353262508509,4.687353262508509,0.9378531073446328,0.9585687382297552,0.040762727461765506,0.17538422172081486,0.0,0,0.0,531,0,50
exp2_fleet_sensitivity,P0_K35,9,P0,35,1.0,25.0,3.3275904713122944,4.61937208412439,4.61937208412439,0.9319852941176471,0.9485294117647058,0.04187306107904913,0.1502163455555706,0.0,0,0.0,544,0,51
exp2_fleet_sensitivity,P0_K35,10,P0,35,1.0,25.0,3.258401868430634,4.528730512945331,4.528730512945331,0.9342105263157895,0.9539473684210527,0.04633192584568198,0.1915193351065707,0.0,0,0.0,608,0,52
exp2_fleet_sensitivity,P0_K35,11,P0,35,1.0,25.0,3.268039195735659,4.641397931108939,4.641397931108939,0.9420783645655877,0.959114139693356,0.04523026513864444,0.1811035503965289,0.0,0,0.0,587,0,53
exp2_fleet_sensitivity,P0_K35,12,P0,35,1.0,25.0,3.1884481180666375,4.68735326250772,4.68735326250772,0.9499072356215214,0.961038961038961,0.040855848390147054,0.17939792082516415,0.0,0,0.0,539,0,54
exp2_fleet_sensitivity,P0_K35,13,P0,35,1.0,25.0,3.2351550798816224,4.107834487506636,4.107834487506636,0.9407665505226481,0.9599303135888502,0.043368390114841136,0.20424386836164607,0.0,0,0.0,574,0,55
exp2_fleet_sensitivity,P0_K35,14,P0,35,1.0,25.0,3.1181533956206913,3.8996839922350546,3.8996839922350546,0.9525483304042179,0.961335676625659,0.04366682542743979,0.19476452543936218,0.0,0,0.0,569,0,56
exp2_fleet_sensitivity,P0_K35,15,P0,35,1.0,25.0,3.3171000113193836,4.687353262507912,4.687353262507912,0.9354275741710296,0.9581151832460733,0.04258110603009876,0.19140425623771667,0.0,0,0.0,573,0,57
exp2_fleet_sensitivity,P0_K35,16,P0,35,1.0,25.0,3.319017906047295,5.310306955693363,5.310306955693363,0.9373881932021467,0.9534883720930233,0.04256939861659094,0.19317466849686943,0.0,0,0.0,559,0,58
exp2_fleet_sensitivity,P0_K35,17,P0,35,1.0,25.0,3.037373124568947,3.8996839922350546,3.8996839922350546,0.9584775086505191,0.9792387543252595,0.043138399364200934,0.18373161038721406,0.0,0,0.0,578,0,59
exp2_fleet_sensitivity,P0_K35,18,P0,35,1.0,25.0,3.3755111224346237,4.723490862595783,4.723490862595783,0.9349593495934959,0.9495934959349593,0.047627755006505144,0.20575077351850712,0.0,0,0.0,615,0,60
exp2_fleet_sensitivity,P0_K35,19,P0,35,1.0,25.0,3.2498371706303266,4.606606825776753,4.606606825776753,0.9536082474226805,0.9639175257731959,0.04327213770444324,0.17980501747352204,0.0,0,0.0,582,0,61
exp2_fleet_sensitivity,P0_K35,20,P0,35,1.0,25.0,3.197075791473205,4.476425776671032,4.476425776671032,0.9434931506849316,0.9606164383561644,0.0438162613538279,0.1855904581971029,0.0,0,0.0,584,0,62
exp2_fleet_sensitivity,P0_K35,21,P0,35,1.0,25.0,3.2182865196955595,3.9805552873868066,3.9805552873868066,0.9422382671480144,0.9548736462093863,0.04232065913813936,0.1838077764314306,0.0,0,0.0,554,0,63
exp2_fleet_sensitivity,P0_K35,22,P0,35,1.0,25.0,3.2471153880311925,4.664692869712988,4.664692869712988,0.9405594405594405,0.9615384615384616,0.04449554241751868,0.16816284741330031,0.0,0,0.0,572,0,64
exp2_fleet_sensitivity,P0_K35,23,P0,35,1.0,25.0,3.374720881809889,5.622526913310201,5.622526913310201,0.9258620689655173,0.9568965517241379,0.04577178807472894,0.1999501603489351,0.0,0,0.0,580,0,65
exp2_fleet_sensitivity,P0_K35,24,P0,35,1.0,25.0,3.1965389246338707,4.557785732160736,4.557785732160736,0.9484536082474226,0.9656357388316151,0.04425766883943151,0.19694886669801073,0.0,0,0.0,582,0,66
exp2_fleet_sensitivity,P0_K35,25,P0,35,1.0,25.0,3.3388972280198965,4.987322794699693,4.987322794699693,0.9295302013422819,0.9496644295302014,0.04585829731230454,0.21642065479851563,0.0,0,0.0,596,0,67
exp2_fleet_sensitivity,P0_K35,26,P0,35,1.0,25.0,3.411698184150046,5.310306955693535,5.310306955693535,0.927461139896373,0.9464594127806563,0.04450738437657624,0.1839078459221867,0.0,0,0.0,579,0,68
exp2_fleet_sensitivity,P0_K35,27,P0,35,1.0,25.0,3.3929397294079964,5.146061889830103,5.146061889830103,0.9315315315315316,0.9459459459459459,0.04128826543663988,0.21242330610757565,0.0,0,0.0,555,0,69
exp2_fleet_sensitivity,P0_K35,28,P0,35,1.0,25.0,3.3936889668829138,5.595134881767735,5.595134881767735,0.9217081850533808,0.9430604982206405,0.04261854523713604,0.20657259940992678,0.0,0,0.0,562,0,70
exp2_fleet_sensitivity,P0_K35,29,P0,35,1.0,25.0,3.207874463699172,4.642032476918334,4.642032476918334,0.9484902309058615,0.9609236234458259,0.04179943087820315,0.17932410370621438,0.0,0,0.0,563,0,71
exp2_fleet_sensitivity,P1_K35,0,P1,35,1.0,25.0,2.3570152844647256,3.1662038340161303,3.1662038340161303,0.9982698961937716,1.0,0.04180206405667547,0.12553712242647347,0.0,0,0.0,578,0,42
exp2_fleet_sensitivity,P1_K35,1,P1,35,1.0,25.0,2.3579543484065755,3.1662038340161303,3.1662038340161303,0.9981308411214953,1.0,0.03917614583724999,0.11175764750899807,0.0,0,0.0,535,0,43
exp2_fleet_sensitivity,P1_K35,2,P1,35,1.0,25.0,2.3387500398480476,3.166203834015704,3.166203834015704,1.0,1.0,0.04212394169762679,0.12472939017186183,0.0,0,0.0,565,0,44
exp2_fleet_sensitivity,P1_K35,3,P1,35,1.0,25.0,2.387383134650596,3.1662038340158745,3.1662038340158745,0.998330550918197,0.998330550918197,0.04403877762284992,0.17934149176608588,0.0,0,0.0,599,0,45
exp2_fleet_sensitivity,P1_K35,4,P1,35,1.0,25.0,2.3454286122247394,3.1662038340161303,3.1662038340161303,0.9965337954939342,0.9982668977469671,0.04179964566290341,0.13376004994867038,0.0,0,0.0,577,0,46
exp2_fleet_sensitivity,P1_K35,5,P1,35,1.0,25.0,2.3130552632362265,2.980222953951852,2.980222953951852,0.9981718464351006,1.0,0.03939279671138748,0.12224484141034882,0.0,0,0.0,547,0,47
exp2_fleet_sensitivity,P1_K35,6,P1,35,1.0,25.0,2.351773282283723,3.1662038340159704,3.1662038340159704,0.9981684981684982,1.0,0.04035308522412597,0.13249748090102542,0.0,0,0.0,546,0,48
exp2_fleet_sensitivity,P1_K35,7,P1,35,1.0,25.0,2.3432786808115673,3.1662038340157785,3.1662038340157785,1.0,1.0,0.0434469702487432,0.12204892282976235,0.0,0,0.0,574,0,49
exp2_fleet_sensitivity,P1_K35,8,P1,35,1.0,25.0,2.3581263355655313,3.166203834015704,3.166203834015704,0.9965217391304347,0.9982608695652174,0.042915035091591204,0.15205178555097398,0.0,0,0.0,575,0,50
exp2_fleet_sensitivity,P1_K35,9,P1,35,1.0,25.0,2.3819178795650378,3.1662038340161303,3.1662038340161303,0.9983361064891847,0.9983361064891847,0.044854345669820044,0.14837365433177008,0.0,0,0.0,601,0,51
exp2_fleet_sensitivity,P1_K35,10,P1,35,1.0,25.0,2.3203798202767425,3.0394135561865623,3.0394135561865623,0.9983552631578947,1.0,0.044715379912355524,0.1386942599905052,0.0,0,0.0,608,0,52
exp2_fleet_sensitivity,P1_K35,11,P1,35,1.0,25.0,2.438907089730318,3.3664208828490416,3.3664208828490416,0.9982964224872232,1.0,0.04385072844299493,0.11763455115020911,0.0,0,0.0,587,0,53
exp2_fleet_sensitivity,P1_K35,12,P1,35,1.0,25.0,2.3232828724626993,3.1662038340157252,3.1662038340157252,1.0,1.0,0.03953406815380765,0.1461611596911971,0.0,0,0.0,539,0,54
exp2_fleet_sensitivity,P1_K35,13,P1,35,1.0,25.0,2.4377965991423114,3.3664208828486153,3.3664208828486153,0.9965156794425087,0.9965156794425087,0.042071100523162076,0.1459429099052245,0.0,0,0.0,574,0,55
exp2_fleet_sensitivity,P1_K35,14,P1,35,1.0,25.0,2.341272244321473,3.1662038340161303,3.1662038340161303,1.0,1.0,0.042413862346121024,0.153375680706374,0.0,0,0.0,569,0,56
exp2_fleet_sensitivity,P1_K35,15,P1,35,1.0,25.0,2.386282173804739,3.298978751344297,3.298978751344297,1.0,1.0,0.04106931855590406,0.10639277625932433,0.0,0,0.0,573,0,57
exp2_fleet_sensitivity,P1_K35,16,P1,35,1.0,25.0,2.390400930259745,3.166203834016301,3.166203834016301,0.998211091234347,0.998211091234347,0.04109803555121328,0.11906307583993858,0.0,0,0.0,559,0,58
exp2_fleet_sensitivity,P1_K35,17,P1,35,1.0,25.0,2.361476386986692,3.224584495456618,3.224584495456618,1.0,1.0,0.04203106287235699,0.13218447333415803,0.0,0,0.0,578,0,59
exp2_fleet_sensitivity,P1_K35,18,P1,35,1.0,25.0,2.314911348601169,2.980222953951852,2.980222953951852,0.9983739837398374,0.9983739837398374,0.04577892036674442,0.15369502918763706,0.0,0,0.0,615,0,60
exp2_fleet_sensitivity,P1_K35,19,P1,35,1.0,25.0,2.373645696703243,3.218746429313056,3.218746429313056,0.9982817869415808,0.9982817869415808,0.0418267197967744,0.13958277849014916,0.0,0,0.0,582,0,61
exp2_fleet_sensitivity,P1_K35,20,P1,35,1.0,25.0,2.3607820189241044,3.166203834016727,3.166203834016727,1.0,1.0,0.042431920188383786,0.1310725635026866,0.0,0,0.0,584,0,62
exp2_fleet_sensitivity,P1_K35,21,P1,35,1.0,25.0,2.381218990915848,3.2585541959191353,3.2585541959191353,0.996415770609319,1.0,0.041325780733327294,0.10710461012216113,0.0,0,0.0,558,0,63
exp2_fleet_sensitivity,P1_K35,22,P1,35,1.0,25.0,2.3123967248134942,3.1662038340158,3.1662038340158,1.0,1.0,0.042980068847902654,0.13958753859867923,0.0,0,0.0,572,0,64
exp2_fleet_sensitivity,P1_K35,23,P1,35,1.0,25.0,2.4210922678223783,3.3664208828490416,3.3664208828490416,0.9982758620689656,0.9982758620689656,0.044204031283026086,0.14568473201582144,0.0,0,0.0,580,0,65
exp2_fleet_sensitivity,P1_K35,24,P1,35,1.0,25.0,2.3409328447204065,3.0270716314225865,3.0270716314225865,1.0,1.0,0.04373224370622408,0.13388118715978797,0.0,0,0.0,593,0,66
exp2_fleet_sensitivity,P1_K35,25,P1,35,1.0,25.0,2.367729001345227,3.166203834015917,3.166203834015917,0.9983221476510067,1.0,0.044217661645926686,0.12410779481089189,0.0,0,0.0,596,0,67
exp2_fleet_sensitivity,P1_K35,26,P1,35,1.0,25.0,2.391169847227387,3.279588387187862,3.279588387187862,0.998272884283247,1.0,0.04283253770118441,0.1359850190242077,0.0,0,0.0,579,0,68
exp2_fleet_sensitivity,P1_K35,27,P1,35,1.0,25.0,2.346828509279479,3.1662038340158105,3.1662038340158105,1.0,1.0,0.03964259727572339,0.11893390492775868,0.0,0,0.0,555,0,69
exp2_fleet_sensitivity,P1_K35,28,P1,35,1.0,25.0,2.3890203432292796,3.2493191597287026,3.2493191597287026,0.998220640569395,0.998220640569395,0.04101813773573766,0.12712738181112193,0.0,0,0.0,562,0,70
exp2_fleet_sensitivity,P1_K35,29,P1,35,1.0,25.0,2.4109015348590686,3.284951487693036,3.284951487693036,0.9982238010657194,0.9982238010657194,0.04052761750253145,0.13184033735446074,0.0,0,0.0,563,0,71
exp2_fleet_sensitivity,P2_K35,0,P2,35,1.0,25.0,2.4959607669442883,3.5635788458921103,3.5635788458921103,0.9982698961937716,1.0,0.042029701496792214,0.13588365282662923,0.0,0,0.0,578,0,42
exp2_fleet_sensitivity,P2_K35,1,P2,35,1.0,25.0,2.5151646203249176,3.468663299477613,3.468663299477613,0.9981308411214953,1.0,0.03941454576773841,0.1137767481641099,0.0,0,0.0,535,0,43
exp2_fleet_sensitivity,P2_K35,2,P2,35,1.0,25.0,2.468315129824864,3.437359103594275,3.437359103594275,1.0,1.0,0.042331436810543153,0.12693749628057965,0.0,0,0.0,565,0,44
exp2_fleet_sensitivity,P2_K35,3,P2,35,1.0,25.0,2.51709490127289,3.499444600819288,3.499444600819288,0.998330550918197,0.998330550918197,0.04425900820166726,0.17863934984022284,0.0,0,0.0,599,0,45
exp2_fleet_sensitivity,P2_K35,4,P2,35,1.0,25.0,2.475701487743305,3.5669213129918376,3.5669213129918376,0.9965337954939342,0.9982668977469671,0.042012705326095606,0.13376004994867038,0.0,0,0.0,577,0,46
exp2_fleet_sensitivity,P2_K35,5,P2,35,1.0,25.0,2.485695204072488,3.493497498367532,3.493497498367532,0.9981718464351006,1.0,0.03966046691444144,0.12224484141034882,0.0,0,0.0,547,0,47
exp2_fleet_sensitivity,P2_K35,6,P2,35,1.0,25.0,2.4175534356711346,3.375293046381529,3.375293046381529,0.9981684981684982,1.0,0.04045488784246364,0.13008297642398148,0.0,0,0.0,546,0,48
exp2_fleet_sensitivity,P2_K35,7,P2,35,1.0,25.0,2.4702968298716272,3.499444600819011,3.499444600819011,1.0,1.0,0.043653626761102834,0.12505157019046967,0.0,0,0.0,574,0,49
exp2_fleet_sensitivity,P2_K35,8,P2,35,1.0,25.0,2.5197298782303363,3.642262072306721,3.642262072306721,0.9965217391304347,0.9982608695652174,0.043178419550299434,0.15668107553722935,0.0,0,0.0,575,0,50
exp2_fleet_sensitivity,P2_K35,9,P2,35,1.0,25.0,2.5122734837051848,3.5013779060676598,3.5013779060676598,0.9983361064891847,0.9983361064891847,0.045076408362813875,0.14837365433177008,0.0,0,0.0,601,0,51
exp2_fleet_sensitivity,P2_K35,10,P2,35,1.0,25.0,2.4718397713205023,3.4994446008191016,3.4994446008191016,0.9983552631578947,1.0,0.04497639932912029,0.14274585383701893,0.0,0,0.0,608,0,52
exp2_fleet_sensitivity,P2_K35,11,P2,35,1.0,25.0,2.6018159365136437,3.739705059418931,3.739705059418931,0.9982964224872232,1.0,0.044121781427864014,0.1283960693140899,0.0,0,0.0,587,0,53
exp2_fleet_sensitivity,P2_K35,12,P2,35,1.0,25.0,2.474211139638335,3.437359103594531,3.437359103594531,1.0,1.0,0.03976465300643709,0.14218131529081215,0.0,0,0.0,539,0,54
exp2_fleet_sensitivity,P2_K35,13,P2,35,1.0,25.0,2.524142300626861,3.5872043730435905,3.5872043730435905,0.9965156794425087,0.9965156794425087,0.04221158360891076,0.1353074974619946,0.0,0,0.0,574,0,55
exp2_fleet_sensitivity,P2_K35,14,P2,35,1.0,25.0,2.485399201976783,3.566643470173176,3.566643470173176,1.0,1.0,0.0426463120028837,0.15178548714612664,0.0,0,0.0,569,0,56
exp2_fleet_sensitivity,P2_K35,15,P2,35,1.0,25.0,2.4944485506972867,3.6401381071447654,3.6401381071447654,1.0,1.0,0.0412449969401428,0.12747004336665502,0.0,0,0.0,573,0,57
exp2_fleet_sensitivity,P2_K35,16,P2,35,1.0,25.0,2.5030344171048973,3.5631410424237515,3.5631410424237515,0.998211091234347,0.998211091234347,0.04127649960775083,0.11945580153842318,0.0,0,0.0,559,0,58
exp2_fleet_sensitivity,P2_K35,17,P2,35,1.0,25.0,2.5127694267967913,3.5196042616252585,3.5196042616252585,1.0,1.0,0.04227892958723861,0.14094834337030623,0.0,0,0.0,578,0,59
exp2_fleet_sensitivity,P2_K35,18,P2,35,1.0,25.0,2.5590080675329654,3.7779355062583604,3.7779355062583604,0.9967479674796748,0.9983739837398374,0.04620442910297757,0.17160732255922262,0.0,0,0.0,615,0,60
exp2_fleet_sensitivity,P2_K35,19,P2,35,1.0,25.0,2.557599083974983,3.739705059419123,3.739705059419123,0.9982817869415808,0.9982817869415808,0.04213018031659342,0.13887847403150713,0.0,0,0.0,582,0,61
exp2_fleet_sensitivity,P2_K35,20,P2,35,1.0,25.0,2.491882978988219,3.499444600819288,3.499444600819288,1.0,1.0,0.042648935383047766,0.12873958592288595,0.0,0,0.0,584,0,62
exp2_fleet_sensitivity,P2_K35,21,P2,35,1.0,25.0,2.471257796163029,3.3855182158886237,3.3855182158886237,0.996415770609319,1.0,0.04146818904774885,0.1058356457040068,0.0,0,0.0,558,0,63
exp2_fleet_sensitivity,P2_K35,22,P2,35,1.0,25.0,2.543476520443269,3.642262072306721,3.642262072306721,1.0,1.0,0.04335472203129335,0.13958753859867923,0.0,0,0.0,572,0,64
exp2_fleet_sensitivity,P2_K35,23,P2,35,1.0,25.0,2.5487557092621485,3.642262072306721,3.642262072306721,0.9982758620689656,0.9982758620689656,0.044413908822808025,0.14868659595376538,0.0,0,0.0,580,0,65
exp2_fleet_sensitivity,P2_K35,24,P2,35,1.0,25.0,2.5054580502588997,3.642262072306039,3.642262072306039,1.0,1.0,0.04400878408854928,0.13388118715978797,0.0,0,0.0,593,0,66
exp2_fleet_sensitivity,P2_K35,25,P2,35,1.0,25.0,2.547281655251029,3.7173272127345314,3.7173272127345314,0.9983221476510067,1.0,0.04452098755785372,0.1237723622724219,0.0,0,0.0,596,0,67
exp2_fleet_sensitivity,P2_K35,26,P2,35,1.0,25.0,2.542099061273219,3.7397050594187817,3.7397050594187817,0.998272884283247,1.0,0.043080236156208616,0.14354541070783805,0.0,0,0.0,579,0,68
exp2_fleet_sensitivity,P2_K35,27,P2,35,1.0,25.0,2.473169575544863,3.4954798658516073,3.4954798658516073,0.9981981981981982,0.9981981981981982,0.039841348102756524,0.11539548012593025,0.0,0,0.0,555,0,69
exp2_fleet_sensitivity,P2_K35,28,P2,35,1.0,25.0,2.4991925781565643,3.437359103595554,3.437359103595554,0.998220640569395,0.998220640569395,0.04119363885826922,0.13379177015498153,0.0,0,0.0,562,0,70
exp2_fleet_sensitivity,P2_K35,29,P2,35,1.0,25.0,2.4748100064924685,3.3823907772071773,3.3823907772071773,1.0,1.0,0.0421684772002721,0.13710521527212172,0.0,0,0.0,582,0,71
exp2_fleet_sensitivity,P0_K40,0,P0,40,1.0,25.0,2.582305164141631,3.3664208828490416,3.3664208828490416,0.9930795847750865,1.0,0.03689976624416758,0.1264562513098522,0.0,0,0.0,578,0,42
exp2_fleet_sensitivity,P0_K40,1,P0,40,1.0,25.0,2.5583214767013294,3.3664208828490416,3.3664208828490416,0.9962616822429906,1.0,0.034544991728718985,0.11166298817920482,0.0,0,0.0,535,0,43
exp2_fleet_sensitivity,P0_K40,2,P0,40,1.0,25.0,2.586451085238111,3.304790368585202,3.304790368585202,0.9929203539823008,0.9982300884955753,0.03720554990468285,0.12165397906294202,0.0,0,0.0,565,0,44
exp2_fleet_sensitivity,P0_K40,3,P0,40,1.0,25.0,2.5505190643492703,3.30479036858452,3.30479036858452,0.996661101836394,0.998330550918197,0.0387762876171403,0.17863934984022284,0.0,0,0.0,599,0,45
exp2_fleet_sensitivity,P0_K40,4,P0,40,1.0,25.0,2.566612375789734,3.371996438174676,3.371996438174676,0.9913344887348353,0.9982668977469671,0.036891215330975516,0.13248829862221986,0.0,0,0.0,577,0,46
exp2_fleet_sensitivity,P0_K40,5,P0,40,1.0,25.0,2.532758899949866,3.251388212793899,3.251388212793899,0.9981718464351006,1.0,0.03476675736373976,0.12702634075892,0.0,0,0.0,547,0,47
exp2_fleet_sensitivity,P0_K40,6,P0,40,1.0,25.0,2.488750089873175,3.2816722822524724,3.2816722822524724,0.9981684981684982,1.0,0.03549443899805428,0.12454003399798046,0.0,0,0.0,546,0,48
exp2_fleet_sensitivity,P0_K40,7,P0,40,1.0,25.0,2.606658035881517,3.384165209913313,3.384165209913313,0.9947735191637631,0.9982578397212544,0.03839104874396517,0.12204892282976235,0.0,0,0.0,574,0,49
exp2_fleet_sensitivity,P0_K40,8,P0,40,1.0,25.0,2.64636342283846,3.366420882848871,3.366420882848871,0.9860869565217392,0.9947826086956522,0.037961708098946736,0.1446991986651409,0.0,0,0.0,575,0,50
exp2_fleet_sensitivity,P0_K40,9,P0,40,1.0,25.0,2.6007895125977565,3.36642088284934,3.36642088284934,0.9926470588235294,0.9981617647058824,0.03565832397606109,0.11723847166527847,0.0,0,0.0,544,0,51
exp2_fleet_sensitivity,P0_K40,10,P0,40,1.0,25.0,2.5169664226779447,3.304790368585202,3.304790368585202,0.9983552631578947,1.0,0.03942239753804308,0.1386942599905052,0.0,0,0.0,608,0,52
exp2_fleet_sensitivity,P0_K40,11,P0,40,1.0,25.0,2.6190368696879593,3.489602052187123,3.489602052187123,0.9982964224872232,1.0,0.038631629899612496,0.11523479250727248,0.0,0,0.0,587,0,53
exp2_fleet_sensitivity,P0_K40,12,P0,40,1.0,25.0,2.556655729968139,3.3664208828490416,3.3664208828490416,0.9944341372912802,1.0,0.03490428376701088,0.14167128633576254,0.0,0,0.0,539,0,54
exp2_fleet_sensitivity,P0_K40,13,P0,40,1.0,25.0,2.5965876787707325,3.384165209913526,3.384165209913526,0.9965156794425087,0.9965156794425087,0.0370382697030712,0.13112525865646446,0.0,0,0.0,574,0,55
exp2_fleet_sensitivity,P0_K40,14,P0,40,1.0,25.0,2.5218919921644516,3.3664208828486153,3.3664208828486153,0.9982425307557118,0.9982425307557118,0.037367022004549014,0.15296304170662345,0.0,0,0.0,569,0,56
exp2_fleet_sensitivity,P0_K40,15,P0,40,1.0,25.0,2.592635381141905,3.476145096701832,3.476145096701832,0.9982547993019197,1.0,0.03622890866648598,0.10639277625932433,0.0,0,0.0,573,0,57
exp2_fleet_sensitivity,P0_K40,16,P0,40,1.0,25.0,2.5713175453159707,3.381120858912837,3.381120858912837,0.9964221824686941,0.998211091234347,0.03621160548185635,0.11906307583993858,0.0,0,0.0,559,0,58
exp2_fleet_sensitivity,P0_K40,17,P0,40,1.0,25.0,2.5535250598306494,3.3664208828490416,3.3664208828490416,0.9982698961937716,1.0,0.03705248788261746,0.13218447333415803,0.0,0,0.0,578,0,59
exp2_fleet_sensitivity,P0_K40,18,P0,40,1.0,25.0,2.6485277836573817,3.366420882848871,3.366420882848871,0.9853658536585366,0.9934959349593496,0.04056541967496781,0.15226290758719827,0.0,0,0.0,615,0,60
exp2_fleet_sensitivity,P0_K40,19,P0,40,1.0,25.0,2.60971909627909,3.38416520991359,3.38416520991359,0.9948453608247423,0.9965635738831615,0.036939140532874906,0.12976854868000268,0.0,0,0.0,582,0,61
exp2_fleet_sensitivity,P0_K40,20,P0,40,1.0,25.0,2.5369714185030285,3.30479036858501,3.30479036858501,1.0,1.0,0.03738312512851167,0.1262887077852079,0.0,0,0.0,584,0,62
exp2_fleet_sensitivity,P0_K40,21,P0,40,1.0,25.0,2.6059240797609666,3.380359771162702,3.380359771162702,0.992831541218638,0.9982078853046595,0.03647103393425954,0.1058356457040068,0.0,0,0.0,558,0,63
exp2_fleet_sensitivity,P0_K40,22,P0,40,1.0,25.0,2.577136027600839,3.366420882848999,3.366420882848999,0.9965034965034965,0.9982517482517482,0.03798313286392467,0.13958753859867923,0.0,0,0.0,572,0,64
exp2_fleet_sensitivity,P0_K40,23,P0,40,1.0,25.0,2.6132221018830846,3.3807403150377695,3.3807403150377695,0.993103448275862,0.9982758620689656,0.038954904614104224,0.1430773896485688,0.0,0,0.0,580,0,65
exp2_fleet_sensitivity,P0_K40,24,P0,40,1.0,25.0,2.6056673319743986,3.3803597711633415,3.3803597711633415,0.9966273187183811,1.0,0.0386550672879402,0.13388118715978797,0.0,0,0.0,593,0,66
exp2_fleet_sensitivity,P0_K40,25,P0,40,1.0,25.0,2.5953635712215086,3.3664208828488285,3.3664208828488285,0.9949664429530202,1.0,0.03902693758018157,0.12629839374726495,0.0,0,0.0,596,0,67
exp2_fleet_sensitivity,P0_K40,26,P0,40,1.0,25.0,2.683315155046692,3.4225944299105038,3.4225944299105038,0.9896373056994818,0.9965457685664939,0.03789799462848527,0.136965554929303,0.0,0,0.0,579,0,68
exp2_fleet_sensitivity,P0_K40,27,P0,40,1.0,25.0,2.5757711610416605,3.3581663155734423,3.3581663155734423,0.9963963963963964,0.9981981981981982,0.03500240945090088,0.11539548012593025,0.0,0,0.0,555,0,69
exp2_fleet_sensitivity,P0_K40,28,P0,40,1.0,25.0,2.5693237232929644,3.366420882848999,3.366420882848999,0.99644128113879,0.998220640569395,0.036142186241974315,0.12139710199594969,0.0,0,0.0,562,0,70
exp2_fleet_sensitivity,P0_K40,29,P0,40,1.0,25.0,2.621170611458685,3.3775719934998847,3.3775719934998847,0.9928952042628775,0.9964476021314387,0.035755270200939195,0.12502752339867557,0.0,0,0.0,563,0,71
exp2_fleet_sensitivity,P1_K40,0,P1,40,1.0,25.0,2.348537497451801,3.1662038340158105,3.1662038340158105,0.9982698961937716,1.0,0.036564652872771906,0.12553712242647347,0.0,0,0.0,578,0,42
exp2_fleet_sensitivity,P1_K40,1,P1,40,1.0,25.0,2.3557688730125763,3.1662038340161303,3.1662038340161303,0.9981308411214953,1.0,0.03427622773324902,0.11175764750899807,0.0,0,0.0,535,0,43
exp2_fleet_sensitivity,P1_K40,2,P1,40,1.0,25.0,2.3275390491686436,3.0270716314222454,3.0270716314222454,1.0,1.0,0.03684273913985335,0.12165397906294202,0.0,0,0.0,565,0,44
exp2_fleet_sensitivity,P1_K40,3,P1,40,1.0,25.0,2.3543575491449316,3.166203834015704,3.166203834015704,0.998330550918197,0.998330550918197,0.038484867112161605,0.17934149176608588,0.0,0,0.0,599,0,45
exp2_fleet_sensitivity,P1_K40,4,P1,40,1.0,25.0,2.3355125912316708,3.1662038340161303,3.1662038340161303,0.9965337954939342,0.9982668977469671,0.03656049961745863,0.13376004994867038,0.0,0,0.0,577,0,46
exp2_fleet_sensitivity,P1_K40,5,P1,40,1.0,25.0,2.2931622865044172,2.9802229539515963,2.9802229539515963,0.9981718464351006,1.0,0.03444170937873314,0.12224484141034882,0.0,0,0.0,547,0,47
exp2_fleet_sensitivity,P1_K40,6,P1,40,1.0,25.0,2.3340970541869193,3.166203834015704,3.166203834015704,0.9981684981684982,1.0,0.03528501301222914,0.12454003399798046,0.0,0,0.0,546,0,48
exp2_fleet_sensitivity,P1_K40,7,P1,40,1.0,25.0,2.33690096688934,3.166203834015704,3.166203834015704,1.0,1.0,0.03800701958324713,0.12204892282976235,0.0,0,0.0,574,0,49
exp2_fleet_sensitivity,P1_K40,8,P1,40,1.0,25.0,2.3581263355655313,3.166203834015704,3.166203834015704,0.9965217391304347,0.9982608695652174,0.0375506557051423,0.15205178555097398,0.0,0,0.0,575,0,50
exp2_fleet_sensitivity,P1_K40,9,P1,40,1.0,25.0,2.3705064569791827,3.1662038340161303,3.1662038340161303,0.9983361064891847,0.9983361064891847,0.03923054287534329,0.14837365433177008,0.0,0,0.0,601,0,51
exp2_fleet_sensitivity,P1_K40,10,P1,40,1.0,25.0,2.306777817036699,3.0270716314219897,3.0270716314219897,0.9983552631578947,1.0,0.03910544646604436,0.1386942599905052,0.0,0,0.0,608,0,52
exp2_fleet_sensitivity,P1_K40,11,P1,40,1.0,25.0,2.408298344013907,3.2583846533543674,3.2583846533543674,0.9982964224872232,1.0,0.03832482554799871,0.11523479250727248,0.0,0,0.0,587,0,53
exp2_fleet_sensitivity,P1_K40,12,P1,40,1.0,25.0,2.319832605217388,3.166203834015704,3.166203834015704,1.0,1.0,0.034587697298160025,0.14218131529081215,0.0,0,0.0,539,0,54
exp2_fleet_sensitivity,P1_K40,13,P1,40,1.0,25.0,2.403352800816218,3.2585541959191886,3.2585541959191886,0.9965156794425087,0.9965156794425087,0.03676317838376092,0.13225543464053488,0.0,0,0.0,574,0,55
exp2_fleet_sensitivity,P1_K40,14,P1,40,1.0,25.0,2.3156132951803876,3.166203834015704,3.166203834015704,1.0,1.0,0.037075919379092805,0.1515898067214496,0.0,0,0.0,569,0,56
exp2_fleet_sensitivity,P1_K40,15,P1,40,1.0,25.0,2.377852789638686,3.258554195919295,3.258554195919295,1.0,1.0,0.035923674477668165,0.10639277625932433,0.0,0,0.0,573,0,57
exp2_fleet_sensitivity,P1_K40,16,P1,40,1.0,25.0,2.3625566527295674,3.166203834015704,3.166203834015704,0.998211091234347,0.998211091234347,0.03592217755785883,0.11906307583993858,0.0,0,0.0,559,0,58
exp2_fleet_sensitivity,P1_K40,17,P1,40,1.0,25.0,2.3355685981484275,3.1662038340161303,3.1662038340161303,1.0,1.0,0.03674004037554322,0.13218447333415803,0.0,0,0.0,578,0,59
exp2_fleet_sensitivity,P1_K40,18,P1,40,1.0,25.0,2.2858913549250865,2.974318504344382,2.974318504344382,0.9983739837398374,0.9983739837398374,0.04001229119364247,0.15369502918763706,0.0,0,0.0,615,0,60
exp2_fleet_sensitivity,P1_K40,19,P1,40,1.0,25.0,2.3558275731069633,3.166203834016983,3.166203834016983,0.9982817869415808,0.9982817869415808,0.036572660209248445,0.13370985235467117,0.0,0,0.0,582,0,61
exp2_fleet_sensitivity,P1_K40,20,P1,40,1.0,25.0,2.3404916913122995,3.1662038340160024,3.1662038340160024,1.0,1.0,0.03709854139666792,0.12721206243617728,0.0,0,0.0,584,0,62
exp2_fleet_sensitivity,P1_K40,21,P1,40,1.0,25.0,2.3758512375560823,3.258554195918954,3.258554195918954,0.996415770609319,1.0,0.03615262955442242,0.1058356457040068,0.0,0,0.0,558,0,63
exp2_fleet_sensitivity,P1_K40,22,P1,40,1.0,25.0,2.3071603500324667,3.166203834015704,3.166203834015704,1.0,1.0,0.03760013165467586,0.13958753859867923,0.0,0,0.0,572,0,64
exp2_fleet_sensitivity,P1_K40,23,P1,40,1.0,25.0,2.420477786469067,3.3664208828490416,3.3664208828490416,0.9982758620689656,0.9982758620689656,0.03867764344609792,0.1430773896485688,0.0,0,0.0,580,0,65
exp2_fleet_sensitivity,P1_K40,24,P1,40,1.0,25.0,2.3329956560617156,3.0266305118719288,3.0266305118719288,1.0,1.0,0.03825403974871342,0.13388118715978797,0.0,0,0.0,593,0,66
exp2_fleet_sensitivity,P1_K40,25,P1,40,1.0,25.0,2.35544441144134,3.166203834015704,3.166203834015704,0.9983221476510067,1.0,0.0386722951713795,0.1233551117297093,0.0,0,0.0,596,0,67
exp2_fleet_sensitivity,P1_K40,26,P1,40,1.0,25.0,2.3772304968415394,3.166203834016983,3.166203834016983,0.998272884283247,1.0,0.03745845341543765,0.13296559439732347,0.0,0,0.0,579,0,68
exp2_fleet_sensitivity,P1_K40,27,P1,40,1.0,25.0,2.335316522924777,3.166203834015704,3.166203834015704,1.0,1.0,0.03467142650408818,0.11539548012593025,0.0,0,0.0,555,0,69
exp2_fleet_sensitivity,P1_K40,28,P1,40,1.0,25.0,2.3580788745193972,3.166203834015704,3.166203834015704,0.998220640569395,0.998220640569395,0.0358477427771659,0.12047536661176463,0.0,0,0.0,562,0,70
exp2_fleet_sensitivity,P1_K40,29,P1,40,1.0,25.0,2.375133545763221,3.1662038340160663,3.1662038340160663,0.9982238010657194,0.9982238010657194,0.03541172142121065,0.1258287989584231,0.0,0,0.0,563,0,71
exp2_fleet_sensitivity,P2_K40,0,P2,40,1.0,25.0,2.4959607669442883,3.5635788458921103,3.5635788458921103,0.9982698961937716,1.0,0.0367759888096932,0.13588365282662923,0.0,0,0.0,578,0,42
exp2_fleet_sensitivity,P2_K40,1,P2,40,1.0,25.0,2.5151646203249176,3.468663299477613,3.468663299477613,0.9981308411214953,1.0,0.03448772754677111,0.1137767481641099,0.0,0,0.0,535,0,43
exp2_fleet_sensitivity,P2_K40,2,P2,40,1.0,25.0,2.4602654571985934,3.437359103594275,3.437359103594275,1.0,1.0,0.037028727286026256,0.12693749628057965,0.0,0,0.0,565,0,44
exp2_fleet_sensitivity,P2_K40,3,P2,40,1.0,25.0,2.511810338228558,3.499444600819288,3.499444600819288,0.998330550918197,0.998330550918197,0.03871878134991234,0.17863934984022284,0.0,0,0.0,599,0,45
exp2_fleet_sensitivity,P2_K40,4,P2,40,1.0,25.0,2.4747691977987554,3.5669213129918376,3.5669213129918376,0.9965337954939342,0.9982668977469671,0.036759783005328686,0.13376004994867038,0.0,0,0.0,577,0,46
exp2_fleet_sensitivity,P2_K40,5,P2,40,1.0,25.0,2.4821870216829374,3.493497498367532,3.493497498367532,0.9981718464351006,1.0,0.03469814918563456,0.12224484141034882,0.0,0,0.0,547,0,47
exp2_fleet_sensitivity,P2_K40,6,P2,40,1.0,25.0,2.40862075473666,3.3664208828490416,3.3664208828490416,0.9981684981684982,1.0,0.03538593052339025,0.13008297642398148,0.0,0,0.0,546,0,48
exp2_fleet_sensitivity,P2_K40,7,P2,40,1.0,25.0,2.4671410990223577,3.499444600819011,3.499444600819011,1.0,1.0,0.03819243088246428,0.12505157019046967,0.0,0,0.0,574,0,49
exp2_fleet_sensitivity,P2_K40,8,P2,40,1.0,25.0,2.5197298782303363,3.642262072306721,3.642262072306721,0.9965217391304347,0.9982608695652174,0.037781117106512004,0.15668107553722935,0.0,0,0.0,575,0,50
exp2_fleet_sensitivity,P2_K40,9,P2,40,1.0,25.0,2.5122734837051848,3.5013779060676598,3.5013779060676598,0.9983361064891847,0.9983361064891847,0.03944185731746215,0.14837365433177008,0.0,0,0.0,601,0,51
exp2_fleet_sensitivity,P2_K40,10,P2,40,1.0,25.0,2.470126086529042,3.4994446008191016,3.4994446008191016,0.9983552631578947,1.0,0.03935176528512011,0.14274585383701893,0.0,0,0.0,608,0,52
exp2_fleet_sensitivity,P2_K40,11,P2,40,1.0,25.0,2.5934670796074792,3.739705059418803,3.739705059418803,0.9982964224872232,1.0,0.038594404039549855,0.1283960693140899,0.0,0,0.0,587,0,53
exp2_fleet_sensitivity,P2_K40,12,P2,40,1.0,25.0,2.4713759822146426,3.437359103594531,3.437359103594531,1.0,1.0,0.03479028132643759,0.14218131529081215,0.0,0,0.0,539,0,54
exp2_fleet_sensitivity,P2_K40,13,P2,40,1.0,25.0,2.524142300626861,3.5872043730435905,3.5872043730435905,0.9965156794425087,0.9965156794425087,0.036935135657796915,0.1353074974619946,0.0,0,0.0,574,0,55
exp2_fleet_sensitivity,P2_K40,14,P2,40,1.0,25.0,2.4831611383397427,3.566643470173176,3.566643470173176,1.0,1.0,0.03731236462402751,0.15178548714612664,0.0,0,0.0,569,0,56
exp2_fleet_sensitivity,P2_K40,15,P2,40,1.0,25.0,2.4944485506972867,3.6401381071447654,3.6401381071447654,1.0,1.0,0.03608937232262495,0.12747004336665502,0.0,0,0.0,573,0,57
exp2_fleet_sensitivity,P2_K40,16,P2,40,1.0,25.0,2.4991791700141484,3.5631410424237515,3.5631410424237515,0.998211091234347,0.998211091234347,0.036111592208558446,0.11945580153842318,0.0,0,0.0,559,0,58
exp2_fleet_sensitivity,P2_K40,17,P2,40,1.0,25.0,2.5067257693306577,3.5196042616252585,3.5196042616252585,1.0,1.0,0.03698539961399394,0.14094834337030623,0.0,0,0.0,578,0,59
exp2_fleet_sensitivity,P2_K40,18,P2,40,1.0,25.0,2.5590080675329654,3.7779355062583604,3.7779355062583604,0.9967479674796748,0.9983739837398374,0.040428875465105374,0.17160732255922262,0.0,0,0.0,615,0,60
exp2_fleet_sensitivity,P2_K40,19,P2,40,1.0,25.0,2.555750522813456,3.739705059419123,3.739705059419123,0.9982817869415808,0.9982817869415808,0.036861239467009296,0.13887847403150713,0.0,0,0.0,582,0,61
exp2_fleet_sensitivity,P2_K40,20,P2,40,1.0,25.0,2.485307893690489,3.499444600819288,3.499444600819288,1.0,1.0,0.03730829502312842,0.12873958592288595,0.0,0,0.0,584,0,62
exp2_fleet_sensitivity,P2_K40,21,P2,40,1.0,25.0,2.4621232045194943,3.3717441809685766,3.3717441809685766,0.996415770609319,1.0,0.03627202379441642,0.1058356457040068,0.0,0,0.0,558,0,63
exp2_fleet_sensitivity,P2_K40,22,P2,40,1.0,25.0,2.5422673841590413,3.642262072306721,3.642262072306721,1.0,1.0,0.037933666435232424,0.13958753859867923,0.0,0,0.0,572,0,64
exp2_fleet_sensitivity,P2_K40,23,P2,40,1.0,25.0,2.546560091659604,3.642262072306721,3.642262072306721,0.9982758620689656,0.9982758620689656,0.038859011841461295,0.14868659595376538,0.0,0,0.0,580,0,65
exp2_fleet_sensitivity,P2_K40,24,P2,40,1.0,25.0,2.500939966337498,3.642262072306039,3.642262072306039,1.0,1.0,0.03850104117726884,0.13388118715978797,0.0,0,0.0,593,0,66
exp2_fleet_sensitivity,P2_K40,25,P2,40,1.0,25.0,2.5389122078662942,3.6686057191785437,3.6686057191785437,0.9983221476510067,1.0,0.03894349260855528,0.1237723622724219,0.0,0,0.0,596,0,67
exp2_fleet_sensitivity,P2_K40,26,P2,40,1.0,25.0,2.538376983339318,3.7397050594187817,3.7397050594187817,0.998272884283247,1.0,0.037689861688459,0.14354541070783805,0.0,0,0.0,579,0,68
exp2_fleet_sensitivity,P2_K40,27,P2,40,1.0,25.0,2.471315826924645,3.468663299478466,3.468663299478466,0.9981981981981982,0.9981981981981982,0.03485862792700467,0.11539548012593025,0.0,0,0.0,555,0,69
exp2_fleet_sensitivity,P2_K40,28,P2,40,1.0,25.0,2.4976238505511326,3.437359103595554,3.437359103595554,0.998220640569395,0.998220640569395,0.03604224743125776,0.13379177015498153,0.0,0,0.0,562,0,70
exp2_fleet_sensitivity,P2_K40,29,P2,40,1.0,25.0,2.473885725911706,3.3823907772071773,3.3823907772071773,1.0,1.0,0.03689608339523311,0.13710521527212172,0.0,0,0.0,582,0,71
