experiment_id,scenario_id,replication,policy,K,demand_multiplier,service_time_mean,mean_response_time,p90_response_time,p95_response_time,coverage_6min,coverage_8min,coverage_10min,mean_utilization,max_utilization,mean_queue_length,max_queue_length,queue_fraction,total_incidents,incidents_queued,random_seed
exp3_demand_sensitivity,P0_K20_d0.5,0,P0,20,0.5,25.0,3.1017774170273027,5.0214532528383415,5.0214532528383415,0.9442622950819672,0.9967213114754099,1.0,0.03939808291983603,0.08569565678626716,0.0,0,0.0,305,0,42
exp3_demand_sensitivity,P0_K20_d0.5,1,P0,20,0.5,25.0,3.120528741167305,4.540874724738131,4.540874724738131,0.9664179104477612,1.0,1.0,0.03523331078462944,0.10039985541861303,0.0,0,0.0,268,0,43
exp3_demand_sensitivity,P0_K20_d0.5,2,P0,20,0.5,25.0,3.1318739741994905,5.093761038327216,5.093761038327216,0.9337979094076655,0.9930313588850174,1.0,0.03902282544839991,0.09205684362585315,0.0,0,0.0,287,0,44
exp3_demand_sensitivity,P0_K20_d0.5,3,P0,20,0.5,25.0,3.0617118327235873,5.0214532528383415,5.0214532528383415,0.9448275862068966,1.0,1.0,0.03825803085527531,0.0838487480637971,0.0,0,0.0,290,0,45
exp3_demand_sensitivity,P0_K20_d0.5,4,P0,20,0.5,25.0,3.2332935181820135,5.892374602398718,5.892374602398718,0.93359375,0.99609375,0.99609375,0.03450376841417488,0.1026152482207333,0.0,0,0.0,256,0,46
exp3_demand_sensitivity,P0_K20_d0.5,5,P0,20,0.5,25.0,3.0219379821090717,5.021453252837915,5.021453252837915,0.9640287769784173,1.0,1.0,0.03623178742326856,0.06369796750818135,0.0,0,0.0,278,0,47
exp3_demand_sensitivity,P0_K20_d0.5,6,P0,20,0.5,25.0,3.2165327689556173,5.537138020291792,5.537138020291792,0.940959409594096,0.996309963099631,0.996309963099631,0.0362698911846888,0.08765644793796772,0.0,0,0.0,271,0,48
exp3_demand_sensitivity,P0_K20_d0.5,7,P0,20,0.5,25.0,3.050677871139397,5.0214532528383415,5.0214532528383415,0.9697986577181208,0.9966442953020134,1.0,0.04090059779353306,0.07661854158174339,0.0,0,0.0,298,0,49
exp3_demand_sensitivity,P0_K20_d0.5,8,P0,20,0.5,25.0,3.1685025350939013,5.148041970614061,5.148041970614061,0.9429530201342282,0.9966442953020134,1.0,0.039878386456968694,0.08509515229466251,0.0,0,0.0,298,0,50
exp3_demand_sensitivity,P0_K20_d0.5,9,P0,20,0.5,25.0,3.0636954034011663,4.895329484983281,4.895329484983281,0.9434628975265018,0.9964664310954063,0.9964664310954063,0.038046095149284136,0.07355420880682567,0.0,0,0.0,283,0,51
exp3_demand_sensitivity,P0_K20_d0.5,10,P0,20,0.5,25.0,3.0869417386745557,5.093761038326427,5.093761038326427,0.9548611111111112,0.9965277777777778,0.9965277777777778,0.03815802329623471,0.07630049895055316,0.0,0,0.0,288,0,52
exp3_demand_sensitivity,P0_K20_d0.5,11,P0,20,0.5,25.0,3.1318489903997446,5.093761038327216,5.093761038327216,0.951048951048951,0.993006993006993,0.9965034965034965,0.03918082557724387,0.07676803557928909,0.0,0,0.0,286,0,53
exp3_demand_sensitivity,P0_K20_d0.5,12,P0,20,0.5,25.0,3.1389447888650865,5.028684031387229,5.028684031387229,0.9357142857142857,1.0,1.0,0.03683641411669243,0.08515896040846564,0.0,0,0.0,280,0,54
exp3_demand_sensitivity,P0_K20_d0.5,13,P0,20,0.5,25.0,2.999551353085217,4.532118197670401,4.532118197670401,0.9523809523809523,1.0,1.0,0.03691976115711702,0.0702895956348932,0.0,0,0.0,273,0,55
exp3_demand_sensitivity,P0_K20_d0.5,14,P0,20,0.5,25.0,3.1667676936518503,5.537138020292218,5.537138020292218,0.9347079037800687,1.0,1.0,0.03938303424905533,0.095147499366227,0.0,0,0.0,291,0,56
exp3_demand_sensitivity,P0_K20_d0.5,15,P0,20,0.5,25.0,3.073254190023988,5.093761038326406,5.093761038326406,0.9605734767025089,0.996415770609319,1.0,0.03556872221584125,0.0917835591686744,0.0,0,0.0,279,0,57
exp3_demand_sensitivity,P0_K20_d0.5,16,P0,20,0.5,25.0,3.069050600471974,5.148041970613805,5.148041970613805,0.9640287769784173,1.0,1.0,0.03613330398990643,0.07885820763264412,0.0,0,0.0,278,0,58
exp3_demand_sensitivity,P0_K20_d0.5,17,P0,20,0.5,25.0,3.057690911767604,5.093761038327216,5.093761038327216,0.9612676056338029,1.0,1.0,0.03730506901125105,0.10955366767588236,0.0,0,0.0,284,0,59
exp3_demand_sensitivity,P0_K20_d0.5,18,P0,20,0.5,25.0,3.1056238535685305,5.0214532528383415,5.0214532528383415,0.9515570934256056,1.0,1.0,0.040018734315142405,0.08331066614158682,0.0,0,0.0,289,0,60
exp3_demand_sensitivity,P0_K20_d0.5,19,P0,20,0.5,25.0,2.999731153963227,4.540874724737876,4.540874724737876,0.9724770642201835,1.0,1.0,0.04285070814610991,0.08993091723321141,0.0,0,0.0,327,0,61
exp3_demand_sensitivity,P0_K20_d0.5,20,P0,20,0.5,25.0,2.988252547841201,4.8847223992807915,4.8847223992807915,0.9586206896551724,0.996551724137931,1.0,0.03747155213947166,0.08501200381192991,0.0,0,0.0,290,0,62
exp3_demand_sensitivity,P0_K20_d0.5,21,P0,20,0.5,25.0,2.9955006327683016,4.501470352934234,4.501470352934234,0.9642857142857143,0.9964285714285714,1.0,0.03709717668265043,0.07011655023158285,0.0,0,0.0,280,0,63
exp3_demand_sensitivity,P0_K20_d0.5,22,P0,20,0.5,25.0,3.078949220811658,5.146540544027418,5.146540544027418,0.9366197183098591,1.0,1.0,0.038385647051922926,0.08537128916646915,0.0,0,0.0,284,0,64
exp3_demand_sensitivity,P0_K20_d0.5,23,P0,20,0.5,25.0,3.2533909398419403,5.84800892462755,5.84800892462755,0.9321428571428572,1.0,1.0,0.03849474142473098,0.1085465440033615,0.0,0,0.0,280,0,65
exp3_demand_sensitivity,P0_K20_d0.5,24,P0,20,0.5,25.0,3.1092660073501577,4.925983200523849,4.925983200523849,0.935374149659864,0.9931972789115646,0.9965986394557823,0.03891692291344445,0.08591508966814615,0.0,0,0.0,294,0,66
exp3_demand_sensitivity,P0_K20_d0.5,25,P0,20,0.5,25.0,3.2651052864479686,5.892374602399144,5.892374602399144,0.9372822299651568,1.0,1.0,0.03694821185207231,0.1109193198238578,0.0,0,0.0,287,0,67
exp3_demand_sensitivity,P0_K20_d0.5,26,P0,20,0.5,25.0,3.241740082951509,5.892374602399144,5.892374602399144,0.9344827586206896,0.996551724137931,0.996551724137931,0.03877302261628719,0.10323613371476205,0.0,0,0.0,290,0,68
exp3_demand_sensitivity,P0_K20_d0.5,27,P0,20,0.5,25.0,3.0670774210102483,5.0214532528383415,5.0214532528383415,0.9386973180076629,1.0,1.0,0.03389754083607737,0.07800919918046952,0.0,0,0.0,261,0,69
exp3_demand_sensitivity,P0_K20_d0.5,28,P0,20,0.5,25.0,3.011818758672373,5.0214532528383415,5.0214532528383415,0.9291044776119403,1.0,1.0,0.03618623797797906,0.07553947968196577,0.0,0,0.0,268,0,70
exp3_demand_sensitivity,P0_K20_d0.5,29,P0,20,0.5,25.0,3.081594266687301,4.920498821836285,4.920498821836285,0.9615384615384616,1.0,1.0,0.039624471514774676,0.08128562267208668,0.0,0,0.0,312,0,71
exp3_demand_sensitivity,P1_K20_d0.5,0,P1,20,0.5,25.0,2.489112269284085,3.642126530906495,3.642126530906495,0.9836065573770492,1.0,1.0,0.038471183762783974,0.08438070403860576,0.0,0,0.0,305,0,42
exp3_demand_sensitivity,P1_K20_d0.5,1,P1,20,0.5,25.0,2.5755845009424156,3.8259427937249626,3.8259427937249626,0.9925373134328358,1.0,1.0,0.034508880941473294,0.07597833214296841,0.0,0,0.0,268,0,43
exp3_demand_sensitivity,P1_K20_d0.5,2,P1,20,0.5,25.0,2.553811859595668,3.825942793725261,3.825942793725261,0.9830508474576272,0.9932203389830508,1.0,0.03921656974666991,0.08876858452067156,0.0,0,0.0,295,0,44
exp3_demand_sensitivity,P1_K20_d0.5,3,P1,20,0.5,25.0,2.5193450078197386,3.7394465989683425,3.7394465989683425,0.9862068965517241,1.0,1.0,0.03747784048214971,0.08285574199065393,0.0,0,0.0,290,0,45
exp3_demand_sensitivity,P1_K20_d0.5,4,P1,20,0.5,25.0,2.5726628884591376,3.7394465989683745,3.7394465989683745,0.984375,0.99609375,0.99609375,0.033664872376431496,0.08066154736125115,0.0,0,0.0,256,0,46
exp3_demand_sensitivity,P1_K20_d0.5,5,P1,20,0.5,25.0,2.4550634546833545,3.511046436382703,3.511046436382703,0.9928057553956835,1.0,1.0,0.03545008544596526,0.06369796750818135,0.0,0,0.0,278,0,47
exp3_demand_sensitivity,P1_K20_d0.5,6,P1,20,0.5,25.0,2.4834812861671507,3.6708799408108916,3.6708799408108916,0.992619926199262,0.996309963099631,0.996309963099631,0.035284489637884844,0.08109325168575368,0.0,0,0.0,271,0,48
exp3_demand_sensitivity,P1_K20_d0.5,7,P1,20,0.5,25.0,2.5342122151713538,3.739446598968529,3.739446598968529,0.9832214765100671,0.9966442953020134,1.0,0.04013717137746918,0.06841896185137186,0.0,0,0.0,298,0,49
exp3_demand_sensitivity,P1_K20_d0.5,8,P1,20,0.5,25.0,2.557927909687217,3.7601178524361965,3.7601178524361965,0.9932885906040269,0.9966442953020134,1.0,0.03897585055234968,0.07208722492726902,0.0,0,0.0,298,0,50
exp3_demand_sensitivity,P1_K20_d0.5,9,P1,20,0.5,25.0,2.547066705219591,3.6421265309067508,3.6421265309067508,0.9858657243816255,0.9964664310954063,0.9964664310954063,0.03732086736364236,0.07425385932718775,0.0,0,0.0,283,0,51
exp3_demand_sensitivity,P1_K20_d0.5,10,P1,20,0.5,25.0,2.660416381433502,4.008706031473921,4.008706031473921,0.9791666666666666,0.9965277777777778,0.9965277777777778,0.037548701357318935,0.0698202030959921,0.0,0,0.0,288,0,52
exp3_demand_sensitivity,P1_K20_d0.5,11,P1,20,0.5,25.0,2.5792842025189846,3.613878043052381,3.613878043052381,0.9790209790209791,0.993006993006993,0.9965034965034965,0.03839692910237337,0.07435923072171369,0.0,0,0.0,286,0,53
exp3_demand_sensitivity,P1_K20_d0.5,12,P1,20,0.5,25.0,2.5069291224631365,3.6450018718970796,3.6450018718970796,0.9928571428571429,1.0,1.0,0.035958614580023036,0.07306938183932347,0.0,0,0.0,280,0,54
exp3_demand_sensitivity,P1_K20_d0.5,13,P1,20,0.5,25.0,2.520540554326385,3.7394465989693018,3.7394465989693018,0.9816849816849816,1.0,1.0,0.03627110070046442,0.06533376594627321,0.0,0,0.0,273,0,55
exp3_demand_sensitivity,P1_K20_d0.5,14,P1,20,0.5,25.0,2.4038573573953093,3.499318095512365,3.499318095512365,0.9965635738831615,1.0,1.0,0.03828180950773259,0.08450577261616568,0.0,0,0.0,291,0,56
exp3_demand_sensitivity,P1_K20_d0.5,15,P1,20,0.5,25.0,2.4530349669279876,3.5007028801057913,3.5007028801057913,0.989247311827957,0.996415770609319,1.0,0.034710383112449415,0.08331228088489688,0.0,0,0.0,279,0,57
exp3_demand_sensitivity,P1_K20_d0.5,16,P1,20,0.5,25.0,2.568003363348988,3.813628382151734,3.813628382151734,0.9856115107913669,1.0,1.0,0.03544237575617528,0.08606350910202946,0.0,0,0.0,278,0,58
exp3_demand_sensitivity,P1_K20_d0.5,17,P1,20,0.5,25.0,2.450696123085612,3.5597361172925743,3.5597361172925743,0.9929577464788732,1.0,1.0,0.03644997714624268,0.08960890540542812,0.0,0,0.0,284,0,59
exp3_demand_sensitivity,P1_K20_d0.5,18,P1,20,0.5,25.0,2.5303613443044264,3.684593272441929,3.684593272441929,0.972318339100346,1.0,1.0,0.03919407724581042,0.07070826165026564,0.0,0,0.0,289,0,60
exp3_demand_sensitivity,P1_K20_d0.5,19,P1,20,0.5,25.0,2.487540322534016,3.49931809551277,3.49931809551277,0.9908256880733946,1.0,1.0,0.04201992242251194,0.08060357416288284,0.0,0,0.0,327,0,61
exp3_demand_sensitivity,P1_K20_d0.5,20,P1,20,0.5,25.0,2.602958024933393,3.899407070323946,3.899407070323946,0.9827586206896551,0.996551724137931,1.0,0.03691730902616176,0.08113832661783324,0.0,0,0.0,290,0,62
exp3_demand_sensitivity,P1_K20_d0.5,21,P1,20,0.5,25.0,2.5602625231229776,3.7480962184443025,3.7480962184443025,0.975,0.9892857142857143,1.0,0.03649267930814303,0.0656118387702572,0.0,0,0.0,280,0,63
exp3_demand_sensitivity,P1_K20_d0.5,22,P1,20,0.5,25.0,2.582703295529286,3.899407070323946,3.899407070323946,0.971830985915493,1.0,1.0,0.03768657045083066,0.073840775354888,0.0,0,0.0,284,0,64
exp3_demand_sensitivity,P1_K20_d0.5,23,P1,20,0.5,25.0,2.572865485441367,3.8332892213855128,3.8332892213855128,0.9892857142857143,1.0,1.0,0.03754956718250792,0.08387059252257044,0.0,0,0.0,280,0,65
exp3_demand_sensitivity,P1_K20_d0.5,24,P1,20,0.5,25.0,2.5986162307206015,3.6251774381936808,3.6251774381936808,0.9795918367346939,0.9931972789115646,0.9965986394557823,0.03817222532252631,0.06766185571525615,0.0,0,0.0,294,0,66
exp3_demand_sensitivity,P1_K20_d0.5,25,P1,20,0.5,25.0,2.482973646047104,3.642126530906239,3.642126530906239,0.9930313588850174,1.0,1.0,0.035834760558446054,0.09112458827676684,0.0,0,0.0,287,0,67
exp3_demand_sensitivity,P1_K20_d0.5,26,P1,20,0.5,25.0,2.539250143446463,3.7394465989685344,3.7394465989685344,0.9862068965517241,0.996551724137931,0.996551724137931,0.037762496413626126,0.09324216152397588,0.0,0,0.0,290,0,68
exp3_demand_sensitivity,P1_K20_d0.5,27,P1,20,0.5,25.0,2.3857025018875215,3.3662054991403068,3.3662054991403068,0.9885057471264368,1.0,1.0,0.0330154036639988,0.06471389673905407,0.0,0,0.0,261,0,69
exp3_demand_sensitivity,P1_K20_d0.5,28,P1,20,0.5,25.0,2.463302781581995,3.6025786479097808,3.6025786479097808,1.0,1.0,1.0,0.03545705999256129,0.05933949402674369,0.0,0,0.0,268,0,70
exp3_demand_sensitivity,P1_K20_d0.5,29,P1,20,0.5,25.0,2.5633936771850596,3.729714592162455,3.729714592162455,0.9871794871794872,1.0,1.0,0.03882249441197353,0.06373566169789277,0.0,0,0.0,312,0,71
exp3_demand_sensitivity,P2_K20_d0.5,0,P2,20,0.5,25.0,2.4551683323987348,3.3662054991405626,3.3662054991405626,0.9836065573770492,0.9967213114754099,1.0,0.03841983008842869,0.08778956154024069,0.0,0,0.0,305,0,42
exp3_demand_sensitivity,P2_K20_d0.5,1,P2,20,0.5,25.0,2.4969976224163535,3.586182481941422,3.586182481941422,0.9925373134328358,1.0,1.0,0.03440441028946447,0.07597833214296841,0.0,0,0.0,268,0,43
exp3_demand_sensitivity,P2_K20_d0.5,2,P2,20,0.5,25.0,2.5099771050454667,3.6421265309067508,3.6421265309067508,0.9796610169491525,0.9932203389830508,1.0,0.039152426628652516,0.08528799680100857,0.0,0,0.0,295,0,44
exp3_demand_sensitivity,P2_K20_d0.5,3,P2,20,0.5,25.0,2.405651158883088,3.1132073441306067,3.1132073441306067,0.993103448275862,1.0,1.0,0.03731429278278647,0.08285574199065393,0.0,0,0.0,290,0,45
exp3_demand_sensitivity,P2_K20_d0.5,4,P2,20,0.5,25.0,2.5279449750831304,3.4993180955124714,3.4993180955124714,0.98828125,0.99609375,0.99609375,0.03360808772452546,0.08066154736125115,0.0,0,0.0,256,0,46
exp3_demand_sensitivity,P2_K20_d0.5,5,P2,20,0.5,25.0,2.3659265506931852,3.3662054991405093,3.3662054991405093,0.9964028776978417,1.0,1.0,0.0353271684851058,0.06369796750818135,0.0,0,0.0,278,0,47
exp3_demand_sensitivity,P2_K20_d0.5,6,P2,20,0.5,25.0,2.4263235875834415,3.499318095512365,3.499318095512365,0.992619926199262,0.996309963099631,0.996309963099631,0.03520765562837998,0.08109325168575368,0.0,0,0.0,271,0,48
exp3_demand_sensitivity,P2_K20_d0.5,7,P2,20,0.5,25.0,2.438867247948064,3.5013616307557243,3.5013616307557243,0.9966442953020134,0.9966442953020134,1.0,0.03999623486837923,0.06822163974984377,0.0,0,0.0,298,0,49
exp3_demand_sensitivity,P2_K20_d0.5,8,P2,20,0.5,25.0,2.4634349531731647,3.642126530906154,3.642126530906154,0.9966442953020134,1.0,1.0,0.03883617346385171,0.07208722492726902,0.0,0,0.0,298,0,50
exp3_demand_sensitivity,P2_K20_d0.5,9,P2,20,0.5,25.0,2.5159798938433853,3.56096944320791,3.56096944320791,0.9858657243816255,1.0,1.0,0.037277228635371196,0.08156681459883312,0.0,0,0.0,283,0,51
exp3_demand_sensitivity,P2_K20_d0.5,10,P2,20,0.5,25.0,2.588556763757513,3.758632327450486,3.758632327450486,0.9861111111111112,0.9965277777777778,0.9965277777777778,0.03744604476063896,0.0698202030959921,0.0,0,0.0,288,0,52
exp3_demand_sensitivity,P2_K20_d0.5,11,P2,20,0.5,25.0,2.4683123670720657,3.3355248041191743,3.3355248041191743,0.9895104895104895,0.993006993006993,0.9965034965034965,0.038239498819943735,0.0728999577515226,0.0,0,0.0,286,0,53
exp3_demand_sensitivity,P2_K20_d0.5,12,P2,20,0.5,25.0,2.3954135689484075,3.166098412927738,3.166098412927738,1.0,1.0,1.0,0.035803731866808124,0.068422826427926,0.0,0,0.0,280,0,54
exp3_demand_sensitivity,P2_K20_d0.5,13,P2,20,0.5,25.0,2.4274074851950442,3.3662054991403068,3.3662054991403068,0.989010989010989,1.0,1.0,0.0361449830026824,0.06433383280254001,0.0,0,0.0,273,0,55
exp3_demand_sensitivity,P2_K20_d0.5,14,P2,20,0.5,25.0,2.3597747264253357,3.166098412927738,3.166098412927738,0.9896907216494846,1.0,1.0,0.03821817832910035,0.08450577261616568,0.0,0,0.0,291,0,56
exp3_demand_sensitivity,P2_K20_d0.5,15,P2,20,0.5,25.0,2.3916843272926855,3.366205499140328,3.366205499140328,0.992831541218638,0.996415770609319,1.0,0.0346254782093827,0.08331228088489688,0.0,0,0.0,279,0,57
exp3_demand_sensitivity,P2_K20_d0.5,16,P2,20,0.5,25.0,2.442727357243055,3.3662054991403068,3.3662054991403068,0.9928057553956835,1.0,1.0,0.03526962412077128,0.08606350910202946,0.0,0,0.0,278,0,58
exp3_demand_sensitivity,P2_K20_d0.5,17,P2,20,0.5,25.0,2.351876324096895,3.1809114060625103,3.1809114060625103,0.9964788732394366,1.0,1.0,0.03631076671512763,0.08960890540542812,0.0,0,0.0,284,0,59
exp3_demand_sensitivity,P2_K20_d0.5,18,P2,20,0.5,25.0,2.4418028100248415,3.388650635884119,3.388650635884119,0.9896193771626297,1.0,1.0,0.0390671257755386,0.07070826165026564,0.0,0,0.0,289,0,60
exp3_demand_sensitivity,P2_K20_d0.5,19,P2,20,0.5,25.0,2.4398485268381798,3.366205499140733,3.366205499140733,0.9938837920489296,1.0,1.0,0.04194256519437437,0.08470787464736065,0.0,0,0.0,327,0,61
exp3_demand_sensitivity,P2_K20_d0.5,20,P2,20,0.5,25.0,2.468959384310299,3.5056069320575616,3.5056069320575616,0.9896551724137931,0.996551724137931,1.0,0.036724553045106745,0.076498722898028,0.0,0,0.0,290,0,62
exp3_demand_sensitivity,P2_K20_d0.5,21,P2,20,0.5,25.0,2.430830860387646,3.366205499140733,3.366205499140733,0.9892857142857143,0.9964285714285714,1.0,0.03631291310989952,0.0656118387702572,0.0,0,0.0,280,0,63
exp3_demand_sensitivity,P2_K20_d0.5,22,P2,20,0.5,25.0,2.437377195351592,3.3662054991403814,3.3662054991403814,0.9894366197183099,1.0,1.0,0.03748184519065972,0.07509631692133249,0.0,0,0.0,284,0,64
exp3_demand_sensitivity,P2_K20_d0.5,23,P2,20,0.5,25.0,2.458568170684087,3.513598939051813,3.513598939051813,0.9964285714285714,1.0,1.0,0.03739082091201167,0.0834989533045004,0.0,0,0.0,280,0,65
exp3_demand_sensitivity,P2_K20_d0.5,24,P2,20,0.5,25.0,2.55001118748655,3.499318095512365,3.499318095512365,0.9795918367346939,0.9931972789115646,0.9965986394557823,0.038101342967809995,0.06766185571525615,0.0,0,0.0,294,0,66
exp3_demand_sensitivity,P2_K20_d0.5,25,P2,20,0.5,25.0,2.4013458525368323,3.3662054991403494,3.3662054991403494,0.9965156794425087,1.0,1.0,0.03571855432462935,0.0902585464495126,0.0,0,0.0,287,0,67
exp3_demand_sensitivity,P2_K20_d0.5,26,P2,20,0.5,25.0,2.463928640380098,3.366205499140733,3.366205499140733,0.993103448275862,0.996551724137931,0.996551724137931,0.037654147029254896,0.09324216152397588,0.0,0,0.0,290,0,68
exp3_demand_sensitivity,P2_K20_d0.5,27,P2,20,0.5,25.0,2.338221543769367,3.1660984129268854,3.1660984129268854,0.9923371647509579,1.0,1.0,0.03295393278072083,0.06628999039124163,0.0,0,0.0,261,0,69
exp3_demand_sensitivity,P2_K20_d0.5,28,P2,20,0.5,25.0,2.37369761855259,3.183712078646523,3.183712078646523,0.996268656716418,1.0,1.0,0.03533794201789918,0.05933949402674369,0.0,0,0.0,268,0,70
exp3_demand_sensitivity,P2_K20_d0.5,29,P2,20,0.5,25.0,2.4683202005027205,3.5598270713689724,3.5598270713689724,0.9967948717948718,1.0,1.0,0.0386753568885366,0.06752464929657828,0.0,0,0.0,312,0,71
exp3_demand_sensitivity,P0_K20_d0.75,0,P0,20,0.75,25.0,3.1289180391906064,5.093761038326576,5.093761038326576,0.9564164648910412,0.9975786924939467,0.9975786924939467,0.05395575417108065,0.14766801649964412,0.0,0,0.0,413,0,42
exp3_demand_sensitivity,P0_K20_d0.75,1,P0,20,0.75,25.0,3.1301512493268016,5.093761038327216,5.093761038327216,0.9494252873563218,1.0,1.0,0.05726515186686889,0.11774034176909068,0.0,0,0.0,435,0,43
exp3_demand_sensitivity,P0_K20_d0.75,2,P0,20,0.75,25.0,3.1131008365388584,4.953246668103832,4.953246668103832,0.9511627906976744,0.9953488372093023,0.9976744186046511,0.05815390767828891,0.13454087320306402,0.0,0,0.0,430,0,44
exp3_demand_sensitivity,P0_K20_d0.75,3,P0,20,0.75,25.0,3.099276836466877,5.093761038326427,5.093761038326427,0.9497716894977168,0.997716894977169,1.0,0.05880617395460186,0.12396128189090667,0.0,0,0.0,438,0,45
exp3_demand_sensitivity,P0_K20_d0.75,4,P0,20,0.75,25.0,3.153516374029123,5.093761038327216,5.093761038327216,0.9513381995133819,0.9951338199513382,0.9975669099756691,0.05345646069898732,0.10832779691748087,0.0,0,0.0,411,0,46
exp3_demand_sensitivity,P0_K20_d0.75,5,P0,20,0.75,25.0,3.227785656812875,5.892374602398718,5.892374602398718,0.9212410501193318,0.9928400954653938,0.9976133651551312,0.05533916166036329,0.1064305725286393,0.0,0,0.0,419,0,47
exp3_demand_sensitivity,P0_K20_d0.75,6,P0,20,0.75,25.0,3.175728480077225,5.518764629757114,5.518764629757114,0.9407582938388626,0.995260663507109,0.9976303317535545,0.05539198829530412,0.11032302287509,0.0,0,0.0,422,0,48
exp3_demand_sensitivity,P0_K20_d0.75,7,P0,20,0.75,25.0,3.2393320171287,5.892374602399144,5.892374602399144,0.9202586206896551,0.9956896551724138,0.9978448275862069,0.06363875251416065,0.13498036012074924,0.0,0,0.0,464,0,49
exp3_demand_sensitivity,P0_K20_d0.75,8,P0,20,0.75,25.0,3.0943445228791004,5.093761038327216,5.093761038327216,0.9356984478935698,0.9977827050997783,1.0,0.05991142492601446,0.11838340740857532,0.0,0,0.0,451,0,50
exp3_demand_sensitivity,P0_K20_d0.75,9,P0,20,0.75,25.0,3.115550268787134,5.093761038327216,5.093761038327216,0.9397321428571429,1.0,1.0,0.05906506991447417,0.13140521564022226,0.0,0,0.0,448,0,51
exp3_demand_sensitivity,P0_K20_d0.75,10,P0,20,0.75,25.0,3.2123873857544054,5.725743903405505,5.725743903405505,0.931924882629108,0.9953051643192489,0.9976525821596244,0.056835187584974065,0.10765528583182075,0.0,0,0.0,426,0,52
exp3_demand_sensitivity,P0_K20_d0.75,11,P0,20,0.75,25.0,3.148839300251367,5.093761038327216,5.093761038327216,0.927360774818402,0.9951573849878934,1.0,0.05570741515602227,0.10469301427973822,0.0,0,0.0,413,0,53
exp3_demand_sensitivity,P0_K20_d0.75,12,P0,20,0.75,25.0,3.123063943545249,5.074101466795667,5.074101466795667,0.9396551724137931,0.9956896551724138,1.0,0.06103168377255641,0.13480266025624246,0.0,0,0.0,464,0,54
exp3_demand_sensitivity,P0_K20_d0.75,13,P0,20,0.75,25.0,3.1934400218550363,5.274697479283191,5.274697479283191,0.9419354838709677,1.0,1.0,0.06100536356171941,0.13587070361256104,0.0,0,0.0,465,0,55
exp3_demand_sensitivity,P0_K20_d0.75,14,P0,20,0.75,25.0,3.1903890706417886,5.09376103832647,5.09376103832647,0.9385964912280702,0.9912280701754386,0.9956140350877193,0.061473443641420655,0.1238078651904664,0.0,0,0.0,456,0,56
exp3_demand_sensitivity,P0_K20_d0.75,15,P0,20,0.75,25.0,3.093419570059279,4.540874724737876,4.540874724737876,0.9645390070921985,0.9976359338061466,1.0,0.05518045202901809,0.13056907492956796,0.0,0,0.0,423,0,57
exp3_demand_sensitivity,P0_K20_d0.75,16,P0,20,0.75,25.0,3.2050435293448922,5.892374602398718,5.892374602398718,0.927007299270073,0.9927007299270073,0.9975669099756691,0.05489118547053203,0.13414344568029773,0.0,0,0.0,411,0,58
exp3_demand_sensitivity,P0_K20_d0.75,17,P0,20,0.75,25.0,3.0032978546374123,4.622047234931443,4.622047234931443,0.9507389162561576,1.0,1.0,0.05337511955427517,0.11718727910207616,0.0,0,0.0,406,0,59
exp3_demand_sensitivity,P0_K20_d0.75,18,P0,20,0.75,25.0,3.0949591222843704,5.093761038327216,5.093761038327216,0.9419953596287703,1.0,1.0,0.05764523940107049,0.10716027264381828,0.0,0,0.0,431,0,60
exp3_demand_sensitivity,P0_K20_d0.75,19,P0,20,0.75,25.0,3.2223882759177145,5.725743903406453,5.725743903406453,0.9390519187358917,0.9977426636568849,0.9977426636568849,0.05808832566282096,0.12250105076576119,0.0,0,0.0,443,0,61
exp3_demand_sensitivity,P0_K20_d0.75,20,P0,20,0.75,25.0,3.0917634517042214,5.028684031387167,5.028684031387167,0.9372093023255814,0.9953488372093023,0.9953488372093023,0.056093830871544195,0.10889188192763888,0.0,0,0.0,430,0,62
exp3_demand_sensitivity,P0_K20_d0.75,21,P0,20,0.75,25.0,3.1683663566494724,5.121148357698074,5.121148357698074,0.9453302961275627,0.9954441913439636,1.0,0.05847123422851819,0.11105542063183803,0.0,0,0.0,439,0,63
exp3_demand_sensitivity,P0_K20_d0.75,22,P0,20,0.75,25.0,3.091060472151059,5.123815675928682,5.123815675928682,0.9614512471655329,1.0,1.0,0.05944530491963791,0.12456155089434218,0.0,0,0.0,441,0,64
exp3_demand_sensitivity,P0_K20_d0.75,23,P0,20,0.75,25.0,3.1600341910740424,5.159022840735647,5.159022840735647,0.9322429906542056,0.9976635514018691,1.0,0.058427015558930276,0.13318304008908302,0.0,0,0.0,428,0,65
exp3_demand_sensitivity,P0_K20_d0.75,24,P0,20,0.75,25.0,3.103603217287108,4.751709427837196,4.751709427837196,0.9430523917995444,1.0,1.0,0.058724613353096325,0.11127907845566876,0.0,0,0.0,439,0,66
exp3_demand_sensitivity,P0_K20_d0.75,25,P0,20,0.75,25.0,3.1516260157053217,5.093761038327216,5.093761038327216,0.941834451901566,0.9977628635346756,1.0,0.058949004974099925,0.12537987797320022,0.0,0,0.0,447,0,67
exp3_demand_sensitivity,P0_K20_d0.75,26,P0,20,0.75,25.0,3.1295383432281114,5.1363785390857375,5.1363785390857375,0.9443207126948775,0.9977728285077951,1.0,0.05976576606856485,0.12943873049005256,0.0,0,0.0,449,0,68
exp3_demand_sensitivity,P0_K20_d0.75,27,P0,20,0.75,25.0,3.273532488116817,5.89237460239876,5.89237460239876,0.9177777777777778,0.9955555555555555,0.9977777777777778,0.05865194564959283,0.12220004261547539,0.0,0,0.0,450,0,69
exp3_demand_sensitivity,P0_K20_d0.75,28,P0,20,0.75,25.0,3.0249970004130637,4.905037652416925,4.905037652416925,0.9754299754299754,0.9975429975429976,0.9975429975429976,0.05370810956241601,0.11464314097416568,0.0,0,0.0,407,0,70
exp3_demand_sensitivity,P0_K20_d0.75,29,P0,20,0.75,25.0,3.2195394151208276,5.892374602399144,5.892374602399144,0.9326086956521739,0.9956521739130435,1.0,0.059663599253625764,0.15201215056846162,0.0,0,0.0,460,0,71
exp3_demand_sensitivity,P1_K20_d0.75,0,P1,20,0.75,25.0,2.534011133497156,3.808643554773938,3.808643554773938,0.9878934624697336,0.9975786924939467,0.9975786924939467,0.05273702127400026,0.11991848112931064,0.0,0,0.0,413,0,42
exp3_demand_sensitivity,P1_K20_d0.75,1,P1,20,0.75,25.0,2.540283512560678,3.8259427937256874,3.8259427937256874,0.9839080459770115,1.0,1.0,0.055992371780096716,0.1065080185554373,0.0,0,0.0,435,0,43
exp3_demand_sensitivity,P1_K20_d0.75,2,P1,20,0.75,25.0,2.602197450342824,3.739446598968545,3.739446598968545,0.9813953488372092,0.9953488372093023,0.9976744186046511,0.05706418319384293,0.10138765299362193,0.0,0,0.0,430,0,44
exp3_demand_sensitivity,P1_K20_d0.75,3,P1,20,0.75,25.0,2.504444696918839,3.642126530905962,3.642126530905962,0.9863013698630136,1.0,1.0,0.05751383031808377,0.10988762836961527,0.0,0,0.0,438,0,45
exp3_demand_sensitivity,P1_K20_d0.75,4,P1,20,0.75,25.0,2.696477102924586,4.344212840938155,4.344212840938155,0.9684466019417476,0.9975728155339806,0.9975728155339806,0.05262495057830201,0.09605528014823941,0.0,0,0.0,412,0,46
exp3_demand_sensitivity,P1_K20_d0.75,5,P1,20,0.75,25.0,2.635209525231824,3.8994070703234343,3.8994070703234343,0.9737470167064439,0.9904534606205251,0.9976133651551312,0.05410756741863484,0.08400989074387286,0.0,0,0.0,419,0,47
exp3_demand_sensitivity,P1_K20_d0.75,6,P1,20,0.75,25.0,2.601445369393798,3.899407070323093,3.899407070323093,0.9766355140186916,0.9953271028037384,0.9976635514018691,0.05494239014398035,0.1138265856493666,0.0,0,0.0,428,0,48
exp3_demand_sensitivity,P1_K20_d0.75,7,P1,20,0.75,25.0,2.595352498045806,3.899407070323626,3.899407070323626,0.9802631578947368,0.9978070175438597,1.0,0.061110516223270385,0.10692688222685653,0.0,0,0.0,456,0,49
exp3_demand_sensitivity,P1_K20_d0.75,8,P1,20,0.75,25.0,2.562482636342801,3.871013294562644,3.871013294562644,0.9822616407982262,0.9955654101995566,1.0,0.05872159501119363,0.10824592527012691,0.0,0,0.0,451,0,50
exp3_demand_sensitivity,P1_K20_d0.75,9,P1,20,0.75,25.0,2.5832448009552413,3.993629778278347,3.993629778278347,0.9888392857142857,1.0,1.0,0.05788216887484776,0.11407212502511628,0.0,0,0.0,448,0,51
exp3_demand_sensitivity,P1_K20_d0.75,10,P1,20,0.75,25.0,2.5765137216536758,3.825942793725048,3.825942793725048,0.9812206572769953,0.9953051643192489,0.9976525821596244,0.05549152597333261,0.0925981375073199,0.0,0,0.0,426,0,52
exp3_demand_sensitivity,P1_K20_d0.75,11,P1,20,0.75,25.0,2.622544501254839,3.998848612368988,3.998848612368988,0.9830508474576272,0.9951573849878934,1.0,0.054629241783077945,0.09277138304058836,0.0,0,0.0,413,0,53
exp3_demand_sensitivity,P1_K20_d0.75,12,P1,20,0.75,25.0,2.567013265261007,3.899407070323946,3.899407070323946,0.9849462365591398,0.9956989247311828,1.0,0.05983859796482309,0.1097047147220588,0.0,0,0.0,465,0,54
exp3_demand_sensitivity,P1_K20_d0.75,13,P1,20,0.75,25.0,2.5394486455343874,3.836415625540298,3.836415625540298,0.9849462365591398,1.0,1.0,0.05949690130978934,0.11395455376332861,0.0,0,0.0,465,0,55
exp3_demand_sensitivity,P1_K20_d0.75,14,P1,20,0.75,25.0,2.5925974333202353,3.8538789237578897,3.8538789237578897,0.9671052631578947,0.9912280701754386,0.9956140350877193,0.06012129589033616,0.11176315537167889,0.0,0,0.0,456,0,56
exp3_demand_sensitivity,P1_K20_d0.75,15,P1,20,0.75,25.0,2.5401589122515333,3.7991996560564187,3.7991996560564187,0.9858490566037735,1.0,1.0,0.05420804060481753,0.09137075284956526,0.0,0,0.0,424,0,57
exp3_demand_sensitivity,P1_K20_d0.75,16,P1,20,0.75,25.0,2.5761508059578095,3.899407070323093,3.899407070323093,0.9732360097323601,0.9927007299270073,0.9975669099756691,0.05360906786481726,0.11050186049538302,0.0,0,0.0,411,0,58
exp3_demand_sensitivity,P1_K20_d0.75,17,P1,20,0.75,25.0,2.4387632926092895,3.4373400909120733,3.4373400909120733,0.9926108374384236,1.0,1.0,0.05223820967241294,0.10848992325372289,0.0,0,0.0,406,0,59
exp3_demand_sensitivity,P1_K20_d0.75,18,P1,20,0.75,25.0,2.4886565372364715,3.585629555197926,3.585629555197926,0.9814814814814815,1.0,1.0,0.05647534220834758,0.09283016616554225,0.0,0,0.0,432,0,60
exp3_demand_sensitivity,P1_K20_d0.75,19,P1,20,0.75,25.0,2.5816922772700193,3.861999194395253,3.861999194395253,0.9864559819413092,0.9977426636568849,0.9977426636568849,0.05668044705468143,0.11204248094745038,0.0,0,0.0,443,0,61
exp3_demand_sensitivity,P1_K20_d0.75,20,P1,20,0.75,25.0,2.547537756177506,3.739446598968726,3.739446598968726,0.9767441860465116,0.9953488372093023,0.9953488372093023,0.054933032016998104,0.1042131669173526,0.0,0,0.0,430,0,62
exp3_demand_sensitivity,P1_K20_d0.75,21,P1,20,0.75,25.0,2.6108098807681763,3.9778913687532196,3.9778913687532196,0.9840546697038725,0.9977220956719818,1.0,0.05725711075177268,0.11073247808751566,0.0,0,0.0,439,0,63
exp3_demand_sensitivity,P1_K20_d0.75,22,P1,20,0.75,25.0,2.593830876871755,3.8259427937256874,3.8259427937256874,0.9795918367346939,1.0,1.0,0.05835761517996444,0.11701844196335998,0.0,0,0.0,441,0,64
exp3_demand_sensitivity,P1_K20_d0.75,23,P1,20,0.75,25.0,2.55694780114307,3.8471877974625004,3.8471877974625004,0.9813084112149533,0.9976635514018691,1.0,0.057146653580306996,0.10839996693542597,0.0,0,0.0,428,0,65
exp3_demand_sensitivity,P1_K20_d0.75,24,P1,20,0.75,25.0,2.6784240340574286,4.397905137799114,4.397905137799114,0.979498861047836,1.0,1.0,0.057798751937234084,0.11440868537250952,0.0,0,0.0,439,0,66
exp3_demand_sensitivity,P1_K20_d0.75,25,P1,20,0.75,25.0,2.5062756773364687,3.6983066040739936,3.6983066040739936,0.9932885906040269,1.0,1.0,0.05751809425360943,0.10101129642424127,0.0,0,0.0,447,0,67
exp3_demand_sensitivity,P1_K20_d0.75,26,P1,20,0.75,25.0,2.5641383615453686,3.7394465989688115,3.7394465989688115,0.9844097995545658,0.9955456570155902,1.0,0.05850651710142422,0.12560082732839392,0.0,0,0.0,449,0,68
exp3_demand_sensitivity,P1_K20_d0.75,27,P1,20,0.75,25.0,2.5976092709212923,3.8259427937248773,3.8259427937248773,0.9822222222222222,0.9955555555555555,0.9977777777777778,0.05714318846835283,0.09746446508733296,0.0,0,0.0,450,0,69
exp3_demand_sensitivity,P1_K20_d0.75,28,P1,20,0.75,25.0,2.5473579198317498,3.642126530906367,3.642126530906367,0.9901719901719902,0.9975429975429976,0.9975429975429976,0.05274382828366301,0.11475622960527784,0.0,0,0.0,407,0,70
exp3_demand_sensitivity,P1_K20_d0.75,29,P1,20,0.75,25.0,2.514209501522202,3.64500187189708,3.64500187189708,0.9847826086956522,0.9956521739130435,1.0,0.05805421552220029,0.12968940760494507,0.0,0,0.0,460,0,71
exp3_demand_sensitivity,P2_K20_d0.75,0,P2,20,0.75,25.0,2.457325370933756,3.4373400909119027,3.4373400909119027,0.9951573849878934,0.9975786924939467,0.9975786924939467,0.052579921968748854,0.1211709704135291,0.0,0,0.0,413,0,42
exp3_demand_sensitivity,P2_K20_d0.75,1,P2,20,0.75,25.0,2.452380945253105,3.523592191349622,3.523592191349622,0.993103448275862,1.0,1.0,0.05580270106194794,0.10737622637468723,0.0,0,0.0,435,0,43
exp3_demand_sensitivity,P2_K20_d0.75,2,P2,20,0.75,25.0,2.5395540103254355,3.6421265309061113,3.6421265309061113,0.9883720930232558,0.9953488372093023,0.9976744186046511,0.05693056871364712,0.10138765299362193,0.0,0,0.0,430,0,44
exp3_demand_sensitivity,P2_K20_d0.75,3,P2,20,0.75,25.0,2.452942141468147,3.4993180955126206,3.4993180955126206,0.9885844748858448,1.0,1.0,0.05740193488511054,0.10988762836961527,0.0,0,0.0,438,0,45
exp3_demand_sensitivity,P2_K20_d0.75,4,P2,20,0.75,25.0,2.5422416929363,3.7278437180243915,3.7278437180243915,0.9878640776699029,0.9975728155339806,0.9975728155339806,0.05230974726027038,0.09388900319709031,0.0,0,0.0,412,0,46
exp3_demand_sensitivity,P2_K20_d0.75,5,P2,20,0.75,25.0,2.611948197371875,3.7394465989694936,3.7394465989694936,0.9737470167064439,0.9928400954653938,0.9976133651551312,0.05405922170249735,0.08605857862963692,0.0,0,0.0,419,0,47
exp3_demand_sensitivity,P2_K20_d0.75,6,P2,20,0.75,25.0,2.5415254759790096,3.642126530906303,3.642126530906303,0.9789719626168224,0.9953271028037384,0.9976635514018691,0.05481517925915134,0.11503170249865778,0.0,0,0.0,428,0,48
exp3_demand_sensitivity,P2_K20_d0.75,7,P2,20,0.75,25.0,2.563340642420518,3.6459828114998416,3.6459828114998416,0.9824561403508771,0.9978070175438597,1.0,0.06103810845459414,0.10705010023597603,0.0,0,0.0,456,0,49
exp3_demand_sensitivity,P2_K20_d0.75,8,P2,20,0.75,25.0,2.502825892990369,3.7071095906395612,3.7071095906395612,0.9822616407982262,0.9977827050997783,1.0,0.058588136721253424,0.10824592527012691,0.0,0,0.0,451,0,50
exp3_demand_sensitivity,P2_K20_d0.75,9,P2,20,0.75,25.0,2.5233131683189844,3.676721344155795,3.676721344155795,0.9799107142857143,1.0,1.0,0.05774898746898942,0.11319182480485916,0.0,0,0.0,448,0,51
exp3_demand_sensitivity,P2_K20_d0.75,10,P2,20,0.75,25.0,2.571042601187818,3.6421265309067508,3.6421265309067508,0.9788732394366197,0.9953051643192489,0.9976525821596244,0.055479964974729165,0.10390226202448308,0.0,0,0.0,426,0,52
exp3_demand_sensitivity,P2_K20_d0.75,11,P2,20,0.75,25.0,2.5547341197742606,3.7215250975932017,3.7215250975932017,0.9806295399515739,0.9951573849878934,1.0,0.05449032468212818,0.0956001595418599,0.0,0,0.0,413,0,53
exp3_demand_sensitivity,P2_K20_d0.75,12,P2,20,0.75,25.0,2.4598785095316793,3.499318095512919,3.499318095512919,0.9913978494623656,0.9978494623655914,1.0,0.05959148654907835,0.1097047147220588,0.0,0,0.0,465,0,54
exp3_demand_sensitivity,P2_K20_d0.75,13,P2,20,0.75,25.0,2.5239939241125557,3.6467540676185877,3.6467540676185877,0.9870967741935484,1.0,1.0,0.059461254258890796,0.11395455376332861,0.0,0,0.0,465,0,55
exp3_demand_sensitivity,P2_K20_d0.75,14,P2,20,0.75,25.0,2.587112336114115,3.6421265309067508,3.6421265309067508,0.9714912280701754,0.9912280701754386,0.9956140350877193,0.06010888912284614,0.11667972477930373,0.0,0,0.0,456,0,56
exp3_demand_sensitivity,P2_K20_d0.75,15,P2,20,0.75,25.0,2.433056214050864,3.4134947315658613,3.4134947315658613,1.0,1.0,1.0,0.05398278493003043,0.09615875515586314,0.0,0,0.0,424,0,57
exp3_demand_sensitivity,P2_K20_d0.75,16,P2,20,0.75,25.0,2.515097260693372,3.642126530905898,3.642126530905898,0.9708029197080292,0.9927007299270073,0.9975669099756691,0.053484598583549,0.11052460739585107,0.0,0,0.0,411,0,58
exp3_demand_sensitivity,P2_K20_d0.75,17,P2,20,0.75,25.0,2.4280495128841135,3.366205499140733,3.366205499140733,0.9876847290640394,1.0,1.0,0.0522166333104664,0.10848992325372289,0.0,0,0.0,406,0,59
exp3_demand_sensitivity,P2_K20_d0.75,18,P2,20,0.75,25.0,2.454520843849527,3.3662054991404027,3.3662054991404027,0.9791666666666666,1.0,1.0,0.05640219429394698,0.0961454818514283,0.0,0,0.0,432,0,60
exp3_demand_sensitivity,P2_K20_d0.75,19,P2,20,0.75,25.0,2.522178531162802,3.5657282223834272,3.5657282223834272,0.9887133182844243,0.9977426636568849,0.9977426636568849,0.05654967032092402,0.11216647320609516,0.0,0,0.0,443,0,61
exp3_demand_sensitivity,P2_K20_d0.75,20,P2,20,0.75,25.0,2.491455064871083,3.642126530905898,3.642126530905898,0.9790697674418605,0.9953488372093023,0.9953488372093023,0.05481341119724733,0.1042131669173526,0.0,0,0.0,430,0,62
exp3_demand_sensitivity,P2_K20_d0.75,21,P2,20,0.75,25.0,2.536012747367101,3.6421265309067508,3.6421265309067508,0.9886104783599089,0.9977220956719818,1.0,0.05709423405751143,0.11319696373865056,0.0,0,0.0,439,0,63
exp3_demand_sensitivity,P2_K20_d0.75,22,P2,20,0.75,25.0,2.493948567518682,3.5062420184760867,3.5062420184760867,0.9954648526077098,1.0,1.0,0.0581391226282546,0.11701844196335998,0.0,0,0.0,441,0,64
exp3_demand_sensitivity,P2_K20_d0.75,23,P2,20,0.75,25.0,2.516668181662393,3.6498390920927832,3.6498390920927832,0.9766355140186916,0.9953271028037384,1.0,0.057061139308790476,0.10839996693542597,0.0,0,0.0,428,0,65
exp3_demand_sensitivity,P2_K20_d0.75,24,P2,20,0.75,25.0,2.549059590807279,3.6498390920931456,3.6498390920931456,0.9863325740318907,1.0,1.0,0.05751705059503757,0.10032159854506627,0.0,0,0.0,439,0,66
exp3_demand_sensitivity,P2_K20_d0.75,25,P2,20,0.75,25.0,2.48362240399458,3.563967341670036,3.563967341670036,0.9843400447427293,0.9977628635346756,1.0,0.057467866013610314,0.10012497859418792,0.0,0,0.0,447,0,67
exp3_demand_sensitivity,P2_K20_d0.75,26,P2,20,0.75,25.0,2.4954920624045953,3.5087718176208678,3.5087718176208678,0.9844097995545658,0.9955456570155902,1.0,0.058353629262564086,0.12560082732839392,0.0,0,0.0,449,0,68
exp3_demand_sensitivity,P2_K20_d0.75,27,P2,20,0.75,25.0,2.538750133436381,3.642126530906175,3.642126530906175,0.9822222222222222,0.9977777777777778,0.9977777777777778,0.057011806465038284,0.09746446508733296,0.0,0,0.0,450,0,69
exp3_demand_sensitivity,P2_K20_d0.75,28,P2,20,0.75,25.0,2.470703529847647,3.366745007085399,3.366745007085399,0.9901719901719902,0.9975429975429976,0.9975429975429976,0.05258907462928042,0.11868735527762347,0.0,0,0.0,407,0,70
exp3_demand_sensitivity,P2_K20_d0.75,29,P2,20,0.75,25.0,2.5258583993555694,3.562206460956645,3.562206460956645,0.9782608695652174,0.9956521739130435,1.0,0.05808079534860583,0.12968940760494507,0.0,0,0.0,460,0,71
exp3_demand_sensitivity,P0_K20_d1.0,0,P0,20,1.0,25.0,3.155871364135495,5.093761038327216,5.093761038327216,0.9411764705882353,0.9948096885813149,1.0,0.07544398320061926,0.16666593088450243,0.0,0,0.0,578,0,42
exp3_demand_sensitivity,P0_K20_d1.0,1,P0,20,1.0,25.0,3.1799568515571823,5.093761038327216,5.093761038327216,0.9439252336448598,0.9981308411214953,1.0,0.07073966066749697,0.17719708252054542,0.0,0,0.0,535,0,43
exp3_demand_sensitivity,P0_K20_d1.0,2,P0,20,1.0,25.0,3.192969738418067,5.7257439034056645,5.7257439034056645,0.9380530973451328,0.9982300884955753,1.0,0.07611091647130369,0.15644208171374205,0.0,0,0.0,565,0,44
exp3_demand_sensitivity,P0_K20_d1.0,3,P0,20,1.0,25.0,3.100778935894183,5.093761038326704,5.093761038326704,0.9499165275459098,0.998330550918197,0.998330550918197,0.07918752395975388,0.13573579413095582,0.0,0,0.0,599,0,45
exp3_demand_sensitivity,P0_K20_d1.0,4,P0,20,1.0,25.0,3.240873114856975,5.543699123328196,5.543699123328196,0.9306759098786829,0.9948006932409013,0.9982668977469671,0.07571223446374577,0.1518996408966841,0.0,0,0.0,577,0,46
exp3_demand_sensitivity,P0_K20_d1.0,5,P0,20,1.0,25.0,3.0687726697582542,5.00432402632788,5.00432402632788,0.9506398537477148,0.9981718464351006,1.0,0.07098787748583871,0.1410974375782281,0.0,0,0.0,547,0,47
exp3_demand_sensitivity,P0_K20_d1.0,6,P0,20,1.0,25.0,3.035824368148649,4.540874724738728,4.540874724738728,0.959409594095941,0.996309963099631,1.0,0.07202414913267541,0.12729910780913029,0.0,0,0.0,542,0,48
exp3_demand_sensitivity,P0_K20_d1.0,7,P0,20,1.0,25.0,3.2106408238992885,5.458405857989274,5.458405857989274,0.9425087108013938,0.9965156794425087,1.0,0.0785017707038144,0.15429280557474948,0.0,0,0.0,574,0,49
exp3_demand_sensitivity,P0_K20_d1.0,8,P0,20,1.0,25.0,3.1827064869304724,5.453563148573883,5.453563148573883,0.9398496240601504,0.9962406015037594,0.9962406015037594,0.07114348976050981,0.13709355304625034,0.0,0,0.0,532,0,50
exp3_demand_sensitivity,P0_K20_d1.0,9,P0,20,1.0,25.0,3.033534014845977,4.945668158688932,4.945668158688932,0.9618874773139746,1.0,1.0,0.07388138535557355,0.1417097472733438,0.0,0,0.0,551,0,51
exp3_demand_sensitivity,P0_K20_d1.0,10,P0,20,1.0,25.0,3.119031009889125,5.093761038327216,5.093761038327216,0.9456342668863262,0.9967051070840197,1.0,0.08051979771257678,0.1872278996356866,0.0,0,0.0,607,0,52
exp3_demand_sensitivity,P0_K20_d1.0,11,P0,20,1.0,25.0,3.3187831115472175,5.892374602399144,5.892374602399144,0.9114139693356048,0.9965928449744463,0.9982964224872232,0.07930071537448,0.1604908497380617,0.0,0,0.0,587,0,53
exp3_demand_sensitivity,P0_K20_d1.0,12,P0,20,1.0,25.0,3.160793644898161,5.093761038327216,5.093761038327216,0.9424860853432282,0.9981447124304267,1.0,0.0714237973760222,0.13617530815290374,0.0,0,0.0,539,0,54
exp3_demand_sensitivity,P0_K20_d1.0,13,P0,20,1.0,25.0,3.1438254935694276,5.358220455243316,5.358220455243316,0.9407665505226481,0.9965156794425087,0.9965156794425087,0.07563464707327755,0.15946117947520996,0.0,0,0.0,574,0,55
exp3_demand_sensitivity,P0_K20_d1.0,14,P0,20,1.0,25.0,3.057361103022321,5.0214532528379365,5.0214532528379365,0.9560632688927944,0.9947275922671354,0.9982425307557118,0.07624536307694597,0.15333281076517608,0.0,0,0.0,569,0,56
exp3_demand_sensitivity,P0_K20_d1.0,15,P0,20,1.0,25.0,3.1572638957151793,5.892374602398718,5.892374602398718,0.9232111692844677,0.9965095986038395,1.0,0.07406263945028595,0.15635135978304518,0.0,0,0.0,573,0,57
exp3_demand_sensitivity,P0_K20_d1.0,16,P0,20,1.0,25.0,3.168738394907047,5.132147901681007,5.132147901681007,0.9391771019677997,0.9946332737030411,0.9964221824686941,0.07407974992661656,0.14346794544054933,0.0,0,0.0,559,0,58
exp3_demand_sensitivity,P0_K20_d1.0,17,P0,20,1.0,25.0,3.1619775543495243,5.093761038327216,5.093761038327216,0.9446366782006921,0.9982698961937716,1.0,0.07584944769892506,0.16216824647094072,0.0,0,0.0,578,0,59
exp3_demand_sensitivity,P0_K20_d1.0,18,P0,20,1.0,25.0,3.179826738127407,5.093761038327216,5.093761038327216,0.9365853658536586,0.9967479674796748,0.9983739837398374,0.08275161741044695,0.15920731237784458,0.0,0,0.0,615,0,60
exp3_demand_sensitivity,P0_K20_d1.0,19,P0,20,1.0,25.0,3.1453517715411294,5.657677316841194,5.657677316841194,0.9347079037800687,0.9982817869415808,0.9982817869415808,0.07542460158659572,0.1544862367394558,0.0,0,0.0,582,0,61
exp3_demand_sensitivity,P0_K20_d1.0,20,P0,20,1.0,25.0,3.2421049082405875,5.3068485421198375,5.3068485421198375,0.9366438356164384,0.9965753424657534,1.0,0.07680889885824728,0.17407641476997263,0.0,0,0.0,584,0,62
exp3_demand_sensitivity,P0_K20_d1.0,21,P0,20,1.0,25.0,3.1728630631894466,5.551216981268506,5.551216981268506,0.9368231046931408,0.9963898916967509,0.9981949458483754,0.07393632911225792,0.16264276043518736,0.0,0,0.0,554,0,63
exp3_demand_sensitivity,P0_K20_d1.0,22,P0,20,1.0,25.0,3.140272902583848,5.093761038327216,5.093761038327216,0.9458041958041958,1.0,1.0,0.07756405487710684,0.14427996962274578,0.0,0,0.0,572,0,64
exp3_demand_sensitivity,P0_K20_d1.0,23,P0,20,1.0,25.0,3.2394716884638575,5.725743903405345,5.725743903405345,0.9344827586206896,0.993103448275862,0.996551724137931,0.07971151934833184,0.18472388322333433,0.0,0,0.0,580,0,65
exp3_demand_sensitivity,P0_K20_d1.0,24,P0,20,1.0,25.0,3.194081968499155,5.344093000378397,5.344093000378397,0.9308600337268128,0.9983136593591906,1.0,0.07904093754938829,0.15352362066144976,0.0,0,0.0,593,0,66
exp3_demand_sensitivity,P0_K20_d1.0,25,P0,20,1.0,25.0,3.144981353574429,5.163189098530976,5.163189098530976,0.9476351351351351,0.9949324324324325,1.0,0.07893173594691819,0.14684930022143372,0.0,0,0.0,592,0,67
exp3_demand_sensitivity,P0_K20_d1.0,26,P0,20,1.0,25.0,3.223433260923664,5.892374602399144,5.892374602399144,0.9205526770293609,0.9930915371329879,1.0,0.07734722131700421,0.14321369979796633,0.0,0,0.0,579,0,68
exp3_demand_sensitivity,P0_K20_d1.0,27,P0,20,1.0,25.0,3.247371857492142,5.892374602398974,5.892374602398974,0.9243243243243243,1.0,1.0,0.07185371962863718,0.15593251778209474,0.0,0,0.0,555,0,69
exp3_demand_sensitivity,P0_K20_d1.0,28,P0,20,1.0,25.0,3.2098968569553192,5.666232984379094,5.666232984379094,0.9377224199288257,0.9911032028469751,0.994661921708185,0.07407009719187654,0.14185304138638566,0.0,0,0.0,562,0,70
exp3_demand_sensitivity,P0_K20_d1.0,29,P0,20,1.0,25.0,3.12256296391871,5.095960613489353,5.095960613489353,0.9413854351687388,0.9982238010657194,0.9982238010657194,0.07291075813221083,0.14947372123603722,0.0,0,0.0,563,0,71
exp3_demand_sensitivity,P1_K20_d1.0,0,P1,20,1.0,25.0,2.547645528218503,3.670879940810252,3.670879940810252,0.9878892733564014,0.9982698961937716,1.0,0.0737001611115318,0.14354548539909273,0.0,0,0.0,578,0,42
exp3_demand_sensitivity,P1_K20_d1.0,1,P1,20,1.0,25.0,2.5948372739161565,3.9911822135272814,3.9911822135272814,0.9813084112149533,0.9981308411214953,1.0,0.06918688797881659,0.14101540081533623,0.0,0,0.0,535,0,43
exp3_demand_sensitivity,P1_K20_d1.0,2,P1,20,1.0,25.0,2.6143728555385004,3.899407070323946,3.899407070323946,0.9823008849557522,0.9982300884955753,1.0,0.07448935278664609,0.1272811897148609,0.0,0,0.0,565,0,44
exp3_demand_sensitivity,P1_K20_d1.0,3,P1,20,1.0,25.0,2.6221208908189553,4.049102789685577,4.049102789685577,0.9833055091819699,0.998330550918197,0.998330550918197,0.07776532074050756,0.12598397287889873,0.0,0,0.0,599,0,45
exp3_demand_sensitivity,P1_K20_d1.0,4,P1,20,1.0,25.0,2.673597916380398,3.991076752741833,3.991076752741833,0.9809358752166378,0.9965337954939342,0.9982668977469671,0.0740886343173123,0.13466673975551954,0.0,0,0.0,577,0,46
exp3_demand_sensitivity,P1_K20_d1.0,5,P1,20,1.0,25.0,2.5802462722146413,3.9359905746631543,3.9359905746631543,0.9872029250457038,0.9981718464351006,1.0,0.06966236191313849,0.12865445982392737,0.0,0,0.0,547,0,47
exp3_demand_sensitivity,P1_K20_d1.0,6,P1,20,1.0,25.0,2.5912326912575856,3.825942793725517,3.825942793725517,0.9871559633027523,0.9963302752293578,0.998165137614679,0.0711807645097173,0.12799661604767482,0.0,0,0.0,545,0,48
exp3_demand_sensitivity,P1_K20_d1.0,7,P1,20,1.0,25.0,2.661372167143827,4.049102789685577,4.049102789685577,0.980836236933798,0.9982578397212544,1.0,0.0769378807783301,0.13094462988094313,0.0,0,0.0,574,0,49
exp3_demand_sensitivity,P1_K20_d1.0,8,P1,20,1.0,25.0,2.6412060822873946,4.049102789685577,4.049102789685577,0.9756521739130435,0.991304347826087,0.9982608695652174,0.07590870652122261,0.15018898532072522,0.0,0,0.0,575,0,50
exp3_demand_sensitivity,P1_K20_d1.0,9,P1,20,1.0,25.0,2.592400839344264,3.968834722756056,3.968834722756056,0.9797794117647058,0.9944852941176471,0.9981617647058824,0.07129401184969217,0.12655237345617662,0.0,0,0.0,544,0,51
exp3_demand_sensitivity,P1_K20_d1.0,10,P1,20,1.0,25.0,2.595693287310761,3.998848612368988,3.998848612368988,0.9802306425041186,0.9967051070840197,1.0,0.0789440735181071,0.14798094339430826,0.0,0,0.0,607,0,52
exp3_demand_sensitivity,P1_K20_d1.0,11,P1,20,1.0,25.0,2.778590854290296,4.678043252603145,4.678043252603145,0.9744463373083475,0.9948892674616695,0.9982964224872232,0.07772783414923282,0.13675422201500279,0.0,0,0.0,587,0,53
exp3_demand_sensitivity,P1_K20_d1.0,12,P1,20,1.0,25.0,2.599333059149007,3.9909389523012493,3.9909389523012493,0.987012987012987,0.9981447124304267,1.0,0.06992267011551229,0.14087548158542396,0.0,0,0.0,539,0,54
exp3_demand_sensitivity,P1_K20_d1.0,13,P1,20,1.0,25.0,2.5113564655782152,3.7394465989682146,3.7394465989682146,0.9878048780487805,0.9965156794425087,0.9965156794425087,0.07383386720191365,0.14484165739542326,0.0,0,0.0,574,0,55
exp3_demand_sensitivity,P1_K20_d1.0,14,P1,20,1.0,25.0,2.5760809679123575,3.899407070323093,3.899407070323093,0.9789103690685413,0.9929701230228472,0.9982425307557118,0.07488698809243415,0.13167469761754455,0.0,0,0.0,569,0,56
exp3_demand_sensitivity,P1_K20_d1.0,15,P1,20,1.0,25.0,2.6069187028739047,3.990865831171874,3.990865831171874,0.9773123909249564,0.9947643979057592,1.0,0.07249841427420431,0.1305748949123458,0.0,0,0.0,573,0,57
exp3_demand_sensitivity,P1_K20_d1.0,16,P1,20,1.0,25.0,2.577628783458545,3.831217098124568,3.831217098124568,0.9767441860465116,0.9946332737030411,0.9964221824686941,0.07244071087503069,0.14022894743694328,0.0,0,0.0,559,0,58
exp3_demand_sensitivity,P1_K20_d1.0,17,P1,20,1.0,25.0,2.6852084770487354,4.01392486556402,4.01392486556402,0.9636678200692042,0.9982698961937716,1.0,0.0744825204832511,0.12906400898286124,0.0,0,0.0,578,0,59
exp3_demand_sensitivity,P1_K20_d1.0,18,P1,20,1.0,25.0,2.6328651084098933,3.9913931350974963,3.9913931350974963,0.9788617886178862,0.9983739837398374,0.9983739837398374,0.08108305886740981,0.137705198126838,0.0,0,0.0,615,0,60
exp3_demand_sensitivity,P1_K20_d1.0,19,P1,20,1.0,25.0,2.5911627386904525,3.9911948762539566,3.9911948762539566,0.9828178694158075,0.9982817869415808,0.9982817869415808,0.07382471062866366,0.12919748818483465,0.0,0,0.0,582,0,61
exp3_demand_sensitivity,P1_K20_d1.0,20,P1,20,1.0,25.0,2.655054122147664,4.151408306944276,4.151408306944276,0.976027397260274,0.9965753424657534,1.0,0.07510831523186695,0.144580698810854,0.0,0,0.0,584,0,62
exp3_demand_sensitivity,P1_K20_d1.0,21,P1,20,1.0,25.0,2.5542771532387154,3.825148514483544,3.825148514483544,0.9802867383512545,0.996415770609319,1.0,0.07279911655403795,0.12250029874801595,0.0,0,0.0,558,0,63
exp3_demand_sensitivity,P1_K20_d1.0,22,P1,20,1.0,25.0,2.6343822678968363,3.998103064641839,3.998103064641839,0.9807692307692307,1.0,1.0,0.07612869057630836,0.12354113568416429,0.0,0,0.0,572,0,64
exp3_demand_sensitivity,P1_K20_d1.0,23,P1,20,1.0,25.0,2.6567538971310363,4.28231332350629,4.28231332350629,0.9810344827586207,0.9948275862068966,0.996551724137931,0.07803504951215602,0.15081655586601178,0.0,0,0.0,580,0,65
exp3_demand_sensitivity,P1_K20_d1.0,24,P1,20,1.0,25.0,2.625552625793523,3.9912876743117067,3.9912876743117067,0.9747048903878583,0.9983136593591906,1.0,0.0773686265363702,0.16188551158905348,0.0,0,0.0,593,0,66
exp3_demand_sensitivity,P1_K20_d1.0,25,P1,20,1.0,25.0,2.6225971791134883,3.899407070323946,3.899407070323946,0.9798657718120806,0.9949664429530202,1.0,0.07813438721544078,0.13253775099080195,0.0,0,0.0,596,0,67
exp3_demand_sensitivity,P1_K20_d1.0,26,P1,20,1.0,25.0,2.6403090133220912,3.998848612368988,3.998848612368988,0.9827288428324698,0.9913644214162349,1.0,0.07567247459398177,0.13476924761258202,0.0,0,0.0,579,0,68
exp3_demand_sensitivity,P1_K20_d1.0,27,P1,20,1.0,25.0,2.6352765518724737,3.998848612368988,3.998848612368988,0.9801801801801802,1.0,1.0,0.07016863582596397,0.13001958608783631,0.0,0,0.0,555,0,69
exp3_demand_sensitivity,P1_K20_d1.0,28,P1,20,1.0,25.0,2.6964227757884984,4.0440773719539305,4.0440773719539305,0.9679715302491103,0.9893238434163701,0.998220640569395,0.072638686310846,0.12279848617953604,0.0,0,0.0,562,0,70
exp3_demand_sensitivity,P1_K20_d1.0,29,P1,20,1.0,25.0,2.562750958493679,3.899407070323946,3.899407070323946,0.9845360824742269,1.0,1.0,0.07404871225357498,0.13040615894204183,0.0,0,0.0,582,0,71
exp3_demand_sensitivity,P2_K20_d1.0,0,P2,20,1.0,25.0,2.5039036074471404,3.642126530905898,3.642126530905898,0.9878892733564014,0.9982698961937716,1.0,0.07357475024741553,0.14354548539909273,0.0,0,0.0,578,0,42
exp3_demand_sensitivity,P2_K20_d1.0,1,P2,20,1.0,25.0,2.5034459048495434,3.5670076980009355,3.5670076980009355,0.983177570093458,0.9981308411214953,1.0,0.06894435631983525,0.14101540081533623,0.0,0,0.0,535,0,43
exp3_demand_sensitivity,P2_K20_d1.0,2,P2,20,1.0,25.0,2.563743777061885,3.739446598968641,3.739446598968641,0.9787610619469026,0.9982300884955753,1.0,0.07434746077603456,0.12573782004435874,0.0,0,0.0,565,0,44
exp3_demand_sensitivity,P2_K20_d1.0,3,P2,20,1.0,25.0,2.5668869628612434,3.8076808436126734,3.8076808436126734,0.9849749582637729,0.998330550918197,0.998330550918197,0.07760120802797449,0.1328284269799398,0.0,0,0.0,599,0,45
exp3_demand_sensitivity,P2_K20_d1.0,4,P2,20,1.0,25.0,2.6155047565449974,3.803399027242449,3.803399027242449,0.9774696707105719,0.9948006932409013,0.9982668977469671,0.07392236570012468,0.1283240689015598,0.0,0,0.0,577,0,46
exp3_demand_sensitivity,P2_K20_d1.0,5,P2,20,1.0,25.0,2.5358763322880384,3.684507814729304,3.684507814729304,0.9872029250457038,0.9981718464351006,1.0,0.06954197323684956,0.12865445982392737,0.0,0,0.0,547,0,47
exp3_demand_sensitivity,P2_K20_d1.0,6,P2,20,1.0,25.0,2.474059513111044,3.5398206839644177,3.5398206839644177,0.9926605504587156,0.998165137614679,1.0,0.07086400170173188,0.13034025205878236,0.0,0,0.0,545,0,48
exp3_demand_sensitivity,P2_K20_d1.0,7,P2,20,1.0,25.0,2.5960184260206116,3.7312622821634007,3.7312622821634007,0.9843205574912892,0.9982578397212544,1.0,0.07675180415429873,0.14132363486916977,0.0,0,0.0,574,0,49
exp3_demand_sensitivity,P2_K20_d1.0,8,P2,20,1.0,25.0,2.5110606772420465,3.6421265309061113,3.6421265309061113,0.9793233082706767,0.9962406015037594,0.9962406015037594,0.06937109109605427,0.11439242196553388,0.0,0,0.0,532,0,50
exp3_demand_sensitivity,P2_K20_d1.0,9,P2,20,1.0,25.0,2.5341044524704124,3.6181505099211213,3.6181505099211213,0.9816176470588235,0.9944852941176471,0.9981617647058824,0.07113670413908023,0.13192242492773903,0.0,0,0.0,544,0,51
exp3_demand_sensitivity,P2_K20_d1.0,10,P2,20,1.0,25.0,2.517822812700924,3.6444402992626057,3.6444402992626057,0.9884868421052632,0.9967105263157895,1.0,0.07884737783964753,0.14933846468574613,0.0,0,0.0,608,0,52
exp3_demand_sensitivity,P2_K20_d1.0,11,P2,20,1.0,25.0,2.7261923888113584,4.035641844981,4.035641844981,0.969335604770017,0.9948892674616695,0.9982964224872232,0.07757526520460914,0.13199256747444169,0.0,0,0.0,587,0,53
exp3_demand_sensitivity,P2_K20_d1.0,12,P2,20,1.0,25.0,2.538379677998697,3.803399027242449,3.803399027242449,0.9833024118738405,0.9981447124304267,1.0,0.06975970447840904,0.1106124521506355,0.0,0,0.0,539,0,54
exp3_demand_sensitivity,P2_K20_d1.0,13,P2,20,1.0,25.0,2.535092402741945,3.7394465989682146,3.7394465989682146,0.9843205574912892,0.9947735191637631,0.9965156794425087,0.0739014486896715,0.14484165739542326,0.0,0,0.0,574,0,55
exp3_demand_sensitivity,P2_K20_d1.0,14,P2,20,1.0,25.0,2.537282076160084,3.661293191803025,3.661293191803025,0.9824253075571178,0.9929701230228472,0.9982425307557118,0.07477748129974052,0.13048289147571818,0.0,0,0.0,569,0,56
exp3_demand_sensitivity,P2_K20_d1.0,15,P2,20,1.0,25.0,2.5706493070393845,3.7394465989686196,3.7394465989686196,0.9790575916230366,0.9965095986038395,1.0,0.07239532715211514,0.1325397014335931,0.0,0,0.0,573,0,57
exp3_demand_sensitivity,P2_K20_d1.0,16,P2,20,1.0,25.0,2.58503456797,3.8994070703234343,3.8994070703234343,0.9803220035778175,0.9964221824686941,0.9964221824686941,0.0724612457636314,0.16013683393129174,0.0,0,0.0,559,0,58
exp3_demand_sensitivity,P2_K20_d1.0,17,P2,20,1.0,25.0,2.601548190824117,3.888702303127972,3.888702303127972,0.9826989619377162,1.0,1.0,0.07424266113088093,0.12487599942193055,0.0,0,0.0,578,0,59
exp3_demand_sensitivity,P2_K20_d1.0,18,P2,20,1.0,25.0,2.6350597058069707,3.9908658311716607,3.9908658311716607,0.9739837398373984,0.9983739837398374,0.9983739837398374,0.08108975369577887,0.1440837400171308,0.0,0,0.0,615,0,60
exp3_demand_sensitivity,P2_K20_d1.0,19,P2,20,1.0,25.0,2.540706924246181,3.649067835974506,3.649067835974506,0.9828178694158075,0.9982817869415808,0.9982817869415808,0.0736790494976787,0.14050223719093108,0.0,0,0.0,582,0,61
exp3_demand_sensitivity,P2_K20_d1.0,20,P2,20,1.0,25.0,2.551562807569956,3.6475253237372276,3.6475253237372276,0.9828767123287672,1.0,1.0,0.07480851896344742,0.14388456619984075,0.0,0,0.0,584,0,62
exp3_demand_sensitivity,P2_K20_d1.0,21,P2,20,1.0,25.0,2.5445074576067697,3.671322551325191,3.671322551325191,0.9838709677419355,0.996415770609319,1.0,0.07277207543219955,0.1481649689781157,0.0,0,0.0,558,0,63
exp3_demand_sensitivity,P2_K20_d1.0,22,P2,20,1.0,25.0,2.586142905285069,3.86890783248549,3.86890783248549,0.986013986013986,1.0,1.0,0.07599182095619961,0.14827634827305905,0.0,0,0.0,572,0,64
exp3_demand_sensitivity,P2_K20_d1.0,23,P2,20,1.0,25.0,2.6184792071786323,3.8099965103820925,3.8099965103820925,0.9758620689655172,0.9948275862068966,0.996551724137931,0.07792493383669771,0.15081655586601178,0.0,0,0.0,580,0,65
exp3_demand_sensitivity,P2_K20_d1.0,24,P2,20,1.0,25.0,2.559335020759864,3.7394465989682146,3.7394465989682146,0.9797639123102867,0.9983136593591906,1.0,0.07717384955330993,0.17587331310897628,0.0,0,0.0,593,0,66
exp3_demand_sensitivity,P2_K20_d1.0,25,P2,20,1.0,25.0,2.5929604880034396,3.899407070323093,3.899407070323093,0.9781879194630873,0.9949664429530202,1.0,0.07804677080719877,0.13160751355037625,0.0,0,0.0,596,0,67
exp3_demand_sensitivity,P2_K20_d1.0,26,P2,20,1.0,25.0,2.656150838366733,3.899407070323946,3.899407070323946,0.9689119170984456,0.9930915371329879,1.0,0.07571797269269628,0.13637109460055402,0.0,0,0.0,579,0,68
exp3_demand_sensitivity,P2_K20_d1.0,27,P2,20,1.0,25.0,2.5534294493354524,3.6498390920939983,3.6498390920939983,0.9837837837837838,1.0,1.0,0.06994331270142011,0.12668628231996082,0.0,0,0.0,555,0,69
exp3_demand_sensitivity,P2_K20_d1.0,28,P2,20,1.0,25.0,2.626029820007515,3.7995783261358738,3.7995783261358738,0.9768683274021353,0.9928825622775801,0.998220640569395,0.07244245197975022,0.12279848617953604,0.0,0,0.0,562,0,70
exp3_demand_sensitivity,P2_K20_d1.0,29,P2,20,1.0,25.0,2.518447022849828,3.7394465989686196,3.7394465989686196,0.9896907216494846,1.0,1.0,0.07392081101079363,0.13880766507734052,0.0,0,0.0,582,0,71
exp3_demand_sensitivity,P0_K20_d1.25,0,P0,20,1.25,25.0,3.194750658393176,5.669725339262413,5.669725339262413,0.9365303244005642,0.9943582510578279,0.997179125528914,0.09230212535676542,0.17654395111640783,0.0,0,0.0,709,0,42
exp3_demand_sensitivity,P0_K20_d1.25,1,P0,20,1.25,25.0,3.29736836977904,5.892374602398718,5.892374602398718,0.9250985545335085,0.9908015768725361,0.9973718791064389,0.1007433113391311,0.2060297630780347,0.0,0,0.0,761,0,43
exp3_demand_sensitivity,P0_K20_d1.25,2,P0,20,1.25,25.0,3.194534432068783,5.725743903405345,5.725743903405345,0.930939226519337,0.9930939226519337,1.0,0.09808869946296418,0.16107618592438316,0.0,0,0.0,724,0,44
exp3_demand_sensitivity,P0_K20_d1.25,3,P0,20,1.25,25.0,3.185091209035414,5.274697479283361,5.274697479283361,0.9380403458213257,0.9971181556195965,0.9985590778097982,0.09246726076968724,0.16770040537720116,0.0,0,0.0,694,0,45
exp3_demand_sensitivity,P0_K20_d1.25,4,P0,20,1.25,25.0,3.1721517162864608,5.09376103832647,5.09376103832647,0.946927374301676,0.9986033519553073,1.0,0.09439473842123215,0.20307990680634946,0.0,0,0.0,716,0,46
exp3_demand_sensitivity,P0_K20_d1.25,5,P0,20,1.25,25.0,3.2104964728297385,5.796145204286918,5.796145204286918,0.9337931034482758,0.9972413793103448,1.0,0.09441318843768588,0.19813000402014777,0.0,0,0.0,725,0,47
exp3_demand_sensitivity,P0_K20_d1.25,6,P0,20,1.25,25.0,3.206256061310715,5.775733113103368,5.775733113103368,0.9336043360433605,0.994579945799458,0.997289972899729,0.09795521117385018,0.19017679325737533,0.0,0,0.0,738,0,48
exp3_demand_sensitivity,P0_K20_d1.25,7,P0,20,1.25,25.0,3.312322405395911,5.892374602398718,5.892374602398718,0.9284785435630689,0.9947984395318595,0.9960988296488946,0.10505621821274005,0.22184709541439537,0.0,0,0.0,769,0,49
exp3_demand_sensitivity,P0_K20_d1.25,8,P0,20,1.25,25.0,3.266938080445093,5.725743903405739,5.725743903405739,0.9299719887955182,0.9957983193277311,1.0,0.09665203973487886,0.17708376954606128,0.0,0,0.0,714,0,50
exp3_demand_sensitivity,P0_K20_d1.25,9,P0,20,1.25,25.0,3.289125125104228,5.358974277215112,5.358974277215112,0.9336941813261164,0.9945872801082544,0.9986468200270636,0.09955410888317336,0.21799589409628567,0.0,0,0.0,739,0,51
exp3_demand_sensitivity,P0_K20_d1.25,10,P0,20,1.25,25.0,3.1807415317252197,5.096510507280527,5.096510507280527,0.9443690637720489,0.9986431478968792,0.9986431478968792,0.09726989014039242,0.1991547088230606,0.0,0,0.0,737,0,52
exp3_demand_sensitivity,P0_K20_d1.25,11,P0,20,1.25,25.0,3.1290494788028624,5.093761038327216,5.093761038327216,0.9475920679886686,0.9957507082152974,1.0,0.09416331468277964,0.19152280791272908,0.0,0,0.0,706,0,53
exp3_demand_sensitivity,P0_K20_d1.25,12,P0,20,1.25,25.0,3.1787724884575206,5.093761038327216,5.093761038327216,0.9475138121546961,0.9972375690607734,0.9986187845303868,0.09487252249848269,0.18331782611197228,0.0,0,0.0,724,0,54
exp3_demand_sensitivity,P0_K20_d1.25,13,P0,20,1.25,25.0,3.240891429863301,5.892374602398718,5.892374602398718,0.9274310595065312,0.9941944847605225,1.0,0.09114998545598113,0.1748066563618385,0.0,0,0.0,689,0,55
exp3_demand_sensitivity,P0_K20_d1.25,14,P0,20,1.25,25.0,3.226588603962875,5.305512091562065,5.305512091562065,0.9397741530740276,1.0,1.0,0.10656933888495168,0.19601866308564392,0.0,0,0.0,797,0,56
exp3_demand_sensitivity,P0_K20_d1.25,15,P0,20,1.25,25.0,3.130669323282042,5.093761038327216,5.093761038327216,0.945480631276901,0.9971305595408895,0.9985652797704447,0.09073434700540037,0.16184892407476445,0.0,0,0.0,697,0,57
exp3_demand_sensitivity,P0_K20_d1.25,16,P0,20,1.25,25.0,3.208111770232689,5.175314062484686,5.175314062484686,0.9319444444444445,0.9958333333333333,0.9972222222222222,0.09553785288867775,0.16949188847771296,0.0,0,0.0,720,0,58
exp3_demand_sensitivity,P0_K20_d1.25,17,P0,20,1.25,25.0,3.1766300272167762,5.12108515906425,5.12108515906425,0.9307479224376731,0.9903047091412742,0.997229916897507,0.09449897580397014,0.17634676617787398,0.0,0,0.0,722,0,59
exp3_demand_sensitivity,P0_K20_d1.25,18,P0,20,1.25,25.0,3.2345655041409174,5.792396183002946,5.792396183002946,0.9363525091799265,0.9938800489596084,1.0,0.10931617323598461,0.21454039469522423,0.0,0,0.0,817,0,60
exp3_demand_sensitivity,P0_K20_d1.25,19,P0,20,1.25,25.0,3.2660419111994536,5.892374602398718,5.892374602398718,0.9228723404255319,0.9946808510638298,0.9986702127659575,0.09800169249537402,0.20917499861776484,0.0,0,0.0,752,0,61
exp3_demand_sensitivity,P0_K20_d1.25,20,P0,20,1.25,25.0,3.2297660839003157,5.177256655554885,5.177256655554885,0.9402332361516035,0.9956268221574344,0.9970845481049563,0.09045415197835602,0.2007216989852061,0.0,0,0.0,686,0,62
exp3_demand_sensitivity,P0_K20_d1.25,21,P0,20,1.25,25.0,3.210149246576343,5.7051888315936585,5.7051888315936585,0.9236947791164659,0.9946452476572959,0.998661311914324,0.09818862065367764,0.17909060868020907,0.0,0,0.0,747,0,63
exp3_demand_sensitivity,P0_K20_d1.25,22,P0,20,1.25,25.0,3.289798712019623,5.892374602398718,5.892374602398718,0.923784494086728,0.9921156373193167,0.9960578186596584,0.10232272656231645,0.211645407765953,0.0,0,0.0,761,0,64
exp3_demand_sensitivity,P0_K20_d1.25,23,P0,20,1.25,25.0,3.242450146065015,5.892374602398718,5.892374602398718,0.926829268292683,0.994579945799458,0.997289972899729,0.10139533570771833,0.1987674116345464,0.0,0,0.0,738,0,65
exp3_demand_sensitivity,P0_K20_d1.25,24,P0,20,1.25,25.0,3.1839426346536106,5.306848542118985,5.306848542118985,0.9333333333333333,0.9918367346938776,0.9972789115646259,0.09719526797411651,0.18737668894762535,0.0,0,0.0,735,0,66
exp3_demand_sensitivity,P0_K20_d1.25,25,P0,20,1.25,25.0,3.239507394869217,5.892374602399144,5.892374602399144,0.914780292942743,0.9933422103861518,0.9973368841544608,0.10030124323879541,0.1812991831627413,0.0,0,0.0,751,0,67
exp3_demand_sensitivity,P0_K20_d1.25,26,P0,20,1.25,25.0,3.2267190882238763,5.093761038327216,5.093761038327216,0.9518950437317785,0.9941690962099126,0.9985422740524781,0.09169293937295277,0.16356182220199483,0.0,0,0.0,686,0,68
exp3_demand_sensitivity,P0_K20_d1.25,27,P0,20,1.25,25.0,3.2345143907305705,5.843079404874345,5.843079404874345,0.9288645690834473,0.9972640218878249,1.0,0.09502689726497322,0.19083920512555236,0.0,0,0.0,731,0,69
exp3_demand_sensitivity,P0_K20_d1.25,28,P0,20,1.25,25.0,3.1782816512808227,5.725743903405856,5.725743903405856,0.9335142469470827,0.9905020352781547,0.9986431478968792,0.09743719533995923,0.20961327841226757,0.0,0,0.0,737,0,70
exp3_demand_sensitivity,P0_K20_d1.25,29,P0,20,1.25,25.0,3.2725129954911507,5.331816050846783,5.331816050846783,0.9338842975206612,0.9931129476584022,0.9958677685950413,0.09515364719743588,0.17971568027815962,0.0,0,0.0,726,0,71
exp3_demand_sensitivity,P1_K20_d1.25,0,P1,20,1.25,25.0,2.6332870654613396,3.998848612368988,3.998848612368988,0.9858956276445698,0.9943582510578279,0.997179125528914,0.09032753365344852,0.14268868279608551,0.0,0,0.0,709,0,42
exp3_demand_sensitivity,P1_K20_d1.25,1,P1,20,1.25,25.0,2.71752335551639,4.269469788584956,4.269469788584956,0.9684625492772667,0.9868593955321945,0.9973718791064389,0.09855451145890357,0.17050021159347317,0.0,0,0.0,761,0,43
exp3_demand_sensitivity,P1_K20_d1.25,2,P1,20,1.25,25.0,2.8141543487115994,4.894384751022159,4.894384751022159,0.9586206896551724,0.9972413793103448,1.0,0.09682743084891317,0.17872519192829195,0.0,0,0.0,725,0,44
exp3_demand_sensitivity,P1_K20_d1.25,3,P1,20,1.25,25.0,2.636174409239632,4.049102789685833,4.049102789685833,0.9827338129496402,0.99568345323741,0.9985611510791367,0.0908938618264665,0.15968859518940956,0.0,0,0.0,695,0,45
exp3_demand_sensitivity,P1_K20_d1.25,4,P1,20,1.25,25.0,2.616577595189496,3.991231436818836,3.991231436818836,0.9818435754189944,1.0,1.0,0.09242156842765366,0.16160930372122284,0.0,0,0.0,716,0,46
exp3_demand_sensitivity,P1_K20_d1.25,5,P1,20,1.25,25.0,2.6428387823682407,4.029001118758942,4.029001118758942,0.9737931034482759,0.9986206896551724,1.0,0.09237176073141305,0.15687243708265225,0.0,0,0.0,725,0,47
exp3_demand_sensitivity,P1_K20_d1.25,6,P1,20,1.25,25.0,2.6500795022263617,4.291892704290921,4.291892704290921,0.9823848238482384,0.994579945799458,0.9986449864498645,0.09591920769863062,0.15530383809198683,0.0,0,0.0,738,0,48
exp3_demand_sensitivity,P1_K20_d1.25,7,P1,20,1.25,25.0,2.672728824457714,4.049102789686003,4.049102789686003,0.9752925877763329,0.9934980494148244,0.9960988296488946,0.10261649865053032,0.1764135097900882,0.0,0,0.0,769,0,49
exp3_demand_sensitivity,P1_K20_d1.25,8,P1,20,1.25,25.0,2.678728069460423,4.467879570675144,4.467879570675144,0.9775910364145658,0.9985994397759104,1.0,0.0945687959459748,0.15413715586755206,0.0,0,0.0,714,0,50
exp3_demand_sensitivity,P1_K20_d1.25,9,P1,20,1.25,25.0,2.69853090930671,4.049102789685662,4.049102789685662,0.979702300405954,0.9959404600811907,0.9986468200270636,0.0973891826655425,0.17372993273572096,0.0,0,0.0,739,0,51
exp3_demand_sensitivity,P1_K20_d1.25,10,P1,20,1.25,25.0,2.6923466698562484,4.049102789685705,4.049102789685705,0.9752906976744186,0.9927325581395349,0.9941860465116279,0.0896712043272297,0.1478817531566732,0.0,0,0.0,688,0,52
exp3_demand_sensitivity,P1_K20_d1.25,11,P1,20,1.25,25.0,2.656465972531012,3.995120873732816,3.995120873732816,0.9631728045325779,0.9943342776203966,1.0,0.09250833474514111,0.15077289710296982,0.0,0,0.0,706,0,53
exp3_demand_sensitivity,P1_K20_d1.25,12,P1,20,1.25,25.0,2.6423308425265466,4.120716651766888,4.120716651766888,0.9723756906077348,0.9958563535911602,0.9986187845303868,0.0929460157938496,0.16799674185021518,0.0,0,0.0,724,0,54
exp3_demand_sensitivity,P1_K20_d1.25,13,P1,20,1.25,25.0,2.735647911412822,4.489671762116075,4.489671762116075,0.9608127721335269,0.9912917271407837,0.9985486211901307,0.08942323553429264,0.1517408976067428,0.0,0,0.0,689,0,55
exp3_demand_sensitivity,P1_K20_d1.25,14,P1,20,1.25,25.0,2.6792435529545386,4.049102789686003,4.049102789686003,0.9811794228356336,1.0,1.0,0.1044054797299236,0.17388379056926934,0.0,0,0.0,797,0,56
exp3_demand_sensitivity,P1_K20_d1.25,15,P1,20,1.25,25.0,2.670010954191742,4.049102789685747,4.049102789685747,0.9784791965566715,0.9956958393113343,0.9985652797704447,0.08914169381464664,0.1661026635773004,0.0,0,0.0,697,0,57
exp3_demand_sensitivity,P1_K20_d1.25,16,P1,20,1.25,25.0,2.6937747299569823,4.049102789686003,4.049102789686003,0.9694444444444444,0.9958333333333333,0.9972222222222222,0.09370093488769307,0.1472436633552264,0.0,0,0.0,720,0,58
exp3_demand_sensitivity,P1_K20_d1.25,17,P1,20,1.25,25.0,2.6570663004322825,3.9913931350974963,3.9913931350974963,0.9750692520775623,0.9930747922437673,0.9986149584487535,0.09263823666340264,0.16667490559462622,0.0,0,0.0,722,0,59
exp3_demand_sensitivity,P1_K20_d1.25,18,P1,20,1.25,25.0,2.7122827031331167,4.444182607148832,4.444182607148832,0.9718482252141983,0.9975520195838433,1.0,0.10719958073388454,0.18131604371433457,0.0,0,0.0,817,0,60
exp3_demand_sensitivity,P1_K20_d1.25,19,P1,20,1.25,25.0,2.671019717236646,4.044077371953923,4.044077371953923,0.9707446808510638,0.9933510638297872,0.9973404255319149,0.09578216526392538,0.16838595690459598,0.0,0,0.0,752,0,61
exp3_demand_sensitivity,P1_K20_d1.25,20,P1,20,1.25,25.0,2.659236228801283,4.269469788583997,4.269469788583997,0.9839650145772595,0.9956268221574344,0.9970845481049563,0.08851276566586623,0.16479618875309548,0.0,0,0.0,686,0,62
exp3_demand_sensitivity,P1_K20_d1.25,21,P1,20,1.25,25.0,2.6632593515361194,4.049102789686003,4.049102789686003,0.9799196787148594,0.9946452476572959,1.0,0.09616219827473384,0.17015015648345075,0.0,0,0.0,747,0,63
exp3_demand_sensitivity,P1_K20_d1.25,22,P1,20,1.25,25.0,2.6658787402081,3.9913931350974963,3.9913931350974963,0.9750328515111695,0.9934296977660972,0.9960578186596584,0.09996755246237306,0.1828808112457326,0.0,0,0.0,761,0,64
exp3_demand_sensitivity,P1_K20_d1.25,23,P1,20,1.25,25.0,2.702190685829667,4.151408306944106,4.151408306944106,0.9715447154471545,0.994579945799458,0.997289972899729,0.09941760018364237,0.17234430750048663,0.0,0,0.0,738,0,65
exp3_demand_sensitivity,P1_K20_d1.25,24,P1,20,1.25,25.0,2.6862041815866986,4.346638353837079,4.346638353837079,0.9714285714285714,0.9918367346938776,0.9972789115646259,0.0953805965306434,0.18120774069074433,0.0,0,0.0,735,0,66
exp3_demand_sensitivity,P1_K20_d1.25,25,P1,20,1.25,25.0,2.6618089628900594,4.073179239543379,4.073179239543379,0.9707057256990679,0.9933422103861518,0.9973368841544608,0.09814920195696829,0.16568140991329336,0.0,0,0.0,751,0,67
exp3_demand_sensitivity,P1_K20_d1.25,26,P1,20,1.25,25.0,2.663793825089064,3.899407070323946,3.899407070323946,0.9766763848396501,0.9941690962099126,0.9985422740524781,0.08977742979700791,0.15105271681486965,0.0,0,0.0,686,0,68
exp3_demand_sensitivity,P1_K20_d1.25,27,P1,20,1.25,25.0,2.736869477547699,4.453184723708432,4.453184723708432,0.9644322845417237,0.9931600547195623,0.9986320109439124,0.09322244075933483,0.16565626600189334,0.0,0,0.0,731,0,69
exp3_demand_sensitivity,P1_K20_d1.25,28,P1,20,1.25,25.0,2.643697579879987,4.049102789685577,4.049102789685577,0.9647218453188603,0.989145183175034,0.9986431478968792,0.0954828874995702,0.16890435947948268,0.0,0,0.0,737,0,70
exp3_demand_sensitivity,P1_K20_d1.25,29,P1,20,1.25,25.0,2.7145215716597995,4.4486836654290585,4.4486836654290585,0.9765840220385675,0.9958677685950413,0.9958677685950413,0.0931442137961384,0.16196014002095369,0.0,0,0.0,726,0,71
exp3_demand_sensitivity,P2_K20_d1.25,0,P2,20,1.25,25.0,2.616038698142505,3.8994070703234343,3.8994070703234343,0.9816643159379408,0.9943582510578279,0.997179125528914,0.09026687347274887,0.15492040855224418,0.0,0,0.0,709,0,42
exp3_demand_sensitivity,P2_K20_d1.25,1,P2,20,1.25,25.0,2.6644806090891273,3.990865831171533,3.990865831171533,0.9710906701708278,0.9894875164257556,0.9973718791064389,0.09835428561549509,0.17091288241792682,0.0,0,0.0,761,0,43
exp3_demand_sensitivity,P2_K20_d1.25,2,P2,20,1.25,25.0,2.6791784376764816,3.9007432022734747,3.9007432022734747,0.9724137931034482,0.9958620689655172,1.0,0.09634202640694658,0.1805155507040721,0.0,0,0.0,725,0,44
exp3_demand_sensitivity,P2_K20_d1.25,3,P2,20,1.25,25.0,2.576494719046976,3.739446598968577,3.739446598968577,0.9841726618705036,0.9971223021582734,0.9985611510791367,0.09068812083101062,0.135786507324567,0.0,0,0.0,695,0,45
exp3_demand_sensitivity,P2_K20_d1.25,4,P2,20,1.25,25.0,2.6152117503270262,3.990865831171959,3.990865831171959,0.9762569832402235,1.0,1.0,0.09241671751038417,0.16339437337765747,0.0,0,0.0,716,0,46
exp3_demand_sensitivity,P2_K20_d1.25,5,P2,20,1.25,25.0,2.607893732389161,3.899407070323093,3.899407070323093,0.9751724137931035,0.9972413793103448,1.0,0.09224609028877997,0.16050150063941573,0.0,0,0.0,725,0,47
exp3_demand_sensitivity,P2_K20_d1.25,6,P2,20,1.25,25.0,2.607638360973161,3.899407070323946,3.899407070323946,0.978319783197832,0.994579945799458,0.9986449864498645,0.09576384280654301,0.16492165421295113,0.0,0,0.0,738,0,48
exp3_demand_sensitivity,P2_K20_d1.25,7,P2,20,1.25,25.0,2.6856286617416676,3.9982855145254366,3.9982855145254366,0.9648894668400521,0.9947984395318595,0.9960988296488946,0.10266570487509066,0.1785423049713245,0.0,0,0.0,769,0,49
exp3_demand_sensitivity,P2_K20_d1.25,8,P2,20,1.25,25.0,2.62039330366888,4.015516463095283,4.015516463095283,0.9831932773109243,1.0,1.0,0.09436219365046312,0.15289856381126632,0.0,0,0.0,714,0,50
exp3_demand_sensitivity,P2_K20_d1.25,9,P2,20,1.25,25.0,2.6535201784304134,3.9908658311717886,3.9908658311717886,0.9769959404600812,0.9959404600811907,1.0,0.09722418797249893,0.17565936898846057,0.0,0,0.0,739,0,51
exp3_demand_sensitivity,P2_K20_d1.25,10,P2,20,1.25,25.0,2.5695755762144286,3.7586323274513846,3.7586323274513846,0.9781976744186046,0.9956395348837209,0.997093023255814,0.089252223610833,0.15464651606206825,0.0,0,0.0,688,0,52
exp3_demand_sensitivity,P2_K20_d1.25,11,P2,20,1.25,25.0,2.5645652970505095,3.7714228131059713,3.7714228131059713,0.9801699716713881,0.9943342776203966,1.0,0.09218650003834927,0.1591859143462909,0.0,0,0.0,706,0,53
exp3_demand_sensitivity,P2_K20_d1.25,12,P2,20,1.25,25.0,2.5937220681419126,3.803399027242449,3.803399027242449,0.9765193370165746,0.9972375690607734,0.9986187845303868,0.09277144856838102,0.1815538553119567,0.0,0,0.0,724,0,54
exp3_demand_sensitivity,P2_K20_d1.25,13,P2,20,1.25,25.0,2.6331625895008437,3.899407070323946,3.899407070323946,0.9666182873730044,0.9941944847605225,1.0,0.08907297567914706,0.14814956516773992,0.0,0,0.0,689,0,55
exp3_demand_sensitivity,P2_K20_d1.25,14,P2,20,1.25,25.0,2.6411717613473877,3.899407070323946,3.899407070323946,0.9774153074027604,1.0,1.0,0.10425496773631795,0.16468756049023922,0.0,0,0.0,797,0,56
exp3_demand_sensitivity,P2_K20_d1.25,15,P2,20,1.25,25.0,2.6077681950207467,3.871013294562431,3.871013294562431,0.9827833572453372,0.9971305595408895,0.9985652797704447,0.08892649935461597,0.17347622151341202,0.0,0,0.0,697,0,57
exp3_demand_sensitivity,P2_K20_d1.25,16,P2,20,1.25,25.0,2.649057935351291,3.8994070703233703,3.8994070703233703,0.9777777777777777,0.9958333333333333,0.9972222222222222,0.09354123204981561,0.15826573977649483,0.0,0,0.0,720,0,58
exp3_demand_sensitivity,P2_K20_d1.25,17,P2,20,1.25,25.0,2.60782765006067,3.8241835920723015,3.8241835920723015,0.9736842105263158,0.9944598337950139,1.0,0.09246189586197257,0.17763054829828168,0.0,0,0.0,722,0,59
exp3_demand_sensitivity,P2_K20_d1.25,18,P2,20,1.25,25.0,2.666306835917712,4.025855032237189,4.025855032237189,0.9694002447980417,0.9987760097919217,1.0,0.10701325988311576,0.19818326459362956,0.0,0,0.0,817,0,60
exp3_demand_sensitivity,P2_K20_d1.25,19,P2,20,1.25,25.0,2.6300545738345806,3.8499586737852667,3.8499586737852667,0.9680851063829787,0.9946808510638298,0.9986702127659575,0.09562935877663195,0.16886528287694672,0.0,0,0.0,752,0,61
exp3_demand_sensitivity,P2_K20_d1.25,20,P2,20,1.25,25.0,2.617304457709755,3.899407070323093,3.899407070323093,0.9810495626822158,0.9956268221574344,0.9970845481049563,0.08837008116701313,0.16479618875309548,0.0,0,0.0,686,0,62
exp3_demand_sensitivity,P2_K20_d1.25,21,P2,20,1.25,25.0,2.6349243065981667,3.899407070323946,3.899407070323946,0.9785809906291834,0.9959839357429718,1.0,0.09605720681357986,0.18204899228555788,0.0,0,0.0,747,0,63
exp3_demand_sensitivity,P2_K20_d1.25,22,P2,20,1.25,25.0,2.626044696288891,3.899407070323093,3.899407070323093,0.9750328515111695,0.9960578186596584,0.9973718791064389,0.09981718685015818,0.18103029070392154,0.0,0,0.0,761,0,64
exp3_demand_sensitivity,P2_K20_d1.25,23,P2,20,1.25,25.0,2.65667629230852,3.9909755128658944,3.9909755128658944,0.9715447154471545,0.9959349593495935,0.997289972899729,0.09925098499307392,0.19249726524941776,0.0,0,0.0,738,0,65
exp3_demand_sensitivity,P2_K20_d1.25,24,P2,20,1.25,25.0,2.595812875993919,3.803399027242449,3.803399027242449,0.9836734693877551,0.9918367346938776,0.9972789115646259,0.0950510448956697,0.14560850634408928,0.0,0,0.0,735,0,66
exp3_demand_sensitivity,P2_K20_d1.25,25,P2,20,1.25,25.0,2.668985378429864,4.026667881844332,4.026667881844332,0.9653794940079894,0.9946737683089214,0.9973368841544608,0.09817593552874603,0.16697126232119067,0.0,0,0.0,751,0,67
exp3_demand_sensitivity,P2_K20_d1.25,26,P2,20,1.25,25.0,2.6310379808890643,3.803399027242449,3.803399027242449,0.9752186588921283,0.9912536443148688,0.9985422740524781,0.08966596893827179,0.1675736802271517,0.0,0,0.0,686,0,68
exp3_demand_sensitivity,P2_K20_d1.25,27,P2,20,1.25,25.0,2.645042105747834,3.9746477531477353,3.9746477531477353,0.9767441860465116,0.9972640218878249,1.0,0.09288947543797718,0.16086983411239192,0.0,0,0.0,731,0,69
exp3_demand_sensitivity,P2_K20_d1.25,28,P2,20,1.25,25.0,2.6124805522882832,3.899407070323562,3.899407070323562,0.9674355495251018,0.989145183175034,0.9986431478968792,0.09536876572707474,0.16890435947948268,0.0,0,0.0,737,0,70
exp3_demand_sensitivity,P2_K20_d1.25,29,P2,20,1.25,25.0,2.722806710844087,4.049517135890497,4.049517135890497,0.9752066115702479,0.9972451790633609,0.9972451790633609,0.09317405016046278,0.1660506162662742,0.0,0,0.0,726,0,71
exp3_demand_sensitivity,P0_K20_d1.5,0,P0,20,1.5,25.0,3.2229833033202415,5.25549222451957,5.25549222451957,0.9448732083792724,0.9966923925027563,1.0,0.11835927234875934,0.2148865420192204,0.0,0,0.0,907,0,42
exp3_demand_sensitivity,P0_K20_d1.5,1,P0,20,1.5,25.0,3.294102281366364,5.8923746023991015,5.8923746023991015,0.9211136890951276,0.9953596287703016,0.9976798143851509,0.11434418098332284,0.2228831831454289,0.0,0,0.0,862,0,43
exp3_demand_sensitivity,P0_K20_d1.5,2,P0,20,1.5,25.0,3.2294948228752496,5.669725339262541,5.669725339262541,0.9393305439330544,0.99581589958159,0.9989539748953975,0.12932323660018438,0.2757720854581389,0.0,0,0.0,956,0,44
exp3_demand_sensitivity,P0_K20_d1.5,3,P0,20,1.5,25.0,3.2879990400808254,5.70755548080968,5.70755548080968,0.9339305711086227,0.9955207166853304,0.9988801791713325,0.11868274013776794,0.2282356183717441,0.0,0,0.0,893,0,45
exp3_demand_sensitivity,P0_K20_d1.5,4,P0,20,1.5,25.0,3.2394932135694043,5.601143737515952,5.601143737515952,0.9335548172757475,0.9944629014396457,1.0,0.11961867756921651,0.240762598704797,0.0,0,0.0,903,0,46
exp3_demand_sensitivity,P0_K20_d1.5,5,P0,20,1.5,25.0,3.4301004286883425,5.8923746023995704,5.8923746023995704,0.9097142857142857,0.984,0.9977142857142857,0.1147587565747324,0.23553463285918003,0.0,0,0.0,875,0,47
exp3_demand_sensitivity,P0_K20_d1.5,6,P0,20,1.5,25.0,3.1621636309417913,5.3161596566837535,5.3161596566837535,0.9348079161816065,0.9941792782305006,0.9988358556461001,0.11541198947195408,0.21707331334498128,0.0,0,0.0,859,0,48
exp3_demand_sensitivity,P0_K20_d1.5,7,P0,20,1.5,25.0,3.36274013017623,5.892374602399144,5.892374602399144,0.915273132664437,0.9899665551839465,0.9966555183946488,0.12240500118391986,0.21839917983114088,0.0,0,0.0,897,0,49
exp3_demand_sensitivity,P0_K20_d1.5,8,P0,20,1.5,25.0,3.273918601606508,5.725743903406027,5.725743903406027,0.929384965831435,0.9920273348519362,0.9977220956719818,0.11765624547125642,0.20844446230204688,0.0,0,0.0,878,0,50
exp3_demand_sensitivity,P0_K20_d1.5,9,P0,20,1.5,25.0,3.2506674001094127,5.725743903405345,5.725743903405345,0.9259694477085781,0.9976498237367802,1.0,0.11434609971665369,0.2245331203183485,0.0,0,0.0,851,0,51
exp3_demand_sensitivity,P0_K20_d1.5,10,P0,20,1.5,25.0,3.270316776225974,5.892374602398718,5.892374602398718,0.9208472686733556,0.9944258639910813,0.9977703455964325,0.11800325604004536,0.218021301989743,0.0,0,0.0,897,0,52
exp3_demand_sensitivity,P0_K20_d1.5,11,P0,20,1.5,25.0,3.233692552676897,5.662740629495604,5.662740629495604,0.917936694021102,0.9941383352872216,1.0,0.11317167002877253,0.20184676710181254,0.0,0,0.0,853,0,53
exp3_demand_sensitivity,P0_K20_d1.5,12,P0,20,1.5,25.0,3.276928280367594,5.892374602399144,5.892374602399144,0.9148446490218642,0.9896432681242808,0.998849252013809,0.11446753161292145,0.22361742250516195,0.0,0,0.0,869,0,54
exp3_demand_sensitivity,P0_K20_d1.5,13,P0,20,1.5,25.0,3.281329578722555,5.862797483884093,5.862797483884093,0.9225736095965104,0.9945474372955289,1.0,0.12175365127910931,0.2326918718250107,0.0,0,0.0,917,0,55
exp3_demand_sensitivity,P0_K20_d1.5,14,P0,20,1.5,25.0,3.2449822501946946,5.2746974792825085,5.2746974792825085,0.9398410896708286,0.9943246311010215,0.9977298524404086,0.1177296277967507,0.22164167456426098,0.0,0,0.0,881,0,56
exp3_demand_sensitivity,P0_K20_d1.5,15,P0,20,1.5,25.0,3.3106876539280052,5.892374602398718,5.892374602398718,0.9284116331096197,0.9910514541387024,0.9955257270693513,0.11764017233251267,0.2123534826040218,0.0,0,0.0,894,0,57
exp3_demand_sensitivity,P0_K20_d1.5,16,P0,20,1.5,25.0,3.2787857017114126,5.551900502123743,5.551900502123743,0.9342723004694836,0.9906103286384976,0.9988262910798122,0.11406940044061945,0.2103979442579946,0.0,0,0.0,852,0,58
exp3_demand_sensitivity,P0_K20_d1.5,17,P0,20,1.5,25.0,3.2501396231078394,5.653602932277409,5.653602932277409,0.9309954751131222,0.9932126696832579,1.0,0.11606918600359924,0.2222376979428553,0.0,0,0.0,884,0,59
exp3_demand_sensitivity,P0_K20_d1.5,18,P0,20,1.5,25.0,3.2330251451629493,5.668112384309667,5.668112384309667,0.9271168274383709,0.9903536977491961,0.9967845659163987,0.12354714355161926,0.21938153703828642,0.0,0,0.0,933,0,60
exp3_demand_sensitivity,P0_K20_d1.5,19,P0,20,1.5,25.0,3.3158138814458513,5.892374602399144,5.892374602399144,0.9116997792494481,0.9944812362030905,1.0,0.11821754503153512,0.22336790559951325,0.0,0,0.0,906,0,61
exp3_demand_sensitivity,P0_K20_d1.5,20,P0,20,1.5,25.0,3.230667299289101,5.366096385484482,5.366096385484482,0.9353348729792148,0.9976905311778291,0.9988452655889145,0.11358226415469963,0.2261981408819694,0.0,0,0.0,866,0,62
exp3_demand_sensitivity,P0_K20_d1.5,21,P0,20,1.5,25.0,3.2848693464088727,5.841289978042532,5.841289978042532,0.9269911504424779,0.995575221238938,0.9966814159292036,0.1204575555133131,0.2420114877409889,0.0,0,0.0,904,0,63
exp3_demand_sensitivity,P0_K20_d1.5,22,P0,20,1.5,25.0,3.3130756705268882,5.892374602399144,5.892374602399144,0.9145496535796767,0.9919168591224018,0.9988452655889145,0.11490208787782727,0.22169078962534552,0.0,0,0.0,866,0,64
exp3_demand_sensitivity,P0_K20_d1.5,23,P0,20,1.5,25.0,3.3061664223107132,5.892374602399016,5.892374602399016,0.9201388888888888,0.9918981481481481,0.9976851851851852,0.11847023191013244,0.21618843434880902,0.0,0,0.0,864,0,65
exp3_demand_sensitivity,P0_K20_d1.5,24,P0,20,1.5,25.0,3.2653714619065095,5.725743903405771,5.725743903405771,0.9342560553633218,0.994232987312572,0.9988465974625144,0.11447710883861946,0.22636679734176016,0.0,0,0.0,867,0,66
exp3_demand_sensitivity,P0_K20_d1.5,25,P0,20,1.5,25.0,3.3245251851097875,5.892374602398718,5.892374602398718,0.9235033259423503,0.9866962305986696,0.9933481152993349,0.12001594892679582,0.2573638358511747,0.0,0,0.0,902,0,67
exp3_demand_sensitivity,P0_K20_d1.5,26,P0,20,1.5,25.0,3.2232169617435247,5.330126328531435,5.330126328531435,0.930622009569378,0.9952153110047847,0.9976076555023924,0.11175953644810784,0.21022160139558072,0.0,0,0.0,836,0,68
exp3_demand_sensitivity,P0_K20_d1.5,27,P0,20,1.5,25.0,3.2441839688272784,5.725743903406528,5.725743903406528,0.922645739910314,0.992152466367713,0.9977578475336323,0.11623370189974454,0.24171841368040217,0.0,0,0.0,892,0,69
exp3_demand_sensitivity,P0_K20_d1.5,28,P0,20,1.5,25.0,3.322988313275708,5.892374602399144,5.892374602399144,0.9184149184149184,0.9906759906759907,0.9976689976689976,0.11433535253781808,0.245749189408378,0.0,0,0.0,858,0,70
exp3_demand_sensitivity,P0_K20_d1.5,29,P0,20,1.5,25.0,3.2919319237407154,5.892374602398718,5.892374602398718,0.9183673469387755,0.9875283446712018,0.9931972789115646,0.11541027927271486,0.2108830608398803,0.0,0,0.0,882,0,71
exp3_demand_sensitivity,P1_K20_d1.5,0,P1,20,1.5,25.0,2.7266199066850123,4.489671762116085,4.489671762116085,0.9691289966923925,0.9966923925027563,1.0,0.11612612948790532,0.2064450894011233,0.0,0,0.0,907,0,42
exp3_demand_sensitivity,P1_K20_d1.5,1,P1,20,1.5,25.0,2.6682648544976315,4.071016091106343,4.071016091106343,0.968677494199536,0.9930394431554525,0.9976798143851509,0.11166822928708846,0.18135069809880028,0.0,0,0.0,862,0,43
exp3_demand_sensitivity,P1_K20_d1.5,2,P1,20,1.5,25.0,2.7703367349332693,4.489671762115989,4.489671762115989,0.9669156883671292,0.9925293489861259,0.9978655282817502,0.12457736522645961,0.2312999793293356,0.0,0,0.0,937,0,44
exp3_demand_sensitivity,P1_K20_d1.5,3,P1,20,1.5,25.0,2.696050384287215,4.397905137798261,4.397905137798261,0.9732739420935412,0.9977728285077951,0.9988864142538976,0.1167332504712163,0.1860865389040271,0.0,0,0.0,898,0,45
exp3_demand_sensitivity,P1_K20_d1.5,4,P1,20,1.5,25.0,2.7290096253874787,4.394561915248517,4.394561915248517,0.9634551495016611,0.9955703211517165,1.0,0.11733213649715153,0.22288933877802922,0.0,0,0.0,903,0,46
exp3_demand_sensitivity,P1_K20_d1.5,5,P1,20,1.5,25.0,2.789961014441411,4.721957133653574,4.721957133653574,0.9546485260770975,0.9897959183673469,1.0,0.11294354582144565,0.20149368560180045,0.0,0,0.0,882,0,47
exp3_demand_sensitivity,P1_K20_d1.5,6,P1,20,1.5,25.0,2.6829819389895193,4.049102789686003,4.049102789686003,0.9771689497716894,0.9885844748858448,0.997716894977169,0.11527999146163175,0.19439250914920733,0.0,0,0.0,876,0,48
exp3_demand_sensitivity,P1_K20_d1.5,7,P1,20,1.5,25.0,2.8211636120675103,4.73289899605612,4.73289899605612,0.9632107023411371,0.9888517279821628,0.9955406911928651,0.11999530804531104,0.1818820458377846,0.0,0,0.0,897,0,49
exp3_demand_sensitivity,P1_K20_d1.5,8,P1,20,1.5,25.0,2.7625634160126133,4.5435181499073,4.5435181499073,0.9738041002277904,0.9943052391799544,0.9977220956719818,0.11542921247050511,0.17905215861802354,0.0,0,0.0,878,0,50
exp3_demand_sensitivity,P1_K20_d1.5,9,P1,20,1.5,25.0,2.712522016585333,4.489671762116245,4.489671762116245,0.9612220916568742,0.9964747356051704,1.0,0.11207446419394047,0.19580702198566285,0.0,0,0.0,851,0,51
exp3_demand_sensitivity,P1_K20_d1.5,10,P1,20,1.5,25.0,2.663116576536433,4.397905137798432,4.397905137798432,0.9710144927536232,0.9955406911928651,0.9988851727982163,0.11530157658011728,0.19019067049366442,0.0,0,0.0,897,0,52
exp3_demand_sensitivity,P1_K20_d1.5,11,P1,20,1.5,25.0,2.6908308487230617,4.4378240327364455,4.4378240327364455,0.9683470105509965,0.9964830011723329,1.0,0.11087474029924557,0.19815214339098086,0.0,0,0.0,853,0,53
exp3_demand_sensitivity,P1_K20_d1.5,12,P1,20,1.5,25.0,2.6945515445322963,4.418748309496552,4.418748309496552,0.9677790563866513,0.9919447640966629,0.997698504027618,0.1119571874490282,0.1769748035290236,0.0,0,0.0,869,0,54
exp3_demand_sensitivity,P1_K20_d1.5,13,P1,20,1.5,25.0,2.7785796697333476,4.558923347623178,4.558923347623178,0.9629225736095965,0.9923664122137404,0.9989094874591058,0.11946683745697073,0.2023846136971684,0.0,0,0.0,917,0,55
exp3_demand_sensitivity,P1_K20_d1.5,14,P1,20,1.5,25.0,2.781868233880627,4.489671762116245,4.489671762116245,0.963677639046538,0.9920544835414302,0.9977298524404086,0.11570580116791773,0.18758073055623367,0.0,0,0.0,881,0,56
exp3_demand_sensitivity,P1_K20_d1.5,15,P1,20,1.5,25.0,2.854834254177689,4.690631498863484,4.690631498863484,0.9630872483221476,0.9921700223713646,0.9944071588366891,0.11561867957766743,0.19813059939065356,0.0,0,0.0,894,0,57
exp3_demand_sensitivity,P1_K20_d1.5,16,P1,20,1.5,25.0,2.7961491775611202,4.558923347622965,4.558923347622965,0.965962441314554,0.994131455399061,0.9988262910798122,0.11202968655879372,0.18313946095261668,0.0,0,0.0,852,0,58
exp3_demand_sensitivity,P1_K20_d1.5,17,P1,20,1.5,25.0,2.8093756440565127,4.711869515003786,4.711869515003786,0.9547511312217195,0.9875565610859729,0.997737556561086,0.11413647093672726,0.2112391203028017,0.0,0,0.0,884,0,59
exp3_demand_sensitivity,P1_K20_d1.5,18,P1,20,1.5,25.0,2.7469833790187757,4.453184723709285,4.453184723709285,0.9635584137191854,0.9903536977491961,0.9978563772775991,0.12129775383032704,0.18659157468082127,0.0,0,0.0,933,0,60
exp3_demand_sensitivity,P1_K20_d1.5,19,P1,20,1.5,25.0,2.730687422969495,4.4787756663960465,4.4787756663960465,0.9679911699779249,0.9955849889624724,1.0,0.11558795886397757,0.1845526230079448,0.0,0,0.0,906,0,61
exp3_demand_sensitivity,P1_K20_d1.5,20,P1,20,1.5,25.0,2.675533051588454,4.397905137798475,4.397905137798475,0.9711316397228638,0.9953810623556582,0.9988452655889145,0.11119761009463631,0.19012108204454142,0.0,0,0.0,866,0,62
exp3_demand_sensitivity,P1_K20_d1.5,21,P1,20,1.5,25.0,2.7625223404448094,4.734235452550779,4.734235452550779,0.9723451327433629,0.9944690265486725,0.9977876106194691,0.11811528520879164,0.19900516226279397,0.0,0,0.0,904,0,63
exp3_demand_sensitivity,P1_K20_d1.5,22,P1,20,1.5,25.0,2.7472276082724405,4.532748872349092,4.532748872349092,0.9667774086378738,0.9933554817275747,0.9966777408637874,0.11731733172506147,0.18555220778860534,0.0,0,0.0,903,0,64
exp3_demand_sensitivity,P1_K20_d1.5,23,P1,20,1.5,25.0,2.78066124549064,4.613567717197156,4.613567717197156,0.975609756097561,0.9966740576496674,0.9977827050997783,0.12080432359572431,0.20605397259751998,0.0,0,0.0,902,0,65
exp3_demand_sensitivity,P1_K20_d1.5,24,P1,20,1.5,25.0,2.683131174893823,4.049102789686003,4.049102789686003,0.9688581314878892,0.994232987312572,0.9988465974625144,0.11197312903286549,0.19694761046768539,0.0,0,0.0,867,0,66
exp3_demand_sensitivity,P1_K20_d1.5,25,P1,20,1.5,25.0,2.7400803796416344,4.397905137799071,4.397905137799071,0.9656319290465631,0.991130820399113,0.9955654101995566,0.11740102226740952,0.2091530889775892,0.0,0,0.0,902,0,67
exp3_demand_sensitivity,P1_K20_d1.5,26,P1,20,1.5,25.0,2.708799482375779,4.151408306944404,4.151408306944404,0.9688995215311005,0.9916267942583732,0.9976076555023924,0.10962633698009472,0.17536413443591437,0.0,0,0.0,836,0,68
exp3_demand_sensitivity,P1_K20_d1.5,27,P1,20,1.5,25.0,2.743587769382734,4.61855836743382,4.61855836743382,0.9652466367713004,0.9910313901345291,0.9988789237668162,0.11401876236648789,0.19990121799752628,0.0,0,0.0,892,0,69
exp3_demand_sensitivity,P1_K20_d1.5,28,P1,20,1.5,25.0,2.7914308931838523,4.561841902856828,4.561841902856828,0.9696969696969697,0.9918414918414918,0.9976689976689976,0.11207306947016515,0.22044748060227126,0.0,0,0.0,858,0,70
exp3_demand_sensitivity,P1_K20_d1.5,29,P1,20,1.5,25.0,2.7426616742681524,4.337792339610884,4.337792339610884,0.9603174603174603,0.9886621315192744,0.9943310657596371,0.11300722193127237,0.1627598786439139,0.0,0,0.0,882,0,71
exp3_demand_sensitivity,P2_K20_d1.5,0,P2,20,1.5,25.0,2.6927167826076372,4.169876339590345,4.169876339590345,0.9746416758544653,0.9966923925027563,1.0,0.11597359906360885,0.2372595986221318,0.0,0,0.0,907,0,42
exp3_demand_sensitivity,P2_K20_d1.5,1,P2,20,1.5,25.0,2.669581385371671,4.046778013941206,4.046778013941206,0.9709976798143851,0.9930394431554525,0.9976798143851509,0.11167385850144076,0.18424193302786251,0.0,0,0.0,862,0,43
exp3_demand_sensitivity,P2_K20_d1.5,2,P2,20,1.5,25.0,2.68850086455706,4.316973786256867,4.316973786256867,0.9733191035218783,0.9967982924226254,1.0,0.12419700703924479,0.23773881720628526,0.0,0,0.0,937,0,44
exp3_demand_sensitivity,P2_K20_d1.5,3,P2,20,1.5,25.0,2.6416067471291282,4.026098887119929,4.026098887119929,0.9810690423162584,0.9988864142538976,1.0,0.11649073863506572,0.18122297346892186,0.0,0,0.0,898,0,45
exp3_demand_sensitivity,P2_K20_d1.5,4,P2,20,1.5,25.0,2.703718955488977,4.0446158081176495,4.0446158081176495,0.9634551495016611,0.9966777408637874,1.0,0.11721885537156451,0.22127914613708707,0.0,0,0.0,903,0,46
exp3_demand_sensitivity,P2_K20_d1.5,5,P2,20,1.5,25.0,2.814969087607013,4.686433147890368,4.686433147890368,0.953514739229025,0.9920634920634921,1.0,0.11305295614154513,0.19771891629043373,0.0,0,0.0,882,0,47
exp3_demand_sensitivity,P2_K20_d1.5,6,P2,20,1.5,25.0,2.658483781784284,3.991231436818623,3.991231436818623,0.9825378346915018,0.9941792782305006,0.9988358556461001,0.11326585360674421,0.1892688488755261,0.0,0,0.0,859,0,48
exp3_demand_sensitivity,P2_K20_d1.5,7,P2,20,1.5,25.0,2.8164272038870184,4.467879570675336,4.467879570675336,0.9542920847268673,0.9899665551839465,0.9955406911928651,0.11997423384819847,0.2057216794231452,0.0,0,0.0,897,0,49
exp3_demand_sensitivity,P2_K20_d1.5,8,P2,20,1.5,25.0,2.692539226161085,3.9913931350974963,3.9913931350974963,0.9738041002277904,0.9943052391799544,0.9977220956719818,0.11512424600875097,0.18912279643100113,0.0,0,0.0,878,0,50
exp3_demand_sensitivity,P2_K20_d1.5,9,P2,20,1.5,25.0,2.66556885325323,4.397905137799114,4.397905137799114,0.972972972972973,1.0,1.0,0.11187626408483516,0.18763907904570185,0.0,0,0.0,851,0,51
exp3_demand_sensitivity,P2_K20_d1.5,10,P2,20,1.5,25.0,2.648835829831617,4.025855032237189,4.025855032237189,0.9687848383500557,0.9966555183946488,0.9988851727982163,0.11523803575772533,0.19138618529900522,0.0,0,0.0,897,0,52
exp3_demand_sensitivity,P2_K20_d1.5,11,P2,20,1.5,25.0,2.6671758282263545,4.051058762075968,4.051058762075968,0.9648300117233294,0.9964830011723329,1.0,0.11077465234049713,0.1888590991364481,0.0,0,0.0,853,0,53
exp3_demand_sensitivity,P2_K20_d1.5,12,P2,20,1.5,25.0,2.6897638694898593,4.354951300310286,4.354951300310286,0.9666283084004603,0.9930955120828538,0.998849252013809,0.11193655009976297,0.20038044345968256,0.0,0,0.0,869,0,54
exp3_demand_sensitivity,P2_K20_d1.5,13,P2,20,1.5,25.0,2.7057886615784312,4.049102789686003,4.049102789686003,0.9705561613958561,0.9967284623773174,1.0,0.11913573946848836,0.18918808958790054,0.0,0,0.0,917,0,55
exp3_demand_sensitivity,P2_K20_d1.5,14,P2,20,1.5,25.0,2.699695181615125,4.025855032237189,4.025855032237189,0.9829738933030647,0.9943246311010215,0.9988649262202043,0.11534670166868215,0.21670446722370076,0.0,0,0.0,881,0,56
exp3_demand_sensitivity,P2_K20_d1.5,15,P2,20,1.5,25.0,2.7999656004195117,4.2698555894163235,4.2698555894163235,0.9630872483221476,0.9932885906040269,0.9955257270693513,0.11537536322618029,0.19437780134461505,0.0,0,0.0,894,0,57
exp3_demand_sensitivity,P2_K20_d1.5,16,P2,20,1.5,25.0,2.7581040817300764,4.441003319942296,4.441003319942296,0.9624413145539906,0.9929577464788732,0.9988262910798122,0.11186890073712683,0.20323865480151665,0.0,0,0.0,852,0,58
exp3_demand_sensitivity,P2_K20_d1.5,17,P2,20,1.5,25.0,2.717302879368628,4.269469788584104,4.269469788584104,0.9683257918552036,0.9932126696832579,1.0,0.11373273917093318,0.24266191971254042,0.0,0,0.0,884,0,59
exp3_demand_sensitivity,P2_K20_d1.5,18,P2,20,1.5,25.0,2.6940814798606283,3.9913931350974963,3.9913931350974963,0.9667738478027867,0.9957127545551983,1.0,0.1210529251005922,0.20530288605259722,0.0,0,0.0,933,0,60
exp3_demand_sensitivity,P2_K20_d1.5,19,P2,20,1.5,25.0,2.734988762542445,4.399409850771203,4.399409850771203,0.9580573951434879,0.9966887417218543,1.0,0.11560728928884409,0.19420225057886262,0.0,0,0.0,906,0,61
exp3_demand_sensitivity,P2_K20_d1.5,20,P2,20,1.5,25.0,2.660953922647051,4.025855032237189,4.025855032237189,0.9711316397228638,0.9976905311778291,0.9988452655889145,0.11113498347924314,0.19853448380696803,0.0,0,0.0,866,0,62
exp3_demand_sensitivity,P2_K20_d1.5,21,P2,20,1.5,25.0,2.7455864773885574,4.381797448740403,4.381797448740403,0.9679203539823009,0.995575221238938,0.9977876106194691,0.11803934264826166,0.20124057741002352,0.0,0,0.0,904,0,63
exp3_demand_sensitivity,P2_K20_d1.5,22,P2,20,1.5,25.0,2.752823890245738,4.522755183370694,4.522755183370694,0.9612403100775194,0.9922480620155039,0.9977851605758582,0.1173423984047336,0.20283159474355777,0.0,0,0.0,903,0,64
exp3_demand_sensitivity,P2_K20_d1.5,23,P2,20,1.5,25.0,2.7173660467659495,4.397905137798986,4.397905137798986,0.9629629629629629,0.9942129629629629,0.9976851851851852,0.11594680172922629,0.18311124914673313,0.0,0,0.0,864,0,65
exp3_demand_sensitivity,P2_K20_d1.5,24,P2,20,1.5,25.0,2.6753778254929372,3.9913931350974963,3.9913931350974963,0.9677047289504037,0.9953863898500577,0.9988465974625144,0.11193978501535282,0.19126924652837193,0.0,0,0.0,867,0,66
exp3_demand_sensitivity,P2_K20_d1.5,25,P2,20,1.5,25.0,2.7227636336537904,4.1929613803976755,4.1929613803976755,0.967849223946785,0.991130820399113,0.9955654101995566,0.11732354357256311,0.21213146992090934,0.0,0,0.0,902,0,67
exp3_demand_sensitivity,P2_K20_d1.5,26,P2,20,1.5,25.0,2.6593147608446457,3.9913931350966436,3.9913931350966436,0.972488038277512,0.9940191387559809,0.9976076555023924,0.10942113248009455,0.19739293263203508,0.0,0,0.0,836,0,68
exp3_demand_sensitivity,P2_K20_d1.5,27,P2,20,1.5,25.0,2.6756013687322766,4.049102789686003,4.049102789686003,0.9697309417040358,0.9943946188340808,0.9988789237668162,0.11371794952234007,0.1988595386963822,0.0,0,0.0,892,0,69
exp3_demand_sensitivity,P2_K20_d1.5,28,P2,20,1.5,25.0,2.7433216743495263,4.34279966858829,4.34279966858829,0.9673659673659674,0.993006993006993,0.9976689976689976,0.11186831892572147,0.23096891672030676,0.0,0,0.0,858,0,70
exp3_demand_sensitivity,P2_K20_d1.5,29,P2,20,1.5,25.0,2.7211272558608535,4.1354334186314485,4.1354334186314485,0.9625850340136054,0.9920634920634921,0.9965986394557823,0.11291300885074043,0.1668083715034323,0.0,0,0.0,882,0,71
exp3_demand_sensitivity,P0_K20_d2.0,0,P0,20,2.0,25.0,3.3214988613348693,5.892374602398718,5.892374602398718,0.9222408026755853,0.9899665551839465,0.995819397993311,0.1574268996762785,0.3076610772975754,0.0,0,0.0,1196,0,42
exp3_demand_sensitivity,P0_K20_d2.0,1,P0,20,2.0,25.0,3.3863168459927757,5.892374602399144,5.892374602399144,0.9172240802675585,0.9882943143812709,0.995819397993311,0.15861283027673506,0.27357816225543874,0.0,0,0.0,1196,0,43
exp3_demand_sensitivity,P0_K20_d2.0,2,P0,20,2.0,25.0,3.3450332704828174,5.8923746023995704,5.8923746023995704,0.9066115702479339,0.9925619834710744,0.9975206611570248,0.16218127861536719,0.2887390348731176,0.0,0,0.0,1210,0,44
exp3_demand_sensitivity,P0_K20_d2.0,3,P0,20,2.0,25.0,3.371289723268712,5.892374602399144,5.892374602399144,0.9109170305676856,0.988646288209607,0.9991266375545852,0.15185623482962674,0.2586724816661,0.0,0,0.0,1145,0,45
exp3_demand_sensitivity,P0_K20_d2.0,4,P0,20,2.0,25.0,3.2913289198442106,5.680618929657733,5.680618929657733,0.9315789473684211,0.9885964912280701,0.9956140350877193,0.1516465206735066,0.2635419236226908,0.0,0,0.0,1140,0,46
exp3_demand_sensitivity,P0_K20_d2.0,5,P0,20,2.0,25.0,3.360502667568364,5.892374602399144,5.892374602399144,0.9181184668989547,0.9860627177700348,0.9956445993031359,0.14988817087419587,0.3008425000841043,0.0,0,0.0,1148,0,47
exp3_demand_sensitivity,P0_K20_d2.0,6,P0,20,2.0,25.0,3.526780800862781,6.113519141345719,6.113519141345719,0.8898785425101214,0.9854251012145749,0.9902834008097166,0.16671954762661978,0.29843525992254394,0.0,0,0.0,1235,0,48
exp3_demand_sensitivity,P0_K20_d2.0,7,P0,20,2.0,25.0,3.376184256694911,5.892374602398718,5.892374602398718,0.915126050420168,0.9899159663865547,0.9966386554621849,0.16181012710256065,0.26933760934934065,0.0,0,0.0,1190,0,49
exp3_demand_sensitivity,P0_K20_d2.0,8,P0,20,2.0,25.0,3.3483956247155313,5.892374602398718,5.892374602398718,0.9196956889264581,0.9923922231614539,0.9983093829247676,0.15828027853679988,0.29285843806319006,0.0,0,0.0,1183,0,50
exp3_demand_sensitivity,P0_K20_d2.0,9,P0,20,2.0,25.0,3.4051129190483276,5.9301447754569665,5.9301447754569665,0.9014821272885789,0.993897122929381,0.995640802092415,0.15383238384305384,0.30099847511710454,0.0,0,0.0,1147,0,51
exp3_demand_sensitivity,P0_K20_d2.0,10,P0,20,2.0,25.0,3.2649594661485137,5.122504597882767,5.122504597882767,0.931239388794567,0.9906621392190152,0.99830220713073,0.15507193990751525,0.2714380081086002,0.0,0,0.0,1178,0,52
exp3_demand_sensitivity,P0_K20_d2.0,11,P0,20,2.0,25.0,3.356181455215992,5.892374602399144,5.892374602399144,0.9140893470790378,0.9871134020618557,0.9948453608247423,0.15472078658573668,0.28443846184828997,0.0,0,0.0,1164,0,53
exp3_demand_sensitivity,P0_K20_d2.0,12,P0,20,2.0,25.0,3.360472881390712,5.8395568618445575,5.8395568618445575,0.9229480737018425,0.9874371859296482,0.9949748743718593,0.15785587258282158,0.291009547589288,0.0,0,0.0,1194,0,54
exp3_demand_sensitivity,P0_K20_d2.0,13,P0,20,2.0,25.0,3.4053563513712186,5.8923746023995704,5.8923746023995704,0.908720456397718,0.9861450692746536,0.9975550122249389,0.1636076809902341,0.32644138251568666,0.0,0,0.0,1227,0,55
exp3_demand_sensitivity,P0_K20_d2.0,14,P0,20,2.0,25.0,3.3208032216075156,5.892374602398718,5.892374602398718,0.9256474519632414,0.9891395154553049,0.9966583124477861,0.16140360957773264,0.2832598255071815,0.0,0,0.0,1197,0,56
exp3_demand_sensitivity,P0_K20_d2.0,15,P0,20,2.0,25.0,3.4522243307423746,5.930144775456583,5.930144775456583,0.9018567639257294,0.9885057471264368,0.9964633068081344,0.15111723250360237,0.3072361217904166,0.0,0,0.0,1131,0,57
exp3_demand_sensitivity,P0_K20_d2.0,16,P0,20,2.0,25.0,3.3283481540264948,5.892374602398718,5.892374602398718,0.9193262411347518,0.9849290780141844,0.9955673758865248,0.14991803727347544,0.27005394417601875,0.0,0,0.0,1128,0,58
exp3_demand_sensitivity,P0_K20_d2.0,17,P0,20,2.0,25.0,3.3559964365305723,5.892374602399144,5.892374602399144,0.9152981849611063,0.9904926534140017,0.996542783059637,0.15302962135240836,0.29082705876777104,0.0,0,0.0,1157,0,59
exp3_demand_sensitivity,P0_K20_d2.0,18,P0,20,2.0,25.0,3.3067088205244186,5.892374602398718,5.892374602398718,0.9193290734824281,0.9912140575079872,0.9976038338658147,0.16578876845180568,0.28465578966900146,0.0,0,0.0,1252,0,60
exp3_demand_sensitivity,P0_K20_d2.0,19,P0,20,2.0,25.0,3.349412628852906,5.892374602399144,5.892374602399144,0.915268456375839,0.9890939597315436,0.9966442953020134,0.1569159509141568,0.26605387517661433,0.0,0,0.0,1192,0,61
exp3_demand_sensitivity,P0_K20_d2.0,20,P0,20,2.0,25.0,3.2703389739136655,5.892374602398718,5.892374602398718,0.9227974568574023,0.9936421435059037,0.9981834695731153,0.14555999471878672,0.27310405474519,0.0,0,0.0,1101,0,62
exp3_demand_sensitivity,P0_K20_d2.0,21,P0,20,2.0,25.0,3.3378982236870782,5.892374602399144,5.892374602399144,0.9180187873612298,0.9897523484201537,0.9991460290350128,0.1556457647145301,0.2777623070905656,0.0,0,0.0,1171,0,63
exp3_demand_sensitivity,P0_K20_d2.0,22,P0,20,2.0,25.0,3.3650163419338144,5.892374602399144,5.892374602399144,0.9115702479338843,0.9884297520661157,0.9975206611570248,0.1608984374831502,0.2755566934980851,0.0,0,0.0,1210,0,64
exp3_demand_sensitivity,P0_K20_d2.0,23,P0,20,2.0,25.0,3.412103804482217,5.8923746023995704,5.8923746023995704,0.9028620988725065,0.98438855160451,0.99479618386817,0.15727527058336965,0.27831842300065746,0.0,0,0.0,1153,0,65
exp3_demand_sensitivity,P0_K20_d2.0,24,P0,20,2.0,25.0,3.3813439153377867,5.892374602399144,5.892374602399144,0.9161572052401746,0.9912663755458515,0.9973799126637555,0.15144438496484594,0.2861654330821572,0.0,0,0.0,1145,0,66
exp3_demand_sensitivity,P0_K20_d2.0,25,P0,20,2.0,25.0,3.398383180461913,5.8923746023995704,5.8923746023995704,0.9154351395730707,0.9852216748768473,0.9983579638752053,0.1629959696649715,0.29854883885303984,0.0,0,0.0,1218,0,67
exp3_demand_sensitivity,P0_K20_d2.0,26,P0,20,2.0,25.0,3.3679199982064776,5.892374602399144,5.892374602399144,0.9220549158547388,0.9946855624446412,0.9982285208148804,0.15026728659388128,0.30394253393656223,0.0,0,0.0,1129,0,68
exp3_demand_sensitivity,P0_K20_d2.0,27,P0,20,2.0,25.0,3.3572406439089226,5.89159216335716,5.89159216335716,0.927487352445194,0.9898819561551433,0.9949409780775716,0.15607237923081535,0.295485923091013,0.0,0,0.0,1186,0,69
exp3_demand_sensitivity,P0_K20_d2.0,28,P0,20,2.0,25.0,3.3119572056964146,5.7374774535533986,5.7374774535533986,0.9261261261261261,0.990990990990991,0.9990990990990991,0.14783395421311016,0.24974569765383703,0.0,0,0.0,1110,0,70
exp3_demand_sensitivity,P0_K20_d2.0,29,P0,20,2.0,25.0,3.3231970696654396,5.634801790426138,5.634801790426138,0.9280270956816258,0.9872988992379339,0.9991532599491956,0.1552577102790689,0.2721375814175586,0.0,0,0.0,1181,0,71
exp3_demand_sensitivity,P1_K20_d2.0,0,P1,20,2.0,25.0,2.8670483987656312,4.873756088102397,4.873756088102397,0.9640468227424749,0.9866220735785953,0.9949832775919732,0.15473085427333794,0.245392118576181,0.0,0,0.0,1196,0,42
exp3_demand_sensitivity,P1_K20_d2.0,1,P1,20,2.0,25.0,2.949320160403797,5.109447995644132,5.109447995644132,0.9548872180451128,0.9866332497911445,0.9933166248955723,0.1561060987736084,0.24475041453340038,0.0,0,0.0,1197,0,43
exp3_demand_sensitivity,P1_K20_d2.0,2,P1,20,2.0,25.0,2.8701932623028394,4.821737648152275,4.821737648152275,0.9553719008264463,0.9884297520661157,0.996694214876033,0.1593312964234138,0.25241433094127547,0.0,0,0.0,1210,0,44
exp3_demand_sensitivity,P1_K20_d2.0,3,P1,20,2.0,25.0,2.873822498141849,4.894384751022329,4.894384751022329,0.9502183406113537,0.9860262008733625,0.9973799126637555,0.14903083813929802,0.22528426236077892,0.0,0,0.0,1145,0,45
exp3_demand_sensitivity,P1_K20_d2.0,4,P1,20,2.0,25.0,2.9193573561619606,4.894384751021988,4.894384751021988,0.960470984020185,0.9890664423885618,0.9941126997476871,0.15635432173106695,0.2634384700970109,0.0,0,0.0,1189,0,46
exp3_demand_sensitivity,P1_K20_d2.0,5,P1,20,2.0,25.0,2.9294500386824947,5.0272817931798635,5.0272817931798635,0.955574912891986,0.9834494773519163,0.9921602787456446,0.14743356562637347,0.23064131587748038,0.0,0,0.0,1148,0,47
exp3_demand_sensitivity,P1_K20_d2.0,6,P1,20,2.0,25.0,2.974510167056894,5.098445408737888,5.098445408737888,0.9453952730236349,0.9820700896495518,0.9918500407497962,0.16236415212854063,0.2711914371602652,0.0,0,0.0,1227,0,48
exp3_demand_sensitivity,P1_K20_d2.0,7,P1,20,2.0,25.0,2.9137621009559234,4.89472501041334,4.89472501041334,0.9596638655462185,0.9890756302521009,0.9941176470588236,0.1590805518777124,0.25023458493889966,0.0,0,0.0,1190,0,49
exp3_demand_sensitivity,P1_K20_d2.0,8,P1,20,2.0,25.0,2.891790993528053,5.1094479956442065,5.1094479956442065,0.9493243243243243,0.9890202702702703,0.9983108108108109,0.15579806043861438,0.2672875444307491,0.0,0,0.0,1184,0,50
exp3_demand_sensitivity,P1_K20_d2.0,9,P1,20,2.0,25.0,2.831034726458257,4.8943847510225424,4.8943847510225424,0.9589877835951134,0.9904013961605584,0.9965095986038395,0.15047883052263988,0.23999822161182893,0.0,0,0.0,1146,0,51
exp3_demand_sensitivity,P1_K20_d2.0,10,P1,20,2.0,25.0,2.8696311846053617,4.945668158688932,4.945668158688932,0.9567062818336163,0.9898132427843803,0.99830220713073,0.15276193635762508,0.23727149653806562,0.0,0,0.0,1178,0,52
exp3_demand_sensitivity,P1_K20_d2.0,11,P1,20,2.0,25.0,2.924172969525974,4.967940763357591,4.967940763357591,0.9415807560137457,0.9845360824742269,0.9965635738831615,0.15222645187669306,0.23832539255906252,0.0,0,0.0,1164,0,53
exp3_demand_sensitivity,P1_K20_d2.0,12,P1,20,2.0,25.0,2.842439105581859,4.777417872453086,4.777417872453086,0.9564489112227805,0.9849246231155779,0.9941373534338358,0.15478775587490606,0.23586473263365826,0.0,0,0.0,1194,0,54
exp3_demand_sensitivity,P1_K20_d2.0,13,P1,20,2.0,25.0,2.834443516152795,4.733434598863072,4.733434598863072,0.9625101874490628,0.986960065199674,0.9967400162999185,0.16013292876397905,0.2581071108015285,0.0,0,0.0,1227,0,55
exp3_demand_sensitivity,P1_K20_d2.0,14,P1,20,2.0,25.0,2.8353249418453226,4.945668158688676,4.945668158688676,0.9548872180451128,0.9891395154553049,0.9966583124477861,0.1585210822916447,0.2577524980933942,0.0,0,0.0,1197,0,56
exp3_demand_sensitivity,P1_K20_d2.0,15,P1,20,2.0,25.0,2.9307222119690355,5.225878034312927,5.225878034312927,0.9460654288240495,0.9893899204244032,0.995579133510168,0.1481915435336983,0.25198370125375585,0.0,0,0.0,1131,0,57
exp3_demand_sensitivity,P1_K20_d2.0,16,P1,20,2.0,25.0,2.8540032937462985,4.777417872452787,4.777417872452787,0.9654255319148937,0.9867021276595744,0.9955673758865248,0.14726396484095533,0.23227367138168464,0.0,0,0.0,1128,0,58
exp3_demand_sensitivity,P1_K20_d2.0,17,P1,20,2.0,25.0,2.817090942911387,4.871525801846817,4.871525801846817,0.9550561797752809,0.9878997407087294,0.9956784788245462,0.14993679567722276,0.24119899070008816,0.0,0,0.0,1157,0,59
exp3_demand_sensitivity,P1_K20_d2.0,18,P1,20,2.0,25.0,2.8579545617855118,4.889465727366173,4.889465727366173,0.9584664536741214,0.9920127795527156,0.9976038338658147,0.16300186204336758,0.27142109176604506,0.0,0,0.0,1252,0,60
exp3_demand_sensitivity,P1_K20_d2.0,19,P1,20,2.0,25.0,2.8705283662768553,4.991362704324958,4.991362704324958,0.9546979865771812,0.988255033557047,0.9949664429530202,0.1540844526949571,0.2366951705395768,0.0,0,0.0,1192,0,61
exp3_demand_sensitivity,P1_K20_d2.0,20,P1,20,2.0,25.0,2.819786756870897,4.884907519381159,4.884907519381159,0.963669391462307,0.9945504087193461,0.9981834695731153,0.14309938960487753,0.22603104177387537,0.0,0,0.0,1101,0,62
exp3_demand_sensitivity,P1_K20_d2.0,21,P1,20,2.0,25.0,2.8201061013095,4.992904541987855,4.992904541987855,0.963302752293578,0.9949958298582152,0.9991659716430359,0.1563674776513722,0.24060472508310024,0.0,0,0.0,1199,0,63
exp3_demand_sensitivity,P1_K20_d2.0,22,P1,20,2.0,25.0,2.8768369843893957,4.918531163854216,4.918531163854216,0.959504132231405,0.9867768595041322,0.9950413223140496,0.15796839272804722,0.2365207851152181,0.0,0,0.0,1210,0,64
exp3_demand_sensitivity,P1_K20_d2.0,23,P1,20,2.0,25.0,2.884513148628533,5.084402153634581,5.084402153634581,0.9505637467476149,0.9913269731136166,0.9965307892454467,0.15425784981849217,0.27570664155940944,0.0,0,0.0,1153,0,65
exp3_demand_sensitivity,P1_K20_d2.0,24,P1,20,2.0,25.0,2.801077575047886,4.777417872452787,4.777417872452787,0.959825327510917,0.9895196506550218,0.9973799126637555,0.14814872544286212,0.2405518412196535,0.0,0,0.0,1145,0,66
exp3_demand_sensitivity,P1_K20_d2.0,25,P1,20,2.0,25.0,2.8457397848464807,4.7774178724532135,4.7774178724532135,0.9530090684253916,0.9859851607584501,0.9991755976916735,0.15890496160361506,0.23551616391938918,0.0,0,0.0,1213,0,67
exp3_demand_sensitivity,P1_K20_d2.0,26,P1,20,2.0,25.0,2.7551617931865167,4.598895034450664,4.598895034450664,0.9689991142604074,0.995571302037201,0.9982285208148804,0.14683571906676046,0.24246621970226578,0.0,0,0.0,1129,0,68
exp3_demand_sensitivity,P1_K20_d2.0,27,P1,20,2.0,25.0,2.877514916609462,4.897787344928588,4.897787344928588,0.9578414839797639,0.9881956155143339,0.9966273187183811,0.15325018323588882,0.236784495147146,0.0,0,0.0,1186,0,69
exp3_demand_sensitivity,P1_K20_d2.0,28,P1,20,2.0,25.0,2.8490535977427625,4.884907519380306,4.884907519380306,0.9567567567567568,0.990990990990991,0.9981981981981982,0.14528522899074633,0.20969136330125362,0.0,0,0.0,1110,0,70
exp3_demand_sensitivity,P1_K20_d2.0,29,P1,20,2.0,25.0,2.8296744786059262,4.829150838303349,4.829150838303349,0.9576629974597799,0.9889923793395428,0.9983065198983911,0.1523665883542608,0.26722352750371875,0.0,0,0.0,1181,0,71
exp3_demand_sensitivity,P2_K20_d2.0,0,P2,20,2.0,25.0,2.7913875328088515,4.4441826071492585,4.4441826071492585,0.9707357859531772,0.9949832775919732,0.9991638795986622,0.15428199318363403,0.27068441115793157,0.0,0,0.0,1196,0,42
exp3_demand_sensitivity,P2_K20_d2.0,1,P2,20,2.0,25.0,2.9037251960916395,4.968315071004696,4.968315071004696,0.9548872180451128,0.9908103592314118,0.9991645781119465,0.15583537867300495,0.27377974985994447,0.0,0,0.0,1197,0,43
exp3_demand_sensitivity,P2_K20_d2.0,2,P2,20,2.0,25.0,2.917548195917873,5.02915246842829,5.02915246842829,0.9396694214876034,0.9925619834710744,0.9983471074380166,0.15961551998330561,0.2796939198013054,0.0,0,0.0,1210,0,44
exp3_demand_sensitivity,P2_K20_d2.0,3,P2,20,2.0,25.0,2.840007971333434,4.73524730762722,4.73524730762722,0.948471615720524,0.9912663755458515,1.0,0.14883878638733558,0.2539916224592313,0.0,0,0.0,1145,0,45
exp3_demand_sensitivity,P2_K20_d2.0,4,P2,20,2.0,25.0,2.8880372645222114,4.7475278985904765,4.7475278985904765,0.9613120269133726,0.9899074852817493,0.9949537426408747,0.15616960154773532,0.27638442582010125,0.0,0,0.0,1189,0,46
exp3_demand_sensitivity,P2_K20_d2.0,5,P2,20,2.0,25.0,2.8613287844286344,4.814718773571009,4.814718773571009,0.9651567944250871,0.9912891986062717,0.9973867595818815,0.14704565292853905,0.2537235333271071,0.0,0,0.0,1148,0,47
exp3_demand_sensitivity,P2_K20_d2.0,6,P2,20,2.0,25.0,2.971434448367428,4.978150859398158,4.978150859398158,0.9396903015484923,0.9837000814995925,0.993480032599837,0.1623454323525884,0.299129116979731,0.0,0,0.0,1227,0,48
exp3_demand_sensitivity,P2_K20_d2.0,7,P2,20,2.0,25.0,2.8752016438259274,4.748572990942719,4.748572990942719,0.957983193277311,0.9890756302521009,0.9966386554621849,0.15885293806826453,0.2541216736098237,0.0,0,0.0,1190,0,49
exp3_demand_sensitivity,P2_K20_d2.0,8,P2,20,2.0,25.0,2.8421031899577343,4.8248212188837565,4.8248212188837565,0.9543918918918919,0.9923986486486487,1.0,0.1555062431795507,0.2706357246284671,0.0,0,0.0,1184,0,50
exp3_demand_sensitivity,P2_K20_d2.0,9,P2,20,2.0,25.0,2.7917030572186476,4.655671245997013,4.655671245997013,0.962478184991274,0.9947643979057592,0.9973821989528796,0.150255248712379,0.23743005465718467,0.0,0,0.0,1146,0,51
exp3_demand_sensitivity,P2_K20_d2.0,10,P2,20,2.0,25.0,2.8502045615693725,4.777417872452915,4.777417872452915,0.9626485568760611,0.9906621392190152,0.9974533106960951,0.1526484216654803,0.27310637607500177,0.0,0,0.0,1178,0,52
exp3_demand_sensitivity,P2_K20_d2.0,11,P2,20,2.0,25.0,2.8505585076343722,4.77741787245381,4.77741787245381,0.9518900343642611,0.993127147766323,0.9991408934707904,0.1518014159955332,0.25350501605089953,0.0,0,0.0,1164,0,53
exp3_demand_sensitivity,P2_K20_d2.0,12,P2,20,2.0,25.0,2.8183855510897065,4.531026038685326,4.531026038685326,0.9606365159128978,0.9891122278056952,0.9958123953098827,0.15464529583490788,0.2521914435794758,0.0,0,0.0,1194,0,54
exp3_demand_sensitivity,P2_K20_d2.0,13,P2,20,2.0,25.0,2.9139899360436408,4.9929045419887075,4.9929045419887075,0.9494702526487367,0.986960065199674,0.9975550122249389,0.1606170728969457,0.2635470863568222,0.0,0,0.0,1227,0,55
exp3_demand_sensitivity,P2_K20_d2.0,14,P2,20,2.0,25.0,2.7673814589176216,4.491966912405588,4.491966912405588,0.9590643274853801,0.9916457811194653,0.9983291562238931,0.15811766786176143,0.2887786043809152,0.0,0,0.0,1197,0,56
exp3_demand_sensitivity,P2_K20_d2.0,15,P2,20,2.0,25.0,2.916199426173649,5.098445408738144,5.098445408738144,0.9451812555260831,0.9893899204244032,0.9982316534040672,0.1481100689764831,0.2571886246489245,0.0,0,0.0,1131,0,57
exp3_demand_sensitivity,P2_K20_d2.0,16,P2,20,2.0,25.0,2.7600761337036093,4.39790513779872,4.39790513779872,0.9698581560283688,0.9937943262411347,0.99822695035461,0.1467384200169069,0.22861426207659216,0.0,0,0.0,1128,0,58
exp3_demand_sensitivity,P2_K20_d2.0,17,P2,20,2.0,25.0,2.810517083964416,4.716769473583443,4.716769473583443,0.9593777009507347,0.9913569576490925,0.9974070872947277,0.14989906772681777,0.24697917695840796,0.0,0,0.0,1157,0,59
exp3_demand_sensitivity,P2_K20_d2.0,18,P2,20,2.0,25.0,2.8165848360220815,4.686433147889556,4.686433147889556,0.9552715654952076,0.9920127795527156,0.9984025559105432,0.16274494291313044,0.29271695184517876,0.0,0,0.0,1252,0,60
exp3_demand_sensitivity,P2_K20_d2.0,19,P2,20,2.0,25.0,2.8192158746816167,4.747527898590818,4.747527898590818,0.9555369127516778,0.9890939597315436,0.99748322147651,0.15378105740735037,0.26610296029424846,0.0,0,0.0,1192,0,61
exp3_demand_sensitivity,P2_K20_d2.0,20,P2,20,2.0,25.0,2.7412181909547453,4.489671762115819,4.489671762115819,0.9645776566757494,0.9963669391462306,0.9990917347865577,0.14267030234756758,0.2532996341404785,0.0,0,0.0,1101,0,62
exp3_demand_sensitivity,P2_K20_d2.0,21,P2,20,2.0,25.0,2.8034929641374826,4.739180832734946,4.739180832734946,0.9566305254378649,0.994161801501251,0.9991659716430359,0.1562686723365446,0.24675167704557252,0.0,0,0.0,1199,0,63
exp3_demand_sensitivity,P2_K20_d2.0,22,P2,20,2.0,25.0,2.8844949597938467,4.918531163854216,4.918531163854216,0.9578512396694215,0.9917355371900827,0.9983471074380166,0.15801435577486958,0.2702235042392723,0.0,0,0.0,1210,0,64
exp3_demand_sensitivity,P2_K20_d2.0,23,P2,20,2.0,25.0,2.866086452676328,4.911289703968975,4.911289703968975,0.9479618386816999,0.9913269731136166,0.997398091934085,0.15415246301078936,0.24933964827382782,0.0,0,0.0,1153,0,65
exp3_demand_sensitivity,P2_K20_d2.0,24,P2,20,2.0,25.0,2.848762392710854,4.7774178724532135,4.7774178724532135,0.9545851528384279,0.9903930131004367,0.9973799126637555,0.14841955439238647,0.23693265249401343,0.0,0,0.0,1145,0,66
exp3_demand_sensitivity,P2_K20_d2.0,25,P2,20,2.0,25.0,2.899766139161303,4.873756183165082,4.873756183165082,0.9521846661170651,0.9851607584501236,0.998351195383347,0.15923003088825732,0.26725738572460844,0.0,0,0.0,1213,0,67
exp3_demand_sensitivity,P2_K20_d2.0,26,P2,20,2.0,25.0,2.7670876691538693,4.532001458213131,4.532001458213131,0.9636846767050488,0.9946855624446412,0.9991142604074402,0.14690250633842292,0.2507619420981853,0.0,0,0.0,1129,0,68
exp3_demand_sensitivity,P2_K20_d2.0,27,P2,20,2.0,25.0,2.848650568196004,4.720156905697728,4.720156905697728,0.9612141652613828,0.9907251264755481,0.9966273187183811,0.1530803761068295,0.27519472659324845,0.0,0,0.0,1186,0,69
exp3_demand_sensitivity,P2_K20_d2.0,28,P2,20,2.0,25.0,2.8205931347069573,4.703219745124436,4.703219745124436,0.9603603603603603,0.9927927927927928,0.9981981981981982,0.14512852703653137,0.23336322891717579,0.0,0,0.0,1110,0,70
exp3_demand_sensitivity,P2_K20_d2.0,29,P2,20,2.0,25.0,2.8234154101272138,4.747527898590818,4.747527898590818,0.9593564775613886,0.9915325994919559,1.0,0.1523299218866351,0.28463451038263543,0.0,0,0.0,1181,0,71
