{"type": "FeatureCollection", "features": [{"type": "Feature", "properties": {"name": "NYC Congestion Relief Zone (CBD)", "description": "Manhattan south of 60th Street - MTA Congestion Pricing Zone"}, "geometry": {"type": "MultiPolygon", "coordinates": [[[[-74.01092841268031, 40.68449147254313], [-74.0119325991106, 40.68388774915516], [-74.01217596614636, 40.68409518562867], [-74.01011625533805, 40.68534159823933], [-74.0087859013092, 40.68614660229906], [-74.00869559889547, 40.68619331801281], [-74.00859803329713, 40.68625256408518], [-74.00835446532174, 40.68640020025087], [-74.0081641459391, 40.686174717161656], [-74.00842516151928, 40.68601553244533], [-74.00851294257347, 40.68596254908641], [-74.00860072436832, 40.68590956465498], [-74.00953293674748, 40.68534164804189], [-74.01092841268031, 40.68449147254313]]], [[[-74.00500373315074, 40.687605985401035], [-74.005629863304, 40.686784206043804], [-74.00783293766683, 40.6873850551629], [-74.00742012154097, 40.6882062904361], [-74.00500373315074, 40.687605985401035]]], [[[-74.00382038919733, 40.68892964469948], [-74.00459270521772, 40.68821522298678], [-74.0067843843981, 40.688826879958455], [-74.00636461225267, 40.68966966863715], [-74.00382038919733, 40.68892964469948]]], [[[-74.00297565436566, 40.69042657592089], [-74.0034092162452, 40.68961326116028], [-74.00575900670344, 40.69023640001637], [-74.00534209624915, 40.69109160297804], [-74.00297565436566, 40.69042657592089]]], [[[-74.04387761573918, 40.69018767587425], [-74.0435059601254, 40.689687359636544], [-74.04273533892976, 40.6900501909178], [-74.04278433313979, 40.69012097669158], [-74.04270428426766, 40.6901552046445], [-74.04255372037308, 40.689962759289784], [-74.04263929305132, 40.6899281759112], [-74.0426938081918, 40.689997259107386], [-74.04346752310265, 40.68963699010365], [-74.04351637245823, 40.68919103323996], [-74.04364078627445, 40.688766560072914], [-74.04397458556184, 40.688582407056096], [-74.04438521711224, 40.688516177900524], [-74.04478399106388, 40.688595660115794], [-74.04627538937608, 40.68932742539461], [-74.04680284898575, 40.689953256266215], [-74.04747651462345, 40.689611369998474], [-74.04772962697074, 40.68991531896907], [-74.04758571924786, 40.689982506826325], [-74.04743126057485, 40.68980389047136], [-74.04689205500591, 40.690059098322806], [-74.04720029366216, 40.69042481512135], [-74.04711050632582, 40.690470412850544], [-74.04711581976335, 40.690655806118656], [-74.04718321412064, 40.69074735504927], [-74.04719492447708, 40.69076326384864], [-74.04721324509306, 40.69079048729119], [-74.04722568374888, 40.69081957237449], [-74.04723192785436, 40.69084978819291], [-74.04723182048704, 40.690880375424555], [-74.0472253643364, 40.690910565412956], [-74.04721272163714, 40.69093959948329], [-74.04719421009307, 40.69096674800803], [-74.0471702948939, 40.690991328742676], [-74.04714091053252, 40.69101051634466], [-74.04710814053631, 40.69102620847252], [-74.04707269656511, 40.691038064342266], [-74.0470353483505, 40.69104582648131], [-74.04699690697936, 40.69104932632006], [-74.04617166999421, 40.69109798148679], [-74.04614707208665, 40.691122646033364], [-74.04609551063264, 40.69112006338192], [-74.04604442453652, 40.69111415232575], [-74.04599418395532, 40.691104955694904], [-74.04592592769208, 40.69108260354682], [-74.04586027427413, 40.69105611658355], [-74.0446061648289, 40.69057348444839], [-74.04387761573918, 40.69018767587425]]], [[[-74.00199317712729, 40.692328683412136], [-74.00179839826068, 40.69227001601038], [-74.00181122055704, 40.69223801288127], [-74.00200882715212, 40.692297709500615], [-74.00205202172337, 40.69220669210366], [-74.00216095506005, 40.69223814086755], [-74.0020632979122, 40.692444000334866], [-74.00195060812472, 40.692412075095135], [-74.00199317712729, 40.692328683412136]]], [[[-74.00132562399813, 40.69146310033224], [-74.00069905841879, 40.69061185841923], [-74.00479415294552, 40.69176162037459], [-74.00440941259976, 40.692528800389496], [-74.00196938526082, 40.69184320882025], [-74.00132562399813, 40.69146310033224]]], [[[-74.0167475609607, 40.69334336821777], [-74.01540359141647, 40.6930664973093], [-74.01535466389981, 40.69322485341736], [-74.01540916665948, 40.693238673173255], [-74.01538919768244, 40.693298134665696], [-74.01517482202624, 40.69325668033564], [-74.01518934209341, 40.693198603543145], [-74.01525474322263, 40.69320689118408], [-74.01530915985035, 40.69304704289173], [-74.01525951035647, 40.69303681423205], [-74.01512637564146, 40.69317743151614], [-74.01516538149541, 40.693197288094986], [-74.01512878294328, 40.69324379583458], [-74.01504789862969, 40.693199746400694], [-74.01494315033483, 40.69314102193099], [-74.01498417980058, 40.693106517680675], [-74.01503973872529, 40.69313829976103], [-74.01515612159503, 40.693015515394414], [-74.01422123084896, 40.69282290584166], [-74.01347809785598, 40.69213847009193], [-74.01347183710853, 40.69213185302381], [-74.01346424246012, 40.69212610168638], [-74.01345551725191, 40.6921213700673], [-74.01344589509476, 40.692117784851945], [-74.01343563361452, 40.69211544203167], [-74.01342500755426, 40.69211440433362], [-74.0134143014184, 40.692114699541385], [-74.01340380185523, 40.69211631975099], [-74.01250258675178, 40.692303580463125], [-74.01252289827046, 40.69233903241489], [-74.01240888894324, 40.6924935274803], [-74.01240098902977, 40.69250535799697], [-74.01239161593848, 40.69251654810922], [-74.0123726014913, 40.692533771992], [-74.01235012591742, 40.692548382428996], [-74.01232480071779, 40.692559981907564], [-74.01229731492555, 40.69256825483527], [-74.0121181561438, 40.69260636571768], [-74.01211726765075, 40.69260655461461], [-74.01210359185659, 40.692609464999514], [-74.0120436917983, 40.69260181662171], [-74.0118492003855, 40.69251819775063], [-74.01184889307429, 40.69251787328169], [-74.01181185647236, 40.69247933506453], [-74.0117988123054, 40.692444594737154], [-74.01178374501715, 40.692404766472976], [-74.01175097032225, 40.69231811359309], [-74.01175033086646, 40.69231641191499], [-74.01175034252037, 40.69231634875596], [-74.01175749051254, 40.69226373956171], [-74.01183446726395, 40.69215905602329], [-74.01183833471082, 40.69215379727519], [-74.01183900825667, 40.692152877647935], [-74.01186468706692, 40.69211796262609], [-74.01190309722561, 40.69209058350803], [-74.01191118868006, 40.6920888440714], [-74.0119689325871, 40.692076474557396], [-74.01213630770874, 40.692040643855734], [-74.01213732516261, 40.69204041808901], [-74.01214293316178, 40.69203921967643], [-74.01214885984388, 40.69203794936067], [-74.0122011411637, 40.69204490509627], [-74.01232430689464, 40.69209118750256], [-74.01235951844643, 40.69210777028033], [-74.01239001029667, 40.692123085037956], [-74.01240858613579, 40.692134240529654], [-74.01242927059356, 40.69215423889252], [-74.01246140165135, 40.692212624918625], [-74.01253982481629, 40.69219697386336], [-74.01255899015494, 40.69219315382381], [-74.01282826026981, 40.6921394359443], [-74.01322338051702, 40.692059190656984], [-74.01324195439302, 40.69205541613902], [-74.01324784563474, 40.692054217639985], [-74.01328515792896, 40.69204736900629], [-74.01330314021662, 40.69204264868697], [-74.01331123156673, 40.69203949622566], [-74.01331804474167, 40.69203590247698], [-74.01332367657388, 40.69203182253259], [-74.01332606546663, 40.69202957923145], [-74.01332818317647, 40.69202720143718], [-74.01333064247271, 40.69202372579614], [-74.01333264149608, 40.69201997010252], [-74.01333505303282, 40.69201209955276], [-74.01333539494105, 40.69200820902403], [-74.0133351582511, 40.69200446297094], [-74.01333432977003, 40.692000924552914], [-74.01333293283658, 40.691997636989264], [-74.01332546520501, 40.691985202461765], [-74.01331621036003, 40.69197249741627], [-74.01327481959483, 40.69193534679536], [-74.01326620460148, 40.69192718049223], [-74.0132647611729, 40.69192580274561], [-74.01325528699348, 40.691916816996574], [-74.01318656537056, 40.69195792891542], [-74.01291228751684, 40.69169073083398], [-74.01292800393824, 40.691676104428296], [-74.0128598710889, 40.69160299036319], [-74.01289688430353, 40.69157689550045], [-74.01289518355665, 40.69157528340713], [-74.0128751983543, 40.69155633025191], [-74.01286547266726, 40.69154710124869], [-74.0128159518588, 40.691500126723625], [-74.01275436836775, 40.691476467636136], [-74.01265071760992, 40.69139945918062], [-74.01262511694804, 40.69140873714795], [-74.01260856859395, 40.691364104127345], [-74.01258434696003, 40.691370649729734], [-74.01258434935939, 40.69138336238073], [-74.0125450515152, 40.69139159327308], [-74.01255488211363, 40.69142300175064], [-74.01253228594769, 40.691428986617915], [-74.01251950752713, 40.69139683145439], [-74.01203417616576, 40.691503076685855], [-74.01201746659363, 40.69145820755154], [-74.01259753152567, 40.69133433554468], [-74.01252783209975, 40.691146337338125], [-74.01218355071057, 40.691136215940816], [-74.01218682075256, 40.691078024270816], [-74.01182575354973, 40.691064816216326], [-74.01182847957557, 40.69101135776456], [-74.01219500090085, 40.69102884756899], [-74.01219552958612, 40.69102057366804], [-74.01221017410677, 40.69079169680143], [-74.01208414396388, 40.69078062230072], [-74.01208232424358, 40.69075988192468], [-74.01205325498766, 40.69073914390323], [-74.01199875966573, 40.690750211602385], [-74.0119878628144, 40.69077233607661], [-74.01197151318823, 40.690770955509684], [-74.01198603276984, 40.69069766811448], [-74.01199329167372, 40.690650653797285], [-74.01198056761248, 40.69060640727196], [-74.01204959850618, 40.69061054854683], [-74.01205685428488, 40.69055385448972], [-74.01209863431934, 40.69054693658235], [-74.01210771369429, 40.690528959597636], [-74.01212769712372, 40.69052895749342], [-74.01214221600917, 40.690454287807384], [-74.012231311469, 40.69046133077529], [-74.01230688304491, 40.68928018293776], [-74.0127032092405, 40.688790539817155], [-74.01275451203065, 40.68872055623808], [-74.01316926402752, 40.68815477070077], [-74.0132648670562, 40.68812243009683], [-74.01333019977949, 40.688093166048155], [-74.01341858951305, 40.68805219781542], [-74.01347243916628, 40.68801205796632], [-74.01488097975022, 40.68725457099129], [-74.01604730539535, 40.687338006800495], [-74.01609789228397, 40.68731459228834], [-74.01651927578648, 40.687119551147646], [-74.01698146864119, 40.68690738448169], [-74.01704986609217, 40.68687598741661], [-74.0167158267198, 40.686445593709784], [-74.01664664084757, 40.686416347233504], [-74.0151516167432, 40.68652480204194], [-74.01514831189695, 40.68648716725], [-74.01514714710135, 40.6864738915167], [-74.01514391088018, 40.686437034043095], [-74.01661971233223, 40.686319804841126], [-74.01667351529993, 40.68630516855369], [-74.01678113957146, 40.68634903791936], [-74.0167734646322, 40.686398774947314], [-74.0171209910106, 40.686843337134135], [-74.02015656652381, 40.685449787295234], [-74.02054367293081, 40.68527206792613], [-74.02020686710516, 40.684833832574654], [-74.02016278941753, 40.68483301741103], [-74.01945957389425, 40.6851549579226], [-74.01939842391928, 40.68508740404737], [-74.02095255010296, 40.68438443164738], [-74.021008778993, 40.684453539084494], [-74.02028899992264, 40.68478444791615], [-74.02027819846491, 40.68480913517466], [-74.02061267235811, 40.68524039019821], [-74.02106226329637, 40.685041024700595], [-74.02183909525702, 40.68469654054707], [-74.02224078898519, 40.68451840759948], [-74.02218236980758, 40.68444818997652], [-74.02218869159167, 40.68444512668868], [-74.02211854383413, 40.68435195080165], [-74.022136931921, 40.68434407196176], [-74.02220765451614, 40.68443724772675], [-74.02225477659645, 40.684418863528315], [-74.02218405410032, 40.68432612470399], [-74.02219841909843, 40.684318246629786], [-74.02227086489532, 40.68440879753678], [-74.02227948499687, 40.684406170711], [-74.02229730952685, 40.68442935508529], [-74.02232719130245, 40.68441797383376], [-74.0223381152258, 40.684430221665025], [-74.02230823373827, 40.68444379049444], [-74.02233552903563, 40.68447639360439], [-74.02239732580516, 40.68444898932659], [-74.02259359581042, 40.68435969595013], [-74.02213250186865, 40.68376767188283], [-74.02305574749595, 40.68291694544531], [-74.02319462834663, 40.683000498062334], [-74.0223682355767, 40.68377991679415], [-74.0227589902996, 40.68428444833244], [-74.02301704456366, 40.68416704426928], [-74.02313509710314, 40.68412415615031], [-74.0232567831563, 40.68408541432099], [-74.02339776854572, 40.68404096982183], [-74.02341479373861, 40.68403560313067], [-74.02354160370125, 40.68400298359273], [-74.02378267336752, 40.683968915869215], [-74.0239473535509, 40.683949215986814], [-74.02421537269676, 40.683944243464516], [-74.02443173023707, 40.68395403059466], [-74.02464809241233, 40.683978566613234], [-74.02484185637276, 40.68401294114259], [-74.02499306057507, 40.68405211203321], [-74.02521646935898, 40.6840939808715], [-74.02546836768583, 40.68415292257847], [-74.02567183758212, 40.684236456205234], [-74.02588501823529, 40.684376526840225], [-74.02604653184775, 40.68451415115512], [-74.02612578192957, 40.68459351143994], [-74.02623238290333, 40.68470026105399], [-74.02633404242411, 40.684801697724346], [-74.0264406662461, 40.684951624520124], [-74.02651822912097, 40.685108933148655], [-74.02657640943113, 40.68524166354086], [-74.02660875559283, 40.68537685801007], [-74.02662819083865, 40.685526804749834], [-74.0266217834019, 40.68565463411161], [-74.02660890959801, 40.68576279806969], [-74.02657021545328, 40.68590538468152], [-74.02649600144055, 40.68605535251659], [-74.02642577243203, 40.68617533982978], [-74.02637621613823, 40.68623131880023], [-74.02631270370256, 40.686295116268234], [-74.02622025384288, 40.686384567591105], [-74.02617488097594, 40.686429072229195], [-74.02606584987552, 40.68653056622804], [-74.0257838705966, 40.68679470641746], [-74.02557971866322, 40.68699745660011], [-74.02538699246998, 40.687166904282435], [-74.02518794246524, 40.687356227481914], [-74.0251542677043, 40.68738749447709], [-74.02498452676967, 40.6875450999612], [-74.02495996488949, 40.6875682036496], [-74.02474903514573, 40.6877870294124], [-74.02456390211564, 40.68796465845398], [-74.02445685221294, 40.688060559422105], [-74.02433922808888, 40.68816580955569], [-74.0243230857736, 40.68818025702214], [-74.02419511436455, 40.68829476559009], [-74.02411997621054, 40.6883682435104], [-74.02397192277753, 40.68851302540451], [-74.023969248803, 40.68851555009822], [-74.02381144169404, 40.68866451630547], [-74.0236743648252, 40.68879230925754], [-74.02353644452177, 40.68891577096115], [-74.02339034096943, 40.68904924761358], [-74.02313394750364, 40.68929545426479], [-74.02268465939613, 40.68971747085402], [-74.02256537904927, 40.68982575842622], [-74.02243973951957, 40.689939819439594], [-74.02225114057582, 40.6901222185783], [-74.02189942193758, 40.690443472360755], [-74.02149639768453, 40.69082705033496], [-74.02147636060462, 40.690846622621386], [-74.02121292061632, 40.69110396565109], [-74.02097996202463, 40.69132439086234], [-74.02071969701758, 40.69158098499565], [-74.02071619151157, 40.69158423214071], [-74.02046388462902, 40.69181799110421], [-74.02020527434277, 40.6920339238544], [-74.01985623976942, 40.692906233301656], [-74.01979706616885, 40.693041562744654], [-74.01979424538122, 40.69304594557897], [-74.01976764190428, 40.69308055729047], [-74.01973308196347, 40.693114107487055], [-74.0196927182827, 40.69314366579499], [-74.01964733809632, 40.69316865571766], [-74.01959782648228, 40.693188589858345], [-74.01954514909961, 40.69320307942651], [-74.01952625786063, 40.69320679034949], [-74.0194356527756, 40.69322117711836], [-74.01934366787751, 40.69322898863311], [-74.01925112492039, 40.69323015510895], [-74.01915885064417, 40.69322466612512], [-74.01901238427882, 40.69321982900299], [-74.01886580645925, 40.69321771373442], [-74.0188507475579, 40.69321765036375], [-74.01879710616208, 40.693217659137595], [-74.01819162214248, 40.69325480043094], [-74.01796039442266, 40.69326898326421], [-74.01735898628607, 40.69330587025963], [-74.0167475609607, 40.69334336821777]]], [[[-74.00154172920259, 40.69278596325291], [-74.00174362045013, 40.69240674970567], [-74.00400795971098, 40.69320819963255], [-74.00374561906433, 40.69361620298129], [-74.00345348490625, 40.694051630671524], [-74.00127014902642, 40.6932960621765], [-74.00154172920259, 40.69278596325291]]], [[[-74.00078295275675, 40.694286515664785], [-74.00095868416989, 40.6940690835824], [-74.00301393829082, 40.69477784447932], [-74.00263556890172, 40.69536203703775], [-74.00239802583795, 40.695711654864674], [-74.00026872377788, 40.6949658025781], [-74.00070104745139, 40.69438785634241], [-74.00078295275675, 40.694286515664785]]], [[[-73.99837760685772, 40.698063296146266], [-73.99887117097656, 40.697157577296025], [-74.00104903057523, 40.69790823619499], [-74.00048768562517, 40.6987577776347], [-73.99837760685772, 40.698063296146266]]], [[[-73.99799957540132, 40.69879768554447], [-73.99802102725111, 40.69876173657397], [-74.0000184043362, 40.69946604807382], [-73.99947463838926, 40.7003227780185], [-73.9974989831, 40.69963886932142], [-73.99799957540132, 40.69879768554447]]], [[[-74.03995040788483, 40.700890630140314], [-74.03945262913307, 40.70053315982393], [-74.03938278118848, 40.70057769456149], [-74.03771124796636, 40.699344040347924], [-74.03809786214745, 40.699039504741805], [-74.03822954445391, 40.698368591697886], [-74.03900043878028, 40.69836989039119], [-74.0393403767012, 40.69811551433357], [-74.03993272132956, 40.69854442229125], [-74.0402555501724, 40.69880482330772], [-74.04124261832222, 40.69953674143504], [-74.04174768868015, 40.69914786356682], [-74.03991248872623, 40.69770204039857], [-74.0416605191481, 40.69645297113735], [-74.04367371230778, 40.698020404330265], [-74.04363686211164, 40.69804823219588], [-74.04365651062231, 40.698064091088085], [-74.04270395810723, 40.69880060058688], [-74.04296505227515, 40.698999361822366], [-74.0410986123707, 40.70049294338984], [-74.04080080646241, 40.70026854992668], [-74.04031250907492, 40.70062574919262], [-74.04028808737911, 40.700643613467534], [-74.03995040788483, 40.700890630140314]]], [[[-73.99628992163414, 40.70142517603728], [-73.99649829067575, 40.701144908028226], [-73.99661736129626, 40.70098500803149], [-73.99669768997464, 40.70087697691724], [-73.99682189085863, 40.700990782325455], [-73.99752763273973, 40.701228816958874], [-73.9977601103362, 40.70135941487689], [-73.99780162786313, 40.70131939476643], [-73.99813879899456, 40.70151878774599], [-73.99619227228733, 40.70337714086432], [-73.99588611884144, 40.70326007708515], [-73.99513826840686, 40.70297411472301], [-73.9952601511738, 40.70281020953893], [-73.99538448382651, 40.70264301006602], [-73.99621639402842, 40.70152407366724], [-73.99628992163414, 40.70142517603728]]], [[[-73.99502134649177, 40.70314786924691], [-73.99504592748325, 40.70313183979974], [-73.99544564312069, 40.703275305471955], [-73.99529346700933, 40.70355406589816], [-73.99498203312825, 40.70338171553537], [-73.99480038274864, 40.70329195864475], [-73.99502134649177, 40.70314786924691]]], [[[-73.99476934191567, 40.70395289495375], [-73.99488239902435, 40.70378802583759], [-73.99491043069519, 40.70379731595892], [-73.99492964609252, 40.70377131508396], [-73.99502925916447, 40.70380820086819], [-73.99488204726408, 40.70400865389534], [-73.99483637435264, 40.70398633908117], [-73.99476934191567, 40.70395289495375]]], [[[-73.98237340505965, 40.70554335043771], [-73.98245898641562, 40.70554241447], [-73.98242287179878, 40.70582205545215], [-73.9810239061828, 40.70589891389373], [-73.98101733900947, 40.70579750646794], [-73.98230205183879, 40.70573697939983], [-73.98232944150563, 40.7055520336641], [-73.98237340505965, 40.70554335043771]]], [[[-73.96715101172583, 40.718316126435184], [-73.96656241897496, 40.71801586680643], [-73.96659690332669, 40.71796798139042], [-73.96718343223795, 40.718275921027725], [-73.96719282626957, 40.71826514402221], [-73.9673074147439, 40.71831306718433], [-73.9672301330496, 40.71841466884321], [-73.96718243631241, 40.71848305630175], [-73.96706867689159, 40.71843903579146], [-73.96709096267308, 40.71840576680846], [-73.96715101172583, 40.718316126435184]]], [[[-73.96644323350931, 40.71924320365179], [-73.96650150486255, 40.71919128043483], [-73.96646644128904, 40.71917459142351], [-73.96644906386184, 40.719179141582856], [-73.96643687073043, 40.719139825344705], [-73.96636643139023, 40.719100491601516], [-73.96632227620138, 40.71910405237625], [-73.9663636385142, 40.71905045604845], [-73.96574267142807, 40.7187068777773], [-73.96575996533477, 40.71868903477947], [-73.96634580602196, 40.719016141341186], [-73.96637512101505, 40.71898467027386], [-73.96663600829653, 40.71913014271283], [-73.96654863298195, 40.71922157595265], [-73.9665137104634, 40.719202805475874], [-73.96646745714587, 40.71924344022138], [-73.96648075649607, 40.71935679107177], [-73.9665073709955, 40.71935866037537], [-73.96652341507094, 40.71936849350555], [-73.9665347603218, 40.71938070766681], [-73.96653866772382, 40.71939559908954], [-73.96653591996467, 40.71941197906405], [-73.96652886928423, 40.71942061369251], [-73.96651453667222, 40.719430974242066], [-73.9664913615978, 40.71943620891118], [-73.96645879444064, 40.71943334041518], [-73.96644063945848, 40.71941999228299], [-73.96643313544087, 40.71939664104388], [-73.96643690008666, 40.719382346909654], [-73.9664456742464, 40.71937091257817], [-73.96646509449405, 40.71936043491015], [-73.96644323350931, 40.71924320365179]]], [[[-73.96503278328099, 40.72037706947511], [-73.96511736823715, 40.720316338856485], [-73.96567655698857, 40.72067896054055], [-73.96559823311401, 40.720744458402685], [-73.96503278328099, 40.72037706947511]]], [[[-73.96483433609437, 40.72079554693836], [-73.96436107956328, 40.720477239877326], [-73.96439735661679, 40.72044183392412], [-73.96486440927384, 40.72077554186083], [-73.96492581691784, 40.72072028444723], [-73.96503100130579, 40.720790841371304], [-73.96493074300267, 40.72088135006352], [-73.96485304211545, 40.720952804859785], [-73.96475287190957, 40.720877483842614], [-73.96483433609437, 40.72079554693836]]], [[[-73.96402617524582, 40.72088089306892], [-73.9640659124426, 40.72079991096256], [-73.9643750430115, 40.72099255076879], [-73.96430846303332, 40.72105566948855], [-73.96402617524582, 40.72088089306892]]], [[[-73.96424069640462, 40.72061223049397], [-73.9642746249727, 40.72057576759408], [-73.96495059736691, 40.72142418160451], [-73.9648428486345, 40.72146417609479], [-73.96420193098578, 40.72065389425717], [-73.96424069640462, 40.72061223049397]]], [[[-73.96236596889439, 40.72420906161443], [-73.96200744799044, 40.72399190110538], [-73.96207271943857, 40.72388030090569], [-73.96246790011057, 40.72413157960146], [-73.96247195112905, 40.72417498927368], [-73.96244340911427, 40.724199785481524], [-73.96239043044633, 40.724193567186944], [-73.96236596889439, 40.72420906161443]]], [[[-73.96128450722306, 40.73015906220415], [-73.96128261942144, 40.73006102501026], [-73.96134184244276, 40.73006367758824], [-73.96140472395243, 40.730061052264176], [-73.96140171917759, 40.73011102611357], [-73.9616867065907, 40.73008186880128], [-73.96191028747243, 40.72996258061557], [-73.96188586360671, 40.72995256566809], [-73.96195920452797, 40.72985966844819], [-73.96202496266523, 40.72988542223795], [-73.96197794944985, 40.729944018749954], [-73.96221474459279, 40.72991693577691], [-73.96241964278757, 40.72980120811426], [-73.96248546579243, 40.72971116761521], [-73.9625493395233, 40.72974406784672], [-73.9624778771383, 40.72983696605579], [-73.96245157418112, 40.72982838012021], [-73.96226735368352, 40.72993124823965], [-73.96225228876577, 40.7299855669821], [-73.9621946350352, 40.72997597375577], [-73.96220156915895, 40.729954099237304], [-73.96194409928032, 40.729986894374925], [-73.9617072421667, 40.730121194792396], [-73.96135279077708, 40.730151957053366], [-73.96128450722306, 40.73015906220415]]], [[[-73.96197039369788, 40.73157711168562], [-73.96197040783946, 40.7315523326702], [-73.9617128941469, 40.73156611384507], [-73.96169848245741, 40.73153234139498], [-73.9616744677247, 40.73148125355291], [-73.96199050226615, 40.73146656570862], [-73.96199800352301, 40.73149325315437], [-73.962900068031, 40.73144780167759], [-73.96290258567535, 40.73142874114966], [-73.96320076537572, 40.73141740062488], [-73.96319829673003, 40.731350686907916], [-73.96328098663882, 40.73134308883662], [-73.9632809740348, 40.73136596207113], [-73.96355911991348, 40.731335553391766], [-73.96355164152972, 40.73126311974466], [-73.9636593923288, 40.73124981148223], [-73.96369938139063, 40.7314366195574], [-73.96358410965732, 40.73145755028242], [-73.96356661657303, 40.73137177115247], [-73.96328095722949, 40.73139645960533], [-73.96329343161838, 40.73149557932865], [-73.96290754784937, 40.73151642296405], [-73.96291505478298, 40.731533580101036], [-73.96197039369788, 40.73157711168562]]], [[[-73.96051732602348, 40.74410534108139], [-73.96056856858465, 40.744029666585575], [-73.96067204645489, 40.744051215856366], [-73.96064863700752, 40.74413031711164], [-73.96051732602348, 40.74410534108139]]], [[[-73.96421230395704, 40.74660431797426], [-73.96427364752464, 40.746541844552596], [-73.96433729322393, 40.746545726593354], [-73.96437765404313, 40.74649508803904], [-73.96444522752651, 40.746410425260784], [-73.96458318426947, 40.74645440067351], [-73.96458702399427, 40.746515898544786], [-73.96454518192589, 40.74656415047313], [-73.96447543657699, 40.746640833198015], [-73.96437443772187, 40.74670453064321], [-73.96433758671752, 40.74673484818156], [-73.9642725620221, 40.746751308084235], [-73.96421616682368, 40.74683700083118], [-73.9641598028843, 40.74686554735975], [-73.96412514486175, 40.74684576060551], [-73.96413382933497, 40.7468127961656], [-73.96421192462765, 40.74666667680318], [-73.96421230395704, 40.74660431797426]]], [[[-73.95763576836282, 40.74840634746513], [-73.95749344070785, 40.74833646476331], [-73.95751889254925, 40.74830361959219], [-73.9576668047197, 40.74837347901905], [-73.9577265433446, 40.748294061895905], [-73.9578395394205, 40.74833800337541], [-73.9576883184342, 40.748535026871835], [-73.95757650467837, 40.7484885253785], [-73.95763576836282, 40.74840634746513]]], [[[-73.96153855464473, 40.749723119840674], [-73.96138656171422, 40.74988050283607], [-73.96140909889691, 40.74989974574011], [-73.96142702682998, 40.74992161262421], [-73.96143982789111, 40.749945472144844], [-73.96144713248036, 40.7499706354261], [-73.96144427028229, 40.74998853329439], [-73.96143797780489, 40.75000591637867], [-73.96142839190827, 40.75002240659329], [-73.96141572108549, 40.750037645272336], [-73.96140024092799, 40.7500513009709], [-73.96138044746658, 40.750063516289515], [-73.96136340132804, 40.750077929797804], [-73.96134951969928, 40.75009418874145], [-73.96111060141877, 40.7506004699009], [-73.96068557958185, 40.75120193696811], [-73.96001132395902, 40.751831517335226], [-73.9598906175869, 40.75209747762284], [-73.95957156605824, 40.7528047159003], [-73.95950079995129, 40.75295638169334], [-73.9590161662748, 40.753595059957576], [-73.95892671120951, 40.753562492361596], [-73.95845836805675, 40.753949236505065], [-73.95768072860075, 40.75482196116583], [-73.9568947695998, 40.75570399582663], [-73.95646348773006, 40.75618798254583], [-73.95598563410063, 40.75672422530528], [-73.95565513164131, 40.757095105725995], [-73.95559286273466, 40.75722280017375], [-73.95556724766547, 40.75725766668642], [-73.95553464377036, 40.75729603446851], [-73.95550425524475, 40.75733345607273], [-73.95544904151345, 40.75739555553165], [-73.95534193818226, 40.75752113556847], [-73.95499406068451, 40.75792901965761], [-73.95390795119141, 40.75920087485093], [-73.95384294876447, 40.75923894538794], [-73.95378145676383, 40.759323082228555], [-73.95374760585473, 40.75936393792611], [-73.95366241810713, 40.75947973411368], [-73.95361272256534, 40.759502149014324], [-73.95332321617923, 40.75974596468759], [-73.95339140733955, 40.75979676235788], [-73.95312451504947, 40.76005275842971], [-73.9529778821611, 40.75996210737449], [-73.95248457912031, 40.760460110515474], [-73.95208632266514, 40.76086215490759], [-73.95187667298384, 40.76124558279821], [-73.9516250497398, 40.76167886360593], [-73.95097191594412, 40.76249450750771], [-73.95093734928088, 40.762570495237995], [-73.95073068782703, 40.76275822543396], [-73.95037548074446, 40.76317384507802], [-73.94997191750257, 40.763646030317226], [-73.94920376022777, 40.76426964383294], [-73.94908628791565, 40.76426402727513], [-73.94897917524291, 40.7644], [-73.94613343157869, 40.7644], [-73.94623787959827, 40.76428501454993], [-73.94657165080055, 40.76391755826108], [-73.94662141408685, 40.763862772081126], [-73.9468246022838, 40.763617633234624], [-73.94708876929523, 40.76329892108695], [-73.94788268389203, 40.76236569759217], [-73.94792979664216, 40.762310316259956], [-73.94832459591146, 40.76184623000167], [-73.9487778940647, 40.76131457086531], [-73.94914738541928, 40.7608812159893], [-73.94943175563205, 40.76054861736164], [-73.94971226700021, 40.76032891738497], [-73.95008262637685, 40.760047470463476], [-73.95033358814476, 40.759856755553756], [-73.95126005908772, 40.75881011637192], [-73.95148626283064, 40.7586664553521], [-73.95171190411023, 40.75846249420154], [-73.95177822025997, 40.75840254987715], [-73.9520923302263, 40.75799314034503], [-73.95217663423699, 40.75783133644015], [-73.9522114634206, 40.75758363983309], [-73.95254079336877, 40.75709531453745], [-73.95312156546173, 40.75652380482729], [-73.95322009963168, 40.75642684181784], [-73.95326888610992, 40.75638104410349], [-73.95330696035853, 40.75634432712769], [-73.95334556462879, 40.75631137566757], [-73.95340583051988, 40.75625853187739], [-73.95409527736307, 40.75565492894557], [-73.95507326928161, 40.75479868255497], [-73.95519503183567, 40.754774523476385], [-73.9557941523772, 40.75416154740884], [-73.95692404304612, 40.75296116039393], [-73.95721003531293, 40.75271535683181], [-73.95791452493187, 40.75210985452551], [-73.95860755756425, 40.751613323987094], [-73.95868495443514, 40.7515737774219], [-73.9590324860946, 40.75138642277138], [-73.95902757442488, 40.75129736985114], [-73.95955875930795, 40.75081459776215], [-73.95990187081871, 40.75055851535377], [-73.96039170572536, 40.750256186117475], [-73.96081286928421, 40.74990061693904], [-73.96083011462245, 40.74988767839759], [-73.96084436008086, 40.74987277731821], [-73.9608552255558, 40.74985631130038], [-73.9608776210587, 40.749827570801386], [-73.96090586319525, 40.74980198197352], [-73.9609392003413, 40.749780225821276], [-73.96095994787893, 40.74976641305419], [-73.96098341649387, 40.74975540364507], [-73.96100895824021, 40.74974750155263], [-73.96103586793579, 40.74974292494553], [-73.96106340263144, 40.74974180017923], [-73.9610908021226, 40.74974415830736], [-73.96111730993758, 40.749749934224404], [-73.96114219422249, 40.74975896846325], [-73.96116476794676, 40.749771011597744], [-73.96132845481047, 40.74960095762467], [-73.96153855464473, 40.749723119840674]]], [[[-74.01934254624474, 40.706093672527274], [-74.0192224228399, 40.70657308872623], [-74.01912275963412, 40.7069758143376], [-74.01910255488421, 40.707000437641675], [-74.01909155084711, 40.70700447318465], [-74.01906617140145, 40.70701377062164], [-74.01903338019704, 40.707013190876204], [-74.01895359463371, 40.706996769465675], [-74.01894579167337, 40.70701777094153], [-74.01893740557156, 40.70703420689686], [-74.01892660443805, 40.70704425778599], [-74.01890921570671, 40.707064342451424], [-74.01888462028894, 40.70708580553695], [-74.01885943006918, 40.70710041568386], [-74.01882943775034, 40.70711548664025], [-74.0187964493679, 40.70712781984775], [-74.0187610576787, 40.70713786652521], [-74.01872626987432, 40.707143355686526], [-74.01868966870477, 40.707142443754144], [-74.01865548075625, 40.70714153912525], [-74.01863058372714, 40.707139715772044], [-74.01858078403724, 40.707123748102944], [-74.01854718475342, 40.70710777026439], [-74.01857117399437, 40.7070799223888], [-74.01860717601127, 40.70709544097534], [-74.018634170231, 40.707103198808895], [-74.01864437101173, 40.707105475860615], [-74.01864796262211, 40.70708173803014], [-74.01868695379925, 40.70708400923774], [-74.01872115249107, 40.70708172615001], [-74.0187505462297, 40.70707989331009], [-74.01876194037419, 40.707075785364474], [-74.01874993323992, 40.707049762489696], [-74.01877393087639, 40.70704428278774], [-74.01879432757889, 40.707032411169926], [-74.01882011914353, 40.707015972883156], [-74.0188387043294, 40.70699496965173], [-74.01884829724433, 40.706983090410375], [-74.01884889814508, 40.70697031235039], [-74.01881110035019, 40.7069662117743], [-74.0187985148563, 40.70698218837642], [-74.0187757159848, 40.70699725864664], [-74.01874212416375, 40.70700776337897], [-74.01872292981705, 40.70700685750059], [-74.01869473190766, 40.7070109676701], [-74.01867853372204, 40.7070187330026], [-74.01864794474125, 40.707017819578596], [-74.01862814488062, 40.7070109784651], [-74.01861254498972, 40.7069972851461], [-74.01860474411275, 40.70698906417743], [-74.01860294181317, 40.70697491797829], [-74.01859153053346, 40.70695939491856], [-74.01857952850986, 40.70694981480916], [-74.01857172609171, 40.706938397924056], [-74.01856933191749, 40.70692059520591], [-74.01856452356978, 40.70690644010942], [-74.01854892759579, 40.70690827067932], [-74.0185351326967, 40.70691832201425], [-74.01853033752082, 40.70695073241057], [-74.01840649088626, 40.70725787215867], [-74.01821726389754, 40.70774220596928], [-74.01821699384479, 40.70775130976845], [-74.01819029259647, 40.7078216261101], [-74.01865557049648, 40.70792394888343], [-74.01864689079085, 40.707946813547146], [-74.01880063068425, 40.70798062163757], [-74.0188319588391, 40.70799916678933], [-74.01883395951488, 40.70800221914029], [-74.01885347760376, 40.708022012284204], [-74.01885500911968, 40.70804753444759], [-74.01874689830457, 40.7084805802538], [-74.01863142468964, 40.708941100054346], [-74.01846882134527, 40.709589571008905], [-74.01834136609787, 40.71010647644119], [-74.01826409180683, 40.71040899662699], [-74.01814480361773, 40.71088865018915], [-74.01811057789178, 40.711029628214604], [-74.01804609687574, 40.711344501487254], [-74.01797853231493, 40.71175631920825], [-74.01792224257028, 40.71203924270091], [-74.01787333422641, 40.712315143954015], [-74.01777014254505, 40.71283457478931], [-74.01775292705901, 40.71284832755615], [-74.01773183836701, 40.71284931234683], [-74.01772021563546, 40.7128447309338], [-74.01772148946115, 40.71278414461066], [-74.01780037888393, 40.71234512415872], [-74.01662424425291, 40.712157318995494], [-74.01654463812528, 40.71245603793113], [-74.01659227582778, 40.71254817107701], [-74.0166181765532, 40.712649763569246], [-74.01661840078305, 40.71275615002984], [-74.01659149520499, 40.71286156321744], [-74.01655548893456, 40.71292909550456], [-74.01654112171731, 40.71295556481954], [-74.01647724204145, 40.713029493074146], [-74.01639169485816, 40.71309999795089], [-74.01632006627581, 40.713407982478444], [-74.0165411468663, 40.71344105274255], [-74.01691068695467, 40.71349632801045], [-74.01757952508993, 40.71359549038381], [-74.01765509447189, 40.713161062667204], [-74.01767041664053, 40.713069207965276], [-74.01767270844078, 40.713065996202786], [-74.01767565425034, 40.71306310966778], [-74.01767917611988, 40.71306062474092], [-74.0176831808571, 40.713058607175974], [-74.01768756249247, 40.71305711035977], [-74.01769220508339, 40.713056173899645], [-74.01769698578217, 40.71305582257523], [-74.01770177808656, 40.71305606568298], [-74.01770610827474, 40.71305681373998], [-74.01771024206708, 40.71305804745645], [-74.0177140859701, 40.71305973892956], [-74.0177175530466, 40.713061849903404], [-74.01772056488205, 40.71306433263438], [-74.01772305335807, 40.71306713097075], [-74.01772496219296, 40.71307018162288], [-74.01770687258336, 40.71316928246624], [-74.01761833310015, 40.7136543234331], [-74.01753721790733, 40.714097542247956], [-74.01740871360487, 40.71480679990559], [-74.01738281387838, 40.714941434315236], [-74.01738223187856, 40.71494446127945], [-74.01732570958444, 40.715254913255045], [-74.01726421509521, 40.71559268237011], [-74.01712122293621, 40.716371793077364], [-74.01698274294627, 40.71713064366833], [-74.01686297377272, 40.717786954287945], [-74.01671018605823, 40.718624176058164], [-74.01669419095941, 40.71864884335458], [-74.01665946969614, 40.718666021224834], [-74.01662996338192, 40.71866536845042], [-74.01594695204274, 40.71857554890645], [-74.0159438298421, 40.71858925504437], [-74.01566883666857, 40.71855448876333], [-74.01567062060747, 40.71853774823381], [-74.01555087754507, 40.71852193318397], [-74.01500060682412, 40.71844923605518], [-74.01499619731617, 40.718473001316845], [-74.01498981339564, 40.71850734732785], [-74.01498333230722, 40.718523791433164], [-74.01497036257996, 40.718535850864455], [-74.0149451554934, 40.71854353507732], [-74.01470270021812, 40.71851615488436], [-74.01321322719193, 40.71831571989594], [-74.01306805492318, 40.71892219382567], [-74.01307237769215, 40.71893861917286], [-74.01303068126435, 40.71913145581929], [-74.01301172799539, 40.719218969116426], [-74.01295524308756, 40.71948945339735], [-74.01295749567798, 40.71950016380323], [-74.01290892764018, 40.71973485170661], [-74.01345505633182, 40.719801707426384], [-74.01341376512872, 40.72001948201438], [-74.01399452219557, 40.72008564946672], [-74.01399999964441, 40.72006718366165], [-74.0142646199906, 40.72009514658379], [-74.01426696671713, 40.72008680714385], [-74.01557364096601, 40.720243294464986], [-74.01557364347123, 40.72025401550964], [-74.01571378469997, 40.72027067526838], [-74.0157130096578, 40.720303435742075], [-74.01637848291482, 40.72037660883105], [-74.01630573342837, 40.7207270200383], [-74.01449720312957, 40.72051372126332], [-74.01351919132372, 40.720395186558335], [-74.01299980679079, 40.720333090750216], [-74.0128973027087, 40.72086804597598], [-74.01569471973286, 40.72120642487545], [-74.01562245781948, 40.7215434536739], [-74.01316066673286, 40.721253963194776], [-74.01311663311996, 40.72147373453092], [-74.01325380075872, 40.72148992000137], [-74.01326193939082, 40.72147181193326], [-74.01363523640495, 40.721516561134564], [-74.01361558335005, 40.72158618255959], [-74.0135612803112, 40.72158061384525], [-74.01356109093356, 40.721571893764214], [-74.01325565118515, 40.72154385653947], [-74.01325799654838, 40.72152777302949], [-74.0131123731524, 40.721509920295844], [-74.0131037691494, 40.721554595471346], [-74.01253875807262, 40.72150317657655], [-74.01249171031532, 40.72177975782762], [-74.01237071715393, 40.72238758057912], [-74.01223080840147, 40.723056257072834], [-74.01209463829593, 40.7237070524813], [-74.01196432049122, 40.72432986423991], [-74.0118133958526, 40.72507800630602], [-74.01165415104032, 40.725867374070916], [-74.01165326569942, 40.725871761851536], [-74.01195833074836, 40.725977599218496], [-74.01231588417473, 40.72603384328552], [-74.01411595444266, 40.7262158633031], [-74.01477821548464, 40.72628170647352], [-74.01516324118423, 40.726319711936995], [-74.01520426531143, 40.726361949379765], [-74.01518864981996, 40.72645118300777], [-74.01517084019788, 40.726579390155266], [-74.01514325523314, 40.726710526782114], [-74.01512356549473, 40.7267939430673], [-74.01430671596631, 40.726708121196886], [-74.01341677520723, 40.7266210312136], [-74.01234454766033, 40.72651943048265], [-74.01154201897596, 40.72644734642468], [-74.01138323604756, 40.728229272367344], [-74.01439069932388, 40.728463047520314], [-74.01434461474166, 40.72862218378165], [-74.0142192854302, 40.729523427755694], [-74.0140774139114, 40.730640409188055], [-74.01408693559918, 40.73066317304047], [-74.01403796924798, 40.73069421884407], [-74.01401552295431, 40.73068283965627], [-74.01116195696476, 40.730450676349214], [-74.01108971391913, 40.73125256845363], [-74.01107170223513, 40.7314524921764], [-74.01099350879153, 40.73232041794078], [-74.01094118226749, 40.73300776326952], [-74.01146083559178, 40.73302841363854], [-74.01400220214607, 40.73306800179563], [-74.01399957240966, 40.73333227751791], [-74.01090389883285, 40.73329761713975], [-74.0108984071244, 40.73335120737616], [-74.01087119577758, 40.7333526110264], [-74.01084459823936, 40.73335720253515], [-74.01081925594468, 40.73336487117211], [-74.01079578005711, 40.7333754319979], [-74.01077473673004, 40.73338863032412], [-74.0107566334533, 40.73340414785528], [-74.01074330013905, 40.73342264686807], [-74.01073424442943, 40.7334425875551], [-74.01072972404017, 40.733463402434396], [-74.01072986761922, 40.73348449914529], [-74.01073467108485, 40.733505277306], [-74.01074399774157, 40.73352514559974], [-74.01075758216963, 40.733543538602675], [-74.01077503777829, 40.73355993287526], [-74.01080216592655, 40.733578120481035], [-74.01083296877994, 40.73359252910992], [-74.01086654686934, 40.733602738017005], [-74.01083284563212, 40.73400709401116], [-74.01201792010474, 40.7340637444565], [-74.01200124222393, 40.73433840116636], [-74.01081359479109, 40.73428344364777], [-74.01078798331723, 40.73454829384453], [-74.0107092291038, 40.735362872140335], [-74.0106429201788, 40.73604869770505], [-74.01067724659342, 40.73605627995698], [-74.0106698675122, 40.736101931929305], [-74.01068752603769, 40.73611386772294], [-74.01070404345349, 40.73612918443106], [-74.01071702975841, 40.73614635650898], [-74.0107261323198, 40.7361649176665], [-74.01073110396335, 40.736184363893884], [-74.01073180968531, 40.73620416714788], [-74.01072823031869, 40.73622378968992], [-74.01072046305416, 40.73624269868816], [-74.0107087188013, 40.73626038068585], [-74.01069377899165, 40.736275949166426], [-74.01067576028156, 40.736289501447104], [-74.0106551258418, 40.73630068916542], [-74.01065421033887, 40.73634774474348], [-74.01061910077432, 40.73634539072197], [-74.01056810573441, 40.73697222014267], [-74.01051581576759, 40.73759606495379], [-74.0104765981442, 40.73806394059523], [-74.0110870663595, 40.73809275008146], [-74.01106791934328, 40.738304096174225], [-74.01108874587187, 40.73831752469125], [-74.01110665714643, 40.73833319829913], [-74.01112123961931, 40.73835075511695], [-74.01113215659934, 40.73836978978284], [-74.01113915602562, 40.73838986281323], [-74.01111553678528, 40.73839208561709], [-74.01109173778062, 40.738392181488734], [-74.01106808891201, 40.738390149099196], [-74.01105426715455, 40.73838794795741], [-74.01105126196637, 40.7383964257508], [-74.01045432864602, 40.738364505725755], [-74.01042867884634, 40.73870336465894], [-74.01039303134563, 40.739174296561934], [-74.01049858988299, 40.739173432770585], [-74.01055473996811, 40.73918623904919], [-74.01074676135302, 40.739175936679786], [-74.01138798406559, 40.73921605608881], [-74.0114845673462, 40.73926046209167], [-74.01158045502316, 40.73926453611219], [-74.01158818724909, 40.73927159539781], [-74.01158715816625, 40.73947886983238], [-74.01163351895192, 40.7395064860663], [-74.01162792311769, 40.73956247360376], [-74.01155518156285, 40.73955672622748], [-74.01152745020407, 40.73987377094748], [-74.01151491736535, 40.73997286369896], [-74.0114607395534, 40.74058421475269], [-74.01215741913089, 40.740605998131436], [-74.01215372624051, 40.74067425662087], [-74.01265742489994, 40.74069665223196], [-74.0126592820849, 40.7407476384976], [-74.01257372996915, 40.740741731845056], [-74.01257372874734, 40.7407352576228], [-74.01147486918863, 40.74068706027121], [-74.01137438820489, 40.740723947641506], [-74.01071840609633, 40.74068559392572], [-74.00963145571754, 40.74064536737443], [-74.00949685520361, 40.740727011785665], [-74.00949154621281, 40.74074270943997], [-74.00951627358202, 40.740773583673665], [-74.00951844195933, 40.74080572291708], [-74.00950137905859, 40.74082922374594], [-74.00946293860208, 40.74090233724049], [-74.00941140266131, 40.74115409331305], [-74.00953902448505, 40.74125115861632], [-74.00966433364141, 40.74129880035866], [-74.00961923440443, 40.741363610514966], [-74.01020818993538, 40.74160753792842], [-74.010383580722, 40.74139785352676], [-74.01139609242074, 40.741822813235274], [-74.01083987411933, 40.742596734022634], [-74.01029100591903, 40.742358524639805], [-74.01012563710833, 40.742575831777195], [-74.00932113973238, 40.74224424271675], [-74.00928105078988, 40.74230524043315], [-74.00919185382803, 40.742292631516854], [-74.00915345169425, 40.74249618755625], [-74.00909156846193, 40.742886149072554], [-74.00924013575025, 40.74289951841009], [-74.00924074160112, 40.74291316086358], [-74.00962015348912, 40.74295124838993], [-74.00956843411765, 40.74325778472655], [-74.00958464345703, 40.74326352048325], [-74.0121194002866, 40.74351661218273], [-74.01213726936176, 40.74353192705941], [-74.01214813183593, 40.74355930154771], [-74.0120900828903, 40.743897637649034], [-74.01206903486668, 40.7439224935485], [-74.01202085006399, 40.743939770208996], [-74.01197763342873, 40.74393556042114], [-74.00951201767367, 40.74367609376045], [-74.00948868364232, 40.743695681682276], [-74.00943800870864, 40.743971255473234], [-74.0093942693211, 40.74396871683835], [-74.0090420750423, 40.74393387125523], [-74.00890032962842, 40.7439179270962], [-74.00880283523887, 40.744439347624365], [-74.00872780058874, 40.7448582329102], [-74.00872986359421, 40.74488153782985], [-74.00893975844275, 40.74490921733261], [-74.00957440612908, 40.74499290866298], [-74.00961227924414, 40.74499790315071], [-74.00955832929749, 40.74528882529887], [-74.00991660813456, 40.74532725500723], [-74.00993436677696, 40.745317078102005], [-74.00993796184932, 40.745296701410595], [-74.00994341816717, 40.74526576973655], [-74.00995048769146, 40.745225690321085], [-74.00995852601345, 40.74518011964677], [-74.00996759959419, 40.74512868110861], [-74.0099735068339, 40.7450951941159], [-74.00998135739343, 40.745050682388644], [-74.00998917273142, 40.7450063842596], [-74.00999822601715, 40.74495505930228], [-74.00998685784818, 40.744944164215354], [-74.00986948474728, 40.744933917707314], [-74.0098721108548, 40.74491650212594], [-74.01016790535392, 40.744942329709765], [-74.0101646519737, 40.74496392462993], [-74.01005375656217, 40.74495423493008], [-74.01003848384612, 40.74496345807833], [-74.0100236125255, 40.745046345318194], [-74.01001404323709, 40.74509967661572], [-74.01000814033458, 40.74513257676576], [-74.00999930170606, 40.745181839791215], [-74.0099925052406, 40.74521971906441], [-74.00998320132659, 40.745271573088864], [-74.00997743638767, 40.74530370360911], [-74.0099739502192, 40.745323135109416], [-74.00999095379996, 40.74533668617151], [-74.01046920011868, 40.74538676602916], [-74.01048835594965, 40.745375715094845], [-74.01049187417472, 40.745355167013976], [-74.01049693441198, 40.74532561543098], [-74.01050332781192, 40.745288270909015], [-74.01051171655331, 40.74523927525849], [-74.01052083436335, 40.74518602135901], [-74.01052681665284, 40.74515108070628], [-74.01052968455846, 40.74513433251278], [-74.0105504475589, 40.74501305720761], [-74.01053188168761, 40.74500298237196], [-74.01041700660257, 40.74499358270352], [-74.01041937209388, 40.74497682417123], [-74.01076419780692, 40.745005032020956], [-74.01076156046138, 40.74502372618368], [-74.0106062154019, 40.74501101647447], [-74.01058579200931, 40.74502044656174], [-74.01056801091906, 40.74513793282657], [-74.01056370849734, 40.74516636225337], [-74.01055056928827, 40.74525318207801], [-74.01053978205329, 40.74532445541953], [-74.01053373534738, 40.74536440745716], [-74.01053106537704, 40.745382050389644], [-74.01054520392155, 40.7453921350118], [-74.01110359804885, 40.745447670244126], [-74.01111624163289, 40.74543612462561], [-74.0111246622997, 40.74537776220261], [-74.01113010029034, 40.74534322832571], [-74.01113887006922, 40.74528754863202], [-74.01114545795528, 40.745245720718714], [-74.01115627315944, 40.74517704715629], [-74.01116113418436, 40.74514617646117], [-74.01117183119825, 40.74507825828352], [-74.01115328709841, 40.74506864307043], [-74.01104281748226, 40.74506096342376], [-74.01104459150831, 40.74504621240219], [-74.01138769974182, 40.74507311268278], [-74.01138567845325, 40.74508800814163], [-74.0112303805723, 40.74507583066286], [-74.01121085294055, 40.74517080418534], [-74.0112059244744, 40.745194770630945], [-74.01118816871943, 40.74528112609186], [-74.01118102964986, 40.74531584944158], [-74.01116675082788, 40.74538529798206], [-74.0111541917691, 40.74544637808411], [-74.01116709976122, 40.74546035254014], [-74.01173958552815, 40.745519918190354], [-74.01179527645735, 40.74515466698517], [-74.01178273500794, 40.74513495612853], [-74.01166900853472, 40.74512733119157], [-74.01167067583798, 40.74511397733999], [-74.01183642872417, 40.74512596367891], [-74.01177458786391, 40.74552484642155], [-74.01177025765053, 40.74555278403776], [-74.01176635449525, 40.745577980043656], [-74.0117827582809, 40.74560157225559], [-74.01171897530912, 40.74593984499795], [-74.01171123496545, 40.74596125915188], [-74.01167885505596, 40.74597946181612], [-74.01163451251732, 40.7459783948063], [-74.01055524902243, 40.74587110442307], [-74.01055133475727, 40.74590288399986], [-74.01012821388646, 40.745857238929176], [-74.01012821162075, 40.74584233546322], [-74.00994668462282, 40.74581951444579], [-74.0099480791384, 40.74580017091213], [-74.00946389855972, 40.74575014365962], [-74.00945236676583, 40.745817473388485], [-74.00944165126164, 40.745880035252895], [-74.00943562211822, 40.745915242718674], [-74.00942443646915, 40.74598054836323], [-74.00941900727406, 40.74601224727732], [-74.00940745668301, 40.74607969560925], [-74.009401558017, 40.74611413662922], [-74.00939067734767, 40.746177655911936], [-74.00938523645611, 40.74620942686076], [-74.0093804226021, 40.74623753680819], [-74.00937637598555, 40.74626116385942], [-74.0093636273423, 40.74633560197741], [-74.01153382764763, 40.74656775471247], [-74.011567829226, 40.74657945216911], [-74.01159123434022, 40.74660150547614], [-74.01158846879171, 40.746628074402345], [-74.01153307246702, 40.746966826948174], [-74.01151183018257, 40.74698460360064], [-74.01148373087554, 40.74699058876545], [-74.01144491250467, 40.74698628502863], [-74.00924314658675, 40.7467627907539], [-74.00913736259926, 40.74735976280317], [-74.00956047962374, 40.74740279960471], [-74.00956103476231, 40.747387733595396], [-74.00956765300357, 40.74738787745338], [-74.00956826626557, 40.74737108340675], [-74.00955039867242, 40.74737070611299], [-74.00955155415365, 40.74733934176806], [-74.00996384996873, 40.747377803012704], [-74.00995838445456, 40.74741167208301], [-74.00990669970037, 40.74740684960861], [-74.00990158912964, 40.74743848434909], [-74.01135675337726, 40.747592418347], [-74.01139477623487, 40.74761090210883], [-74.0114067393552, 40.74763055006822], [-74.01134693158474, 40.74797620599535], [-74.01133174441692, 40.74800057534217], [-74.0113035299375, 40.748014571909074], [-74.01126611253964, 40.74801371918134], [-74.00905847901343, 40.74778564533301], [-74.00894606502322, 40.74841189316889], [-74.00897918405973, 40.748412709627104], [-74.00897918237624, 40.74840021938065], [-74.00907100927556, 40.74840976720658], [-74.00907390770351, 40.748395061701], [-74.00941511636567, 40.74842958691745], [-74.00941607672534, 40.7484369350381], [-74.00952336741516, 40.74844795680843], [-74.0095188236012, 40.74847354043612], [-74.01116687561544, 40.74864504676633], [-74.01119472751151, 40.74865681411407], [-74.01121561813416, 40.74867799224373], [-74.01121562130412, 40.748696821175976], [-74.01114914281891, 40.74902574726506], [-74.01113289942985, 40.74904163383118], [-74.01110891182985, 40.749049875919766], [-74.01107797059215, 40.749051643117426], [-74.0099481793803, 40.74893198800587], [-74.00956174747358, 40.7499699751995], [-74.00925340917918, 40.749985205722105], [-74.00910453215725, 40.750371069730505], [-74.01067737532614, 40.751022674477085], [-74.01056463476439, 40.75132146210147], [-74.00900098259454, 40.75064818378276], [-74.00870618650585, 40.75142680500349], [-74.00873137829981, 40.75146589496991], [-74.0086672907182, 40.75162819722093], [-74.00862089839437, 40.75165257792264], [-74.00853256925024, 40.7518836093045], [-74.00876004993508, 40.75194801420727], [-74.00914082120002, 40.75209759409922], [-74.00912661123245, 40.75211689573511], [-74.00874567715042, 40.75196439532719], [-74.0086511593681, 40.75193951261581], [-74.0086431823763, 40.751956502032115], [-74.00896912527918, 40.75207679147891], [-74.00895742294804, 40.75209022513113], [-74.0090389596997, 40.752125155650056], [-74.00904909796247, 40.75211834944319], [-74.00910757975159, 40.75213971211202], [-74.00910596820009, 40.752142124949636], [-74.00905774009662, 40.75221435124337], [-74.00899734911651, 40.75218910594731], [-74.0090076280833, 40.75217684223697], [-74.00892887650475, 40.75214400187035], [-74.00891472422606, 40.752163628476005], [-74.00867223768388, 40.752062250000904], [-74.00859053101699, 40.75202810543455], [-74.00858095760466, 40.75204388241179], [-74.00866456561995, 40.75207286787702], [-74.0093408924528, 40.752355609545724], [-74.00932795206229, 40.75237350304632], [-74.008478955728, 40.75201857192007], [-74.00842636447226, 40.75215785023945], [-74.00881779819426, 40.75232434585436], [-74.00880273703076, 40.7523448540374], [-74.0088394166214, 40.752358816534866], [-74.00885173565307, 40.75234228177313], [-74.00986566961524, 40.75276341313944], [-74.00984627922618, 40.752785441959595], [-74.00988922619958, 40.75280368102833], [-74.00990631519599, 40.75278041119854], [-74.0099905581975, 40.75281618714928], [-74.00992010631792, 40.75291212551456], [-74.00997058797022, 40.75293356415334], [-74.00991916275493, 40.753003591459375], [-74.00978913116427, 40.75294837008787], [-74.00988774868318, 40.75281407765349], [-74.00983854674402, 40.752794967983235], [-74.00983056913984, 40.75280346424475], [-74.00882994505393, 40.75238001600731], [-74.00883632714998, 40.752371521109716], [-74.00879210090847, 40.7523521383797], [-74.00868792219572, 40.752493998628566], [-74.00835352838843, 40.75235073934249], [-74.00801152240531, 40.75325645210968], [-74.00790245613032, 40.753542611512046], [-74.00773872468986, 40.75397215781875], [-74.00761949611852, 40.75428184177427], [-74.00774404830214, 40.754336801931885], [-74.00759618989146, 40.75453055073434], [-74.00747157990921, 40.754477019921445], [-74.00729394650313, 40.754723184451045], [-74.00728499944323, 40.75473556820334], [-74.00741362036906, 40.754789302669614], [-74.00727181174769, 40.7549855945354], [-74.00714468360972, 40.754932481173604], [-74.00695917416678, 40.75518079484957], [-74.00680635763683, 40.75539177564048], [-74.00670291840636, 40.755532367491114], [-74.00657767658517, 40.75570687143413], [-74.00647435577088, 40.75584955345522], [-74.00620548925967, 40.7562208434686], [-74.00610422181595, 40.7563605196208], [-74.00596691029224, 40.75655814243305], [-74.00592383847429, 40.756620235634394], [-74.00580938168251, 40.756789341981126], [-74.00541885841005, 40.75732314034936], [-74.00521187705773, 40.75723199854007], [-74.00480392560185, 40.75780984316488], [-74.00496777078658, 40.75788416444813], [-74.00527894797891, 40.75802855492844], [-74.0050310513664, 40.758357016473305], [-74.0069642874931, 40.75916005756179], [-74.00699375268466, 40.75917614764281], [-74.00701038304962, 40.759203720386836], [-74.00700358904015, 40.75923187034123], [-74.00652959987842, 40.759874751241384], [-74.00650687640183, 40.75989203231737], [-74.00647588371956, 40.7598936012682], [-74.0064435290131, 40.75989046046477], [-74.00631515935251, 40.75984282204481], [-74.00450483093914, 40.75908499655288], [-74.00420629125391, 40.759501707688564], [-74.00390742032769, 40.75937569218368], [-74.00380657835007, 40.759510731466186], [-74.0040798895684, 40.759626044742895], [-74.00424697128062, 40.759699214171576], [-74.0042024743225, 40.759761071881954], [-74.00414863814689, 40.759835914170964], [-74.00424487588262, 40.75988657316676], [-74.00425967856717, 40.759875307678705], [-74.00431889425076, 40.75991068576361], [-74.00426869650673, 40.75995927951609], [-74.00421059345653, 40.75992456661018], [-74.00422266067, 40.75991310304382], [-74.00413171622799, 40.759861642396196], [-74.00411162007795, 40.75989300730739], [-74.00366891453541, 40.75970596957674], [-74.00357251040076, 40.75984655897331], [-74.00392854933564, 40.76000301972061], [-74.003825595952, 40.76013313666701], [-74.003588009112, 40.76045170695143], [-74.0033848822989, 40.76072887070651], [-74.00313338991401, 40.76107834509648], [-74.00278691552613, 40.76092896970349], [-74.00233528130057, 40.7615437270018], [-74.00454520983433, 40.76249280194501], [-74.00455814361389, 40.76250787607552], [-74.00455641560922, 40.76252426502523], [-74.00444951527277, 40.76266456720016], [-74.00442709659245, 40.76267570735653], [-74.00439976203518, 40.76267135909899], [-74.0022008207327, 40.76172843222664], [-74.00178824022314, 40.76229452014182], [-74.00153309066981, 40.76264459812778], [-74.00375735037694, 40.76358224164074], [-74.00361214794175, 40.7637770439099], [-74.001386036986, 40.762850095002065], [-74.00097308022016, 40.76342027172584], [-74.00314976988994, 40.76433288868739], [-74.00310210379592, 40.7644], [-74.00227432083183, 40.7644], [-74.00106364220511, 40.76388820826305], [-74.00073105253733, 40.76375528636159], [-73.99992712367728, 40.763406528479514], [-73.99963853555371, 40.763569070990975], [-73.99962263458187, 40.76355908121064], [-73.99951767096823, 40.76370627918046], [-73.99944642217315, 40.763806194578656], [-73.99943330724619, 40.76382391019716], [-73.99915098087908, 40.76420525958287], [-73.99961180328106, 40.7644], [-73.9524469906962, 40.7644], [-73.95336559963583, 40.76336817091186], [-73.95441826078606, 40.76218410495124], [-73.95573621640321, 40.761024392847766], [-73.95587222339073, 40.76090471211576], [-73.9563091763419, 40.7605083675544], [-73.9563331896777, 40.76048658556405], [-73.95697841727663, 40.75989675394356], [-73.9573173758794, 40.759592212256734], [-73.9575986944528, 40.759342318257964], [-73.95763772742102, 40.75930673989846], [-73.95800496616825, 40.758971999629495], [-73.95818604432436, 40.75881172025356], [-73.95824543566668, 40.75875900865984], [-73.95833351948285, 40.75868387955003], [-73.95835374983784, 40.75866662516292], [-73.95842620189634, 40.75860387250446], [-73.95845501743894, 40.75858090219769], [-73.95849119541683, 40.75854590332806], [-73.95854329679058, 40.75849562293599], [-73.95877790822699, 40.758270920848915], [-73.95905574721682, 40.75792987282024], [-73.95917118465763, 40.757864108601105], [-73.95918103286087, 40.75785611105263], [-73.95965770876657, 40.757260145123404], [-73.95966400300107, 40.757211412187054], [-73.96003900990617, 40.75672535023904], [-73.96036455140823, 40.75626941113357], [-73.96065638180474, 40.75592314955037], [-73.9607970991498, 40.75580477274081], [-73.96079722985934, 40.75580465585217], [-73.96102790867165, 40.75561058457924], [-73.96162927534917, 40.7551523842593], [-73.96176227368043, 40.755000253229454], [-73.96213559058086, 40.75457323147347], [-73.96219381838414, 40.754504315153426], [-73.96223125165591, 40.75452213042204], [-73.96268703046536, 40.754004373286804], [-73.96289729202545, 40.753765517094486], [-73.96286896769232, 40.753742509157064], [-73.96316074049744, 40.75341220732832], [-73.96373572283169, 40.752783775777196], [-73.96470952841109, 40.751719415095934], [-73.96494444755467, 40.751462643217145], [-73.96532405586477, 40.75104771827219], [-73.96791272994395, 40.747970935642314], [-73.96811893399276, 40.74772582975005], [-73.96817376101073, 40.747666753741925], [-73.96823574753464, 40.7475912183927], [-73.96836519324148, 40.74743349462028], [-73.96823171715788, 40.74736847648939], [-73.96829622113238, 40.74729565136723], [-73.96829811451529, 40.74728339500301], [-73.96830191005901, 40.74727329924477], [-73.9683161371577, 40.74727402435948], [-73.96832610433424, 40.747252034096405], [-73.96834696591318, 40.74724121831021], [-73.96836118844783, 40.74721814498392], [-73.96840008314163, 40.7471669539644], [-73.96843139158786, 40.747129456620435], [-73.96846363690706, 40.74709412848581], [-73.96847691942939, 40.74707250080586], [-73.96850064035854, 40.747044384507376], [-73.9685148595502, 40.747032843998234], [-73.96853479000781, 40.74700039777971], [-73.968544278662, 40.746988142312894], [-73.9685888522455, 40.74694344358094], [-73.96859169569566, 40.74693334705046], [-73.96860023472267, 40.74692109131994], [-73.96860971997528, 40.74691460310325], [-73.96861730876945, 40.74689945527544], [-73.9686391246467, 40.74687927414427], [-73.96866379796644, 40.74684681981253], [-73.96867043421345, 40.74683600998012], [-73.9686922519053, 40.74680860795781], [-73.96870458089755, 40.746800682796376], [-73.96871076544427, 40.74678826391731], [-73.96875271240373, 40.746742715216875], [-73.96894301109302, 40.746518335696685], [-73.96896670537514, 40.746530500297], [-73.96897366849493, 40.74652900683407], [-73.968988992317, 40.74650579149492], [-73.9689998159544, 40.746501935275134], [-73.96900302810094, 40.746490808379455], [-73.96901641754052, 40.746481152086446], [-73.96901961115921, 40.74647243890278], [-73.96907193333249, 40.74641298300652], [-73.96913096118847, 40.74634071530684], [-73.96921135921276, 40.74624451530401], [-73.96923432172326, 40.746222284011615], [-73.9692470758419, 40.74620778199381], [-73.96925028881702, 40.746196171442854], [-73.96932591437388, 40.7461040877106], [-73.96933228026558, 40.74610167233767], [-73.9693392445918, 40.74609265608855], [-73.96938290644789, 40.74603594902514], [-73.96940022327871, 40.74602084326566], [-73.96940086652106, 40.746014027130144], [-73.96941753399555, 40.74599696633216], [-73.96943292389886, 40.745976988728884], [-73.96946210038307, 40.745944577633786], [-73.96952046125196, 40.74586904111666], [-73.96955059658644, 40.74583882769375], [-73.9695974026117, 40.74578278411198], [-73.96962370583407, 40.7457467167946], [-73.96963204180261, 40.745743305646165], [-73.9696948777757, 40.745666796891115], [-73.96969678845922, 40.74565700029312], [-73.9698756140306, 40.7454447891378], [-73.96990575265258, 40.74545820514532], [-73.9699122797576, 40.745451759436406], [-73.96993139614953, 40.74546300192006], [-73.96992704959052, 40.745467792035186], [-73.96997377026275, 40.74549574743079], [-73.97004758904896, 40.745402861299496], [-73.97009123175708, 40.745351129151125], [-73.97012962576954, 40.7453053665945], [-73.97021602288636, 40.745200579033], [-73.97033931161249, 40.74504963202264], [-73.97032571321422, 40.745036949464584], [-73.97032571931103, 40.74502326140034], [-73.97037811940515, 40.74495230558344], [-73.9704425548898, 40.74487037651231], [-73.97046063703624, 40.7448647433909], [-73.97047240576438, 40.744866241747815], [-73.97050560032659, 40.74482376425946], [-73.9705687722909, 40.74473186530626], [-73.97062381510653, 40.74465642621021], [-73.9707883477664, 40.7444062176905], [-73.97085704434353, 40.74443263739735], [-73.97087688233857, 40.74444557343115], [-73.97088963376717, 40.744447729702074], [-73.97089742067709, 40.74445473677991], [-73.9709094613216, 40.74445635209429], [-73.97091724845437, 40.7444633603435], [-73.97092858032359, 40.74446336320436], [-73.97094062960419, 40.74447144402558], [-73.97098222712366, 40.744407634720076], [-73.97101392396074, 40.74435861480527], [-73.97111438123977, 40.74420436093265], [-73.97078276128684, 40.74404724688703], [-73.97077757716114, 40.7440466247195], [-73.97075833953681, 40.74403919038248], [-73.97075084955141, 40.74402980466494], [-73.97071823494039, 40.744016927848335], [-73.97070578720823, 40.74400256198694], [-73.97070317531687, 40.74399049490893], [-73.97072277474861, 40.7439695157214], [-73.97074257272034, 40.7439483246602], [-73.97075061382013, 40.7439486336107], [-73.97076123524714, 40.74394210764184], [-73.97079209694716, 40.743956009932695], [-73.97079892989305, 40.74395279700395], [-73.9708358740414, 40.74396967223827], [-73.97083595486517, 40.743969703586124], [-73.97087357851338, 40.74398767476958], [-73.97095964992808, 40.74402569698725], [-73.97096300193468, 40.744023672775015], [-73.97117346753164, 40.74410753500842], [-73.97118193576082, 40.74410323270803], [-73.97120616502984, 40.744066029846785], [-73.97127362462311, 40.74396474842377], [-73.97135752941868, 40.743838455359636], [-73.9712342398151, 40.743784646190406], [-73.97120546301967, 40.74377151030149], [-73.97128101831679, 40.74365194205151], [-73.97135563409175, 40.74353964934961], [-73.97149421270419, 40.74333467446526], [-73.97163772240417, 40.74311720098483], [-73.97167921200818, 40.74305446405994], [-73.97188888913065, 40.74272481985312], [-73.97176261327057, 40.74267267153485], [-73.97174059715825, 40.74266358001168], [-73.9717750124804, 40.74261591214474], [-73.97195955856255, 40.742337921543836], [-73.97204926316714, 40.741887753776396], [-73.97206949682797, 40.74178890593495], [-73.97210163980682, 40.74162320206111], [-73.97215263572176, 40.74138858760137], [-73.97219804813784, 40.74114466869194], [-73.97228618248496, 40.740738273576525], [-73.97228992099217, 40.740721039031946], [-73.97221282599375, 40.740711663608444], [-73.97219567275302, 40.740709579461566], [-73.972182685701, 40.7407062799098], [-73.97216848387873, 40.740693120300676], [-73.97216477368657, 40.74067572212931], [-73.97216549760822, 40.740672165050086], [-73.97221525425901, 40.74042656351957], [-73.97222515614335, 40.74041669693134], [-73.97223504317165, 40.740413403402165], [-73.97223566211005, 40.740405415225375], [-73.97219641647789, 40.74040257925303], [-73.97221685422328, 40.740307625061696], [-73.97226753642127, 40.74031374327732], [-73.97227001334156, 40.74030857434587], [-73.9722533231916, 40.74030010555497], [-73.97224837803643, 40.74029117185887], [-73.97229979590863, 40.74003496274316], [-73.97231030439093, 40.74001851267499], [-73.97233141721729, 40.74001090819987], [-73.97243888981417, 40.740021749973415], [-73.97265743803038, 40.73922275427715], [-73.9726552896889, 40.73917826848021], [-73.97265060379681, 40.73905826571571], [-73.97264431062416, 40.73901746233549], [-73.97264512721948, 40.73895866831118], [-73.97264674830737, 40.73884587151254], [-73.97263256455166, 40.73878946955031], [-73.97263100998644, 40.738740265008275], [-73.97262787457534, 40.7387090614698], [-73.97262630543385, 40.73866586408464], [-73.97262792189811, 40.73859386916873], [-73.97262084766358, 40.73852066549372], [-73.97261929656231, 40.73846306804612], [-73.97262753952515, 40.73840038598757], [-73.9726388480015, 40.73839530977735], [-73.9726383333126, 40.738379685976675], [-73.97262807328735, 40.73836796724557], [-73.97262452608501, 40.73824336345716], [-73.97263274644142, 40.73823242426234], [-73.97263327107365, 40.73822383329863], [-73.9726225471807, 40.73821706821194], [-73.9726194686601, 40.738044278245106], [-73.97261474017301, 40.738029869348225], [-73.97260609997485, 40.73793867228892], [-73.97261872947438, 40.73791467680082], [-73.97261242656461, 40.737897872571835], [-73.97260457307685, 40.737822273075835], [-73.97261404225637, 40.73779827633345], [-73.97260621196624, 40.73766627757054], [-73.97259038224679, 40.736769654842426], [-73.97258292456105, 40.73674468459367], [-73.97257979798512, 40.73669068907689], [-73.97257525871026, 40.73664650893166], [-73.97255622610959, 40.73646148552768], [-73.97256333684314, 40.73644588163222], [-73.97248994174741, 40.735803280107795], [-73.97251016786021, 40.735787129859794], [-73.97286939178467, 40.73577086128574], [-73.97441385816532, 40.73641439385913], [-73.97445975070463, 40.7362940197185], [-73.97441677354789, 40.736277726106934], [-73.97441154346602, 40.73628527904697], [-73.97439952343315, 40.73628408358729], [-73.97402692104305, 40.73612576724569], [-73.97404679254475, 40.73609992943224], [-73.97442932366876, 40.736260633491625], [-73.97442775474427, 40.736266199041545], [-73.97446647047286, 40.73627845683008], [-73.97450376013228, 40.736064588444215], [-73.97447471755301, 40.73606238071315], [-73.97444082924062, 40.73605047915458], [-73.97443372879957, 40.73605371636713], [-73.97414062018392, 40.73595565666492], [-73.97415127634781, 40.735933792668256], [-73.97444722336765, 40.73603347295418], [-73.97444828612832, 40.73603779235672], [-73.97447828183081, 40.73604418545125], [-73.97450488285943, 40.73604228103946], [-73.97451459772599, 40.735894598411406], [-73.97450793938161, 40.735796945772556], [-73.97448854079063, 40.735875680246544], [-73.97445077717819, 40.735869129966886], [-73.97446233335455, 40.73583114456839], [-73.97424982468374, 40.735797182020164], [-73.97424630658303, 40.73578011045604], [-73.97425866775502, 40.735766268164014], [-73.9744704050787, 40.735797872255304], [-73.97446962023734, 40.73578786807202], [-73.97447775431193, 40.73578786166622], [-73.9744715494167, 40.7357272237581], [-73.97446537767371, 40.735666886063875], [-73.97439223918198, 40.73566753456842], [-73.974391854932, 40.7356719481348], [-73.97426375884302, 40.73567147429338], [-73.97426474799444, 40.73567587660696], [-73.97419233708438, 40.73568012679825], [-73.9741895600019, 40.73565991276949], [-73.97415747430529, 40.73565784198292], [-73.97414616523469, 40.73567162151051], [-73.97409287937954, 40.73564072502899], [-73.97409007994668, 40.73564465423467], [-73.97341869582557, 40.735367737300315], [-73.97343881801847, 40.735341217814224], [-73.9732803029099, 40.7352733654282], [-73.97305698712047, 40.73517745341573], [-73.97280661710461, 40.735523918521324], [-73.97293673973685, 40.735599249299824], [-73.97293031926458, 40.73560761439685], [-73.97276308380353, 40.73550508747374], [-73.97299695202484, 40.735186506891296], [-73.97296395268094, 40.7351690661775], [-73.9729318560978, 40.73520531236917], [-73.97288512856933, 40.73518020390205], [-73.97286403116163, 40.7352122670154], [-73.97283745943461, 40.73519971670459], [-73.97294520758682, 40.735065170071294], [-73.97296719785798, 40.735078430767], [-73.97294519031814, 40.73510770051329], [-73.97299560236587, 40.73512793798328], [-73.97297083635605, 40.73515721697145], [-73.97300291199267, 40.73517256003543], [-73.97303684713711, 40.735127947647705], [-73.9732989504614, 40.73524235507728], [-73.97332187458159, 40.735201918664984], [-73.97331638345146, 40.7351963427822], [-73.97329897672444, 40.73517681588381], [-73.97327881634085, 40.735147527414476], [-73.97327241144065, 40.73511893385163], [-73.97327700851476, 40.73507919579851], [-73.97329627362966, 40.7350408566427], [-73.97332929043579, 40.735010877894474], [-73.97336870942675, 40.73498927476286], [-73.97341821248351, 40.73497115816128], [-73.97345945915032, 40.73496837685138], [-73.973522708343, 40.73497536084711], [-73.97354472883961, 40.73494432610164], [-73.97444065082591, 40.73531677190073], [-73.97442616184162, 40.73523421918374], [-73.97441126714118, 40.73517824595467], [-73.97439063081423, 40.73509213293327], [-73.97437417946838, 40.73503063633963], [-73.97435054998022, 40.734942312634], [-73.97431559737869, 40.734803677193625], [-73.97427147926832, 40.734630608981576], [-73.97425543467872, 40.734566885863444], [-73.9742119222655, 40.73440586894305], [-73.97418317281985, 40.73430095691666], [-73.97416917978899, 40.73423971229525], [-73.97415110840346, 40.73416396616626], [-73.97410591714225, 40.7339935435477], [-73.97406016216327, 40.73381107244249], [-73.97402174588258, 40.733663893934576], [-73.97399237089736, 40.73355457475643], [-73.97395905029711, 40.73342116553862], [-73.97394321924938, 40.733403088863405], [-73.97393531356985, 40.73336607678416], [-73.97390702695188, 40.73334971660841], [-73.9739013771137, 40.73332733730516], [-73.97389120382256, 40.73330926190467], [-73.97386631865598, 40.73331097608695], [-73.97386292958613, 40.733291182396236], [-73.97385275193642, 40.733282571401205], [-73.97384483854886, 40.73326536111392], [-73.97386520802412, 40.7332464280398], [-73.97385730036494, 40.73321630363872], [-73.97384145962661, 40.73321974036578], [-73.97384937381277, 40.73323265510645], [-73.97383126846691, 40.73324556510929], [-73.97380976846561, 40.73324899937312], [-73.9737837578338, 40.733227481208246], [-73.97380298847435, 40.73321198753997], [-73.97378376867172, 40.73319993432455], [-73.9737645264947, 40.73321284338803], [-73.97374076899372, 40.73320938893725], [-73.97372718707769, 40.733219714351065], [-73.9737079516958, 40.7332136852051], [-73.97368984982607, 40.733218850603635], [-73.9736762757606, 40.733205933888215], [-73.97369438098609, 40.73319560901117], [-73.97369212859806, 40.73317409625022], [-73.97371588914251, 40.73316979674732], [-73.97372607356357, 40.73315947055964], [-73.97373739762322, 40.733143119372535], [-73.97375776032726, 40.733139684863026], [-73.97377813922655, 40.73312419146039], [-73.97380529755272, 40.7331207579871], [-73.97381887171846, 40.733099247654756], [-73.97384036797052, 40.73310355629607], [-73.97387206174017, 40.73309495480681], [-73.97386810776207, 40.73306568719578], [-73.97377030826173, 40.73268844617701], [-73.97367702799252, 40.73231023074896], [-73.97364735766624, 40.73217549326411], [-73.9736273640125, 40.732107445607994], [-73.97360833346643, 40.73204268972983], [-73.97353969289706, 40.731764332823616], [-73.97352137914282, 40.731690164781426], [-73.97341321730858, 40.73128241642885], [-73.97338181410147, 40.731236023919564], [-73.97336591000702, 40.73122001994853], [-73.97334064688684, 40.73118304166213], [-73.97331715426381, 40.73115792717328], [-73.9732832111114, 40.7311126759087], [-73.97323625417937, 40.73105692674119], [-73.97320012915412, 40.73101663239024], [-73.97314592791604, 40.7309608809963], [-73.97309858148473, 40.73091367989087], [-73.97305304853825, 40.73086730325318], [-73.9730060597536, 40.73082313241324], [-73.97291929100193, 40.73075024150283], [-73.97283215562857, 40.73068148080725], [-73.97274611643171, 40.73060583194708], [-73.97264270492411, 40.730523537807514], [-73.97255990007292, 40.730458093618296], [-73.97247970053022, 40.730400807363026], [-73.97245936471903, 40.73038632937784], [-73.97233277439516, 40.73029657246832], [-73.97224018578775, 40.730230497638715], [-73.97223370120912, 40.73022567784338], [-73.97208918590233, 40.730118357041825], [-73.97205385214976, 40.730086650432675], [-73.97201026033457, 40.73004517148778], [-73.97196340301248, 40.730000377217664], [-73.97190238512808, 40.729930708644616], [-73.97185608949049, 40.729875550267415], [-73.97182992841674, 40.729845691972976], [-73.97174822357015, 40.72974201454473], [-73.97174494790077, 40.72973454858868], [-73.9717002903813, 40.72966570245412], [-73.97162729998558, 40.729557884146175], [-73.97157719441826, 40.72946913613542], [-73.97151882628016, 40.729351361740314], [-73.97150816031574, 40.729323966492565], [-73.97147994907228, 40.729249577196], [-73.97145716122309, 40.72916940755814], [-73.97143981566717, 40.72909584986463], [-73.97143221814216, 40.72906361904436], [-73.97142139208238, 40.7289958439724], [-73.97141235109775, 40.72887985602181], [-73.9714065967207, 40.7287944713059], [-73.97140617908519, 40.72871876425123], [-73.97141946379276, 40.72856882754421], [-73.9714271844355, 40.72848582588513], [-73.97145269559661, 40.7283414333133], [-73.9714566218295, 40.72831923801447], [-73.97147343819987, 40.7282092559282], [-73.9715104844795, 40.72800276340419], [-73.97155553514953, 40.7277031085983], [-73.97156931647098, 40.7276937671986], [-73.97157278760145, 40.72764591976786], [-73.97158965149985, 40.72764003369343], [-73.97161872706997, 40.72765055818597], [-73.97163586152148, 40.7276479741215], [-73.97165160075588, 40.72764321253479], [-73.97168514866583, 40.72740588663671], [-73.97158604106329, 40.72739693305286], [-73.97156114365914, 40.727394688247806], [-73.97153686592743, 40.72739296510097], [-73.97152076789627, 40.72738616573731], [-73.97151282181258, 40.7273743080787], [-73.97149260058237, 40.727373123351526], [-73.97149039092855, 40.7273500976075], [-73.97162697271727, 40.726628452997026], [-73.9716697270118, 40.72639232715454], [-73.97169587451597, 40.72624182980508], [-73.97171894361507, 40.72612199325969], [-73.97173843379365, 40.72599966755568], [-73.97176755410239, 40.72583330295222], [-73.97177410965313, 40.72582128133725], [-73.9717914296149, 40.725814221149236], [-73.97181650587754, 40.725814966250084], [-73.97185935830902, 40.72558296953304], [-73.97187437695217, 40.72550311607998], [-73.97188490951483, 40.72542440506596], [-73.9719112073207, 40.725290370700094], [-73.97193374501076, 40.7251762903514], [-73.97193975456322, 40.72515803861019], [-73.97196154778587, 40.72503997881097], [-73.97200511841187, 40.72484149021098], [-73.97203666966882, 40.72468407002025], [-73.97206595867414, 40.72455915832883], [-73.97207196960349, 40.72453635085828], [-73.97208098151926, 40.72449756793053], [-73.97208400057288, 40.72446790554588], [-73.97209751290906, 40.72442341523486], [-73.97215609001728, 40.724170178278285], [-73.97216585996622, 40.724131963775896], [-73.972216923762, 40.72393005464691], [-73.97223344676965, 40.7238467799265], [-73.97226499868242, 40.723714457333806], [-73.97232507731586, 40.723463499327494], [-73.97236115744649, 40.723312060476644], [-73.97239945748277, 40.72314881636678], [-73.97251011180381, 40.72269688600691], [-73.97288971396699, 40.72108829721948], [-73.97298649726092, 40.720670549499275], [-73.973090065749, 40.72025374477536], [-73.97320040345137, 40.719837946846035], [-73.97331749335301, 40.71942321935436], [-73.97344131740637, 40.7190096257784], [-73.97357185653419, 40.71859722942143], [-73.97374101738176, 40.71809467576952], [-73.97391750479419, 40.717593583062374], [-73.97410129682518, 40.717094013143104], [-73.97429237062839, 40.71659602766552], [-73.97449070246041, 40.716099688086445], [-73.97469626768377, 40.71560505565835], [-73.97490904076994, 40.715112191421525], [-73.97512899530274, 40.71462115619685], [-73.97514977937124, 40.71457942386365], [-73.97516360806188, 40.714551905691344], [-73.97518850986306, 40.7145031607241], [-73.97521387023663, 40.714448498798625], [-73.97522549627958, 40.71442343994211], [-73.97524666388625, 40.714377806305656], [-73.97524670420732, 40.71437772456117], [-73.9758031128397, 40.71317812458937], [-73.97579532792433, 40.71317002319181], [-73.97596844519694, 40.71278957339103], [-73.97604981455508, 40.71260419377806], [-73.9761236883879, 40.71246032539851], [-73.9761653123832, 40.712420197910994], [-73.97631127867197, 40.71211864731031], [-73.97642872514528, 40.711909032503854], [-73.97650540115391, 40.71179878945266], [-73.9765500881422, 40.71173453872846], [-73.97671221539667, 40.711535765178574], [-73.97681883540048, 40.71141956752392], [-73.97699076574627, 40.71125666023073], [-73.97705659401753, 40.71119762646699], [-73.9772221356257, 40.71106873122849], [-73.97752668432639, 40.710843072733326], [-73.97772119493068, 40.71071007466089], [-73.97782091638246, 40.710645444907165], [-73.97789949619445, 40.71059986620255], [-73.97799674790384, 40.71056101739179], [-73.97807974906621, 40.7105322505774], [-73.97818190694284, 40.71050686551781], [-73.97825557749212, 40.71049790905545], [-73.97837148165257, 40.71048970749174], [-73.97861560123998, 40.71047378191105], [-73.97877613342084, 40.710463315047406], [-73.97918894377005, 40.71043492338845], [-73.9792072643461, 40.7104336663933], [-73.9792901523712, 40.7104281445671], [-73.98003642292834, 40.71037840126683], [-73.98028344332177, 40.7103618156112], [-73.98033652490473, 40.71035920071487], [-73.98033090124429, 40.710286938313715], [-73.98051046026364, 40.710274751945846], [-73.98128647552558, 40.71021834788182], [-73.98124579569945, 40.70982621460142], [-73.98306019477401, 40.70964791174828], [-73.98364234472633, 40.70959187924491], [-73.98449647076764, 40.709509663939606], [-73.98639828917548, 40.7093265843858], [-73.98814626172096, 40.70915916701502], [-73.9881554605141, 40.70914914247345], [-73.98839064023267, 40.70912694916282], [-73.98844653437385, 40.70913382054716], [-73.98847967268775, 40.70915584680608], [-73.9884972717388, 40.709176305293354], [-73.9886365807185, 40.70991206151646], [-73.98864533493685, 40.709916933898725], [-73.98866750580943, 40.7099200348309], [-73.98869610271332, 40.709928449844725], [-73.98871771111247, 40.70994709001644], [-73.98873681707525, 40.70997074184526], [-73.98879717785803, 40.70996660747239], [-73.98889845980884, 40.709954735765194], [-73.98935765696677, 40.70990098670803], [-73.98946067019428, 40.70988928705146], [-73.98957449608717, 40.709874081606685], [-73.98974515155741, 40.70984876165581], [-73.99015825373382, 40.709790372663925], [-73.99051420376698, 40.70973388411898], [-73.9907891301856, 40.70968950658886], [-73.99106783463007, 40.7096572298428], [-73.9913510923706, 40.7096203327035], [-73.99170260292523, 40.70956526245363], [-73.99176779580132, 40.709555055523886], [-73.9919054436645, 40.70952539658242], [-73.99203926968346, 40.70951691966548], [-73.99209131635969, 40.70950822290395], [-73.9921486897015, 40.709498609104266], [-73.9923611613991, 40.709464368811595], [-73.99284846748647, 40.709381877638926], [-73.99374012862228, 40.70924612043552], [-73.99400820164045, 40.70923747991919], [-73.99414063200345, 40.70923326740011], [-73.99437823543936, 40.7091926391991], [-73.99457899963724, 40.70913097291024], [-73.99517577369836, 40.70903429330791], [-73.99601898395763, 40.70891622384763], [-73.9966640099659, 40.70882690451789], [-73.99728287195578, 40.708731619843086], [-73.99808351186999, 40.70850961536731], [-73.99828602320592, 40.708429931467776], [-73.99852758585311, 40.70833152790845], [-73.99856114620616, 40.70831528323372], [-73.99872197955064, 40.70823745289637], [-73.99875396570859, 40.708223651027375], [-73.99880846276643, 40.708200134992836], [-73.99882158420984, 40.708175481677664], [-73.9988813086388, 40.70813663391996], [-73.99898340963244, 40.70809265331633], [-73.9990527673855, 40.70803254586652], [-73.99913434918952, 40.707982396946115], [-73.99919451108852, 40.707947376351655], [-73.99925945470771, 40.70791402131059], [-73.99932632675426, 40.70787967649411], [-73.9993822517736, 40.7078415493217], [-73.99942129138608, 40.70781893705551], [-73.99946033075192, 40.707796326451266], [-73.99952324941067, 40.707762628658315], [-73.99951211364754, 40.70774870660929], [-73.99949062474623, 40.70772184522518], [-73.9995383965945, 40.70769347002584], [-73.99955121325496, 40.70769435277668], [-73.9995714951379, 40.70771719868865], [-73.99960948039251, 40.70775997317647], [-73.9998829708522, 40.70762408603548], [-73.9999485594979, 40.707591496371165], [-73.99994505655111, 40.70758262698349], [-73.9999485595232, 40.707558691553935], [-73.99995671262306, 40.707531198856046], [-73.99997222648798, 40.70750639882222], [-73.99999645016025, 40.70749164789868], [-74.00013868859142, 40.7074050544077], [-74.00023380525761, 40.70734714248702], [-74.0004002783203, 40.70726027957087], [-74.00055247932056, 40.707184275923154], [-74.00077175219104, 40.70708014820094], [-74.00084973367689, 40.707043118636726], [-74.00088259097625, 40.707025253803266], [-74.0011868526283, 40.706859825771936], [-74.00113130577202, 40.706799050684694], [-74.00122367538822, 40.706745261647924], [-74.00123213691967, 40.70674033642859], [-74.00122701299958, 40.70673486990667], [-74.00116039022576, 40.70666372083448], [-74.00117521610984, 40.70664874526931], [-74.00116913341543, 40.706639497667936], [-74.00117643567687, 40.706635058292946], [-74.0011760207968, 40.706627574359175], [-74.00098276691733, 40.70641671299312], [-74.00140533024056, 40.70618013520806], [-74.00140666691954, 40.70617938802082], [-74.00140581495842, 40.70617861288332], [-74.0005924020935, 40.70541007891111], [-74.00084523503796, 40.7052545188464], [-74.00145437418847, 40.70487330343224], [-74.00205517727977, 40.705411349366834], [-74.00206142563808, 40.70541700513835], [-74.00206282084558, 40.70541607734813], [-74.00212278686422, 40.705379002672665], [-74.0021581834855, 40.70535711911871], [-74.00256965059467, 40.70552357952368], [-74.00268512768794, 40.705449248118846], [-74.00236285311746, 40.705158966692785], [-74.0024157347692, 40.705129311785285], [-74.00238385458344, 40.70510127025097], [-74.00197070397947, 40.704737867984804], [-74.00197014837805, 40.7047311592025], [-74.00203201379027, 40.70469295373028], [-74.002171849419, 40.70460659646387], [-74.00218562331565, 40.704607018874114], [-74.00233344621164, 40.70474813530719], [-74.00233393075764, 40.70474260690176], [-74.00242059318668, 40.704680334603935], [-74.00243071075865, 40.70467785800453], [-74.00248839829258, 40.7047267723514], [-74.00248790148638, 40.70473376058922], [-74.00239832748953, 40.70479492514103], [-74.00238670740679, 40.70479566367467], [-74.00332307270787, 40.705628595220254], [-74.00358262337757, 40.70546112883133], [-74.00363187169326, 40.70542980675194], [-74.00364446183865, 40.705421684136425], [-74.00383327532258, 40.70530324302658], [-74.00366217837694, 40.705149759739335], [-74.00358390952114, 40.705192649148174], [-74.00355259950756, 40.70516644083436], [-74.00363086901315, 40.70512355144667], [-74.00262896407828, 40.70422295278161], [-74.002866897815, 40.704075225511744], [-74.00405666439265, 40.70514736343912], [-74.00434050782803, 40.704962729306715], [-74.00458622952465, 40.70479945067947], [-74.00484062824783, 40.70463977952667], [-74.00492037826479, 40.704591004973516], [-74.00518805067325, 40.70442053569077], [-74.00521160900404, 40.70440553223552], [-74.00526035829184, 40.70437448841031], [-74.00535027224755, 40.704310079961715], [-74.00566330640657, 40.704104244478394], [-74.0058912988893, 40.70395985344216], [-74.00602048621096, 40.70387490010204], [-74.00614106753552, 40.70398097343561], [-74.00634215560278, 40.70384982260761], [-74.00643259271952, 40.703791189951815], [-74.0065959191387, 40.70368590194944], [-74.006320807539, 40.70346676102906], [-74.00631484519424, 40.70346132459716], [-74.00630030777441, 40.703448234988464], [-74.0059114573594, 40.7030981114306], [-74.00589941745793, 40.703087270192114], [-74.00588747266437, 40.70307651522399], [-74.00555843304463, 40.70278125689005], [-74.0054838408244, 40.70271432213423], [-74.00552682615239, 40.70268528761731], [-74.00550531272071, 40.70266684658574], [-74.00547130861277, 40.70268982908367], [-74.00543599763355, 40.70265955541154], [-74.00542728826248, 40.70266543619423], [-74.00530412596079, 40.702559865633226], [-74.00549427805099, 40.70243138145317], [-74.00550166067457, 40.70243086779721], [-74.00561361797627, 40.702530242032516], [-74.00560163196413, 40.702538059770085], [-74.00560905264517, 40.70255281855389], [-74.00559479485835, 40.70256802032967], [-74.00559935100478, 40.70258016783946], [-74.00559022977765, 40.70258581428405], [-74.00559194611431, 40.702598835921336], [-74.00558509547804, 40.70260405020256], [-74.00558909594902, 40.702612730597025], [-74.00553546138177, 40.70264552110702], [-74.00555771998816, 40.70266439465222], [-74.00567522249854, 40.702584072197745], [-74.00598430339498, 40.702860018543866], [-74.00608976093835, 40.70295112049134], [-74.00623870508532, 40.70307978930176], [-74.00636372730409, 40.70318779225269], [-74.00646028831753, 40.70327120803425], [-74.00649425191108, 40.703300548171974], [-74.00654880812654, 40.70336761508607], [-74.00655720878507, 40.703363148333466], [-74.00675541584032, 40.703541489477], [-74.00678502191047, 40.70356812740289], [-74.00699466002457, 40.70344118856679], [-74.00722046663678, 40.703301977806014], [-74.00751905283795, 40.703121819734726], [-74.00752714979264, 40.70311498091373], [-74.00760498179518, 40.702993141156], [-74.00764555161301, 40.702928174276515], [-74.00769798694176, 40.70284927854697], [-74.00795594887994, 40.70269252994472], [-74.00836148391231, 40.702444539016554], [-74.00911037361746, 40.7019838705112], [-74.00914202195378, 40.701972849402864], [-74.00929072600606, 40.70193007131956], [-74.00869964313567, 40.70113986754241], [-74.00775549150644, 40.70154800217457], [-74.0075913620422, 40.7013280810483], [-74.00853611510774, 40.700919695745235], [-74.008349275591, 40.700669348388395], [-74.00862036163869, 40.700552163713446], [-74.00958483017605, 40.70183738556342], [-74.01105603841502, 40.70145418141226], [-74.01118088303541, 40.70145139225388], [-74.01110775373041, 40.70127576447384], [-74.01128983905525, 40.70124998224445], [-74.0112097577877, 40.70104458327395], [-74.01112868539609, 40.70106489745062], [-74.01107837974551, 40.70095712031527], [-74.01106708568963, 40.70091494089502], [-74.01110886351545, 40.700901420103904], [-74.01109386310776, 40.70086641037122], [-74.01109337389371, 40.70085125657577], [-74.01107872437127, 40.70085194903657], [-74.01105584312833, 40.700811531273004], [-74.01105943295772, 40.7008026214952], [-74.01103748928746, 40.7007571312483], [-74.01101538388575, 40.70074112429666], [-74.01102945843246, 40.70073117099389], [-74.01101999687313, 40.70071239494593], [-74.01100668082337, 40.70071138770619], [-74.01099272755786, 40.700690593047234], [-74.0110085466105, 40.70068355723452], [-74.01100361903022, 40.700668066797974], [-74.01099134410617, 40.7006733522822], [-74.01096997178928, 40.70064553608976], [-74.01098841773411, 40.70063424450271], [-74.01095827294415, 40.700574591600216], [-74.01093617683645, 40.700575841947206], [-74.01092482717033, 40.70056679303653], [-74.01092557334937, 40.70055583199405], [-74.01094712848688, 40.70053774303594], [-74.01091918086524, 40.70048646309209], [-74.01090496934044, 40.70049178376411], [-74.01088462665342, 40.70046142740972], [-74.0109036642329, 40.700451381512565], [-74.01078537980491, 40.700232514470926], [-74.01079959311006, 40.700207213007154], [-74.01081530667369, 40.700200444101355], [-74.01085157384671, 40.70023851108508], [-74.01093093205078, 40.70041515233457], [-74.01100364429975, 40.700581109944274], [-74.01104377249544, 40.70068284521981], [-74.01107427475966, 40.70074833739373], [-74.01110436404355, 40.70081064942953], [-74.01113362222922, 40.70086787440568], [-74.01115033556839, 40.700898400101124], [-74.01135836291354, 40.700851958636505], [-74.0113031892116, 40.7006478440365], [-74.01129816432253, 40.70059888452948], [-74.01130986410949, 40.70057980119124], [-74.0113340941042, 40.70056835368245], [-74.01136082267432, 40.700565810999436], [-74.0113817187564, 40.70057025711801], [-74.01139508123386, 40.700590607673945], [-74.01143269912247, 40.700674541116435], [-74.01146947437395, 40.70074892825823], [-74.01150291143712, 40.70081505897438], [-74.01172926817476, 40.70077011805986], [-74.01170009248338, 40.700721538636074], [-74.01168275397707, 40.700693345062234], [-74.01166539833068, 40.70063756059044], [-74.01163149614044, 40.70055539174753], [-74.01161019835878, 40.70049300642165], [-74.01161413587113, 40.70047261846275], [-74.01163147918649, 40.70045821824831], [-74.01167798034295, 40.700461815207625], [-74.01170321011992, 40.70048100238698], [-74.0117260583568, 40.70047860442205], [-74.01175129264934, 40.70053078758646], [-74.01177730827737, 40.70057097437512], [-74.0118261923343, 40.70066634278219], [-74.01183407601519, 40.700686134476314], [-74.01184827026117, 40.700729925806115], [-74.01185378549589, 40.70073892145034], [-74.01199159781125, 40.700704830964014], [-74.01208668214693, 40.700681308739355], [-74.01208509377953, 40.70066451480405], [-74.01206932171665, 40.700599733344255], [-74.01203856797012, 40.700528956812484], [-74.01197670642495, 40.70037842429938], [-74.01190488098494, 40.70022693000216], [-74.01185672556994, 40.700107103408584], [-74.01193096316577, 40.70005121015707], [-74.01196196116918, 40.70003754559562], [-74.01204027930206, 40.700048091645726], [-74.01208842091692, 40.700086584192206], [-74.0121275950614, 40.700143086506905], [-74.01215779158518, 40.70021137864832], [-74.01217247960996, 40.700233115597854], [-74.01223694549938, 40.70032127784446], [-74.012254902849, 40.70036473434166], [-74.0123185597424, 40.700488287090245], [-74.01236222440261, 40.700575829962204], [-74.01239160032284, 40.70062052809419], [-74.01259392327508, 40.70057083347261], [-74.01259064684221, 40.70051185050826], [-74.01255471870938, 40.700359730657944], [-74.01252899955233, 40.700252320357144], [-74.01251593564191, 40.70018464848033], [-74.01251511280124, 40.70015049211099], [-74.01254202780166, 40.70013497414847], [-74.01261382087365, 40.70010826581126], [-74.0126480885809, 40.70011508828317], [-74.01268072728449, 40.700146755381624], [-74.01273499158562, 40.70021877270113], [-74.01279619139252, 40.7003000998848], [-74.01283454933409, 40.700352874734655], [-74.01286637756563, 40.700407513371886], [-74.01288188403385, 40.7004416598863], [-74.01290474249372, 40.70049691216296], [-74.01290881793956, 40.70052361169369], [-74.0130020533556, 40.700516028465614], [-74.01310747847371, 40.70050745218082], [-74.01311155389506, 40.7004720530448], [-74.01311153191459, 40.700360290603314], [-74.01309395831629, 40.70022369324005], [-74.01307843485952, 40.700103242584426], [-74.0130249570557, 40.699882830206235], [-74.0130118926586, 40.69981825663142], [-74.0130208570277, 40.69979341936811], [-74.01304370092437, 40.69977478473604], [-74.01311303826304, 40.69977416538285], [-74.01314078965092, 40.69980333792567], [-74.01315384897731, 40.69984494048557], [-74.01316691626805, 40.69993124433776], [-74.01317753563335, 40.700017547965224], [-74.01318571684631, 40.70010323034407], [-74.01320084197317, 40.70023982797629], [-74.01320736787197, 40.70027521651902], [-74.013222880169, 40.700333586085605], [-74.01327349483086, 40.700496870227944], [-74.01348560832739, 40.7004782229086], [-74.01348068493701, 40.700357771068596], [-74.01348311536113, 40.700263388116475], [-74.01350349660866, 40.70017645952844], [-74.01353285018102, 40.70010816142342], [-74.01358669315097, 40.700079590847785], [-74.01361029830721, 40.70008429808729], [-74.01367479314794, 40.70012582145101], [-74.01366274969902, 40.700136656532884], [-74.01364265186702, 40.700161782809566], [-74.01361182269146, 40.70024517414817], [-74.01357049009941, 40.700232202871554], [-74.01356130931909, 40.70029512215841], [-74.01353310205637, 40.700297124245914], [-74.01353047796475, 40.700311100346646], [-74.01356131236537, 40.70031009758531], [-74.01356034144283, 40.70036653343744], [-74.01352950889165, 40.70037352412428], [-74.0135314747603, 40.70038201618379], [-74.01356297111606, 40.700380013206605], [-74.01355970548933, 40.70043893442761], [-74.01352361756736, 40.700441937578496], [-74.013522959189, 40.70046041540717], [-74.01358070018833, 40.70045691449314], [-74.01358541798506, 40.7005019127564], [-74.01355283229515, 40.700503357667245], [-74.01357712822566, 40.700643681476215], [-74.01351039592653, 40.70065037115225], [-74.01355826959487, 40.700939870830716], [-74.01395152756511, 40.70099098246014], [-74.01409198385475, 40.70055161782475], [-74.01410490300086, 40.70051082838701], [-74.01409144949477, 40.70050833622452], [-74.01412821190823, 40.70039328205477], [-74.01413726388596, 40.70039495521047], [-74.01414860637789, 40.7003205717239], [-74.01417467279454, 40.700260891294015], [-74.01422063195494, 40.700111491365895], [-74.01430981311296, 40.70012129606889], [-74.01430981586157, 40.70013410151579], [-74.0141778793178, 40.70054147355388], [-74.01416495763293, 40.700539052030976], [-74.0141523878731, 40.70057786628629], [-74.01428920741134, 40.70064414476523], [-74.01430157023242, 40.70063221177289], [-74.0142965168929, 40.700629186523855], [-74.01431530264759, 40.70061103797436], [-74.01431796468086, 40.700612497308], [-74.01436783583223, 40.70054612266771], [-74.01444813150721, 40.70044737240012], [-74.01455999973693, 40.700309786779826], [-74.01457513332033, 40.700316916331374], [-74.01458425440427, 40.70030846895527], [-74.01458234409444, 40.700283875528726], [-74.01463294333459, 40.70019742990999], [-74.01467119992007, 40.70021040119729], [-74.01466717213697, 40.70023938040491], [-74.01465386124694, 40.70024264117531], [-74.01460863003749, 40.700309708748584], [-74.01460825448508, 40.70032365711402], [-74.01455219325999, 40.700382980751755], [-74.01449342549972, 40.70044516925076], [-74.01449246893424, 40.700454669003044], [-74.01448492126376, 40.70046115359216], [-74.01447857931358, 40.70046208215594], [-74.01440947394667, 40.70055133141249], [-74.01439689988942, 40.70056348139074], [-74.01439480693739, 40.700570479097465], [-74.01432384363027, 40.700661304629875], [-74.01464323234912, 40.700817304325284], [-74.01472424834412, 40.70071429389447], [-74.0147714243914, 40.700663651907036], [-74.01481236514054, 40.70061084993632], [-74.01485926659412, 40.70055544414315], [-74.0149303261123, 40.70047926986363], [-74.01499883053579, 40.70040612057669], [-74.01506818269304, 40.70031825755512], [-74.01509832270126, 40.700334265523615], [-74.01503579735079, 40.700420831010774], [-74.01502271060053, 40.7004195360588], [-74.01500850517257, 40.700437709926256], [-74.0149931457591, 40.70043684732], [-74.01496757071698, 40.700465414879766], [-74.0149749555559, 40.700470177723616], [-74.01494881182721, 40.700494413601405], [-74.01494255505817, 40.700506103291495], [-74.01492322289359, 40.70051519147163], [-74.0149175465081, 40.700525575712895], [-74.01492379463954, 40.700530338707296], [-74.01493687947062, 40.70052297938142], [-74.0149419915596, 40.700523843325946], [-74.01488598965476, 40.700580114435844], [-74.0148200428468, 40.700660619780386], [-74.01472681782197, 40.700774015849824], [-74.01470265033885, 40.700799116025856], [-74.01467365628488, 40.70083460902858], [-74.01481072560142, 40.70090383147972], [-74.01482834225281, 40.70089474286989], [-74.0150211366168, 40.70099250401358], [-74.01514231812101, 40.70084289235444], [-74.01567778184742, 40.701256021027625], [-74.01579351711152, 40.701346905807675], [-74.01591034233417, 40.701460948444], [-74.01611609060481, 40.701630801625505], [-74.01613890636003, 40.70164601710289], [-74.01624449060664, 40.701752721436975], [-74.01639205370195, 40.70189770100838], [-74.01651515260784, 40.7020172986716], [-74.01653258703746, 40.70203653968322], [-74.01681859599923, 40.70233857508063], [-74.0168965704124, 40.70242187945713], [-74.01700396789508, 40.702554535627705], [-74.01713705889378, 40.70271134026786], [-74.01714508062659, 40.70270534997635], [-74.01725182133951, 40.70283555726394], [-74.01724571591129, 40.70283845773937], [-74.01725328400002, 40.70284622216026], [-74.01729346221046, 40.70288743920961], [-74.01731837763408, 40.70291887177174], [-74.01739839332281, 40.7030191408051], [-74.01744003546041, 40.703077514542045], [-74.01749381162757, 40.70315484295769], [-74.01754038297949, 40.70323616043002], [-74.01757548561503, 40.70330750305621], [-74.01759647967049, 40.70336138680664], [-74.01761681217123, 40.70342324846557], [-74.01762601904936, 40.7034227607247], [-74.01764797506856, 40.703494599879704], [-74.0176604507462, 40.703549979097744], [-74.01766881307273, 40.70359131346783], [-74.01777128020329, 40.703583815929825], [-74.01776730114295, 40.70354518126105], [-74.01787839340639, 40.70353850803738], [-74.0178846288097, 40.70358178318937], [-74.01789088495364, 40.70362520777183], [-74.01777639388398, 40.70363255834218], [-74.01777128399804, 40.703598050880196], [-74.01767132020267, 40.703606427383974], [-74.01768310568113, 40.70371113122548], [-74.01767264581432, 40.703711791046175], [-74.0176768962942, 40.70377050363874], [-74.0176742874819, 40.70383436757171], [-74.01766578442248, 40.703899233718715], [-74.01765792483431, 40.70393266178659], [-74.0176430653269, 40.70398897295898], [-74.01765378898196, 40.70399838081269], [-74.01765461989739, 40.704009682569954], [-74.01764390293602, 40.704022245902145], [-74.01763399890552, 40.70402475178334], [-74.01762657963042, 40.70402350132434], [-74.01757035640019, 40.70418388098674], [-74.01779454520292, 40.70423489759895], [-74.01785585682929, 40.70407884711322], [-74.01775054986868, 40.704054882893665], [-74.01779139303439, 40.70395091258379], [-74.01781758697946, 40.70393792249673], [-74.01783782825967, 40.703962666138686], [-74.01780821746956, 40.7040319644798], [-74.01791229326221, 40.70405449715117], [-74.0179426936393, 40.703973176576405], [-74.01795473982637, 40.70397578611135], [-74.01784441106724, 40.70424203993809], [-74.01844704670988, 40.70416235496205], [-74.01865886498044, 40.70442877929025], [-74.01751646371467, 40.70458062415006], [-74.01748090483301, 40.70466726085802], [-74.01753170409474, 40.704670872388405], [-74.01754796252615, 40.704663659375136], [-74.01755812673757, 40.7046657214245], [-74.0175703146188, 40.70466262399815], [-74.01757369902538, 40.704667783652575], [-74.01756693013898, 40.70467138584931], [-74.01759808539691, 40.70468427213649], [-74.01763433061089, 40.704678707871224], [-74.01767570940247, 40.704680679349956], [-74.01768670225856, 40.70467379112305], [-74.017718379389, 40.70467969845173], [-74.01773325394228, 40.70467133287103], [-74.017749416039, 40.70467526793793], [-74.0177655688175, 40.70467231546054], [-74.01776687049336, 40.704664930160526], [-74.01778367349166, 40.704670837588296], [-74.01779789585463, 40.704666902187796], [-74.01780630901126, 40.704661985472676], [-74.01782893315087, 40.704664929945736], [-74.0178399261186, 40.704660995542795], [-74.01790198846368, 40.70465164811164], [-74.01791039104725, 40.70465903307631], [-74.01794142815905, 40.70465558354963], [-74.01794401937286, 40.70464820843327], [-74.01796922420502, 40.70464721810145], [-74.01797892738368, 40.704640824588054], [-74.01798926941159, 40.704646731822145], [-74.01799832152902, 40.70464968541838], [-74.01800802337449, 40.70463836559953], [-74.01802418707244, 40.70464574984399], [-74.0180429299157, 40.70462803711049], [-74.01805392410763, 40.70462950493473], [-74.01806509374255, 40.704635825991765], [-74.01811302905885, 40.704553602333924], [-74.01886289045426, 40.704719607170915], [-74.01888747947997, 40.704729142804425], [-74.01892572382414, 40.704773762570454], [-74.01934155704555, 40.70607053870678], [-74.01934254624474, 40.706093672527274]], [[-74.00937125244927, 40.742185150284826], [-74.0100880336451, 40.74248815567386], [-74.01019827672162, 40.74233375374003], [-74.0098223415751, 40.74216605205829], [-74.01016559689417, 40.74167234807372], [-74.00956912252538, 40.741422703061644], [-74.00952151608975, 40.741485607440026], [-74.00936174828294, 40.74142362374203], [-74.00934576009128, 40.74151041070398], [-74.00927792756075, 40.74187861085631], [-74.0092377993956, 40.74207162715807], [-74.00941384793754, 40.742129870171], [-74.00937125244927, 40.742185150284826]]]]}}]}